sudo: unable to resolve host ip-10-100-0-186: Name or service not known
sudo: unable to resolve host ip-10-100-0-186: Name or service not known
2026-09-22T09:00:07.969Z	info	isupipe-benchmarker	SSL接続が有効になっています
2026-09-22T09:00:07.969Z	info	isupipe-benchmarker	静的ファイルチェックを行います
2026-09-22T09:00:07.969Z	info	isupipe-benchmarker	静的ファイルチェックが完了しました
2026-09-22T09:00:07.969Z	info	isupipe-benchmarker	webappの初期化を行います
2026-09-22T09:00:07.969Z	info	staff-logger	bench/bench.go:172	SSL接続が有効になっています
2026-09-22T09:00:07.969Z	info	staff-logger	bench/bench.go:193	webapp: https://pipe.u.isucon.local:443
2026-09-22T09:00:07.969Z	info	staff-logger	bench/bench.go:194	nameserver: 10.100.0.155:53
2026-09-22T09:00:11.090Z	info	isupipe-benchmarker	ベンチマーク走行前のデータ整合性チェックを行います
2026-09-22T09:00:16.507Z	info	isupipe-benchmarker	整合性チェックが成功しました
2026-09-22T09:00:16.507Z	info	isupipe-benchmarker	ベンチマーク走行を開始します
2026-09-22T09:00:16.516Z	info	staff-logger	scenario/viewer.go:32	basic viewer scenario
2026-09-22T09:00:16.516Z	info	staff-logger	scenario/viewer.go:32	basic viewer scenario
2026-09-22T09:00:16.516Z	info	staff-logger	scenario/viewer.go:32	basic viewer scenario
2026-09-22T09:00:16.516Z	info	staff-logger	scenario/viewer.go:32	basic viewer scenario
2026-09-22T09:00:16.516Z	info	staff-logger	scenario/viewer.go:32	basic viewer scenario
2026-09-22T09:00:16.516Z	info	staff-logger	scenario/viewer.go:32	basic viewer scenario
2026-09-22T09:00:16.516Z	info	staff-logger	scenario/viewer.go:32	basic viewer scenario
2026-09-22T09:00:16.516Z	info	staff-logger	scenario/viewer.go:32	basic viewer scenario
2026-09-22T09:00:16.516Z	info	staff-logger	scenario/viewer.go:32	basic viewer scenario
2026-09-22T09:00:16.516Z	info	staff-logger	scenario/viewer.go:32	basic viewer scenario
2026-09-22T09:00:16.615Z	info	staff-logger	scenario/viewer.go:56	visit top
2026-09-22T09:00:16.615Z	info	staff-logger	scenario/viewer.go:64	get livestream
2026-09-22T09:00:16.637Z	info	staff-logger	scenario/viewer.go:83	visit livestream
2026-09-22T09:00:16.658Z	info	staff-logger	scenario/streamer.go:48	change icon
2026-09-22T09:00:16.754Z	info	staff-logger	scenario/viewer.go:56	visit top
2026-09-22T09:00:16.754Z	info	staff-logger	scenario/viewer.go:64	get livestream
2026-09-22T09:00:16.754Z	info	staff-logger	scenario/viewer.go:83	visit livestream
2026-09-22T09:00:16.802Z	info	staff-logger	scenario/viewer.go:32	basic viewer scenario
2026-09-22T09:00:16.808Z	info	staff-logger	scenario/viewer.go:56	visit top
2026-09-22T09:00:16.808Z	info	staff-logger	scenario/viewer.go:64	get livestream
2026-09-22T09:00:16.808Z	info	staff-logger	scenario/viewer.go:83	visit livestream
2026-09-22T09:00:16.826Z	info	staff-logger	scenario/viewer.go:56	visit top
2026-09-22T09:00:16.826Z	info	staff-logger	scenario/viewer.go:64	get livestream
2026-09-22T09:00:16.826Z	info	staff-logger	scenario/viewer.go:83	visit livestream
2026-09-22T09:00:16.826Z	info	staff-logger	scenario/viewer.go:32	basic viewer scenario
2026-09-22T09:00:16.865Z	info	staff-logger	scenario/streamer.go:48	change icon
2026-09-22T09:00:16.890Z	info	staff-logger	scenario/viewer.go:56	visit top
2026-09-22T09:00:16.890Z	info	staff-logger	scenario/viewer.go:32	basic viewer scenario
2026-09-22T09:00:16.908Z	info	staff-logger	scenario/viewer.go:46	change icon
2026-09-22T09:00:16.917Z	info	staff-logger	scenario/viewer.go:56	visit top
2026-09-22T09:00:17.029Z	info	staff-logger	scenario/viewer.go:56	visit top
2026-09-22T09:00:17.149Z	info	staff-logger	scenario/viewer.go:64	get livestream
2026-09-22T09:00:17.149Z	info	staff-logger	scenario/viewer.go:76	visit user profile
2026-09-22T09:00:17.172Z	info	staff-logger	scenario/viewer.go:64	get livestream
2026-09-22T09:00:17.173Z	info	staff-logger	scenario/viewer.go:76	visit user profile
2026-09-22T09:00:17.178Z	info	staff-logger	scenario/viewer.go:83	visit livestream
2026-09-22T09:00:17.183Z	info	staff-logger	scenario/viewer.go:56	visit top
2026-09-22T09:00:17.183Z	info	staff-logger	scenario/viewer.go:64	get livestream
2026-09-22T09:00:17.183Z	info	staff-logger	scenario/viewer.go:83	visit livestream
2026-09-22T09:00:17.210Z	info	staff-logger	scenario/viewer.go:83	visit livestream
2026-09-22T09:00:17.263Z	info	staff-logger	scenario/streamer.go:48	change icon
2026-09-22T09:00:17.294Z	info	staff-logger	scenario/viewer.go:64	get livestream
2026-09-22T09:00:17.294Z	info	staff-logger	scenario/viewer.go:76	visit user profile
2026-09-22T09:00:17.311Z	info	staff-logger	scenario/viewer.go:56	visit top
2026-09-22T09:00:17.312Z	info	staff-logger	scenario/viewer.go:64	get livestream
2026-09-22T09:00:17.312Z	info	staff-logger	scenario/viewer.go:83	visit livestream
2026-09-22T09:00:17.312Z	info	staff-logger	scenario/viewer.go:32	basic viewer scenario
2026-09-22T09:00:17.337Z	info	staff-logger	scenario/viewer.go:83	visit livestream
2026-09-22T09:00:17.348Z	info	staff-logger	scenario/viewer.go:56	visit top
2026-09-22T09:00:17.348Z	info	staff-logger	scenario/viewer.go:64	get livestream
2026-09-22T09:00:17.348Z	info	staff-logger	scenario/viewer.go:83	visit livestream
2026-09-22T09:00:17.371Z	info	staff-logger	scenario/viewer.go:56	visit top
2026-09-22T09:00:17.371Z	info	staff-logger	scenario/viewer.go:64	get livestream
2026-09-22T09:00:17.371Z	info	staff-logger	scenario/viewer.go:83	visit livestream
2026-09-22T09:00:17.371Z	info	staff-logger	scenario/viewer.go:32	basic viewer scenario
2026-09-22T09:00:17.449Z	info	staff-logger	scenario/viewer.go:32	basic viewer scenario
2026-09-22T09:00:17.479Z	info	staff-logger	scenario/viewer.go:56	visit top
2026-09-22T09:00:17.479Z	info	staff-logger	scenario/viewer.go:64	get livestream
2026-09-22T09:00:17.479Z	info	staff-logger	scenario/viewer.go:83	visit livestream
2026-09-22T09:00:17.482Z	info	staff-logger	scenario/viewer.go:56	visit top
2026-09-22T09:00:17.482Z	info	staff-logger	scenario/viewer.go:64	get livestream
2026-09-22T09:00:17.482Z	info	staff-logger	scenario/viewer.go:83	visit livestream
2026-09-22T09:00:17.607Z	info	staff-logger	scenario/viewer.go:56	visit top
2026-09-22T09:00:17.607Z	info	staff-logger	scenario/viewer.go:64	get livestream
2026-09-22T09:00:17.607Z	info	staff-logger	scenario/viewer.go:32	basic viewer scenario
2026-09-22T09:00:17.607Z	info	staff-logger	scenario/viewer.go:83	visit livestream
2026-09-22T09:00:17.652Z	info	staff-logger	scenario/viewer.go:56	visit top
2026-09-22T09:00:17.652Z	info	staff-logger	scenario/viewer.go:32	basic viewer scenario
2026-09-22T09:00:17.666Z	info	staff-logger	scenario/viewer.go:56	visit top
2026-09-22T09:00:17.666Z	info	staff-logger	scenario/viewer.go:64	get livestream
2026-09-22T09:00:17.666Z	info	staff-logger	scenario/viewer.go:83	visit livestream
2026-09-22T09:00:17.666Z	info	staff-logger	scenario/viewer.go:32	basic viewer scenario
2026-09-22T09:00:17.704Z	info	staff-logger	scenario/viewer.go:32	basic viewer scenario
2026-09-22T09:00:17.725Z	info	staff-logger	scenario/viewer.go:56	visit top
2026-09-22T09:00:17.725Z	info	staff-logger	scenario/viewer.go:64	get livestream
2026-09-22T09:00:17.725Z	info	staff-logger	scenario/viewer.go:83	visit livestream
2026-09-22T09:00:17.726Z	info	staff-logger	scenario/viewer.go:56	visit top
2026-09-22T09:00:17.726Z	info	staff-logger	scenario/viewer.go:64	get livestream
2026-09-22T09:00:17.726Z	info	staff-logger	scenario/viewer.go:83	visit livestream
2026-09-22T09:00:17.798Z	info	staff-logger	scenario/viewer.go:56	visit top
2026-09-22T09:00:17.798Z	info	staff-logger	scenario/viewer.go:64	get livestream
2026-09-22T09:00:17.798Z	info	staff-logger	scenario/viewer.go:83	visit livestream
2026-09-22T09:00:17.798Z	info	staff-logger	scenario/viewer.go:32	basic viewer scenario
2026-09-22T09:00:17.841Z	info	staff-logger	scenario/viewer.go:56	visit top
2026-09-22T09:00:17.841Z	info	staff-logger	scenario/viewer.go:64	get livestream
2026-09-22T09:00:17.841Z	info	staff-logger	scenario/viewer.go:83	visit livestream
2026-09-22T09:00:17.896Z	info	staff-logger	scenario/viewer.go:32	basic viewer scenario
2026-09-22T09:00:17.927Z	info	staff-logger	scenario/viewer.go:56	visit top
2026-09-22T09:00:17.959Z	info	staff-logger	scenario/streamer.go:48	change icon
2026-09-22T09:00:18.029Z	info	staff-logger	scenario/viewer.go:56	visit top
2026-09-22T09:00:18.030Z	info	staff-logger	scenario/viewer.go:64	get livestream
2026-09-22T09:00:18.030Z	info	staff-logger	scenario/viewer.go:83	visit livestream
2026-09-22T09:00:18.042Z	info	staff-logger	scenario/viewer.go:32	basic viewer scenario
2026-09-22T09:00:18.073Z	info	staff-logger	scenario/viewer.go:56	visit top
2026-09-22T09:00:18.073Z	info	staff-logger	scenario/viewer.go:64	get livestream
2026-09-22T09:00:18.073Z	info	staff-logger	scenario/viewer.go:83	visit livestream
2026-09-22T09:00:18.073Z	info	staff-logger	scenario/viewer.go:32	basic viewer scenario
2026-09-22T09:00:18.084Z	info	staff-logger	scenario/viewer.go:64	get livestream
2026-09-22T09:00:18.084Z	info	staff-logger	scenario/viewer.go:76	visit user profile
2026-09-22T09:00:18.092Z	info	staff-logger	scenario/viewer.go:56	visit top
2026-09-22T09:00:18.092Z	info	staff-logger	scenario/viewer.go:64	get livestream
2026-09-22T09:00:18.092Z	info	staff-logger	scenario/viewer.go:83	visit livestream
2026-09-22T09:00:18.101Z	info	staff-logger	scenario/viewer.go:32	basic viewer scenario
2026-09-22T09:00:18.110Z	info	staff-logger	scenario/viewer.go:32	basic viewer scenario
2026-09-22T09:00:18.119Z	info	staff-logger	scenario/viewer.go:56	visit top
2026-09-22T09:00:18.119Z	info	staff-logger	scenario/viewer.go:64	get livestream
2026-09-22T09:00:18.119Z	info	staff-logger	scenario/viewer.go:83	visit livestream
2026-09-22T09:00:18.133Z	info	staff-logger	scenario/viewer.go:56	visit top
2026-09-22T09:00:18.133Z	info	staff-logger	scenario/viewer.go:64	get livestream
2026-09-22T09:00:18.133Z	info	staff-logger	scenario/viewer.go:83	visit livestream
2026-09-22T09:00:18.143Z	info	staff-logger	scenario/viewer.go:83	visit livestream
2026-09-22T09:00:18.307Z	info	staff-logger	scenario/viewer.go:32	basic viewer scenario
2026-09-22T09:00:18.307Z	info	staff-logger	scenario/viewer.go:56	visit top
2026-09-22T09:00:18.307Z	info	staff-logger	scenario/viewer.go:64	get livestream
2026-09-22T09:00:18.307Z	info	staff-logger	scenario/viewer.go:83	visit livestream
2026-09-22T09:00:18.325Z	info	staff-logger	scenario/viewer.go:32	basic viewer scenario
2026-09-22T09:00:18.325Z	info	staff-logger	scenario/viewer.go:56	visit top
2026-09-22T09:00:18.325Z	info	staff-logger	scenario/viewer.go:64	get livestream
2026-09-22T09:00:18.325Z	info	staff-logger	scenario/viewer.go:83	visit livestream
2026-09-22T09:00:18.517Z	info	isupipe-benchmarker	DNS水責め負荷が上昇します	{"parallelis": 3}
2026-09-22T09:00:18.578Z	info	staff-logger	scenario/viewer.go:64	get livestream
2026-09-22T09:00:18.578Z	info	staff-logger	scenario/viewer.go:76	visit user profile
2026-09-22T09:00:18.595Z	info	staff-logger	scenario/streamer.go:48	change icon
2026-09-22T09:00:18.623Z	info	staff-logger	scenario/viewer.go:83	visit livestream
2026-09-22T09:00:18.626Z	info	staff-logger	scenario/viewer.go:32	basic viewer scenario
2026-09-22T09:00:18.626Z	info	staff-logger	scenario/viewer.go:56	visit top
2026-09-22T09:00:18.626Z	info	staff-logger	scenario/viewer.go:64	get livestream
2026-09-22T09:00:18.626Z	info	staff-logger	scenario/viewer.go:83	visit livestream
2026-09-22T09:00:18.820Z	info	staff-logger	scenario/viewer.go:32	basic viewer scenario
2026-09-22T09:00:18.821Z	info	staff-logger	scenario/viewer.go:56	visit top
2026-09-22T09:00:18.821Z	info	staff-logger	scenario/viewer.go:64	get livestream
2026-09-22T09:00:18.821Z	info	staff-logger	scenario/viewer.go:83	visit livestream
2026-09-22T09:00:18.828Z	info	staff-logger	scenario/viewer.go:32	basic viewer scenario
2026-09-22T09:00:18.828Z	info	staff-logger	scenario/viewer.go:56	visit top
2026-09-22T09:00:18.828Z	info	staff-logger	scenario/viewer.go:64	get livestream
2026-09-22T09:00:18.828Z	info	staff-logger	scenario/viewer.go:83	visit livestream
2026-09-22T09:00:18.902Z	info	staff-logger	scenario/viewer.go:32	basic viewer scenario
2026-09-22T09:00:18.902Z	info	staff-logger	scenario/viewer.go:46	change icon
2026-09-22T09:00:18.911Z	info	staff-logger	scenario/viewer.go:32	basic viewer scenario
2026-09-22T09:00:18.911Z	info	staff-logger	scenario/viewer.go:56	visit top
2026-09-22T09:00:18.911Z	info	staff-logger	scenario/viewer.go:64	get livestream
2026-09-22T09:00:18.911Z	info	staff-logger	scenario/viewer.go:83	visit livestream
2026-09-22T09:00:18.914Z	info	staff-logger	scenario/viewer.go:32	basic viewer scenario
2026-09-22T09:00:18.914Z	info	staff-logger	scenario/viewer.go:56	visit top
2026-09-22T09:00:18.914Z	info	staff-logger	scenario/viewer.go:64	get livestream
2026-09-22T09:00:18.914Z	info	staff-logger	scenario/viewer.go:83	visit livestream
2026-09-22T09:00:18.915Z	info	staff-logger	scenario/viewer.go:56	visit top
2026-09-22T09:00:19.045Z	info	staff-logger	scenario/viewer.go:32	basic viewer scenario
2026-09-22T09:00:19.045Z	info	staff-logger	scenario/viewer.go:56	visit top
2026-09-22T09:00:19.045Z	info	staff-logger	scenario/viewer.go:64	get livestream
2026-09-22T09:00:19.045Z	info	staff-logger	scenario/viewer.go:83	visit livestream
2026-09-22T09:00:19.162Z	info	staff-logger	scenario/viewer.go:32	basic viewer scenario
2026-09-22T09:00:19.162Z	info	staff-logger	scenario/viewer.go:56	visit top
2026-09-22T09:00:19.162Z	info	staff-logger	scenario/viewer.go:64	get livestream
2026-09-22T09:00:19.162Z	info	staff-logger	scenario/viewer.go:83	visit livestream
2026-09-22T09:00:19.232Z	info	staff-logger	scenario/viewer.go:32	basic viewer scenario
2026-09-22T09:00:19.232Z	info	staff-logger	scenario/viewer.go:56	visit top
2026-09-22T09:00:19.232Z	info	staff-logger	scenario/viewer.go:64	get livestream
2026-09-22T09:00:19.232Z	info	staff-logger	scenario/viewer.go:83	visit livestream
2026-09-22T09:00:19.243Z	info	staff-logger	scenario/viewer.go:32	basic viewer scenario
2026-09-22T09:00:19.243Z	info	staff-logger	scenario/viewer.go:56	visit top
2026-09-22T09:00:19.288Z	info	staff-logger	scenario/viewer.go:32	basic viewer scenario
2026-09-22T09:00:19.288Z	info	staff-logger	scenario/viewer.go:56	visit top
2026-09-22T09:00:19.290Z	info	staff-logger	scenario/viewer.go:32	basic viewer scenario
2026-09-22T09:00:19.290Z	info	staff-logger	scenario/viewer.go:56	visit top
2026-09-22T09:00:19.290Z	info	staff-logger	scenario/viewer.go:64	get livestream
2026-09-22T09:00:19.290Z	info	staff-logger	scenario/viewer.go:83	visit livestream
2026-09-22T09:00:19.308Z	info	staff-logger	scenario/viewer.go:32	basic viewer scenario
2026-09-22T09:00:19.308Z	info	staff-logger	scenario/viewer.go:56	visit top
2026-09-22T09:00:19.395Z	info	staff-logger	scenario/viewer.go:32	basic viewer scenario
2026-09-22T09:00:19.395Z	info	staff-logger	scenario/viewer.go:56	visit top
2026-09-22T09:00:19.395Z	info	staff-logger	scenario/viewer.go:64	get livestream
2026-09-22T09:00:19.395Z	info	staff-logger	scenario/viewer.go:83	visit livestream
2026-09-22T09:00:19.436Z	info	staff-logger	scenario/streamer.go:48	change icon
2026-09-22T09:00:19.477Z	info	staff-logger	scenario/viewer.go:64	get livestream
2026-09-22T09:00:19.477Z	info	staff-logger	scenario/viewer.go:76	visit user profile
2026-09-22T09:00:19.481Z	info	staff-logger	scenario/viewer.go:32	basic viewer scenario
2026-09-22T09:00:19.481Z	info	staff-logger	scenario/viewer.go:56	visit top
2026-09-22T09:00:19.481Z	info	staff-logger	scenario/viewer.go:64	get livestream
2026-09-22T09:00:19.481Z	info	staff-logger	scenario/viewer.go:83	visit livestream
2026-09-22T09:00:19.499Z	info	staff-logger	scenario/viewer.go:32	basic viewer scenario
2026-09-22T09:00:19.499Z	info	staff-logger	scenario/viewer.go:56	visit top
2026-09-22T09:00:19.499Z	info	staff-logger	scenario/viewer.go:64	get livestream
2026-09-22T09:00:19.499Z	info	staff-logger	scenario/viewer.go:83	visit livestream
2026-09-22T09:00:19.549Z	info	staff-logger	scenario/viewer.go:83	visit livestream
2026-09-22T09:00:19.643Z	info	staff-logger	scenario/viewer.go:32	basic viewer scenario
2026-09-22T09:00:19.643Z	info	staff-logger	scenario/viewer.go:56	visit top
2026-09-22T09:00:19.643Z	info	staff-logger	scenario/viewer.go:64	get livestream
2026-09-22T09:00:19.643Z	info	staff-logger	scenario/viewer.go:83	visit livestream
2026-09-22T09:00:19.681Z	info	staff-logger	scenario/viewer.go:32	basic viewer scenario
2026-09-22T09:00:19.681Z	info	staff-logger	scenario/viewer.go:56	visit top
2026-09-22T09:00:19.681Z	info	staff-logger	scenario/viewer.go:64	get livestream
2026-09-22T09:00:19.681Z	info	staff-logger	scenario/viewer.go:83	visit livestream
2026-09-22T09:00:19.716Z	info	staff-logger	scenario/viewer.go:32	basic viewer scenario
2026-09-22T09:00:19.716Z	info	staff-logger	scenario/viewer.go:56	visit top
2026-09-22T09:00:19.716Z	info	staff-logger	scenario/viewer.go:64	get livestream
2026-09-22T09:00:19.716Z	info	staff-logger	scenario/viewer.go:83	visit livestream
2026-09-22T09:00:19.753Z	info	staff-logger	scenario/viewer.go:64	get livestream
2026-09-22T09:00:19.753Z	info	staff-logger	scenario/viewer.go:76	visit user profile
2026-09-22T09:00:19.825Z	info	staff-logger	scenario/viewer.go:83	visit livestream
2026-09-22T09:00:19.865Z	info	staff-logger	scenario/viewer.go:64	get livestream
2026-09-22T09:00:19.865Z	info	staff-logger	scenario/viewer.go:76	visit user profile
2026-09-22T09:00:19.893Z	info	staff-logger	scenario/viewer.go:64	get livestream
2026-09-22T09:00:19.894Z	info	staff-logger	scenario/viewer.go:76	visit user profile
2026-09-22T09:00:19.939Z	info	staff-logger	scenario/viewer.go:32	basic viewer scenario
2026-09-22T09:00:19.939Z	info	staff-logger	scenario/viewer.go:56	visit top
2026-09-22T09:00:19.939Z	info	staff-logger	scenario/viewer.go:64	get livestream
2026-09-22T09:00:19.939Z	info	staff-logger	scenario/viewer.go:83	visit livestream
2026-09-22T09:00:19.949Z	info	staff-logger	scenario/viewer.go:83	visit livestream
2026-09-22T09:00:19.956Z	info	staff-logger	scenario/viewer.go:83	visit livestream
2026-09-22T09:00:19.969Z	info	staff-logger	scenario/viewer.go:32	basic viewer scenario
2026-09-22T09:00:19.969Z	info	staff-logger	scenario/viewer.go:56	visit top
2026-09-22T09:00:19.969Z	info	staff-logger	scenario/viewer.go:64	get livestream
2026-09-22T09:00:19.969Z	info	staff-logger	scenario/viewer.go:83	visit livestream
2026-09-22T09:00:20.193Z	info	staff-logger	scenario/viewer.go:32	basic viewer scenario
2026-09-22T09:00:20.193Z	info	staff-logger	scenario/viewer.go:56	visit top
2026-09-22T09:00:20.193Z	info	staff-logger	scenario/viewer.go:64	get livestream
2026-09-22T09:00:20.193Z	info	staff-logger	scenario/viewer.go:83	visit livestream
2026-09-22T09:00:20.206Z	info	staff-logger	scenario/viewer.go:32	basic viewer scenario
2026-09-22T09:00:20.206Z	info	staff-logger	scenario/viewer.go:56	visit top
2026-09-22T09:00:20.206Z	info	staff-logger	scenario/viewer.go:64	get livestream
2026-09-22T09:00:20.206Z	info	staff-logger	scenario/viewer.go:83	visit livestream
2026-09-22T09:00:20.243Z	info	staff-logger	scenario/viewer.go:32	basic viewer scenario
2026-09-22T09:00:20.243Z	info	staff-logger	scenario/viewer.go:56	visit top
2026-09-22T09:00:20.243Z	info	staff-logger	scenario/viewer.go:64	get livestream
2026-09-22T09:00:20.243Z	info	staff-logger	scenario/viewer.go:83	visit livestream
2026-09-22T09:00:20.249Z	info	staff-logger	scenario/viewer.go:32	basic viewer scenario
2026-09-22T09:00:20.249Z	info	staff-logger	scenario/viewer.go:56	visit top
2026-09-22T09:00:20.249Z	info	staff-logger	scenario/viewer.go:64	get livestream
2026-09-22T09:00:20.249Z	info	staff-logger	scenario/viewer.go:83	visit livestream
2026-09-22T09:00:20.413Z	info	staff-logger	scenario/viewer.go:32	basic viewer scenario
2026-09-22T09:00:20.413Z	info	staff-logger	scenario/viewer.go:56	visit top
2026-09-22T09:00:20.413Z	info	staff-logger	scenario/viewer.go:64	get livestream
2026-09-22T09:00:20.413Z	info	staff-logger	scenario/viewer.go:83	visit livestream
2026-09-22T09:00:20.516Z	info	isupipe-benchmarker	DNS水責め負荷が上昇します	{"parallelis": 4}
2026-09-22T09:00:20.550Z	info	staff-logger	scenario/viewer.go:32	basic viewer scenario
2026-09-22T09:00:20.550Z	info	staff-logger	scenario/viewer.go:56	visit top
2026-09-22T09:00:20.778Z	info	staff-logger	scenario/viewer.go:32	basic viewer scenario
2026-09-22T09:00:20.778Z	info	staff-logger	scenario/viewer.go:56	visit top
2026-09-22T09:00:20.778Z	info	staff-logger	scenario/viewer.go:64	get livestream
2026-09-22T09:00:20.778Z	info	staff-logger	scenario/viewer.go:83	visit livestream
2026-09-22T09:00:20.822Z	info	staff-logger	scenario/viewer.go:32	basic viewer scenario
2026-09-22T09:00:20.822Z	info	staff-logger	scenario/viewer.go:56	visit top
2026-09-22T09:00:20.833Z	info	staff-logger	scenario/viewer.go:32	basic viewer scenario
2026-09-22T09:00:20.833Z	info	staff-logger	scenario/viewer.go:56	visit top
2026-09-22T09:00:20.833Z	info	staff-logger	scenario/viewer.go:64	get livestream
2026-09-22T09:00:20.833Z	info	staff-logger	scenario/viewer.go:83	visit livestream
2026-09-22T09:00:20.834Z	info	staff-logger	scenario/viewer.go:32	basic viewer scenario
2026-09-22T09:00:20.834Z	info	staff-logger	scenario/viewer.go:56	visit top
2026-09-22T09:00:20.834Z	info	staff-logger	scenario/viewer.go:64	get livestream
2026-09-22T09:00:20.834Z	info	staff-logger	scenario/viewer.go:83	visit livestream
2026-09-22T09:00:20.854Z	info	staff-logger	scenario/viewer.go:90	get livestream stats
2026-09-22T09:00:20.854Z	info	staff-logger	scenario/viewer.go:32	basic viewer scenario
2026-09-22T09:00:20.854Z	info	staff-logger	scenario/viewer.go:56	visit top
2026-09-22T09:00:20.854Z	info	staff-logger	scenario/viewer.go:64	get livestream
2026-09-22T09:00:20.854Z	info	staff-logger	scenario/viewer.go:83	visit livestream
2026-09-22T09:00:20.940Z	info	staff-logger	scenario/viewer.go:32	basic viewer scenario
2026-09-22T09:00:20.940Z	info	staff-logger	scenario/viewer.go:56	visit top
2026-09-22T09:00:20.940Z	info	staff-logger	scenario/viewer.go:64	get livestream
2026-09-22T09:00:20.940Z	info	staff-logger	scenario/viewer.go:83	visit livestream
2026-09-22T09:00:20.985Z	info	staff-logger	scenario/viewer.go:32	basic viewer scenario
2026-09-22T09:00:20.985Z	info	staff-logger	scenario/viewer.go:56	visit top
2026-09-22T09:00:20.985Z	info	staff-logger	scenario/viewer.go:64	get livestream
2026-09-22T09:00:20.985Z	info	staff-logger	scenario/viewer.go:83	visit livestream
2026-09-22T09:00:21.011Z	info	staff-logger	scenario/viewer.go:90	get livestream stats
2026-09-22T09:00:21.107Z	info	staff-logger	scenario/viewer.go:64	get livestream
2026-09-22T09:00:21.107Z	info	staff-logger	scenario/viewer.go:76	visit user profile
2026-09-22T09:00:21.198Z	info	staff-logger	scenario/viewer.go:83	visit livestream
2026-09-22T09:00:21.204Z	info	staff-logger	scenario/viewer.go:32	basic viewer scenario
2026-09-22T09:00:21.204Z	info	staff-logger	scenario/viewer.go:56	visit top
2026-09-22T09:00:21.204Z	info	staff-logger	scenario/viewer.go:64	get livestream
2026-09-22T09:00:21.204Z	info	staff-logger	scenario/viewer.go:83	visit livestream
2026-09-22T09:00:21.239Z	info	staff-logger	scenario/viewer.go:90	get livestream stats
2026-09-22T09:00:21.263Z	info	staff-logger	scenario/viewer.go:32	basic viewer scenario
2026-09-22T09:00:21.263Z	info	staff-logger	scenario/viewer.go:56	visit top
2026-09-22T09:00:21.263Z	info	staff-logger	scenario/viewer.go:64	get livestream
2026-09-22T09:00:21.263Z	info	staff-logger	scenario/viewer.go:83	visit livestream
2026-09-22T09:00:21.291Z	info	staff-logger	scenario/viewer.go:32	basic viewer scenario
2026-09-22T09:00:21.291Z	info	staff-logger	scenario/viewer.go:56	visit top
2026-09-22T09:00:21.291Z	info	staff-logger	scenario/viewer.go:64	get livestream
2026-09-22T09:00:21.291Z	info	staff-logger	scenario/viewer.go:83	visit livestream
2026-09-22T09:00:21.405Z	info	staff-logger	scenario/viewer.go:64	get livestream
2026-09-22T09:00:21.405Z	info	staff-logger	scenario/viewer.go:76	visit user profile
2026-09-22T09:00:21.408Z	info	staff-logger	scenario/viewer.go:32	basic viewer scenario
2026-09-22T09:00:21.408Z	info	staff-logger	scenario/viewer.go:56	visit top
2026-09-22T09:00:21.408Z	info	staff-logger	scenario/viewer.go:64	get livestream
2026-09-22T09:00:21.408Z	info	staff-logger	scenario/viewer.go:83	visit livestream
2026-09-22T09:00:21.434Z	info	staff-logger	scenario/viewer.go:32	basic viewer scenario
2026-09-22T09:00:21.434Z	info	staff-logger	scenario/viewer.go:56	visit top
2026-09-22T09:00:21.434Z	info	staff-logger	scenario/viewer.go:64	get livestream
2026-09-22T09:00:21.434Z	info	staff-logger	scenario/viewer.go:83	visit livestream
2026-09-22T09:00:21.435Z	info	staff-logger	scenario/viewer.go:32	basic viewer scenario
2026-09-22T09:00:21.435Z	info	staff-logger	scenario/viewer.go:56	visit top
2026-09-22T09:00:21.435Z	info	staff-logger	scenario/viewer.go:64	get livestream
2026-09-22T09:00:21.435Z	info	staff-logger	scenario/viewer.go:83	visit livestream
2026-09-22T09:00:21.460Z	info	staff-logger	scenario/viewer.go:32	basic viewer scenario
2026-09-22T09:00:21.460Z	info	staff-logger	scenario/viewer.go:56	visit top
2026-09-22T09:00:21.460Z	info	staff-logger	scenario/viewer.go:64	get livestream
2026-09-22T09:00:21.460Z	info	staff-logger	scenario/viewer.go:83	visit livestream
2026-09-22T09:00:21.460Z	info	staff-logger	scenario/viewer.go:32	basic viewer scenario
2026-09-22T09:00:21.460Z	info	staff-logger	scenario/viewer.go:56	visit top
2026-09-22T09:00:21.460Z	info	staff-logger	scenario/viewer.go:64	get livestream
2026-09-22T09:00:21.460Z	info	staff-logger	scenario/viewer.go:83	visit livestream
2026-09-22T09:00:21.465Z	info	staff-logger	scenario/viewer.go:83	visit livestream
2026-09-22T09:00:21.497Z	info	staff-logger	scenario/viewer.go:32	basic viewer scenario
2026-09-22T09:00:21.497Z	info	staff-logger	scenario/viewer.go:56	visit top
2026-09-22T09:00:21.497Z	info	staff-logger	scenario/viewer.go:64	get livestream
2026-09-22T09:00:21.497Z	info	staff-logger	scenario/viewer.go:83	visit livestream
2026-09-22T09:00:21.534Z	info	staff-logger	scenario/viewer.go:32	basic viewer scenario
2026-09-22T09:00:21.534Z	info	staff-logger	scenario/viewer.go:56	visit top
2026-09-22T09:00:21.726Z	info	staff-logger	scenario/viewer.go:32	basic viewer scenario
2026-09-22T09:00:21.727Z	info	staff-logger	scenario/viewer.go:56	visit top
2026-09-22T09:00:21.727Z	info	staff-logger	scenario/viewer.go:64	get livestream
2026-09-22T09:00:21.727Z	info	staff-logger	scenario/viewer.go:83	visit livestream
2026-09-22T09:00:21.993Z	info	staff-logger	scenario/viewer.go:32	basic viewer scenario
2026-09-22T09:00:21.993Z	info	staff-logger	scenario/viewer.go:56	visit top
2026-09-22T09:00:21.993Z	info	staff-logger	scenario/viewer.go:64	get livestream
2026-09-22T09:00:21.993Z	info	staff-logger	scenario/viewer.go:83	visit livestream
2026-09-22T09:00:22.015Z	info	staff-logger	scenario/viewer.go:32	basic viewer scenario
2026-09-22T09:00:22.015Z	info	staff-logger	scenario/viewer.go:56	visit top
2026-09-22T09:00:22.015Z	info	staff-logger	scenario/viewer.go:64	get livestream
2026-09-22T09:00:22.015Z	info	staff-logger	scenario/viewer.go:83	visit livestream
2026-09-22T09:00:22.044Z	info	staff-logger	scenario/viewer.go:32	basic viewer scenario
2026-09-22T09:00:22.045Z	info	staff-logger	scenario/viewer.go:56	visit top
2026-09-22T09:00:22.086Z	info	staff-logger	scenario/viewer.go:32	basic viewer scenario
2026-09-22T09:00:22.086Z	info	staff-logger	scenario/viewer.go:56	visit top
2026-09-22T09:00:22.086Z	info	staff-logger	scenario/viewer.go:64	get livestream
2026-09-22T09:00:22.086Z	info	staff-logger	scenario/viewer.go:83	visit livestream
2026-09-22T09:00:22.095Z	info	staff-logger	scenario/viewer.go:64	get livestream
2026-09-22T09:00:22.095Z	info	staff-logger	scenario/viewer.go:76	visit user profile
2026-09-22T09:00:22.159Z	info	staff-logger	scenario/viewer.go:83	visit livestream
2026-09-22T09:00:22.170Z	warn	staff-logger	scenario/viewer.go:178	viewer_spam: failed to post livecomment (moderated spam): benchmark-application: [一般エラー] POST /api/livestream/7552/livecomment へのリクエストに対して、期待されたHTTPステータスコードが確認できませんでした (expected:400, actual:201)

2026-09-22T09:00:22.243Z	info	staff-logger	scenario/viewer.go:32	basic viewer scenario
2026-09-22T09:00:22.243Z	info	staff-logger	scenario/viewer.go:56	visit top
2026-09-22T09:00:22.243Z	info	staff-logger	scenario/viewer.go:64	get livestream
2026-09-22T09:00:22.243Z	info	staff-logger	scenario/viewer.go:83	visit livestream
2026-09-22T09:00:22.253Z	info	staff-logger	scenario/streamer.go:48	change icon
2026-09-22T09:00:22.290Z	info	staff-logger	scenario/viewer.go:32	basic viewer scenario
2026-09-22T09:00:22.290Z	info	staff-logger	scenario/viewer.go:56	visit top
2026-09-22T09:00:22.290Z	info	staff-logger	scenario/viewer.go:64	get livestream
2026-09-22T09:00:22.290Z	info	staff-logger	scenario/viewer.go:83	visit livestream
2026-09-22T09:00:22.356Z	info	staff-logger	scenario/viewer.go:32	basic viewer scenario
2026-09-22T09:00:22.356Z	info	staff-logger	scenario/viewer.go:56	visit top
2026-09-22T09:00:22.356Z	info	staff-logger	scenario/viewer.go:64	get livestream
2026-09-22T09:00:22.356Z	info	staff-logger	scenario/viewer.go:83	visit livestream
2026-09-22T09:00:22.402Z	info	staff-logger	scenario/streamer.go:48	change icon
2026-09-22T09:00:22.516Z	info	isupipe-benchmarker	DNS水責め負荷が上昇します	{"parallelis": 6}
2026-09-22T09:00:22.542Z	info	staff-logger	scenario/viewer.go:32	basic viewer scenario
2026-09-22T09:00:22.542Z	info	staff-logger	scenario/viewer.go:56	visit top
2026-09-22T09:00:22.542Z	info	staff-logger	scenario/viewer.go:64	get livestream
2026-09-22T09:00:22.542Z	info	staff-logger	scenario/viewer.go:83	visit livestream
2026-09-22T09:00:22.670Z	info	staff-logger	scenario/viewer.go:64	get livestream
2026-09-22T09:00:22.670Z	info	staff-logger	scenario/viewer.go:76	visit user profile
2026-09-22T09:00:22.720Z	info	staff-logger	scenario/viewer.go:83	visit livestream
2026-09-22T09:00:22.735Z	info	staff-logger	scenario/viewer.go:32	basic viewer scenario
2026-09-22T09:00:22.735Z	info	staff-logger	scenario/viewer.go:56	visit top
2026-09-22T09:00:22.810Z	info	staff-logger	scenario/viewer.go:32	basic viewer scenario
2026-09-22T09:00:22.810Z	info	staff-logger	scenario/viewer.go:56	visit top
2026-09-22T09:00:22.810Z	info	staff-logger	scenario/viewer.go:64	get livestream
2026-09-22T09:00:22.810Z	info	staff-logger	scenario/viewer.go:83	visit livestream
2026-09-22T09:00:22.852Z	info	staff-logger	scenario/viewer.go:32	basic viewer scenario
2026-09-22T09:00:22.853Z	info	staff-logger	scenario/viewer.go:56	visit top
2026-09-22T09:00:22.853Z	info	staff-logger	scenario/viewer.go:64	get livestream
2026-09-22T09:00:22.853Z	info	staff-logger	scenario/viewer.go:83	visit livestream
2026-09-22T09:00:22.855Z	info	staff-logger	scenario/viewer.go:32	basic viewer scenario
2026-09-22T09:00:22.855Z	info	staff-logger	scenario/viewer.go:56	visit top
2026-09-22T09:00:22.855Z	info	staff-logger	scenario/viewer.go:64	get livestream
2026-09-22T09:00:22.855Z	info	staff-logger	scenario/viewer.go:83	visit livestream
2026-09-22T09:00:22.941Z	info	staff-logger	scenario/viewer.go:32	basic viewer scenario
2026-09-22T09:00:22.941Z	info	staff-logger	scenario/viewer.go:56	visit top
2026-09-22T09:00:22.941Z	info	staff-logger	scenario/viewer.go:64	get livestream
2026-09-22T09:00:22.941Z	info	staff-logger	scenario/viewer.go:83	visit livestream
2026-09-22T09:00:22.981Z	info	staff-logger	scenario/streamer.go:48	change icon
2026-09-22T09:00:23.036Z	info	staff-logger	scenario/viewer.go:32	basic viewer scenario
2026-09-22T09:00:23.036Z	info	staff-logger	scenario/viewer.go:56	visit top
2026-09-22T09:00:23.036Z	info	staff-logger	scenario/viewer.go:64	get livestream
2026-09-22T09:00:23.036Z	info	staff-logger	scenario/viewer.go:83	visit livestream
2026-09-22T09:00:23.092Z	info	staff-logger	scenario/viewer.go:32	basic viewer scenario
2026-09-22T09:00:23.092Z	info	staff-logger	scenario/viewer.go:56	visit top
2026-09-22T09:00:23.092Z	info	staff-logger	scenario/viewer.go:64	get livestream
2026-09-22T09:00:23.092Z	info	staff-logger	scenario/viewer.go:83	visit livestream
2026-09-22T09:00:23.134Z	info	staff-logger	scenario/viewer.go:32	basic viewer scenario
2026-09-22T09:00:23.134Z	info	staff-logger	scenario/viewer.go:56	visit top
2026-09-22T09:00:23.134Z	info	staff-logger	scenario/viewer.go:64	get livestream
2026-09-22T09:00:23.134Z	info	staff-logger	scenario/viewer.go:83	visit livestream
2026-09-22T09:00:23.193Z	info	staff-logger	scenario/viewer.go:32	basic viewer scenario
2026-09-22T09:00:23.193Z	info	staff-logger	scenario/viewer.go:56	visit top
2026-09-22T09:00:23.193Z	info	staff-logger	scenario/viewer.go:64	get livestream
2026-09-22T09:00:23.193Z	info	staff-logger	scenario/viewer.go:83	visit livestream
2026-09-22T09:00:23.219Z	info	staff-logger	scenario/streamer.go:48	change icon
2026-09-22T09:00:23.338Z	info	staff-logger	scenario/viewer.go:32	basic viewer scenario
2026-09-22T09:00:23.338Z	info	staff-logger	scenario/viewer.go:56	visit top
2026-09-22T09:00:23.338Z	info	staff-logger	scenario/viewer.go:64	get livestream
2026-09-22T09:00:23.338Z	info	staff-logger	scenario/viewer.go:83	visit livestream
2026-09-22T09:00:23.350Z	info	staff-logger	scenario/viewer.go:64	get livestream
2026-09-22T09:00:23.350Z	info	staff-logger	scenario/viewer.go:76	visit user profile
2026-09-22T09:00:23.377Z	info	staff-logger	scenario/viewer.go:32	basic viewer scenario
2026-09-22T09:00:23.377Z	info	staff-logger	scenario/viewer.go:56	visit top
2026-09-22T09:00:23.377Z	info	staff-logger	scenario/viewer.go:64	get livestream
2026-09-22T09:00:23.377Z	info	staff-logger	scenario/viewer.go:83	visit livestream
2026-09-22T09:00:23.422Z	info	staff-logger	scenario/viewer.go:83	visit livestream
2026-09-22T09:00:23.438Z	info	staff-logger	scenario/viewer.go:32	basic viewer scenario
2026-09-22T09:00:23.439Z	info	staff-logger	scenario/viewer.go:56	visit top
2026-09-22T09:00:23.439Z	info	staff-logger	scenario/viewer.go:64	get livestream
2026-09-22T09:00:23.439Z	info	staff-logger	scenario/viewer.go:83	visit livestream
2026-09-22T09:00:23.466Z	info	staff-logger	scenario/viewer.go:32	basic viewer scenario
2026-09-22T09:00:23.466Z	info	staff-logger	scenario/viewer.go:56	visit top
2026-09-22T09:00:23.466Z	info	staff-logger	scenario/viewer.go:64	get livestream
2026-09-22T09:00:23.466Z	info	staff-logger	scenario/viewer.go:83	visit livestream
2026-09-22T09:00:23.516Z	info	staff-logger	scenario/viewer.go:90	get livestream stats
2026-09-22T09:00:23.634Z	info	staff-logger	scenario/viewer.go:32	basic viewer scenario
2026-09-22T09:00:23.634Z	info	staff-logger	scenario/viewer.go:56	visit top
2026-09-22T09:00:23.634Z	info	staff-logger	scenario/viewer.go:64	get livestream
2026-09-22T09:00:23.634Z	info	staff-logger	scenario/viewer.go:83	visit livestream
2026-09-22T09:00:23.696Z	info	staff-logger	scenario/viewer.go:32	basic viewer scenario
2026-09-22T09:00:23.696Z	info	staff-logger	scenario/viewer.go:56	visit top
2026-09-22T09:00:23.696Z	info	staff-logger	scenario/viewer.go:64	get livestream
2026-09-22T09:00:23.696Z	info	staff-logger	scenario/viewer.go:83	visit livestream
2026-09-22T09:00:23.709Z	info	staff-logger	scenario/viewer.go:32	basic viewer scenario
2026-09-22T09:00:23.709Z	info	staff-logger	scenario/viewer.go:56	visit top
2026-09-22T09:00:23.709Z	info	staff-logger	scenario/viewer.go:64	get livestream
2026-09-22T09:00:23.709Z	info	staff-logger	scenario/viewer.go:83	visit livestream
2026-09-22T09:00:23.717Z	info	staff-logger	scenario/viewer.go:32	basic viewer scenario
2026-09-22T09:00:23.717Z	info	staff-logger	scenario/viewer.go:56	visit top
2026-09-22T09:00:23.717Z	info	staff-logger	scenario/viewer.go:64	get livestream
2026-09-22T09:00:23.717Z	info	staff-logger	scenario/viewer.go:83	visit livestream
2026-09-22T09:00:23.773Z	info	staff-logger	scenario/viewer.go:32	basic viewer scenario
2026-09-22T09:00:23.773Z	info	staff-logger	scenario/viewer.go:56	visit top
2026-09-22T09:00:23.773Z	info	staff-logger	scenario/viewer.go:64	get livestream
2026-09-22T09:00:23.773Z	info	staff-logger	scenario/viewer.go:83	visit livestream
2026-09-22T09:00:23.854Z	info	staff-logger	scenario/viewer.go:32	basic viewer scenario
2026-09-22T09:00:23.854Z	info	staff-logger	scenario/viewer.go:56	visit top
2026-09-22T09:00:23.854Z	info	staff-logger	scenario/viewer.go:64	get livestream
2026-09-22T09:00:23.854Z	info	staff-logger	scenario/viewer.go:83	visit livestream
2026-09-22T09:00:23.943Z	info	staff-logger	scenario/viewer.go:32	basic viewer scenario
2026-09-22T09:00:23.943Z	info	staff-logger	scenario/viewer.go:56	visit top
2026-09-22T09:00:23.943Z	info	staff-logger	scenario/viewer.go:64	get livestream
2026-09-22T09:00:23.943Z	info	staff-logger	scenario/viewer.go:83	visit livestream
2026-09-22T09:00:23.987Z	info	staff-logger	scenario/viewer.go:32	basic viewer scenario
2026-09-22T09:00:23.988Z	info	staff-logger	scenario/viewer.go:56	visit top
2026-09-22T09:00:23.988Z	info	staff-logger	scenario/viewer.go:64	get livestream
2026-09-22T09:00:23.988Z	info	staff-logger	scenario/viewer.go:83	visit livestream
2026-09-22T09:00:24.065Z	info	staff-logger	scenario/viewer.go:32	basic viewer scenario
2026-09-22T09:00:24.065Z	info	staff-logger	scenario/viewer.go:56	visit top
2026-09-22T09:00:24.065Z	info	staff-logger	scenario/viewer.go:64	get livestream
2026-09-22T09:00:24.065Z	info	staff-logger	scenario/viewer.go:83	visit livestream
2026-09-22T09:00:24.089Z	info	staff-logger	scenario/viewer.go:90	get livestream stats
2026-09-22T09:00:24.133Z	info	staff-logger	scenario/viewer.go:32	basic viewer scenario
2026-09-22T09:00:24.133Z	info	staff-logger	scenario/viewer.go:56	visit top
2026-09-22T09:00:24.133Z	info	staff-logger	scenario/viewer.go:64	get livestream
2026-09-22T09:00:24.133Z	info	staff-logger	scenario/viewer.go:83	visit livestream
2026-09-22T09:00:24.198Z	info	staff-logger	scenario/streamer.go:48	change icon
2026-09-22T09:00:24.257Z	info	staff-logger	scenario/viewer.go:32	basic viewer scenario
2026-09-22T09:00:24.257Z	info	staff-logger	scenario/viewer.go:56	visit top
2026-09-22T09:00:24.257Z	info	staff-logger	scenario/viewer.go:64	get livestream
2026-09-22T09:00:24.257Z	info	staff-logger	scenario/viewer.go:83	visit livestream
2026-09-22T09:00:24.309Z	info	staff-logger	scenario/viewer.go:32	basic viewer scenario
2026-09-22T09:00:24.309Z	info	staff-logger	scenario/viewer.go:56	visit top
2026-09-22T09:00:24.309Z	info	staff-logger	scenario/viewer.go:64	get livestream
2026-09-22T09:00:24.309Z	info	staff-logger	scenario/viewer.go:83	visit livestream
2026-09-22T09:00:24.325Z	info	staff-logger	scenario/viewer.go:32	basic viewer scenario
2026-09-22T09:00:24.325Z	info	staff-logger	scenario/viewer.go:56	visit top
2026-09-22T09:00:24.325Z	info	staff-logger	scenario/viewer.go:64	get livestream
2026-09-22T09:00:24.325Z	info	staff-logger	scenario/viewer.go:83	visit livestream
2026-09-22T09:00:24.417Z	info	staff-logger	scenario/viewer.go:32	basic viewer scenario
2026-09-22T09:00:24.417Z	info	staff-logger	scenario/viewer.go:56	visit top
2026-09-22T09:00:24.417Z	info	staff-logger	scenario/viewer.go:64	get livestream
2026-09-22T09:00:24.417Z	info	staff-logger	scenario/viewer.go:83	visit livestream
2026-09-22T09:00:24.425Z	info	staff-logger	scenario/streamer.go:48	change icon
2026-09-22T09:00:24.488Z	info	staff-logger	scenario/viewer.go:32	basic viewer scenario
2026-09-22T09:00:24.488Z	info	staff-logger	scenario/viewer.go:56	visit top
2026-09-22T09:00:24.488Z	info	staff-logger	scenario/viewer.go:64	get livestream
2026-09-22T09:00:24.488Z	info	staff-logger	scenario/viewer.go:83	visit livestream
2026-09-22T09:00:24.516Z	info	isupipe-benchmarker	DNS水責め負荷が上昇します	{"parallelis": 9}
2026-09-22T09:00:24.519Z	info	staff-logger	scenario/viewer.go:32	basic viewer scenario
2026-09-22T09:00:24.520Z	info	staff-logger	scenario/viewer.go:56	visit top
2026-09-22T09:00:24.520Z	info	staff-logger	scenario/viewer.go:64	get livestream
2026-09-22T09:00:24.520Z	info	staff-logger	scenario/viewer.go:83	visit livestream
2026-09-22T09:00:24.540Z	info	staff-logger	scenario/viewer.go:32	basic viewer scenario
2026-09-22T09:00:24.540Z	info	staff-logger	scenario/viewer.go:56	visit top
2026-09-22T09:00:24.540Z	info	staff-logger	scenario/viewer.go:64	get livestream
2026-09-22T09:00:24.540Z	info	staff-logger	scenario/viewer.go:83	visit livestream
2026-09-22T09:00:24.551Z	info	staff-logger	scenario/viewer.go:32	basic viewer scenario
2026-09-22T09:00:24.551Z	info	staff-logger	scenario/viewer.go:56	visit top
2026-09-22T09:00:24.612Z	info	staff-logger	scenario/viewer.go:32	basic viewer scenario
2026-09-22T09:00:24.612Z	info	staff-logger	scenario/viewer.go:56	visit top
2026-09-22T09:00:24.735Z	info	staff-logger	scenario/viewer.go:32	basic viewer scenario
2026-09-22T09:00:24.735Z	info	staff-logger	scenario/viewer.go:56	visit top
2026-09-22T09:00:24.735Z	info	staff-logger	scenario/viewer.go:64	get livestream
2026-09-22T09:00:24.735Z	info	staff-logger	scenario/viewer.go:83	visit livestream
2026-09-22T09:00:24.804Z	warn	staff-logger	scenario/viewer.go:178	viewer_spam: failed to post livecomment (moderated spam): benchmark-application: [一般エラー] POST /api/livestream/7608/livecomment へのリクエストに対して、期待されたHTTPステータスコードが確認できませんでした (expected:400, actual:201)

2026-09-22T09:00:24.860Z	info	staff-logger	scenario/viewer.go:32	basic viewer scenario
2026-09-22T09:00:24.860Z	info	staff-logger	scenario/viewer.go:56	visit top
2026-09-22T09:00:24.961Z	info	staff-logger	scenario/viewer.go:32	basic viewer scenario
2026-09-22T09:00:24.961Z	info	staff-logger	scenario/viewer.go:56	visit top
2026-09-22T09:00:24.961Z	info	staff-logger	scenario/viewer.go:64	get livestream
2026-09-22T09:00:24.961Z	info	staff-logger	scenario/viewer.go:83	visit livestream
2026-09-22T09:00:24.992Z	info	staff-logger	scenario/viewer.go:32	basic viewer scenario
2026-09-22T09:00:24.992Z	info	staff-logger	scenario/viewer.go:56	visit top
2026-09-22T09:00:24.992Z	info	staff-logger	scenario/viewer.go:64	get livestream
2026-09-22T09:00:24.992Z	info	staff-logger	scenario/viewer.go:83	visit livestream
2026-09-22T09:00:25.011Z	info	staff-logger	scenario/viewer.go:32	basic viewer scenario
2026-09-22T09:00:25.011Z	info	staff-logger	scenario/viewer.go:56	visit top
2026-09-22T09:00:25.011Z	info	staff-logger	scenario/viewer.go:64	get livestream
2026-09-22T09:00:25.011Z	info	staff-logger	scenario/viewer.go:83	visit livestream
2026-09-22T09:00:25.141Z	info	staff-logger	scenario/viewer.go:64	get livestream
2026-09-22T09:00:25.141Z	info	staff-logger	scenario/viewer.go:76	visit user profile
2026-09-22T09:00:25.182Z	info	staff-logger	scenario/viewer.go:32	basic viewer scenario
2026-09-22T09:00:25.182Z	info	staff-logger	scenario/viewer.go:56	visit top
2026-09-22T09:00:25.182Z	info	staff-logger	scenario/viewer.go:64	get livestream
2026-09-22T09:00:25.182Z	info	staff-logger	scenario/viewer.go:83	visit livestream
2026-09-22T09:00:25.223Z	info	staff-logger	scenario/viewer.go:64	get livestream
2026-09-22T09:00:25.223Z	info	staff-logger	scenario/viewer.go:76	visit user profile
2026-09-22T09:00:25.228Z	info	staff-logger	scenario/viewer.go:83	visit livestream
2026-09-22T09:00:25.233Z	info	staff-logger	scenario/viewer.go:32	basic viewer scenario
2026-09-22T09:00:25.233Z	info	staff-logger	scenario/viewer.go:56	visit top
2026-09-22T09:00:25.233Z	info	staff-logger	scenario/viewer.go:64	get livestream
2026-09-22T09:00:25.233Z	info	staff-logger	scenario/viewer.go:83	visit livestream
2026-09-22T09:00:25.316Z	info	staff-logger	scenario/viewer.go:83	visit livestream
2026-09-22T09:00:25.326Z	info	staff-logger	scenario/viewer.go:32	basic viewer scenario
2026-09-22T09:00:25.326Z	info	staff-logger	scenario/viewer.go:56	visit top
2026-09-22T09:00:25.326Z	info	staff-logger	scenario/viewer.go:64	get livestream
2026-09-22T09:00:25.326Z	info	staff-logger	scenario/viewer.go:83	visit livestream
2026-09-22T09:00:25.413Z	info	staff-logger	scenario/viewer.go:32	basic viewer scenario
2026-09-22T09:00:25.413Z	info	staff-logger	scenario/viewer.go:56	visit top
2026-09-22T09:00:25.413Z	info	staff-logger	scenario/viewer.go:64	get livestream
2026-09-22T09:00:25.413Z	info	staff-logger	scenario/viewer.go:83	visit livestream
2026-09-22T09:00:25.454Z	info	staff-logger	scenario/viewer.go:64	get livestream
2026-09-22T09:00:25.455Z	info	staff-logger	scenario/viewer.go:76	visit user profile
2026-09-22T09:00:25.511Z	info	staff-logger	scenario/viewer.go:32	basic viewer scenario
2026-09-22T09:00:25.511Z	info	staff-logger	scenario/viewer.go:56	visit top
2026-09-22T09:00:25.511Z	info	staff-logger	scenario/viewer.go:64	get livestream
2026-09-22T09:00:25.511Z	info	staff-logger	scenario/viewer.go:83	visit livestream
2026-09-22T09:00:25.515Z	info	staff-logger	scenario/viewer.go:83	visit livestream
2026-09-22T09:00:25.526Z	info	staff-logger	scenario/viewer.go:32	basic viewer scenario
2026-09-22T09:00:25.526Z	info	staff-logger	scenario/viewer.go:56	visit top
2026-09-22T09:00:25.526Z	info	staff-logger	scenario/viewer.go:64	get livestream
2026-09-22T09:00:25.526Z	info	staff-logger	scenario/viewer.go:83	visit livestream
2026-09-22T09:00:25.585Z	warn	staff-logger	scenario/viewer.go:178	viewer_spam: failed to post livecomment (moderated spam): benchmark-application: [一般エラー] POST /api/livestream/7560/livecomment へのリクエストに対して、期待されたHTTPステータスコードが確認できませんでした (expected:400, actual:201)

2026-09-22T09:00:25.713Z	info	staff-logger	scenario/viewer.go:32	basic viewer scenario
2026-09-22T09:00:25.713Z	info	staff-logger	scenario/viewer.go:56	visit top
2026-09-22T09:00:25.713Z	info	staff-logger	scenario/viewer.go:64	get livestream
2026-09-22T09:00:25.713Z	info	staff-logger	scenario/viewer.go:83	visit livestream
2026-09-22T09:00:25.714Z	info	staff-logger	scenario/streamer.go:48	change icon
2026-09-22T09:00:25.741Z	info	staff-logger	scenario/viewer.go:32	basic viewer scenario
2026-09-22T09:00:25.741Z	info	staff-logger	scenario/viewer.go:46	change icon
2026-09-22T09:00:25.760Z	info	staff-logger	scenario/viewer.go:56	visit top
2026-09-22T09:00:26.133Z	info	staff-logger	scenario/viewer.go:32	basic viewer scenario
2026-09-22T09:00:26.133Z	info	staff-logger	scenario/viewer.go:56	visit top
2026-09-22T09:00:26.133Z	info	staff-logger	scenario/viewer.go:64	get livestream
2026-09-22T09:00:26.133Z	info	staff-logger	scenario/viewer.go:83	visit livestream
2026-09-22T09:00:26.176Z	info	staff-logger	scenario/viewer.go:32	basic viewer scenario
2026-09-22T09:00:26.176Z	info	staff-logger	scenario/viewer.go:56	visit top
2026-09-22T09:00:26.176Z	info	staff-logger	scenario/viewer.go:64	get livestream
2026-09-22T09:00:26.176Z	info	staff-logger	scenario/viewer.go:83	visit livestream
2026-09-22T09:00:26.223Z	info	staff-logger	scenario/viewer.go:32	basic viewer scenario
2026-09-22T09:00:26.223Z	info	staff-logger	scenario/viewer.go:56	visit top
2026-09-22T09:00:26.223Z	info	staff-logger	scenario/viewer.go:64	get livestream
2026-09-22T09:00:26.223Z	info	staff-logger	scenario/viewer.go:83	visit livestream
2026-09-22T09:00:26.250Z	info	staff-logger	scenario/viewer.go:32	basic viewer scenario
2026-09-22T09:00:26.250Z	info	staff-logger	scenario/viewer.go:56	visit top
2026-09-22T09:00:26.250Z	info	staff-logger	scenario/viewer.go:64	get livestream
2026-09-22T09:00:26.250Z	info	staff-logger	scenario/viewer.go:83	visit livestream
2026-09-22T09:00:26.332Z	info	staff-logger	scenario/viewer.go:32	basic viewer scenario
2026-09-22T09:00:26.332Z	info	staff-logger	scenario/viewer.go:56	visit top
2026-09-22T09:00:26.332Z	info	staff-logger	scenario/viewer.go:64	get livestream
2026-09-22T09:00:26.332Z	info	staff-logger	scenario/viewer.go:83	visit livestream
2026-09-22T09:00:26.344Z	info	staff-logger	scenario/viewer.go:64	get livestream
2026-09-22T09:00:26.344Z	info	staff-logger	scenario/viewer.go:76	visit user profile
2026-09-22T09:00:26.359Z	info	staff-logger	scenario/viewer.go:32	basic viewer scenario
2026-09-22T09:00:26.359Z	info	staff-logger	scenario/viewer.go:56	visit top
2026-09-22T09:00:26.359Z	info	staff-logger	scenario/viewer.go:64	get livestream
2026-09-22T09:00:26.359Z	info	staff-logger	scenario/viewer.go:83	visit livestream
2026-09-22T09:00:26.434Z	info	staff-logger	scenario/viewer.go:83	visit livestream
2026-09-22T09:00:26.440Z	info	staff-logger	scenario/viewer.go:32	basic viewer scenario
2026-09-22T09:00:26.440Z	info	staff-logger	scenario/viewer.go:56	visit top
2026-09-22T09:00:26.440Z	info	staff-logger	scenario/viewer.go:64	get livestream
2026-09-22T09:00:26.440Z	info	staff-logger	scenario/viewer.go:83	visit livestream
2026-09-22T09:00:26.462Z	info	staff-logger	scenario/viewer.go:32	basic viewer scenario
2026-09-22T09:00:26.462Z	info	staff-logger	scenario/viewer.go:56	visit top
2026-09-22T09:00:26.462Z	info	staff-logger	scenario/viewer.go:64	get livestream
2026-09-22T09:00:26.462Z	info	staff-logger	scenario/viewer.go:83	visit livestream
2026-09-22T09:00:26.479Z	info	staff-logger	scenario/viewer.go:90	get livestream stats
2026-09-22T09:00:26.508Z	info	staff-logger	scenario/viewer.go:90	get livestream stats
2026-09-22T09:00:26.516Z	info	isupipe-benchmarker	DNS水責め負荷が上昇します	{"parallelis": 13}
2026-09-22T09:00:26.618Z	info	staff-logger	scenario/viewer.go:32	basic viewer scenario
2026-09-22T09:00:26.618Z	info	staff-logger	scenario/viewer.go:56	visit top
2026-09-22T09:00:26.618Z	info	staff-logger	scenario/viewer.go:64	get livestream
2026-09-22T09:00:26.618Z	info	staff-logger	scenario/viewer.go:83	visit livestream
2026-09-22T09:00:26.754Z	info	staff-logger	scenario/viewer.go:32	basic viewer scenario
2026-09-22T09:00:26.754Z	info	staff-logger	scenario/viewer.go:56	visit top
2026-09-22T09:00:26.754Z	info	staff-logger	scenario/viewer.go:64	get livestream
2026-09-22T09:00:26.754Z	info	staff-logger	scenario/viewer.go:83	visit livestream
2026-09-22T09:00:26.784Z	info	staff-logger	scenario/streamer.go:48	change icon
2026-09-22T09:00:26.931Z	info	staff-logger	scenario/viewer.go:32	basic viewer scenario
2026-09-22T09:00:26.931Z	info	staff-logger	scenario/viewer.go:56	visit top
2026-09-22T09:00:26.931Z	info	staff-logger	scenario/viewer.go:64	get livestream
2026-09-22T09:00:26.931Z	info	staff-logger	scenario/viewer.go:83	visit livestream
2026-09-22T09:00:26.973Z	info	staff-logger	scenario/viewer.go:32	basic viewer scenario
2026-09-22T09:00:26.973Z	info	staff-logger	scenario/viewer.go:56	visit top
2026-09-22T09:00:26.973Z	info	staff-logger	scenario/viewer.go:64	get livestream
2026-09-22T09:00:26.973Z	info	staff-logger	scenario/viewer.go:83	visit livestream
2026-09-22T09:00:27.047Z	info	staff-logger	scenario/viewer.go:32	basic viewer scenario
2026-09-22T09:00:27.047Z	info	staff-logger	scenario/viewer.go:56	visit top
2026-09-22T09:00:27.047Z	info	staff-logger	scenario/viewer.go:64	get livestream
2026-09-22T09:00:27.047Z	info	staff-logger	scenario/viewer.go:83	visit livestream
2026-09-22T09:00:27.067Z	info	staff-logger	scenario/streamer.go:48	change icon
2026-09-22T09:00:27.135Z	info	staff-logger	scenario/viewer.go:32	basic viewer scenario
2026-09-22T09:00:27.135Z	info	staff-logger	scenario/viewer.go:56	visit top
2026-09-22T09:00:27.135Z	info	staff-logger	scenario/viewer.go:64	get livestream
2026-09-22T09:00:27.135Z	info	staff-logger	scenario/viewer.go:83	visit livestream
2026-09-22T09:00:27.280Z	info	staff-logger	scenario/viewer.go:32	basic viewer scenario
2026-09-22T09:00:27.280Z	info	staff-logger	scenario/viewer.go:56	visit top
2026-09-22T09:00:27.281Z	info	staff-logger	scenario/viewer.go:64	get livestream
2026-09-22T09:00:27.281Z	info	staff-logger	scenario/viewer.go:83	visit livestream
2026-09-22T09:00:27.304Z	info	staff-logger	scenario/streamer.go:48	change icon
2026-09-22T09:00:27.384Z	info	staff-logger	scenario/viewer.go:32	basic viewer scenario
2026-09-22T09:00:27.384Z	info	staff-logger	scenario/viewer.go:56	visit top
2026-09-22T09:00:27.384Z	info	staff-logger	scenario/viewer.go:64	get livestream
2026-09-22T09:00:27.384Z	info	staff-logger	scenario/viewer.go:83	visit livestream
2026-09-22T09:00:27.447Z	info	staff-logger	scenario/viewer.go:32	basic viewer scenario
2026-09-22T09:00:27.447Z	info	staff-logger	scenario/viewer.go:56	visit top
2026-09-22T09:00:27.448Z	info	staff-logger	scenario/viewer.go:64	get livestream
2026-09-22T09:00:27.448Z	info	staff-logger	scenario/viewer.go:83	visit livestream
2026-09-22T09:00:27.470Z	info	staff-logger	scenario/viewer.go:32	basic viewer scenario
2026-09-22T09:00:27.470Z	info	staff-logger	scenario/viewer.go:56	visit top
2026-09-22T09:00:27.480Z	info	staff-logger	scenario/viewer.go:32	basic viewer scenario
2026-09-22T09:00:27.480Z	info	staff-logger	scenario/viewer.go:56	visit top
2026-09-22T09:00:27.480Z	info	staff-logger	scenario/viewer.go:64	get livestream
2026-09-22T09:00:27.480Z	info	staff-logger	scenario/viewer.go:83	visit livestream
2026-09-22T09:00:27.623Z	info	staff-logger	scenario/viewer.go:32	basic viewer scenario
2026-09-22T09:00:27.623Z	info	staff-logger	scenario/viewer.go:56	visit top
2026-09-22T09:00:27.623Z	info	staff-logger	scenario/viewer.go:64	get livestream
2026-09-22T09:00:27.623Z	info	staff-logger	scenario/viewer.go:83	visit livestream
2026-09-22T09:00:27.854Z	info	staff-logger	scenario/viewer.go:32	basic viewer scenario
2026-09-22T09:00:27.854Z	info	staff-logger	scenario/viewer.go:56	visit top
2026-09-22T09:00:27.854Z	info	staff-logger	scenario/viewer.go:64	get livestream
2026-09-22T09:00:27.854Z	info	staff-logger	scenario/viewer.go:83	visit livestream
2026-09-22T09:00:27.897Z	info	staff-logger	scenario/viewer.go:32	basic viewer scenario
2026-09-22T09:00:27.897Z	info	staff-logger	scenario/viewer.go:56	visit top
2026-09-22T09:00:27.897Z	info	staff-logger	scenario/viewer.go:64	get livestream
2026-09-22T09:00:27.897Z	info	staff-logger	scenario/viewer.go:83	visit livestream
2026-09-22T09:00:27.927Z	info	staff-logger	scenario/streamer.go:48	change icon
2026-09-22T09:00:27.967Z	info	staff-logger	scenario/viewer.go:32	basic viewer scenario
2026-09-22T09:00:27.967Z	info	staff-logger	scenario/viewer.go:56	visit top
2026-09-22T09:00:27.967Z	info	staff-logger	scenario/viewer.go:64	get livestream
2026-09-22T09:00:27.967Z	info	staff-logger	scenario/viewer.go:83	visit livestream
2026-09-22T09:00:28.024Z	info	staff-logger	scenario/streamer.go:48	change icon
2026-09-22T09:00:28.072Z	info	staff-logger	scenario/viewer.go:32	basic viewer scenario
2026-09-22T09:00:28.072Z	info	staff-logger	scenario/viewer.go:56	visit top
2026-09-22T09:00:28.072Z	info	staff-logger	scenario/viewer.go:64	get livestream
2026-09-22T09:00:28.072Z	info	staff-logger	scenario/viewer.go:83	visit livestream
2026-09-22T09:00:28.076Z	info	staff-logger	scenario/viewer.go:32	basic viewer scenario
2026-09-22T09:00:28.076Z	info	staff-logger	scenario/viewer.go:56	visit top
2026-09-22T09:00:28.076Z	info	staff-logger	scenario/viewer.go:64	get livestream
2026-09-22T09:00:28.076Z	info	staff-logger	scenario/viewer.go:83	visit livestream
2026-09-22T09:00:28.136Z	info	staff-logger	scenario/viewer.go:64	get livestream
2026-09-22T09:00:28.136Z	info	staff-logger	scenario/viewer.go:76	visit user profile
2026-09-22T09:00:28.151Z	info	staff-logger	scenario/streamer.go:48	change icon
2026-09-22T09:00:28.171Z	info	staff-logger	scenario/viewer.go:32	basic viewer scenario
2026-09-22T09:00:28.171Z	info	staff-logger	scenario/viewer.go:56	visit top
2026-09-22T09:00:28.171Z	info	staff-logger	scenario/viewer.go:64	get livestream
2026-09-22T09:00:28.171Z	info	staff-logger	scenario/viewer.go:83	visit livestream
2026-09-22T09:00:28.201Z	info	staff-logger	scenario/viewer.go:83	visit livestream
2026-09-22T09:00:28.228Z	info	staff-logger	scenario/streamer.go:48	change icon
2026-09-22T09:00:28.286Z	info	staff-logger	scenario/viewer.go:32	basic viewer scenario
2026-09-22T09:00:28.286Z	info	staff-logger	scenario/viewer.go:56	visit top
2026-09-22T09:00:28.291Z	info	staff-logger	scenario/viewer.go:32	basic viewer scenario
2026-09-22T09:00:28.291Z	info	staff-logger	scenario/viewer.go:56	visit top
2026-09-22T09:00:28.291Z	info	staff-logger	scenario/viewer.go:64	get livestream
2026-09-22T09:00:28.291Z	info	staff-logger	scenario/viewer.go:83	visit livestream
2026-09-22T09:00:28.406Z	info	staff-logger	scenario/viewer.go:32	basic viewer scenario
2026-09-22T09:00:28.406Z	info	staff-logger	scenario/viewer.go:56	visit top
2026-09-22T09:00:28.406Z	info	staff-logger	scenario/viewer.go:64	get livestream
2026-09-22T09:00:28.406Z	info	staff-logger	scenario/viewer.go:83	visit livestream
2026-09-22T09:00:28.447Z	info	staff-logger	scenario/viewer.go:32	basic viewer scenario
2026-09-22T09:00:28.447Z	info	staff-logger	scenario/viewer.go:56	visit top
2026-09-22T09:00:28.447Z	info	staff-logger	scenario/viewer.go:64	get livestream
2026-09-22T09:00:28.447Z	info	staff-logger	scenario/viewer.go:83	visit livestream
2026-09-22T09:00:28.474Z	info	staff-logger	scenario/viewer.go:32	basic viewer scenario
2026-09-22T09:00:28.474Z	info	staff-logger	scenario/viewer.go:56	visit top
2026-09-22T09:00:28.474Z	info	staff-logger	scenario/viewer.go:64	get livestream
2026-09-22T09:00:28.474Z	info	staff-logger	scenario/viewer.go:83	visit livestream
2026-09-22T09:00:28.529Z	info	staff-logger	scenario/viewer.go:32	basic viewer scenario
2026-09-22T09:00:28.529Z	info	staff-logger	scenario/viewer.go:56	visit top
2026-09-22T09:00:28.529Z	info	staff-logger	scenario/viewer.go:64	get livestream
2026-09-22T09:00:28.529Z	info	staff-logger	scenario/viewer.go:83	visit livestream
2026-09-22T09:00:28.628Z	info	staff-logger	scenario/viewer.go:32	basic viewer scenario
2026-09-22T09:00:28.628Z	info	staff-logger	scenario/viewer.go:56	visit top
2026-09-22T09:00:28.628Z	info	staff-logger	scenario/viewer.go:64	get livestream
2026-09-22T09:00:28.628Z	info	staff-logger	scenario/viewer.go:83	visit livestream
2026-09-22T09:00:28.674Z	info	staff-logger	scenario/viewer.go:32	basic viewer scenario
2026-09-22T09:00:28.675Z	info	staff-logger	scenario/viewer.go:56	visit top
2026-09-22T09:00:28.675Z	info	staff-logger	scenario/viewer.go:64	get livestream
2026-09-22T09:00:28.675Z	info	staff-logger	scenario/viewer.go:83	visit livestream
2026-09-22T09:00:28.726Z	info	staff-logger	scenario/viewer.go:64	get livestream
2026-09-22T09:00:28.726Z	info	staff-logger	scenario/viewer.go:76	visit user profile
2026-09-22T09:00:28.744Z	info	staff-logger	scenario/viewer.go:32	basic viewer scenario
2026-09-22T09:00:28.745Z	info	staff-logger	scenario/viewer.go:56	visit top
2026-09-22T09:00:28.745Z	info	staff-logger	scenario/viewer.go:64	get livestream
2026-09-22T09:00:28.745Z	info	staff-logger	scenario/viewer.go:83	visit livestream
2026-09-22T09:00:28.750Z	info	staff-logger	scenario/viewer.go:32	basic viewer scenario
2026-09-22T09:00:28.750Z	info	staff-logger	scenario/viewer.go:56	visit top
2026-09-22T09:00:28.750Z	info	staff-logger	scenario/viewer.go:64	get livestream
2026-09-22T09:00:28.750Z	info	staff-logger	scenario/viewer.go:83	visit livestream
2026-09-22T09:00:28.804Z	info	staff-logger	scenario/viewer.go:32	basic viewer scenario
2026-09-22T09:00:28.804Z	info	staff-logger	scenario/viewer.go:56	visit top
2026-09-22T09:00:28.804Z	info	staff-logger	scenario/viewer.go:64	get livestream
2026-09-22T09:00:28.804Z	info	staff-logger	scenario/viewer.go:83	visit livestream
2026-09-22T09:00:28.810Z	info	staff-logger	scenario/viewer.go:83	visit livestream
2026-09-22T09:00:28.929Z	info	staff-logger	scenario/viewer.go:32	basic viewer scenario
2026-09-22T09:00:28.929Z	info	staff-logger	scenario/viewer.go:56	visit top
2026-09-22T09:00:28.929Z	info	staff-logger	scenario/viewer.go:64	get livestream
2026-09-22T09:00:28.929Z	info	staff-logger	scenario/viewer.go:83	visit livestream
2026-09-22T09:00:28.962Z	info	staff-logger	scenario/viewer.go:32	basic viewer scenario
2026-09-22T09:00:28.962Z	info	staff-logger	scenario/viewer.go:56	visit top
2026-09-22T09:00:28.962Z	info	staff-logger	scenario/viewer.go:64	get livestream
2026-09-22T09:00:28.962Z	info	staff-logger	scenario/viewer.go:83	visit livestream
2026-09-22T09:00:29.187Z	info	staff-logger	scenario/viewer.go:32	basic viewer scenario
2026-09-22T09:00:29.187Z	info	staff-logger	scenario/viewer.go:56	visit top
2026-09-22T09:00:29.187Z	info	staff-logger	scenario/viewer.go:64	get livestream
2026-09-22T09:00:29.187Z	info	staff-logger	scenario/viewer.go:83	visit livestream
2026-09-22T09:00:29.214Z	info	staff-logger	scenario/viewer.go:32	basic viewer scenario
2026-09-22T09:00:29.214Z	info	staff-logger	scenario/viewer.go:56	visit top
2026-09-22T09:00:29.214Z	info	staff-logger	scenario/viewer.go:64	get livestream
2026-09-22T09:00:29.214Z	info	staff-logger	scenario/viewer.go:83	visit livestream
2026-09-22T09:00:29.233Z	info	staff-logger	scenario/viewer.go:32	basic viewer scenario
2026-09-22T09:00:29.234Z	info	staff-logger	scenario/viewer.go:56	visit top
2026-09-22T09:00:29.234Z	info	staff-logger	scenario/viewer.go:64	get livestream
2026-09-22T09:00:29.234Z	info	staff-logger	scenario/viewer.go:83	visit livestream
2026-09-22T09:00:29.244Z	info	staff-logger	scenario/viewer.go:32	basic viewer scenario
2026-09-22T09:00:29.244Z	info	staff-logger	scenario/viewer.go:56	visit top
2026-09-22T09:00:29.244Z	info	staff-logger	scenario/viewer.go:64	get livestream
2026-09-22T09:00:29.244Z	info	staff-logger	scenario/viewer.go:83	visit livestream
2026-09-22T09:00:29.295Z	info	staff-logger	scenario/viewer.go:32	basic viewer scenario
2026-09-22T09:00:29.295Z	info	staff-logger	scenario/viewer.go:56	visit top
2026-09-22T09:00:29.295Z	info	staff-logger	scenario/viewer.go:64	get livestream
2026-09-22T09:00:29.295Z	info	staff-logger	scenario/viewer.go:83	visit livestream
2026-09-22T09:00:29.464Z	info	staff-logger	scenario/streamer.go:48	change icon
2026-09-22T09:00:29.517Z	info	staff-logger	scenario/viewer.go:32	basic viewer scenario
2026-09-22T09:00:29.517Z	info	staff-logger	scenario/viewer.go:56	visit top
2026-09-22T09:00:29.517Z	info	staff-logger	scenario/viewer.go:64	get livestream
2026-09-22T09:00:29.517Z	info	staff-logger	scenario/viewer.go:83	visit livestream
2026-09-22T09:00:29.547Z	info	staff-logger	scenario/viewer.go:32	basic viewer scenario
2026-09-22T09:00:29.547Z	info	staff-logger	scenario/viewer.go:56	visit top
2026-09-22T09:00:29.547Z	info	staff-logger	scenario/viewer.go:64	get livestream
2026-09-22T09:00:29.547Z	info	staff-logger	scenario/viewer.go:83	visit livestream
2026-09-22T09:00:29.573Z	info	staff-logger	scenario/viewer.go:32	basic viewer scenario
2026-09-22T09:00:29.573Z	info	staff-logger	scenario/viewer.go:56	visit top
2026-09-22T09:00:29.573Z	info	staff-logger	scenario/viewer.go:64	get livestream
2026-09-22T09:00:29.573Z	info	staff-logger	scenario/viewer.go:83	visit livestream
2026-09-22T09:00:29.574Z	info	staff-logger	scenario/viewer.go:32	basic viewer scenario
2026-09-22T09:00:29.574Z	info	staff-logger	scenario/viewer.go:56	visit top
2026-09-22T09:00:29.574Z	info	staff-logger	scenario/viewer.go:64	get livestream
2026-09-22T09:00:29.574Z	info	staff-logger	scenario/viewer.go:83	visit livestream
2026-09-22T09:00:29.604Z	info	staff-logger	scenario/viewer.go:32	basic viewer scenario
2026-09-22T09:00:29.604Z	info	staff-logger	scenario/viewer.go:56	visit top
2026-09-22T09:00:29.604Z	info	staff-logger	scenario/viewer.go:64	get livestream
2026-09-22T09:00:29.604Z	info	staff-logger	scenario/viewer.go:83	visit livestream
2026-09-22T09:00:29.692Z	info	staff-logger	scenario/viewer.go:32	basic viewer scenario
2026-09-22T09:00:29.692Z	info	staff-logger	scenario/viewer.go:56	visit top
2026-09-22T09:00:29.692Z	info	staff-logger	scenario/viewer.go:64	get livestream
2026-09-22T09:00:29.692Z	info	staff-logger	scenario/viewer.go:83	visit livestream
2026-09-22T09:00:29.726Z	info	staff-logger	scenario/viewer.go:32	basic viewer scenario
2026-09-22T09:00:29.726Z	info	staff-logger	scenario/viewer.go:56	visit top
2026-09-22T09:00:29.726Z	info	staff-logger	scenario/viewer.go:64	get livestream
2026-09-22T09:00:29.726Z	info	staff-logger	scenario/viewer.go:83	visit livestream
2026-09-22T09:00:29.846Z	info	staff-logger	scenario/viewer.go:32	basic viewer scenario
2026-09-22T09:00:29.846Z	info	staff-logger	scenario/viewer.go:56	visit top
2026-09-22T09:00:29.846Z	info	staff-logger	scenario/viewer.go:64	get livestream
2026-09-22T09:00:29.846Z	info	staff-logger	scenario/viewer.go:83	visit livestream
2026-09-22T09:00:29.905Z	info	staff-logger	scenario/viewer.go:32	basic viewer scenario
2026-09-22T09:00:29.905Z	info	staff-logger	scenario/viewer.go:56	visit top
2026-09-22T09:00:29.916Z	info	staff-logger	scenario/viewer.go:32	basic viewer scenario
2026-09-22T09:00:29.916Z	info	staff-logger	scenario/viewer.go:56	visit top
2026-09-22T09:00:29.916Z	info	staff-logger	scenario/viewer.go:64	get livestream
2026-09-22T09:00:29.916Z	info	staff-logger	scenario/viewer.go:83	visit livestream
2026-09-22T09:00:29.927Z	info	staff-logger	scenario/viewer.go:32	basic viewer scenario
2026-09-22T09:00:29.927Z	info	staff-logger	scenario/viewer.go:56	visit top
2026-09-22T09:00:30.035Z	info	staff-logger	scenario/viewer.go:32	basic viewer scenario
2026-09-22T09:00:30.035Z	info	staff-logger	scenario/viewer.go:56	visit top
2026-09-22T09:00:30.035Z	info	staff-logger	scenario/viewer.go:64	get livestream
2026-09-22T09:00:30.035Z	info	staff-logger	scenario/viewer.go:83	visit livestream
2026-09-22T09:00:30.130Z	info	staff-logger	scenario/viewer.go:32	basic viewer scenario
2026-09-22T09:00:30.130Z	info	staff-logger	scenario/viewer.go:56	visit top
2026-09-22T09:00:30.130Z	info	staff-logger	scenario/viewer.go:64	get livestream
2026-09-22T09:00:30.130Z	info	staff-logger	scenario/viewer.go:83	visit livestream
2026-09-22T09:00:30.141Z	info	staff-logger	scenario/viewer.go:32	basic viewer scenario
2026-09-22T09:00:30.141Z	info	staff-logger	scenario/viewer.go:56	visit top
2026-09-22T09:00:30.151Z	info	staff-logger	scenario/streamer.go:48	change icon
2026-09-22T09:00:30.348Z	info	staff-logger	scenario/viewer.go:32	basic viewer scenario
2026-09-22T09:00:30.348Z	info	staff-logger	scenario/viewer.go:56	visit top
2026-09-22T09:00:30.348Z	info	staff-logger	scenario/viewer.go:64	get livestream
2026-09-22T09:00:30.348Z	info	staff-logger	scenario/viewer.go:83	visit livestream
2026-09-22T09:00:30.461Z	info	staff-logger	scenario/viewer.go:64	get livestream
2026-09-22T09:00:30.461Z	info	staff-logger	scenario/viewer.go:76	visit user profile
2026-09-22T09:00:30.469Z	info	staff-logger	scenario/viewer.go:90	get livestream stats
2026-09-22T09:00:30.479Z	info	staff-logger	scenario/viewer.go:64	get livestream
2026-09-22T09:00:30.479Z	info	staff-logger	scenario/viewer.go:76	visit user profile
2026-09-22T09:00:30.482Z	info	staff-logger	scenario/viewer.go:32	basic viewer scenario
2026-09-22T09:00:30.482Z	info	staff-logger	scenario/viewer.go:56	visit top
2026-09-22T09:00:30.482Z	info	staff-logger	scenario/viewer.go:64	get livestream
2026-09-22T09:00:30.482Z	info	staff-logger	scenario/viewer.go:83	visit livestream
2026-09-22T09:00:30.526Z	info	staff-logger	scenario/viewer.go:32	basic viewer scenario
2026-09-22T09:00:30.526Z	info	staff-logger	scenario/viewer.go:56	visit top
2026-09-22T09:00:30.526Z	info	staff-logger	scenario/viewer.go:64	get livestream
2026-09-22T09:00:30.526Z	info	staff-logger	scenario/viewer.go:83	visit livestream
2026-09-22T09:00:30.547Z	info	staff-logger	scenario/viewer.go:32	basic viewer scenario
2026-09-22T09:00:30.547Z	info	staff-logger	scenario/viewer.go:56	visit top
2026-09-22T09:00:30.547Z	info	staff-logger	scenario/viewer.go:64	get livestream
2026-09-22T09:00:30.547Z	info	staff-logger	scenario/viewer.go:83	visit livestream
2026-09-22T09:00:30.598Z	info	staff-logger	scenario/viewer.go:83	visit livestream
2026-09-22T09:00:30.603Z	info	staff-logger	scenario/viewer.go:83	visit livestream
2026-09-22T09:00:30.661Z	info	staff-logger	scenario/viewer.go:64	get livestream
2026-09-22T09:00:30.661Z	info	staff-logger	scenario/viewer.go:76	visit user profile
2026-09-22T09:00:30.725Z	info	staff-logger	scenario/viewer.go:32	basic viewer scenario
2026-09-22T09:00:30.725Z	info	staff-logger	scenario/viewer.go:56	visit top
2026-09-22T09:00:30.725Z	info	staff-logger	scenario/viewer.go:64	get livestream
2026-09-22T09:00:30.725Z	info	staff-logger	scenario/viewer.go:83	visit livestream
2026-09-22T09:00:30.745Z	info	staff-logger	scenario/viewer.go:83	visit livestream
2026-09-22T09:00:30.807Z	info	staff-logger	scenario/viewer.go:32	basic viewer scenario
2026-09-22T09:00:30.807Z	info	staff-logger	scenario/viewer.go:56	visit top
2026-09-22T09:00:30.825Z	info	staff-logger	scenario/viewer.go:32	basic viewer scenario
2026-09-22T09:00:30.825Z	info	staff-logger	scenario/viewer.go:56	visit top
2026-09-22T09:00:30.825Z	info	staff-logger	scenario/viewer.go:64	get livestream
2026-09-22T09:00:30.825Z	info	staff-logger	scenario/viewer.go:83	visit livestream
2026-09-22T09:00:30.833Z	info	staff-logger	scenario/streamer.go:48	change icon
2026-09-22T09:00:30.841Z	info	staff-logger	scenario/viewer.go:32	basic viewer scenario
2026-09-22T09:00:30.841Z	info	staff-logger	scenario/viewer.go:56	visit top
2026-09-22T09:00:30.841Z	info	staff-logger	scenario/viewer.go:64	get livestream
2026-09-22T09:00:30.841Z	info	staff-logger	scenario/viewer.go:83	visit livestream
2026-09-22T09:00:30.966Z	info	staff-logger	scenario/viewer.go:32	basic viewer scenario
2026-09-22T09:00:30.966Z	info	staff-logger	scenario/viewer.go:56	visit top
2026-09-22T09:00:30.966Z	info	staff-logger	scenario/viewer.go:64	get livestream
2026-09-22T09:00:30.966Z	info	staff-logger	scenario/viewer.go:83	visit livestream
2026-09-22T09:00:31.323Z	info	staff-logger	scenario/viewer.go:32	basic viewer scenario
2026-09-22T09:00:31.323Z	info	staff-logger	scenario/viewer.go:56	visit top
2026-09-22T09:00:31.323Z	info	staff-logger	scenario/viewer.go:64	get livestream
2026-09-22T09:00:31.323Z	info	staff-logger	scenario/viewer.go:83	visit livestream
2026-09-22T09:00:31.358Z	info	staff-logger	scenario/viewer.go:32	basic viewer scenario
2026-09-22T09:00:31.358Z	info	staff-logger	scenario/viewer.go:56	visit top
2026-09-22T09:00:31.358Z	info	staff-logger	scenario/viewer.go:64	get livestream
2026-09-22T09:00:31.358Z	info	staff-logger	scenario/viewer.go:83	visit livestream
2026-09-22T09:00:31.413Z	info	staff-logger	scenario/viewer.go:32	basic viewer scenario
2026-09-22T09:00:31.413Z	info	staff-logger	scenario/viewer.go:56	visit top
2026-09-22T09:00:31.413Z	info	staff-logger	scenario/viewer.go:64	get livestream
2026-09-22T09:00:31.413Z	info	staff-logger	scenario/viewer.go:83	visit livestream
2026-09-22T09:00:31.421Z	info	staff-logger	scenario/viewer.go:90	get livestream stats
2026-09-22T09:00:31.568Z	info	staff-logger	scenario/viewer.go:32	basic viewer scenario
2026-09-22T09:00:31.568Z	info	staff-logger	scenario/viewer.go:56	visit top
2026-09-22T09:00:31.568Z	info	staff-logger	scenario/viewer.go:64	get livestream
2026-09-22T09:00:31.568Z	info	staff-logger	scenario/viewer.go:83	visit livestream
2026-09-22T09:00:31.576Z	info	staff-logger	scenario/viewer.go:64	get livestream
2026-09-22T09:00:31.576Z	info	staff-logger	scenario/viewer.go:76	visit user profile
2026-09-22T09:00:31.666Z	info	staff-logger	scenario/viewer.go:83	visit livestream
2026-09-22T09:00:31.797Z	info	staff-logger	scenario/viewer.go:32	basic viewer scenario
2026-09-22T09:00:31.797Z	info	staff-logger	scenario/viewer.go:56	visit top
2026-09-22T09:00:31.797Z	info	staff-logger	scenario/viewer.go:64	get livestream
2026-09-22T09:00:31.797Z	info	staff-logger	scenario/viewer.go:83	visit livestream
2026-09-22T09:00:31.901Z	info	staff-logger	scenario/viewer.go:90	get livestream stats
2026-09-22T09:00:31.940Z	info	staff-logger	scenario/viewer.go:32	basic viewer scenario
2026-09-22T09:00:31.940Z	info	staff-logger	scenario/viewer.go:56	visit top
2026-09-22T09:00:31.940Z	info	staff-logger	scenario/viewer.go:64	get livestream
2026-09-22T09:00:31.940Z	info	staff-logger	scenario/viewer.go:83	visit livestream
2026-09-22T09:00:31.966Z	info	staff-logger	scenario/viewer.go:32	basic viewer scenario
2026-09-22T09:00:31.966Z	info	staff-logger	scenario/viewer.go:56	visit top
2026-09-22T09:00:31.966Z	info	staff-logger	scenario/viewer.go:64	get livestream
2026-09-22T09:00:31.967Z	info	staff-logger	scenario/viewer.go:83	visit livestream
2026-09-22T09:00:32.038Z	info	staff-logger	scenario/viewer.go:32	basic viewer scenario
2026-09-22T09:00:32.038Z	info	staff-logger	scenario/viewer.go:56	visit top
2026-09-22T09:00:32.038Z	info	staff-logger	scenario/viewer.go:64	get livestream
2026-09-22T09:00:32.038Z	info	staff-logger	scenario/viewer.go:83	visit livestream
2026-09-22T09:00:32.056Z	info	staff-logger	scenario/viewer.go:90	get livestream stats
2026-09-22T09:00:32.065Z	info	staff-logger	scenario/viewer.go:32	basic viewer scenario
2026-09-22T09:00:32.065Z	info	staff-logger	scenario/viewer.go:56	visit top
2026-09-22T09:00:32.065Z	info	staff-logger	scenario/viewer.go:64	get livestream
2026-09-22T09:00:32.065Z	info	staff-logger	scenario/viewer.go:83	visit livestream
2026-09-22T09:00:32.073Z	info	staff-logger	scenario/viewer.go:32	basic viewer scenario
2026-09-22T09:00:32.073Z	info	staff-logger	scenario/viewer.go:56	visit top
2026-09-22T09:00:32.073Z	info	staff-logger	scenario/viewer.go:64	get livestream
2026-09-22T09:00:32.073Z	info	staff-logger	scenario/viewer.go:83	visit livestream
2026-09-22T09:00:32.108Z	info	staff-logger	scenario/viewer.go:32	basic viewer scenario
2026-09-22T09:00:32.108Z	info	staff-logger	scenario/viewer.go:46	change icon
2026-09-22T09:00:32.128Z	info	staff-logger	scenario/viewer.go:56	visit top
2026-09-22T09:00:32.176Z	info	staff-logger	scenario/viewer.go:32	basic viewer scenario
2026-09-22T09:00:32.176Z	info	staff-logger	scenario/viewer.go:56	visit top
2026-09-22T09:00:32.176Z	info	staff-logger	scenario/viewer.go:64	get livestream
2026-09-22T09:00:32.176Z	info	staff-logger	scenario/viewer.go:83	visit livestream
2026-09-22T09:00:32.201Z	info	staff-logger	scenario/viewer.go:32	basic viewer scenario
2026-09-22T09:00:32.201Z	info	staff-logger	scenario/viewer.go:56	visit top
2026-09-22T09:00:32.201Z	info	staff-logger	scenario/viewer.go:64	get livestream
2026-09-22T09:00:32.201Z	info	staff-logger	scenario/viewer.go:83	visit livestream
2026-09-22T09:00:32.258Z	info	staff-logger	scenario/viewer.go:32	basic viewer scenario
2026-09-22T09:00:32.258Z	info	staff-logger	scenario/viewer.go:56	visit top
2026-09-22T09:00:32.258Z	info	staff-logger	scenario/viewer.go:64	get livestream
2026-09-22T09:00:32.258Z	info	staff-logger	scenario/viewer.go:83	visit livestream
2026-09-22T09:00:32.274Z	info	staff-logger	scenario/viewer.go:32	basic viewer scenario
2026-09-22T09:00:32.274Z	info	staff-logger	scenario/viewer.go:56	visit top
2026-09-22T09:00:32.274Z	info	staff-logger	scenario/viewer.go:64	get livestream
2026-09-22T09:00:32.274Z	info	staff-logger	scenario/viewer.go:83	visit livestream
2026-09-22T09:00:32.581Z	info	staff-logger	scenario/viewer.go:32	basic viewer scenario
2026-09-22T09:00:32.581Z	info	staff-logger	scenario/viewer.go:56	visit top
2026-09-22T09:00:32.581Z	info	staff-logger	scenario/viewer.go:64	get livestream
2026-09-22T09:00:32.581Z	info	staff-logger	scenario/viewer.go:83	visit livestream
2026-09-22T09:00:32.624Z	info	staff-logger	scenario/viewer.go:32	basic viewer scenario
2026-09-22T09:00:32.624Z	info	staff-logger	scenario/viewer.go:56	visit top
2026-09-22T09:00:32.624Z	info	staff-logger	scenario/viewer.go:64	get livestream
2026-09-22T09:00:32.624Z	info	staff-logger	scenario/viewer.go:83	visit livestream
2026-09-22T09:00:32.727Z	info	staff-logger	scenario/viewer.go:32	basic viewer scenario
2026-09-22T09:00:32.727Z	info	staff-logger	scenario/viewer.go:56	visit top
2026-09-22T09:00:32.727Z	info	staff-logger	scenario/viewer.go:64	get livestream
2026-09-22T09:00:32.727Z	info	staff-logger	scenario/viewer.go:83	visit livestream
2026-09-22T09:00:32.769Z	info	staff-logger	scenario/viewer.go:32	basic viewer scenario
2026-09-22T09:00:32.769Z	info	staff-logger	scenario/viewer.go:56	visit top
2026-09-22T09:00:32.769Z	info	staff-logger	scenario/viewer.go:64	get livestream
2026-09-22T09:00:32.769Z	info	staff-logger	scenario/viewer.go:83	visit livestream
2026-09-22T09:00:32.772Z	info	staff-logger	scenario/viewer.go:32	basic viewer scenario
2026-09-22T09:00:32.772Z	info	staff-logger	scenario/viewer.go:56	visit top
2026-09-22T09:00:32.772Z	info	staff-logger	scenario/viewer.go:64	get livestream
2026-09-22T09:00:32.772Z	info	staff-logger	scenario/viewer.go:83	visit livestream
2026-09-22T09:00:32.775Z	info	staff-logger	scenario/viewer.go:64	get livestream
2026-09-22T09:00:32.775Z	info	staff-logger	scenario/viewer.go:76	visit user profile
2026-09-22T09:00:32.795Z	info	staff-logger	scenario/viewer.go:32	basic viewer scenario
2026-09-22T09:00:32.795Z	info	staff-logger	scenario/viewer.go:56	visit top
2026-09-22T09:00:32.795Z	info	staff-logger	scenario/viewer.go:64	get livestream
2026-09-22T09:00:32.795Z	info	staff-logger	scenario/viewer.go:83	visit livestream
2026-09-22T09:00:32.847Z	info	staff-logger	scenario/viewer.go:83	visit livestream
2026-09-22T09:00:32.848Z	info	staff-logger	scenario/viewer.go:32	basic viewer scenario
2026-09-22T09:00:32.848Z	info	staff-logger	scenario/viewer.go:56	visit top
2026-09-22T09:00:32.848Z	info	staff-logger	scenario/viewer.go:64	get livestream
2026-09-22T09:00:32.848Z	info	staff-logger	scenario/viewer.go:83	visit livestream
2026-09-22T09:00:32.880Z	info	staff-logger	scenario/viewer.go:32	basic viewer scenario
2026-09-22T09:00:32.880Z	info	staff-logger	scenario/viewer.go:56	visit top
2026-09-22T09:00:32.880Z	info	staff-logger	scenario/viewer.go:64	get livestream
2026-09-22T09:00:32.880Z	info	staff-logger	scenario/viewer.go:83	visit livestream
2026-09-22T09:00:33.106Z	info	staff-logger	scenario/viewer.go:32	basic viewer scenario
2026-09-22T09:00:33.106Z	info	staff-logger	scenario/viewer.go:56	visit top
2026-09-22T09:00:33.106Z	info	staff-logger	scenario/viewer.go:64	get livestream
2026-09-22T09:00:33.106Z	info	staff-logger	scenario/viewer.go:83	visit livestream
2026-09-22T09:00:33.222Z	info	staff-logger	scenario/streamer.go:48	change icon
2026-09-22T09:00:33.275Z	info	staff-logger	scenario/viewer.go:32	basic viewer scenario
2026-09-22T09:00:33.275Z	info	staff-logger	scenario/viewer.go:56	visit top
2026-09-22T09:00:33.275Z	info	staff-logger	scenario/viewer.go:64	get livestream
2026-09-22T09:00:33.275Z	info	staff-logger	scenario/viewer.go:83	visit livestream
2026-09-22T09:00:33.370Z	info	staff-logger	scenario/viewer.go:32	basic viewer scenario
2026-09-22T09:00:33.370Z	info	staff-logger	scenario/viewer.go:56	visit top
2026-09-22T09:00:33.370Z	info	staff-logger	scenario/viewer.go:64	get livestream
2026-09-22T09:00:33.370Z	info	staff-logger	scenario/viewer.go:83	visit livestream
2026-09-22T09:00:33.409Z	info	staff-logger	scenario/viewer.go:32	basic viewer scenario
2026-09-22T09:00:33.409Z	info	staff-logger	scenario/viewer.go:56	visit top
2026-09-22T09:00:33.409Z	info	staff-logger	scenario/viewer.go:64	get livestream
2026-09-22T09:00:33.409Z	info	staff-logger	scenario/viewer.go:83	visit livestream
2026-09-22T09:00:33.429Z	info	staff-logger	scenario/viewer.go:32	basic viewer scenario
2026-09-22T09:00:33.429Z	info	staff-logger	scenario/viewer.go:56	visit top
2026-09-22T09:00:33.429Z	info	staff-logger	scenario/viewer.go:64	get livestream
2026-09-22T09:00:33.429Z	info	staff-logger	scenario/viewer.go:83	visit livestream
2026-09-22T09:00:33.514Z	info	staff-logger	scenario/viewer.go:32	basic viewer scenario
2026-09-22T09:00:33.514Z	info	staff-logger	scenario/viewer.go:56	visit top
2026-09-22T09:00:33.514Z	info	staff-logger	scenario/viewer.go:64	get livestream
2026-09-22T09:00:33.514Z	info	staff-logger	scenario/viewer.go:83	visit livestream
2026-09-22T09:00:33.546Z	info	staff-logger	scenario/viewer.go:32	basic viewer scenario
2026-09-22T09:00:33.546Z	info	staff-logger	scenario/viewer.go:56	visit top
2026-09-22T09:00:33.546Z	info	staff-logger	scenario/viewer.go:64	get livestream
2026-09-22T09:00:33.546Z	info	staff-logger	scenario/viewer.go:83	visit livestream
2026-09-22T09:00:33.598Z	info	staff-logger	scenario/viewer.go:32	basic viewer scenario
2026-09-22T09:00:33.598Z	info	staff-logger	scenario/viewer.go:56	visit top
2026-09-22T09:00:33.598Z	info	staff-logger	scenario/viewer.go:64	get livestream
2026-09-22T09:00:33.598Z	info	staff-logger	scenario/viewer.go:83	visit livestream
2026-09-22T09:00:33.608Z	info	staff-logger	scenario/viewer.go:90	get livestream stats
2026-09-22T09:00:33.614Z	info	staff-logger	scenario/viewer.go:32	basic viewer scenario
2026-09-22T09:00:33.614Z	info	staff-logger	scenario/viewer.go:56	visit top
2026-09-22T09:00:33.614Z	info	staff-logger	scenario/viewer.go:64	get livestream
2026-09-22T09:00:33.614Z	info	staff-logger	scenario/viewer.go:83	visit livestream
2026-09-22T09:00:33.634Z	info	staff-logger	scenario/viewer.go:32	basic viewer scenario
2026-09-22T09:00:33.634Z	info	staff-logger	scenario/viewer.go:56	visit top
2026-09-22T09:00:33.634Z	info	staff-logger	scenario/viewer.go:64	get livestream
2026-09-22T09:00:33.634Z	info	staff-logger	scenario/viewer.go:83	visit livestream
2026-09-22T09:00:33.654Z	info	staff-logger	scenario/viewer.go:32	basic viewer scenario
2026-09-22T09:00:33.654Z	info	staff-logger	scenario/viewer.go:56	visit top
2026-09-22T09:00:33.746Z	info	staff-logger	scenario/streamer.go:48	change icon
2026-09-22T09:00:33.867Z	info	staff-logger	scenario/viewer.go:32	basic viewer scenario
2026-09-22T09:00:33.867Z	info	staff-logger	scenario/viewer.go:56	visit top
2026-09-22T09:00:33.919Z	info	staff-logger	scenario/viewer.go:32	basic viewer scenario
2026-09-22T09:00:33.919Z	info	staff-logger	scenario/viewer.go:56	visit top
2026-09-22T09:00:33.919Z	info	staff-logger	scenario/viewer.go:64	get livestream
2026-09-22T09:00:33.919Z	info	staff-logger	scenario/viewer.go:83	visit livestream
2026-09-22T09:00:34.020Z	info	staff-logger	scenario/viewer.go:32	basic viewer scenario
2026-09-22T09:00:34.020Z	info	staff-logger	scenario/viewer.go:56	visit top
2026-09-22T09:00:34.020Z	info	staff-logger	scenario/viewer.go:64	get livestream
2026-09-22T09:00:34.020Z	info	staff-logger	scenario/viewer.go:83	visit livestream
2026-09-22T09:00:34.088Z	info	staff-logger	scenario/viewer.go:64	get livestream
2026-09-22T09:00:34.088Z	info	staff-logger	scenario/viewer.go:76	visit user profile
2026-09-22T09:00:34.131Z	info	staff-logger	scenario/viewer.go:32	basic viewer scenario
2026-09-22T09:00:34.131Z	info	staff-logger	scenario/viewer.go:56	visit top
2026-09-22T09:00:34.131Z	info	staff-logger	scenario/viewer.go:64	get livestream
2026-09-22T09:00:34.131Z	info	staff-logger	scenario/viewer.go:83	visit livestream
2026-09-22T09:00:34.158Z	info	staff-logger	scenario/viewer.go:83	visit livestream
2026-09-22T09:00:34.207Z	info	staff-logger	scenario/viewer.go:32	basic viewer scenario
2026-09-22T09:00:34.207Z	info	staff-logger	scenario/viewer.go:56	visit top
2026-09-22T09:00:34.208Z	info	staff-logger	scenario/viewer.go:64	get livestream
2026-09-22T09:00:34.208Z	info	staff-logger	scenario/viewer.go:83	visit livestream
2026-09-22T09:00:34.258Z	info	staff-logger	scenario/viewer.go:32	basic viewer scenario
2026-09-22T09:00:34.258Z	info	staff-logger	scenario/viewer.go:56	visit top
2026-09-22T09:00:34.258Z	info	staff-logger	scenario/viewer.go:64	get livestream
2026-09-22T09:00:34.258Z	info	staff-logger	scenario/viewer.go:83	visit livestream
2026-09-22T09:00:34.269Z	info	staff-logger	scenario/viewer.go:32	basic viewer scenario
2026-09-22T09:00:34.269Z	info	staff-logger	scenario/viewer.go:56	visit top
2026-09-22T09:00:34.356Z	info	staff-logger	scenario/viewer.go:32	basic viewer scenario
2026-09-22T09:00:34.356Z	info	staff-logger	scenario/viewer.go:56	visit top
2026-09-22T09:00:34.487Z	info	staff-logger	scenario/viewer.go:64	get livestream
2026-09-22T09:00:34.488Z	info	staff-logger	scenario/viewer.go:76	visit user profile
2026-09-22T09:00:34.495Z	info	staff-logger	scenario/viewer.go:32	basic viewer scenario
2026-09-22T09:00:34.495Z	info	staff-logger	scenario/viewer.go:56	visit top
2026-09-22T09:00:34.495Z	info	staff-logger	scenario/viewer.go:64	get livestream
2026-09-22T09:00:34.495Z	info	staff-logger	scenario/viewer.go:83	visit livestream
2026-09-22T09:00:34.523Z	info	staff-logger	scenario/viewer.go:90	get livestream stats
2026-09-22T09:00:34.594Z	info	staff-logger	scenario/streamer.go:48	change icon
2026-09-22T09:00:34.613Z	info	staff-logger	scenario/viewer.go:83	visit livestream
2026-09-22T09:00:34.760Z	info	staff-logger	scenario/viewer.go:32	basic viewer scenario
2026-09-22T09:00:34.760Z	info	staff-logger	scenario/viewer.go:56	visit top
2026-09-22T09:00:34.760Z	info	staff-logger	scenario/viewer.go:64	get livestream
2026-09-22T09:00:34.760Z	info	staff-logger	scenario/viewer.go:83	visit livestream
2026-09-22T09:00:34.836Z	info	staff-logger	scenario/viewer.go:32	basic viewer scenario
2026-09-22T09:00:34.836Z	info	staff-logger	scenario/viewer.go:56	visit top
2026-09-22T09:00:34.836Z	info	staff-logger	scenario/viewer.go:64	get livestream
2026-09-22T09:00:34.836Z	info	staff-logger	scenario/viewer.go:83	visit livestream
2026-09-22T09:00:34.854Z	info	staff-logger	scenario/viewer.go:32	basic viewer scenario
2026-09-22T09:00:34.854Z	info	staff-logger	scenario/viewer.go:56	visit top
2026-09-22T09:00:34.854Z	info	staff-logger	scenario/viewer.go:64	get livestream
2026-09-22T09:00:34.854Z	info	staff-logger	scenario/viewer.go:83	visit livestream
2026-09-22T09:00:34.863Z	info	staff-logger	scenario/viewer.go:32	basic viewer scenario
2026-09-22T09:00:34.863Z	info	staff-logger	scenario/viewer.go:56	visit top
2026-09-22T09:00:34.863Z	info	staff-logger	scenario/viewer.go:64	get livestream
2026-09-22T09:00:34.863Z	info	staff-logger	scenario/viewer.go:83	visit livestream
2026-09-22T09:00:34.938Z	info	staff-logger	scenario/viewer.go:90	get livestream stats
2026-09-22T09:00:34.989Z	info	staff-logger	scenario/viewer.go:64	get livestream
2026-09-22T09:00:34.989Z	info	staff-logger	scenario/viewer.go:76	visit user profile
2026-09-22T09:00:34.992Z	info	staff-logger	scenario/viewer.go:32	basic viewer scenario
2026-09-22T09:00:34.992Z	info	staff-logger	scenario/viewer.go:56	visit top
2026-09-22T09:00:34.992Z	info	staff-logger	scenario/viewer.go:64	get livestream
2026-09-22T09:00:34.992Z	info	staff-logger	scenario/viewer.go:83	visit livestream
2026-09-22T09:00:35.034Z	info	staff-logger	scenario/viewer.go:64	get livestream
2026-09-22T09:00:35.034Z	info	staff-logger	scenario/viewer.go:76	visit user profile
2026-09-22T09:00:35.060Z	info	staff-logger	scenario/viewer.go:83	visit livestream
2026-09-22T09:00:35.111Z	info	staff-logger	scenario/viewer.go:83	visit livestream
2026-09-22T09:00:35.118Z	info	staff-logger	scenario/viewer.go:32	basic viewer scenario
2026-09-22T09:00:35.118Z	info	staff-logger	scenario/viewer.go:56	visit top
2026-09-22T09:00:35.119Z	info	staff-logger	scenario/viewer.go:64	get livestream
2026-09-22T09:00:35.119Z	info	staff-logger	scenario/viewer.go:83	visit livestream
2026-09-22T09:00:35.127Z	info	staff-logger	scenario/streamer.go:48	change icon
2026-09-22T09:00:35.158Z	info	staff-logger	scenario/viewer.go:32	basic viewer scenario
2026-09-22T09:00:35.158Z	info	staff-logger	scenario/viewer.go:56	visit top
2026-09-22T09:00:35.158Z	info	staff-logger	scenario/viewer.go:64	get livestream
2026-09-22T09:00:35.158Z	info	staff-logger	scenario/viewer.go:83	visit livestream
2026-09-22T09:00:35.197Z	info	staff-logger	scenario/viewer.go:32	basic viewer scenario
2026-09-22T09:00:35.197Z	info	staff-logger	scenario/viewer.go:56	visit top
2026-09-22T09:00:35.197Z	info	staff-logger	scenario/viewer.go:64	get livestream
2026-09-22T09:00:35.197Z	info	staff-logger	scenario/viewer.go:83	visit livestream
2026-09-22T09:00:35.271Z	info	staff-logger	scenario/viewer.go:32	basic viewer scenario
2026-09-22T09:00:35.271Z	info	staff-logger	scenario/viewer.go:56	visit top
2026-09-22T09:00:35.271Z	info	staff-logger	scenario/viewer.go:64	get livestream
2026-09-22T09:00:35.271Z	info	staff-logger	scenario/viewer.go:83	visit livestream
2026-09-22T09:00:35.327Z	info	staff-logger	scenario/viewer.go:90	get livestream stats
2026-09-22T09:00:35.328Z	info	staff-logger	scenario/viewer.go:32	basic viewer scenario
2026-09-22T09:00:35.328Z	info	staff-logger	scenario/viewer.go:56	visit top
2026-09-22T09:00:35.344Z	info	staff-logger	scenario/viewer.go:32	basic viewer scenario
2026-09-22T09:00:35.344Z	info	staff-logger	scenario/viewer.go:56	visit top
2026-09-22T09:00:35.344Z	info	staff-logger	scenario/viewer.go:64	get livestream
2026-09-22T09:00:35.344Z	info	staff-logger	scenario/viewer.go:83	visit livestream
2026-09-22T09:00:35.360Z	info	staff-logger	scenario/streamer.go:48	change icon
2026-09-22T09:00:35.374Z	info	staff-logger	scenario/viewer.go:32	basic viewer scenario
2026-09-22T09:00:35.374Z	info	staff-logger	scenario/viewer.go:56	visit top
2026-09-22T09:00:35.374Z	info	staff-logger	scenario/viewer.go:64	get livestream
2026-09-22T09:00:35.374Z	info	staff-logger	scenario/viewer.go:83	visit livestream
2026-09-22T09:00:35.487Z	info	staff-logger	scenario/viewer.go:90	get livestream stats
2026-09-22T09:00:35.518Z	info	staff-logger	scenario/viewer.go:32	basic viewer scenario
2026-09-22T09:00:35.518Z	info	staff-logger	scenario/viewer.go:56	visit top
2026-09-22T09:00:35.518Z	info	staff-logger	scenario/viewer.go:64	get livestream
2026-09-22T09:00:35.518Z	info	staff-logger	scenario/viewer.go:83	visit livestream
2026-09-22T09:00:35.536Z	info	staff-logger	scenario/viewer.go:32	basic viewer scenario
2026-09-22T09:00:35.536Z	info	staff-logger	scenario/viewer.go:56	visit top
2026-09-22T09:00:35.536Z	info	staff-logger	scenario/viewer.go:64	get livestream
2026-09-22T09:00:35.536Z	info	staff-logger	scenario/viewer.go:83	visit livestream
2026-09-22T09:00:35.633Z	info	staff-logger	scenario/viewer.go:32	basic viewer scenario
2026-09-22T09:00:35.633Z	info	staff-logger	scenario/viewer.go:56	visit top
2026-09-22T09:00:35.814Z	info	staff-logger	scenario/viewer.go:32	basic viewer scenario
2026-09-22T09:00:35.814Z	info	staff-logger	scenario/viewer.go:56	visit top
2026-09-22T09:00:35.814Z	info	staff-logger	scenario/viewer.go:64	get livestream
2026-09-22T09:00:35.814Z	info	staff-logger	scenario/viewer.go:83	visit livestream
2026-09-22T09:00:35.911Z	info	staff-logger	scenario/viewer.go:64	get livestream
2026-09-22T09:00:35.911Z	info	staff-logger	scenario/viewer.go:76	visit user profile
2026-09-22T09:00:35.912Z	info	staff-logger	scenario/viewer.go:32	basic viewer scenario
2026-09-22T09:00:35.912Z	info	staff-logger	scenario/viewer.go:56	visit top
2026-09-22T09:00:35.912Z	info	staff-logger	scenario/viewer.go:64	get livestream
2026-09-22T09:00:35.912Z	info	staff-logger	scenario/viewer.go:83	visit livestream
2026-09-22T09:00:35.940Z	info	staff-logger	scenario/viewer.go:32	basic viewer scenario
2026-09-22T09:00:35.940Z	info	staff-logger	scenario/viewer.go:56	visit top
2026-09-22T09:00:35.940Z	info	staff-logger	scenario/viewer.go:64	get livestream
2026-09-22T09:00:35.940Z	info	staff-logger	scenario/viewer.go:83	visit livestream
2026-09-22T09:00:35.962Z	info	staff-logger	scenario/viewer.go:32	basic viewer scenario
2026-09-22T09:00:35.962Z	info	staff-logger	scenario/viewer.go:56	visit top
2026-09-22T09:00:35.962Z	info	staff-logger	scenario/viewer.go:64	get livestream
2026-09-22T09:00:35.962Z	info	staff-logger	scenario/viewer.go:83	visit livestream
2026-09-22T09:00:36.000Z	info	staff-logger	scenario/viewer.go:83	visit livestream
2026-09-22T09:00:36.064Z	info	staff-logger	scenario/viewer.go:32	basic viewer scenario
2026-09-22T09:00:36.064Z	info	staff-logger	scenario/viewer.go:56	visit top
2026-09-22T09:00:36.064Z	info	staff-logger	scenario/viewer.go:64	get livestream
2026-09-22T09:00:36.064Z	info	staff-logger	scenario/viewer.go:83	visit livestream
2026-09-22T09:00:36.066Z	info	staff-logger	scenario/viewer.go:90	get livestream stats
2026-09-22T09:00:36.087Z	info	staff-logger	scenario/viewer.go:32	basic viewer scenario
2026-09-22T09:00:36.087Z	info	staff-logger	scenario/viewer.go:56	visit top
2026-09-22T09:00:36.087Z	info	staff-logger	scenario/viewer.go:64	get livestream
2026-09-22T09:00:36.087Z	info	staff-logger	scenario/viewer.go:83	visit livestream
2026-09-22T09:00:36.138Z	info	staff-logger	scenario/viewer.go:32	basic viewer scenario
2026-09-22T09:00:36.139Z	info	staff-logger	scenario/viewer.go:56	visit top
2026-09-22T09:00:36.139Z	info	staff-logger	scenario/viewer.go:64	get livestream
2026-09-22T09:00:36.139Z	info	staff-logger	scenario/viewer.go:83	visit livestream
2026-09-22T09:00:36.247Z	info	staff-logger	scenario/viewer.go:32	basic viewer scenario
2026-09-22T09:00:36.247Z	info	staff-logger	scenario/viewer.go:56	visit top
2026-09-22T09:00:36.247Z	info	staff-logger	scenario/viewer.go:64	get livestream
2026-09-22T09:00:36.247Z	info	staff-logger	scenario/viewer.go:83	visit livestream
2026-09-22T09:00:36.405Z	info	staff-logger	scenario/streamer.go:48	change icon
2026-09-22T09:00:36.414Z	info	staff-logger	scenario/viewer.go:32	basic viewer scenario
2026-09-22T09:00:36.415Z	info	staff-logger	scenario/viewer.go:56	visit top
2026-09-22T09:00:36.415Z	info	staff-logger	scenario/viewer.go:64	get livestream
2026-09-22T09:00:36.415Z	info	staff-logger	scenario/viewer.go:83	visit livestream
2026-09-22T09:00:36.419Z	info	staff-logger	scenario/viewer.go:64	get livestream
2026-09-22T09:00:36.419Z	info	staff-logger	scenario/viewer.go:76	visit user profile
2026-09-22T09:00:36.471Z	info	staff-logger	scenario/viewer.go:32	basic viewer scenario
2026-09-22T09:00:36.472Z	info	staff-logger	scenario/viewer.go:56	visit top
2026-09-22T09:00:36.472Z	info	staff-logger	scenario/viewer.go:64	get livestream
2026-09-22T09:00:36.472Z	info	staff-logger	scenario/viewer.go:83	visit livestream
2026-09-22T09:00:36.480Z	info	staff-logger	scenario/viewer.go:32	basic viewer scenario
2026-09-22T09:00:36.480Z	info	staff-logger	scenario/viewer.go:56	visit top
2026-09-22T09:00:36.480Z	info	staff-logger	scenario/viewer.go:64	get livestream
2026-09-22T09:00:36.480Z	info	staff-logger	scenario/viewer.go:83	visit livestream
2026-09-22T09:00:36.487Z	info	staff-logger	scenario/viewer.go:32	basic viewer scenario
2026-09-22T09:00:36.487Z	info	staff-logger	scenario/viewer.go:56	visit top
2026-09-22T09:00:36.487Z	info	staff-logger	scenario/viewer.go:64	get livestream
2026-09-22T09:00:36.487Z	info	staff-logger	scenario/viewer.go:83	visit livestream
2026-09-22T09:00:36.502Z	info	staff-logger	scenario/streamer.go:48	change icon
2026-09-22T09:00:36.517Z	info	staff-logger	scenario/viewer.go:83	visit livestream
2026-09-22T09:00:36.556Z	info	staff-logger	scenario/streamer.go:48	change icon
2026-09-22T09:00:36.598Z	info	staff-logger	scenario/viewer.go:32	basic viewer scenario
2026-09-22T09:00:36.598Z	info	staff-logger	scenario/viewer.go:56	visit top
2026-09-22T09:00:36.598Z	info	staff-logger	scenario/viewer.go:64	get livestream
2026-09-22T09:00:36.598Z	info	staff-logger	scenario/viewer.go:83	visit livestream
2026-09-22T09:00:36.635Z	info	staff-logger	scenario/viewer.go:32	basic viewer scenario
2026-09-22T09:00:36.635Z	info	staff-logger	scenario/viewer.go:56	visit top
2026-09-22T09:00:36.635Z	info	staff-logger	scenario/viewer.go:64	get livestream
2026-09-22T09:00:36.635Z	info	staff-logger	scenario/viewer.go:83	visit livestream
2026-09-22T09:00:36.788Z	info	staff-logger	scenario/viewer.go:32	basic viewer scenario
2026-09-22T09:00:36.788Z	info	staff-logger	scenario/viewer.go:56	visit top
2026-09-22T09:00:36.788Z	info	staff-logger	scenario/viewer.go:64	get livestream
2026-09-22T09:00:36.788Z	info	staff-logger	scenario/viewer.go:83	visit livestream
2026-09-22T09:00:36.838Z	info	staff-logger	scenario/streamer.go:48	change icon
2026-09-22T09:00:36.877Z	warn	staff-logger	scenario/viewer.go:178	viewer_spam: failed to post livecomment (moderated spam): benchmark-application: [一般エラー] POST /api/livestream/7584/livecomment へのリクエストに対して、期待されたHTTPステータスコードが確認できませんでした (expected:400, actual:201)

2026-09-22T09:00:36.903Z	info	staff-logger	scenario/viewer.go:32	basic viewer scenario
2026-09-22T09:00:36.903Z	info	staff-logger	scenario/viewer.go:56	visit top
2026-09-22T09:00:36.903Z	info	staff-logger	scenario/viewer.go:64	get livestream
2026-09-22T09:00:36.903Z	info	staff-logger	scenario/viewer.go:83	visit livestream
2026-09-22T09:00:36.906Z	info	staff-logger	scenario/viewer.go:32	basic viewer scenario
2026-09-22T09:00:36.906Z	info	staff-logger	scenario/viewer.go:56	visit top
2026-09-22T09:00:36.906Z	info	staff-logger	scenario/viewer.go:64	get livestream
2026-09-22T09:00:36.906Z	info	staff-logger	scenario/viewer.go:83	visit livestream
2026-09-22T09:00:37.024Z	info	staff-logger	scenario/viewer.go:90	get livestream stats
2026-09-22T09:00:37.066Z	info	staff-logger	scenario/viewer.go:32	basic viewer scenario
2026-09-22T09:00:37.066Z	info	staff-logger	scenario/viewer.go:56	visit top
2026-09-22T09:00:37.066Z	info	staff-logger	scenario/viewer.go:64	get livestream
2026-09-22T09:00:37.066Z	info	staff-logger	scenario/viewer.go:83	visit livestream
2026-09-22T09:00:37.096Z	info	staff-logger	scenario/viewer.go:32	basic viewer scenario
2026-09-22T09:00:37.096Z	info	staff-logger	scenario/viewer.go:56	visit top
2026-09-22T09:00:37.096Z	info	staff-logger	scenario/viewer.go:64	get livestream
2026-09-22T09:00:37.097Z	info	staff-logger	scenario/viewer.go:83	visit livestream
2026-09-22T09:00:37.130Z	info	staff-logger	scenario/viewer.go:32	basic viewer scenario
2026-09-22T09:00:37.130Z	info	staff-logger	scenario/viewer.go:56	visit top
2026-09-22T09:00:37.130Z	info	staff-logger	scenario/viewer.go:64	get livestream
2026-09-22T09:00:37.130Z	info	staff-logger	scenario/viewer.go:83	visit livestream
2026-09-22T09:00:37.143Z	info	staff-logger	scenario/viewer.go:32	basic viewer scenario
2026-09-22T09:00:37.143Z	info	staff-logger	scenario/viewer.go:56	visit top
2026-09-22T09:00:37.143Z	info	staff-logger	scenario/viewer.go:64	get livestream
2026-09-22T09:00:37.143Z	info	staff-logger	scenario/viewer.go:83	visit livestream
2026-09-22T09:00:37.154Z	info	staff-logger	scenario/viewer.go:32	basic viewer scenario
2026-09-22T09:00:37.154Z	info	staff-logger	scenario/viewer.go:56	visit top
2026-09-22T09:00:37.154Z	info	staff-logger	scenario/viewer.go:64	get livestream
2026-09-22T09:00:37.154Z	info	staff-logger	scenario/viewer.go:83	visit livestream
2026-09-22T09:00:37.190Z	info	staff-logger	scenario/viewer.go:32	basic viewer scenario
2026-09-22T09:00:37.190Z	info	staff-logger	scenario/viewer.go:56	visit top
2026-09-22T09:00:37.190Z	info	staff-logger	scenario/viewer.go:64	get livestream
2026-09-22T09:00:37.190Z	info	staff-logger	scenario/viewer.go:83	visit livestream
2026-09-22T09:00:37.203Z	warn	staff-logger	scenario/viewer.go:178	viewer_spam: failed to post livecomment (moderated spam): benchmark-application: [一般エラー] POST /api/livestream/7654/livecomment へのリクエストに対して、期待されたHTTPステータスコードが確認できませんでした (expected:400, actual:201)

2026-09-22T09:00:37.250Z	info	staff-logger	scenario/viewer.go:32	basic viewer scenario
2026-09-22T09:00:37.250Z	info	staff-logger	scenario/viewer.go:56	visit top
2026-09-22T09:00:37.250Z	info	staff-logger	scenario/viewer.go:64	get livestream
2026-09-22T09:00:37.250Z	info	staff-logger	scenario/viewer.go:83	visit livestream
2026-09-22T09:00:37.344Z	warn	staff-logger	scenario/viewer.go:178	viewer_spam: failed to post livecomment (moderated spam): benchmark-application: [一般エラー] POST /api/livestream/7656/livecomment へのリクエストに対して、期待されたHTTPステータスコードが確認できませんでした (expected:400, actual:201)

2026-09-22T09:00:37.371Z	info	staff-logger	scenario/viewer.go:32	basic viewer scenario
2026-09-22T09:00:37.371Z	info	staff-logger	scenario/viewer.go:56	visit top
2026-09-22T09:00:37.371Z	info	staff-logger	scenario/viewer.go:64	get livestream
2026-09-22T09:00:37.371Z	info	staff-logger	scenario/viewer.go:83	visit livestream
2026-09-22T09:00:37.411Z	info	staff-logger	scenario/viewer.go:32	basic viewer scenario
2026-09-22T09:00:37.411Z	info	staff-logger	scenario/viewer.go:56	visit top
2026-09-22T09:00:37.411Z	info	staff-logger	scenario/viewer.go:64	get livestream
2026-09-22T09:00:37.411Z	info	staff-logger	scenario/viewer.go:83	visit livestream
2026-09-22T09:00:37.485Z	info	staff-logger	scenario/viewer.go:32	basic viewer scenario
2026-09-22T09:00:37.485Z	info	staff-logger	scenario/viewer.go:56	visit top
2026-09-22T09:00:37.485Z	info	staff-logger	scenario/viewer.go:64	get livestream
2026-09-22T09:00:37.485Z	info	staff-logger	scenario/viewer.go:83	visit livestream
2026-09-22T09:00:37.511Z	info	staff-logger	scenario/viewer.go:32	basic viewer scenario
2026-09-22T09:00:37.511Z	info	staff-logger	scenario/viewer.go:56	visit top
2026-09-22T09:00:37.511Z	info	staff-logger	scenario/viewer.go:64	get livestream
2026-09-22T09:00:37.511Z	info	staff-logger	scenario/viewer.go:83	visit livestream
2026-09-22T09:00:37.544Z	info	staff-logger	scenario/viewer.go:32	basic viewer scenario
2026-09-22T09:00:37.544Z	info	staff-logger	scenario/viewer.go:56	visit top
2026-09-22T09:00:37.544Z	info	staff-logger	scenario/viewer.go:64	get livestream
2026-09-22T09:00:37.544Z	info	staff-logger	scenario/viewer.go:83	visit livestream
2026-09-22T09:00:37.612Z	info	staff-logger	scenario/viewer.go:32	basic viewer scenario
2026-09-22T09:00:37.612Z	info	staff-logger	scenario/viewer.go:56	visit top
2026-09-22T09:00:37.612Z	info	staff-logger	scenario/viewer.go:64	get livestream
2026-09-22T09:00:37.612Z	info	staff-logger	scenario/viewer.go:83	visit livestream
2026-09-22T09:00:37.715Z	info	staff-logger	scenario/viewer.go:32	basic viewer scenario
2026-09-22T09:00:37.715Z	info	staff-logger	scenario/viewer.go:56	visit top
2026-09-22T09:00:37.715Z	info	staff-logger	scenario/viewer.go:64	get livestream
2026-09-22T09:00:37.715Z	info	staff-logger	scenario/viewer.go:83	visit livestream
2026-09-22T09:00:37.749Z	info	staff-logger	scenario/viewer.go:32	basic viewer scenario
2026-09-22T09:00:37.749Z	info	staff-logger	scenario/viewer.go:56	visit top
2026-09-22T09:00:37.749Z	info	staff-logger	scenario/viewer.go:64	get livestream
2026-09-22T09:00:37.749Z	info	staff-logger	scenario/viewer.go:83	visit livestream
2026-09-22T09:00:37.809Z	info	staff-logger	scenario/viewer.go:32	basic viewer scenario
2026-09-22T09:00:37.809Z	info	staff-logger	scenario/viewer.go:56	visit top
2026-09-22T09:00:37.809Z	info	staff-logger	scenario/viewer.go:64	get livestream
2026-09-22T09:00:37.809Z	info	staff-logger	scenario/viewer.go:83	visit livestream
2026-09-22T09:00:37.879Z	info	staff-logger	scenario/viewer.go:32	basic viewer scenario
2026-09-22T09:00:37.879Z	info	staff-logger	scenario/viewer.go:56	visit top
2026-09-22T09:00:37.879Z	info	staff-logger	scenario/viewer.go:64	get livestream
2026-09-22T09:00:37.879Z	info	staff-logger	scenario/viewer.go:83	visit livestream
2026-09-22T09:00:37.931Z	info	staff-logger	scenario/viewer.go:32	basic viewer scenario
2026-09-22T09:00:37.931Z	info	staff-logger	scenario/viewer.go:56	visit top
2026-09-22T09:00:37.931Z	info	staff-logger	scenario/viewer.go:64	get livestream
2026-09-22T09:00:37.931Z	info	staff-logger	scenario/viewer.go:83	visit livestream
2026-09-22T09:00:37.986Z	info	staff-logger	scenario/viewer.go:90	get livestream stats
2026-09-22T09:00:38.035Z	info	staff-logger	scenario/viewer.go:32	basic viewer scenario
2026-09-22T09:00:38.035Z	info	staff-logger	scenario/viewer.go:56	visit top
2026-09-22T09:00:38.035Z	info	staff-logger	scenario/viewer.go:64	get livestream
2026-09-22T09:00:38.035Z	info	staff-logger	scenario/viewer.go:83	visit livestream
2026-09-22T09:00:38.204Z	info	staff-logger	scenario/viewer.go:32	basic viewer scenario
2026-09-22T09:00:38.205Z	info	staff-logger	scenario/viewer.go:56	visit top
2026-09-22T09:00:38.245Z	info	staff-logger	scenario/streamer.go:48	change icon
2026-09-22T09:00:38.264Z	info	staff-logger	scenario/viewer.go:32	basic viewer scenario
2026-09-22T09:00:38.264Z	info	staff-logger	scenario/viewer.go:56	visit top
2026-09-22T09:00:38.264Z	info	staff-logger	scenario/viewer.go:64	get livestream
2026-09-22T09:00:38.264Z	info	staff-logger	scenario/viewer.go:83	visit livestream
2026-09-22T09:00:38.291Z	info	staff-logger	scenario/viewer.go:32	basic viewer scenario
2026-09-22T09:00:38.291Z	info	staff-logger	scenario/viewer.go:56	visit top
2026-09-22T09:00:38.291Z	info	staff-logger	scenario/viewer.go:64	get livestream
2026-09-22T09:00:38.291Z	info	staff-logger	scenario/viewer.go:83	visit livestream
2026-09-22T09:00:38.366Z	info	staff-logger	scenario/viewer.go:32	basic viewer scenario
2026-09-22T09:00:38.366Z	info	staff-logger	scenario/viewer.go:56	visit top
2026-09-22T09:00:38.366Z	info	staff-logger	scenario/viewer.go:64	get livestream
2026-09-22T09:00:38.366Z	info	staff-logger	scenario/viewer.go:83	visit livestream
2026-09-22T09:00:38.456Z	info	staff-logger	scenario/viewer.go:32	basic viewer scenario
2026-09-22T09:00:38.457Z	info	staff-logger	scenario/viewer.go:56	visit top
2026-09-22T09:00:38.457Z	info	staff-logger	scenario/viewer.go:64	get livestream
2026-09-22T09:00:38.457Z	info	staff-logger	scenario/viewer.go:83	visit livestream
2026-09-22T09:00:38.490Z	info	staff-logger	scenario/viewer.go:32	basic viewer scenario
2026-09-22T09:00:38.490Z	info	staff-logger	scenario/viewer.go:56	visit top
2026-09-22T09:00:38.490Z	info	staff-logger	scenario/viewer.go:64	get livestream
2026-09-22T09:00:38.490Z	info	staff-logger	scenario/viewer.go:83	visit livestream
2026-09-22T09:00:38.580Z	info	staff-logger	scenario/viewer.go:90	get livestream stats
2026-09-22T09:00:38.647Z	info	staff-logger	scenario/viewer.go:32	basic viewer scenario
2026-09-22T09:00:38.647Z	info	staff-logger	scenario/viewer.go:56	visit top
2026-09-22T09:00:38.647Z	info	staff-logger	scenario/viewer.go:64	get livestream
2026-09-22T09:00:38.647Z	info	staff-logger	scenario/viewer.go:83	visit livestream
2026-09-22T09:00:38.664Z	info	staff-logger	scenario/viewer.go:64	get livestream
2026-09-22T09:00:38.664Z	info	staff-logger	scenario/viewer.go:76	visit user profile
2026-09-22T09:00:38.694Z	info	staff-logger	scenario/viewer.go:32	basic viewer scenario
2026-09-22T09:00:38.694Z	info	staff-logger	scenario/viewer.go:56	visit top
2026-09-22T09:00:38.694Z	info	staff-logger	scenario/viewer.go:64	get livestream
2026-09-22T09:00:38.694Z	info	staff-logger	scenario/viewer.go:83	visit livestream
2026-09-22T09:00:38.699Z	info	staff-logger	scenario/viewer.go:32	basic viewer scenario
2026-09-22T09:00:38.699Z	info	staff-logger	scenario/viewer.go:56	visit top
2026-09-22T09:00:38.699Z	info	staff-logger	scenario/viewer.go:64	get livestream
2026-09-22T09:00:38.699Z	info	staff-logger	scenario/viewer.go:83	visit livestream
2026-09-22T09:00:38.759Z	info	staff-logger	scenario/viewer.go:83	visit livestream
2026-09-22T09:00:38.805Z	info	staff-logger	scenario/viewer.go:32	basic viewer scenario
2026-09-22T09:00:38.805Z	info	staff-logger	scenario/viewer.go:56	visit top
2026-09-22T09:00:38.806Z	info	staff-logger	scenario/viewer.go:64	get livestream
2026-09-22T09:00:38.806Z	info	staff-logger	scenario/viewer.go:83	visit livestream
2026-09-22T09:00:38.836Z	info	staff-logger	scenario/viewer.go:32	basic viewer scenario
2026-09-22T09:00:38.836Z	info	staff-logger	scenario/viewer.go:56	visit top
2026-09-22T09:00:38.836Z	info	staff-logger	scenario/viewer.go:64	get livestream
2026-09-22T09:00:38.836Z	info	staff-logger	scenario/viewer.go:83	visit livestream
2026-09-22T09:00:38.846Z	info	staff-logger	scenario/viewer.go:32	basic viewer scenario
2026-09-22T09:00:38.846Z	info	staff-logger	scenario/viewer.go:56	visit top
2026-09-22T09:00:38.846Z	info	staff-logger	scenario/viewer.go:64	get livestream
2026-09-22T09:00:38.847Z	info	staff-logger	scenario/viewer.go:83	visit livestream
2026-09-22T09:00:39.103Z	info	staff-logger	scenario/viewer.go:32	basic viewer scenario
2026-09-22T09:00:39.103Z	info	staff-logger	scenario/viewer.go:56	visit top
2026-09-22T09:00:39.104Z	info	staff-logger	scenario/viewer.go:64	get livestream
2026-09-22T09:00:39.104Z	info	staff-logger	scenario/viewer.go:83	visit livestream
2026-09-22T09:00:39.199Z	info	staff-logger	scenario/viewer.go:32	basic viewer scenario
2026-09-22T09:00:39.199Z	info	staff-logger	scenario/viewer.go:56	visit top
2026-09-22T09:00:39.199Z	info	staff-logger	scenario/viewer.go:64	get livestream
2026-09-22T09:00:39.199Z	info	staff-logger	scenario/viewer.go:83	visit livestream
2026-09-22T09:00:39.341Z	info	staff-logger	scenario/viewer.go:32	basic viewer scenario
2026-09-22T09:00:39.341Z	info	staff-logger	scenario/viewer.go:56	visit top
2026-09-22T09:00:39.341Z	info	staff-logger	scenario/viewer.go:64	get livestream
2026-09-22T09:00:39.341Z	info	staff-logger	scenario/viewer.go:83	visit livestream
2026-09-22T09:00:39.580Z	info	staff-logger	scenario/viewer.go:32	basic viewer scenario
2026-09-22T09:00:39.580Z	info	staff-logger	scenario/viewer.go:56	visit top
2026-09-22T09:00:39.805Z	info	staff-logger	scenario/viewer.go:32	basic viewer scenario
2026-09-22T09:00:39.805Z	info	staff-logger	scenario/viewer.go:56	visit top
2026-09-22T09:00:39.805Z	info	staff-logger	scenario/viewer.go:64	get livestream
2026-09-22T09:00:39.805Z	info	staff-logger	scenario/viewer.go:83	visit livestream
2026-09-22T09:00:39.807Z	info	staff-logger	scenario/viewer.go:32	basic viewer scenario
2026-09-22T09:00:39.807Z	info	staff-logger	scenario/viewer.go:56	visit top
2026-09-22T09:00:39.807Z	info	staff-logger	scenario/viewer.go:64	get livestream
2026-09-22T09:00:39.807Z	info	staff-logger	scenario/viewer.go:83	visit livestream
2026-09-22T09:00:39.825Z	info	staff-logger	scenario/viewer.go:32	basic viewer scenario
2026-09-22T09:00:39.825Z	info	staff-logger	scenario/viewer.go:56	visit top
2026-09-22T09:00:39.825Z	info	staff-logger	scenario/viewer.go:64	get livestream
2026-09-22T09:00:39.825Z	info	staff-logger	scenario/viewer.go:83	visit livestream
2026-09-22T09:00:39.826Z	info	staff-logger	scenario/viewer.go:32	basic viewer scenario
2026-09-22T09:00:39.826Z	info	staff-logger	scenario/viewer.go:56	visit top
2026-09-22T09:00:39.826Z	info	staff-logger	scenario/viewer.go:64	get livestream
2026-09-22T09:00:39.826Z	info	staff-logger	scenario/viewer.go:83	visit livestream
2026-09-22T09:00:39.845Z	info	staff-logger	scenario/viewer.go:32	basic viewer scenario
2026-09-22T09:00:39.845Z	info	staff-logger	scenario/viewer.go:56	visit top
2026-09-22T09:00:39.845Z	info	staff-logger	scenario/viewer.go:64	get livestream
2026-09-22T09:00:39.845Z	info	staff-logger	scenario/viewer.go:83	visit livestream
2026-09-22T09:00:39.876Z	info	staff-logger	scenario/viewer.go:32	basic viewer scenario
2026-09-22T09:00:39.876Z	info	staff-logger	scenario/viewer.go:56	visit top
2026-09-22T09:00:39.876Z	info	staff-logger	scenario/viewer.go:64	get livestream
2026-09-22T09:00:39.876Z	info	staff-logger	scenario/viewer.go:83	visit livestream
2026-09-22T09:00:39.950Z	info	staff-logger	scenario/streamer.go:48	change icon
2026-09-22T09:00:40.036Z	info	staff-logger	scenario/viewer.go:32	basic viewer scenario
2026-09-22T09:00:40.036Z	info	staff-logger	scenario/viewer.go:56	visit top
2026-09-22T09:00:40.036Z	info	staff-logger	scenario/viewer.go:64	get livestream
2026-09-22T09:00:40.036Z	info	staff-logger	scenario/viewer.go:83	visit livestream
2026-09-22T09:00:40.080Z	info	staff-logger	scenario/viewer.go:32	basic viewer scenario
2026-09-22T09:00:40.080Z	info	staff-logger	scenario/viewer.go:56	visit top
2026-09-22T09:00:40.081Z	info	staff-logger	scenario/viewer.go:32	basic viewer scenario
2026-09-22T09:00:40.081Z	info	staff-logger	scenario/viewer.go:56	visit top
2026-09-22T09:00:40.081Z	info	staff-logger	scenario/viewer.go:64	get livestream
2026-09-22T09:00:40.081Z	info	staff-logger	scenario/viewer.go:83	visit livestream
2026-09-22T09:00:40.116Z	info	staff-logger	scenario/viewer.go:64	get livestream
2026-09-22T09:00:40.116Z	info	staff-logger	scenario/viewer.go:76	visit user profile
2026-09-22T09:00:40.117Z	info	staff-logger	scenario/viewer.go:32	basic viewer scenario
2026-09-22T09:00:40.117Z	info	staff-logger	scenario/viewer.go:56	visit top
2026-09-22T09:00:40.117Z	info	staff-logger	scenario/viewer.go:64	get livestream
2026-09-22T09:00:40.117Z	info	staff-logger	scenario/viewer.go:83	visit livestream
2026-09-22T09:00:40.202Z	info	staff-logger	scenario/viewer.go:83	visit livestream
2026-09-22T09:00:40.320Z	info	staff-logger	scenario/viewer.go:32	basic viewer scenario
2026-09-22T09:00:40.320Z	info	staff-logger	scenario/viewer.go:56	visit top
2026-09-22T09:00:40.320Z	info	staff-logger	scenario/viewer.go:64	get livestream
2026-09-22T09:00:40.320Z	info	staff-logger	scenario/viewer.go:83	visit livestream
2026-09-22T09:00:40.343Z	info	staff-logger	scenario/viewer.go:32	basic viewer scenario
2026-09-22T09:00:40.343Z	info	staff-logger	scenario/viewer.go:56	visit top
2026-09-22T09:00:40.343Z	info	staff-logger	scenario/viewer.go:64	get livestream
2026-09-22T09:00:40.343Z	info	staff-logger	scenario/viewer.go:83	visit livestream
2026-09-22T09:00:40.417Z	info	staff-logger	scenario/viewer.go:32	basic viewer scenario
2026-09-22T09:00:40.417Z	info	staff-logger	scenario/viewer.go:56	visit top
2026-09-22T09:00:40.417Z	info	staff-logger	scenario/viewer.go:64	get livestream
2026-09-22T09:00:40.417Z	info	staff-logger	scenario/viewer.go:83	visit livestream
2026-09-22T09:00:40.422Z	info	staff-logger	scenario/viewer.go:32	basic viewer scenario
2026-09-22T09:00:40.422Z	info	staff-logger	scenario/viewer.go:56	visit top
2026-09-22T09:00:40.422Z	info	staff-logger	scenario/viewer.go:64	get livestream
2026-09-22T09:00:40.422Z	info	staff-logger	scenario/viewer.go:83	visit livestream
2026-09-22T09:00:40.554Z	info	staff-logger	scenario/viewer.go:32	basic viewer scenario
2026-09-22T09:00:40.554Z	info	staff-logger	scenario/viewer.go:56	visit top
2026-09-22T09:00:40.554Z	info	staff-logger	scenario/viewer.go:64	get livestream
2026-09-22T09:00:40.554Z	info	staff-logger	scenario/viewer.go:83	visit livestream
2026-09-22T09:00:40.708Z	info	staff-logger	scenario/viewer.go:64	get livestream
2026-09-22T09:00:40.708Z	info	staff-logger	scenario/viewer.go:76	visit user profile
2026-09-22T09:00:40.759Z	info	staff-logger	scenario/viewer.go:32	basic viewer scenario
2026-09-22T09:00:40.759Z	info	staff-logger	scenario/viewer.go:56	visit top
2026-09-22T09:00:40.759Z	info	staff-logger	scenario/viewer.go:64	get livestream
2026-09-22T09:00:40.759Z	info	staff-logger	scenario/viewer.go:83	visit livestream
2026-09-22T09:00:40.792Z	info	staff-logger	scenario/viewer.go:83	visit livestream
2026-09-22T09:00:40.849Z	info	staff-logger	scenario/viewer.go:32	basic viewer scenario
2026-09-22T09:00:40.849Z	info	staff-logger	scenario/viewer.go:56	visit top
2026-09-22T09:00:40.849Z	info	staff-logger	scenario/viewer.go:64	get livestream
2026-09-22T09:00:40.849Z	info	staff-logger	scenario/viewer.go:83	visit livestream
2026-09-22T09:00:40.854Z	info	staff-logger	scenario/viewer.go:32	basic viewer scenario
2026-09-22T09:00:40.855Z	info	staff-logger	scenario/viewer.go:56	visit top
2026-09-22T09:00:40.855Z	info	staff-logger	scenario/viewer.go:64	get livestream
2026-09-22T09:00:40.855Z	info	staff-logger	scenario/viewer.go:83	visit livestream
2026-09-22T09:00:40.948Z	info	staff-logger	scenario/viewer.go:32	basic viewer scenario
2026-09-22T09:00:40.948Z	info	staff-logger	scenario/viewer.go:56	visit top
2026-09-22T09:00:40.948Z	info	staff-logger	scenario/viewer.go:64	get livestream
2026-09-22T09:00:40.948Z	info	staff-logger	scenario/viewer.go:83	visit livestream
2026-09-22T09:00:41.041Z	info	staff-logger	scenario/viewer.go:32	basic viewer scenario
2026-09-22T09:00:41.041Z	info	staff-logger	scenario/viewer.go:56	visit top
2026-09-22T09:00:41.041Z	info	staff-logger	scenario/viewer.go:64	get livestream
2026-09-22T09:00:41.041Z	info	staff-logger	scenario/viewer.go:83	visit livestream
2026-09-22T09:00:41.073Z	info	staff-logger	scenario/viewer.go:32	basic viewer scenario
2026-09-22T09:00:41.073Z	info	staff-logger	scenario/viewer.go:56	visit top
2026-09-22T09:00:41.073Z	info	staff-logger	scenario/viewer.go:64	get livestream
2026-09-22T09:00:41.073Z	info	staff-logger	scenario/viewer.go:83	visit livestream
2026-09-22T09:00:41.094Z	info	staff-logger	scenario/viewer.go:32	basic viewer scenario
2026-09-22T09:00:41.095Z	info	staff-logger	scenario/viewer.go:56	visit top
2026-09-22T09:00:41.095Z	info	staff-logger	scenario/viewer.go:64	get livestream
2026-09-22T09:00:41.095Z	info	staff-logger	scenario/viewer.go:83	visit livestream
2026-09-22T09:00:41.143Z	info	staff-logger	scenario/viewer.go:32	basic viewer scenario
2026-09-22T09:00:41.143Z	info	staff-logger	scenario/viewer.go:56	visit top
2026-09-22T09:00:41.143Z	info	staff-logger	scenario/viewer.go:64	get livestream
2026-09-22T09:00:41.143Z	info	staff-logger	scenario/viewer.go:83	visit livestream
2026-09-22T09:00:41.227Z	info	staff-logger	scenario/viewer.go:32	basic viewer scenario
2026-09-22T09:00:41.227Z	info	staff-logger	scenario/viewer.go:56	visit top
2026-09-22T09:00:41.227Z	info	staff-logger	scenario/viewer.go:64	get livestream
2026-09-22T09:00:41.227Z	info	staff-logger	scenario/viewer.go:83	visit livestream
2026-09-22T09:00:41.299Z	info	staff-logger	scenario/viewer.go:32	basic viewer scenario
2026-09-22T09:00:41.299Z	info	staff-logger	scenario/viewer.go:56	visit top
2026-09-22T09:00:41.299Z	info	staff-logger	scenario/viewer.go:64	get livestream
2026-09-22T09:00:41.299Z	info	staff-logger	scenario/viewer.go:83	visit livestream
2026-09-22T09:00:41.542Z	info	staff-logger	scenario/viewer.go:32	basic viewer scenario
2026-09-22T09:00:41.543Z	info	staff-logger	scenario/viewer.go:56	visit top
2026-09-22T09:00:41.543Z	info	staff-logger	scenario/viewer.go:64	get livestream
2026-09-22T09:00:41.543Z	info	staff-logger	scenario/viewer.go:83	visit livestream
2026-09-22T09:00:41.606Z	warn	staff-logger	scenario/viewer.go:178	viewer_spam: failed to post livecomment (moderated spam): benchmark-application: [一般エラー] POST /api/livestream/7756/livecomment へのリクエストに対して、期待されたHTTPステータスコードが確認できませんでした (expected:400, actual:201)

2026-09-22T09:00:41.787Z	info	staff-logger	scenario/viewer.go:32	basic viewer scenario
2026-09-22T09:00:41.787Z	info	staff-logger	scenario/viewer.go:56	visit top
2026-09-22T09:00:41.787Z	info	staff-logger	scenario/viewer.go:64	get livestream
2026-09-22T09:00:41.787Z	info	staff-logger	scenario/viewer.go:83	visit livestream
2026-09-22T09:00:41.837Z	info	staff-logger	scenario/viewer.go:32	basic viewer scenario
2026-09-22T09:00:41.837Z	info	staff-logger	scenario/viewer.go:56	visit top
2026-09-22T09:00:41.841Z	info	staff-logger	scenario/viewer.go:32	basic viewer scenario
2026-09-22T09:00:41.841Z	info	staff-logger	scenario/viewer.go:56	visit top
2026-09-22T09:00:41.841Z	info	staff-logger	scenario/viewer.go:64	get livestream
2026-09-22T09:00:41.841Z	info	staff-logger	scenario/viewer.go:83	visit livestream
2026-09-22T09:00:42.083Z	info	staff-logger	scenario/viewer.go:32	basic viewer scenario
2026-09-22T09:00:42.083Z	info	staff-logger	scenario/viewer.go:56	visit top
2026-09-22T09:00:42.083Z	info	staff-logger	scenario/viewer.go:64	get livestream
2026-09-22T09:00:42.083Z	info	staff-logger	scenario/viewer.go:83	visit livestream
2026-09-22T09:00:42.093Z	info	staff-logger	scenario/viewer.go:32	basic viewer scenario
2026-09-22T09:00:42.093Z	info	staff-logger	scenario/viewer.go:56	visit top
2026-09-22T09:00:42.093Z	info	staff-logger	scenario/viewer.go:64	get livestream
2026-09-22T09:00:42.093Z	info	staff-logger	scenario/viewer.go:83	visit livestream
2026-09-22T09:00:42.136Z	info	staff-logger	scenario/viewer.go:32	basic viewer scenario
2026-09-22T09:00:42.136Z	info	staff-logger	scenario/viewer.go:56	visit top
2026-09-22T09:00:42.136Z	info	staff-logger	scenario/viewer.go:64	get livestream
2026-09-22T09:00:42.136Z	info	staff-logger	scenario/viewer.go:83	visit livestream
2026-09-22T09:00:42.149Z	info	staff-logger	scenario/streamer.go:48	change icon
2026-09-22T09:00:42.196Z	info	staff-logger	scenario/viewer.go:32	basic viewer scenario
2026-09-22T09:00:42.196Z	info	staff-logger	scenario/viewer.go:56	visit top
2026-09-22T09:00:42.196Z	info	staff-logger	scenario/viewer.go:64	get livestream
2026-09-22T09:00:42.196Z	info	staff-logger	scenario/viewer.go:83	visit livestream
2026-09-22T09:00:42.250Z	info	staff-logger	scenario/viewer.go:90	get livestream stats
2026-09-22T09:00:42.360Z	info	staff-logger	scenario/viewer.go:64	get livestream
2026-09-22T09:00:42.360Z	info	staff-logger	scenario/viewer.go:76	visit user profile
2026-09-22T09:00:42.453Z	info	staff-logger	scenario/viewer.go:83	visit livestream
2026-09-22T09:00:42.455Z	info	staff-logger	scenario/viewer.go:32	basic viewer scenario
2026-09-22T09:00:42.455Z	info	staff-logger	scenario/viewer.go:56	visit top
2026-09-22T09:00:42.455Z	info	staff-logger	scenario/viewer.go:64	get livestream
2026-09-22T09:00:42.455Z	info	staff-logger	scenario/viewer.go:83	visit livestream
2026-09-22T09:00:42.458Z	info	staff-logger	scenario/viewer.go:32	basic viewer scenario
2026-09-22T09:00:42.458Z	info	staff-logger	scenario/viewer.go:56	visit top
2026-09-22T09:00:42.458Z	info	staff-logger	scenario/viewer.go:64	get livestream
2026-09-22T09:00:42.458Z	info	staff-logger	scenario/viewer.go:83	visit livestream
2026-09-22T09:00:42.664Z	info	staff-logger	scenario/viewer.go:32	basic viewer scenario
2026-09-22T09:00:42.664Z	info	staff-logger	scenario/viewer.go:56	visit top
2026-09-22T09:00:42.664Z	info	staff-logger	scenario/viewer.go:64	get livestream
2026-09-22T09:00:42.664Z	info	staff-logger	scenario/viewer.go:83	visit livestream
2026-09-22T09:00:42.798Z	info	staff-logger	scenario/viewer.go:32	basic viewer scenario
2026-09-22T09:00:42.798Z	info	staff-logger	scenario/viewer.go:46	change icon
2026-09-22T09:00:42.809Z	info	staff-logger	scenario/viewer.go:56	visit top
2026-09-22T09:00:42.838Z	info	staff-logger	scenario/viewer.go:32	basic viewer scenario
2026-09-22T09:00:42.838Z	info	staff-logger	scenario/viewer.go:56	visit top
2026-09-22T09:00:42.838Z	info	staff-logger	scenario/viewer.go:64	get livestream
2026-09-22T09:00:42.838Z	info	staff-logger	scenario/viewer.go:83	visit livestream
2026-09-22T09:00:42.879Z	info	staff-logger	scenario/viewer.go:32	basic viewer scenario
2026-09-22T09:00:42.879Z	info	staff-logger	scenario/viewer.go:56	visit top
2026-09-22T09:00:42.879Z	info	staff-logger	scenario/viewer.go:64	get livestream
2026-09-22T09:00:42.879Z	info	staff-logger	scenario/viewer.go:83	visit livestream
2026-09-22T09:00:42.909Z	info	staff-logger	scenario/viewer.go:32	basic viewer scenario
2026-09-22T09:00:42.909Z	info	staff-logger	scenario/viewer.go:56	visit top
2026-09-22T09:00:42.909Z	info	staff-logger	scenario/viewer.go:64	get livestream
2026-09-22T09:00:42.909Z	info	staff-logger	scenario/viewer.go:83	visit livestream
2026-09-22T09:00:42.926Z	info	staff-logger	scenario/viewer.go:32	basic viewer scenario
2026-09-22T09:00:42.926Z	info	staff-logger	scenario/viewer.go:56	visit top
2026-09-22T09:00:43.032Z	info	staff-logger	scenario/viewer.go:32	basic viewer scenario
2026-09-22T09:00:43.032Z	info	staff-logger	scenario/viewer.go:56	visit top
2026-09-22T09:00:43.032Z	info	staff-logger	scenario/viewer.go:64	get livestream
2026-09-22T09:00:43.032Z	info	staff-logger	scenario/viewer.go:83	visit livestream
2026-09-22T09:00:43.206Z	info	staff-logger	scenario/viewer.go:32	basic viewer scenario
2026-09-22T09:00:43.206Z	info	staff-logger	scenario/viewer.go:56	visit top
2026-09-22T09:00:43.222Z	info	staff-logger	scenario/viewer.go:32	basic viewer scenario
2026-09-22T09:00:43.222Z	info	staff-logger	scenario/viewer.go:56	visit top
2026-09-22T09:00:43.222Z	info	staff-logger	scenario/viewer.go:64	get livestream
2026-09-22T09:00:43.222Z	info	staff-logger	scenario/viewer.go:83	visit livestream
2026-09-22T09:00:43.428Z	info	staff-logger	scenario/viewer.go:64	get livestream
2026-09-22T09:00:43.428Z	info	staff-logger	scenario/viewer.go:76	visit user profile
2026-09-22T09:00:43.438Z	info	staff-logger	scenario/viewer.go:64	get livestream
2026-09-22T09:00:43.438Z	info	staff-logger	scenario/viewer.go:76	visit user profile
2026-09-22T09:00:43.442Z	info	staff-logger	scenario/viewer.go:32	basic viewer scenario
2026-09-22T09:00:43.443Z	info	staff-logger	scenario/viewer.go:56	visit top
2026-09-22T09:00:43.443Z	info	staff-logger	scenario/viewer.go:64	get livestream
2026-09-22T09:00:43.443Z	info	staff-logger	scenario/viewer.go:83	visit livestream
2026-09-22T09:00:43.526Z	info	staff-logger	scenario/viewer.go:32	basic viewer scenario
2026-09-22T09:00:43.526Z	info	staff-logger	scenario/viewer.go:56	visit top
2026-09-22T09:00:43.526Z	info	staff-logger	scenario/viewer.go:64	get livestream
2026-09-22T09:00:43.526Z	info	staff-logger	scenario/viewer.go:83	visit livestream
2026-09-22T09:00:43.568Z	info	staff-logger	scenario/viewer.go:83	visit livestream
2026-09-22T09:00:43.568Z	info	staff-logger	scenario/viewer.go:83	visit livestream
2026-09-22T09:00:43.721Z	info	staff-logger	scenario/viewer.go:32	basic viewer scenario
2026-09-22T09:00:43.721Z	info	staff-logger	scenario/viewer.go:56	visit top
2026-09-22T09:00:43.721Z	info	staff-logger	scenario/viewer.go:64	get livestream
2026-09-22T09:00:43.721Z	info	staff-logger	scenario/viewer.go:83	visit livestream
2026-09-22T09:00:43.759Z	info	staff-logger	scenario/viewer.go:32	basic viewer scenario
2026-09-22T09:00:43.760Z	info	staff-logger	scenario/viewer.go:56	visit top
2026-09-22T09:00:43.760Z	info	staff-logger	scenario/viewer.go:64	get livestream
2026-09-22T09:00:43.760Z	info	staff-logger	scenario/viewer.go:83	visit livestream
2026-09-22T09:00:43.804Z	info	staff-logger	scenario/viewer.go:32	basic viewer scenario
2026-09-22T09:00:43.805Z	info	staff-logger	scenario/viewer.go:56	visit top
2026-09-22T09:00:43.805Z	info	staff-logger	scenario/viewer.go:64	get livestream
2026-09-22T09:00:43.805Z	info	staff-logger	scenario/viewer.go:83	visit livestream
2026-09-22T09:00:43.875Z	info	staff-logger	scenario/viewer.go:32	basic viewer scenario
2026-09-22T09:00:43.875Z	info	staff-logger	scenario/viewer.go:56	visit top
2026-09-22T09:00:43.876Z	info	staff-logger	scenario/viewer.go:64	get livestream
2026-09-22T09:00:43.876Z	info	staff-logger	scenario/viewer.go:83	visit livestream
2026-09-22T09:00:43.877Z	info	staff-logger	scenario/viewer.go:32	basic viewer scenario
2026-09-22T09:00:43.877Z	info	staff-logger	scenario/viewer.go:56	visit top
2026-09-22T09:00:43.877Z	info	staff-logger	scenario/viewer.go:64	get livestream
2026-09-22T09:00:43.877Z	info	staff-logger	scenario/viewer.go:83	visit livestream
2026-09-22T09:00:43.927Z	info	staff-logger	scenario/viewer.go:64	get livestream
2026-09-22T09:00:43.927Z	info	staff-logger	scenario/viewer.go:76	visit user profile
2026-09-22T09:00:44.005Z	info	staff-logger	scenario/viewer.go:32	basic viewer scenario
2026-09-22T09:00:44.005Z	info	staff-logger	scenario/viewer.go:56	visit top
2026-09-22T09:00:44.014Z	info	staff-logger	scenario/viewer.go:83	visit livestream
2026-09-22T09:00:44.022Z	info	staff-logger	scenario/viewer.go:32	basic viewer scenario
2026-09-22T09:00:44.023Z	info	staff-logger	scenario/viewer.go:56	visit top
2026-09-22T09:00:44.023Z	info	staff-logger	scenario/viewer.go:64	get livestream
2026-09-22T09:00:44.023Z	info	staff-logger	scenario/viewer.go:83	visit livestream
2026-09-22T09:00:44.183Z	info	staff-logger	scenario/viewer.go:32	basic viewer scenario
2026-09-22T09:00:44.183Z	info	staff-logger	scenario/viewer.go:56	visit top
2026-09-22T09:00:44.183Z	info	staff-logger	scenario/viewer.go:64	get livestream
2026-09-22T09:00:44.184Z	info	staff-logger	scenario/viewer.go:83	visit livestream
2026-09-22T09:00:44.290Z	info	staff-logger	scenario/streamer.go:48	change icon
2026-09-22T09:00:44.291Z	info	staff-logger	scenario/viewer.go:32	basic viewer scenario
2026-09-22T09:00:44.291Z	info	staff-logger	scenario/viewer.go:56	visit top
2026-09-22T09:00:44.403Z	info	staff-logger	scenario/viewer.go:32	basic viewer scenario
2026-09-22T09:00:44.403Z	info	staff-logger	scenario/viewer.go:56	visit top
2026-09-22T09:00:44.403Z	info	staff-logger	scenario/viewer.go:64	get livestream
2026-09-22T09:00:44.403Z	info	staff-logger	scenario/viewer.go:83	visit livestream
2026-09-22T09:00:44.469Z	info	staff-logger	scenario/viewer.go:32	basic viewer scenario
2026-09-22T09:00:44.469Z	info	staff-logger	scenario/viewer.go:56	visit top
2026-09-22T09:00:44.469Z	info	staff-logger	scenario/viewer.go:64	get livestream
2026-09-22T09:00:44.469Z	info	staff-logger	scenario/viewer.go:83	visit livestream
2026-09-22T09:00:44.532Z	info	staff-logger	scenario/viewer.go:32	basic viewer scenario
2026-09-22T09:00:44.532Z	info	staff-logger	scenario/viewer.go:56	visit top
2026-09-22T09:00:44.532Z	info	staff-logger	scenario/viewer.go:64	get livestream
2026-09-22T09:00:44.532Z	info	staff-logger	scenario/viewer.go:83	visit livestream
2026-09-22T09:00:44.534Z	info	staff-logger	scenario/viewer.go:64	get livestream
2026-09-22T09:00:44.534Z	info	staff-logger	scenario/viewer.go:76	visit user profile
2026-09-22T09:00:44.534Z	info	staff-logger	scenario/viewer.go:32	basic viewer scenario
2026-09-22T09:00:44.534Z	info	staff-logger	scenario/viewer.go:56	visit top
2026-09-22T09:00:44.534Z	info	staff-logger	scenario/viewer.go:64	get livestream
2026-09-22T09:00:44.534Z	info	staff-logger	scenario/viewer.go:83	visit livestream
2026-09-22T09:00:44.557Z	info	staff-logger	scenario/viewer.go:32	basic viewer scenario
2026-09-22T09:00:44.557Z	info	staff-logger	scenario/viewer.go:56	visit top
2026-09-22T09:00:44.557Z	info	staff-logger	scenario/viewer.go:64	get livestream
2026-09-22T09:00:44.557Z	info	staff-logger	scenario/viewer.go:83	visit livestream
2026-09-22T09:00:44.577Z	info	staff-logger	scenario/viewer.go:32	basic viewer scenario
2026-09-22T09:00:44.578Z	info	staff-logger	scenario/viewer.go:56	visit top
2026-09-22T09:00:44.578Z	info	staff-logger	scenario/viewer.go:64	get livestream
2026-09-22T09:00:44.578Z	info	staff-logger	scenario/viewer.go:83	visit livestream
2026-09-22T09:00:44.601Z	info	staff-logger	scenario/viewer.go:32	basic viewer scenario
2026-09-22T09:00:44.601Z	info	staff-logger	scenario/viewer.go:56	visit top
2026-09-22T09:00:44.602Z	info	staff-logger	scenario/viewer.go:64	get livestream
2026-09-22T09:00:44.602Z	info	staff-logger	scenario/viewer.go:83	visit livestream
2026-09-22T09:00:44.603Z	warn	staff-logger	scenario/viewer.go:178	viewer_spam: failed to post livecomment (moderated spam): benchmark-application: [一般エラー] POST /api/livestream/7782/livecomment へのリクエストに対して、期待されたHTTPステータスコードが確認できませんでした (expected:400, actual:201)

2026-09-22T09:00:44.612Z	info	staff-logger	scenario/viewer.go:32	basic viewer scenario
2026-09-22T09:00:44.612Z	info	staff-logger	scenario/viewer.go:56	visit top
2026-09-22T09:00:44.612Z	info	staff-logger	scenario/viewer.go:64	get livestream
2026-09-22T09:00:44.612Z	info	staff-logger	scenario/viewer.go:83	visit livestream
2026-09-22T09:00:44.625Z	info	staff-logger	scenario/viewer.go:32	basic viewer scenario
2026-09-22T09:00:44.625Z	info	staff-logger	scenario/viewer.go:56	visit top
2026-09-22T09:00:44.625Z	info	staff-logger	scenario/viewer.go:64	get livestream
2026-09-22T09:00:44.625Z	info	staff-logger	scenario/viewer.go:83	visit livestream
2026-09-22T09:00:44.633Z	info	staff-logger	scenario/viewer.go:83	visit livestream
2026-09-22T09:00:44.692Z	info	staff-logger	scenario/viewer.go:90	get livestream stats
2026-09-22T09:00:44.798Z	info	staff-logger	scenario/viewer.go:32	basic viewer scenario
2026-09-22T09:00:44.798Z	info	staff-logger	scenario/viewer.go:56	visit top
2026-09-22T09:00:44.798Z	info	staff-logger	scenario/viewer.go:64	get livestream
2026-09-22T09:00:44.798Z	info	staff-logger	scenario/viewer.go:83	visit livestream
2026-09-22T09:00:44.803Z	info	staff-logger	scenario/viewer.go:90	get livestream stats
2026-09-22T09:00:44.840Z	info	staff-logger	scenario/viewer.go:64	get livestream
2026-09-22T09:00:44.840Z	info	staff-logger	scenario/viewer.go:76	visit user profile
2026-09-22T09:00:44.911Z	info	staff-logger	scenario/viewer.go:83	visit livestream
2026-09-22T09:00:44.966Z	info	staff-logger	scenario/viewer.go:32	basic viewer scenario
2026-09-22T09:00:44.966Z	info	staff-logger	scenario/viewer.go:56	visit top
2026-09-22T09:00:44.966Z	info	staff-logger	scenario/viewer.go:64	get livestream
2026-09-22T09:00:44.966Z	info	staff-logger	scenario/viewer.go:83	visit livestream
2026-09-22T09:00:45.042Z	info	staff-logger	scenario/viewer.go:32	basic viewer scenario
2026-09-22T09:00:45.042Z	info	staff-logger	scenario/viewer.go:56	visit top
2026-09-22T09:00:45.042Z	info	staff-logger	scenario/viewer.go:64	get livestream
2026-09-22T09:00:45.042Z	info	staff-logger	scenario/viewer.go:83	visit livestream
2026-09-22T09:00:45.091Z	info	staff-logger	scenario/viewer.go:32	basic viewer scenario
2026-09-22T09:00:45.091Z	info	staff-logger	scenario/viewer.go:56	visit top
2026-09-22T09:00:45.091Z	info	staff-logger	scenario/viewer.go:64	get livestream
2026-09-22T09:00:45.091Z	info	staff-logger	scenario/viewer.go:83	visit livestream
2026-09-22T09:00:45.145Z	info	staff-logger	scenario/viewer.go:32	basic viewer scenario
2026-09-22T09:00:45.146Z	info	staff-logger	scenario/viewer.go:56	visit top
2026-09-22T09:00:45.146Z	info	staff-logger	scenario/viewer.go:64	get livestream
2026-09-22T09:00:45.146Z	info	staff-logger	scenario/viewer.go:83	visit livestream
2026-09-22T09:00:45.147Z	info	staff-logger	scenario/viewer.go:32	basic viewer scenario
2026-09-22T09:00:45.147Z	info	staff-logger	scenario/viewer.go:56	visit top
2026-09-22T09:00:45.147Z	info	staff-logger	scenario/viewer.go:64	get livestream
2026-09-22T09:00:45.147Z	info	staff-logger	scenario/viewer.go:83	visit livestream
2026-09-22T09:00:45.148Z	info	staff-logger	scenario/viewer.go:32	basic viewer scenario
2026-09-22T09:00:45.148Z	info	staff-logger	scenario/viewer.go:56	visit top
2026-09-22T09:00:45.209Z	info	staff-logger	scenario/viewer.go:32	basic viewer scenario
2026-09-22T09:00:45.209Z	info	staff-logger	scenario/viewer.go:56	visit top
2026-09-22T09:00:45.209Z	info	staff-logger	scenario/viewer.go:64	get livestream
2026-09-22T09:00:45.209Z	info	staff-logger	scenario/viewer.go:83	visit livestream
2026-09-22T09:00:45.260Z	info	staff-logger	scenario/viewer.go:32	basic viewer scenario
2026-09-22T09:00:45.260Z	info	staff-logger	scenario/viewer.go:56	visit top
2026-09-22T09:00:45.260Z	info	staff-logger	scenario/viewer.go:64	get livestream
2026-09-22T09:00:45.261Z	info	staff-logger	scenario/viewer.go:83	visit livestream
2026-09-22T09:00:45.313Z	info	staff-logger	scenario/viewer.go:32	basic viewer scenario
2026-09-22T09:00:45.313Z	info	staff-logger	scenario/viewer.go:56	visit top
2026-09-22T09:00:45.313Z	info	staff-logger	scenario/viewer.go:64	get livestream
2026-09-22T09:00:45.313Z	info	staff-logger	scenario/viewer.go:83	visit livestream
2026-09-22T09:00:45.368Z	info	staff-logger	scenario/viewer.go:32	basic viewer scenario
2026-09-22T09:00:45.368Z	info	staff-logger	scenario/viewer.go:56	visit top
2026-09-22T09:00:45.368Z	info	staff-logger	scenario/viewer.go:64	get livestream
2026-09-22T09:00:45.368Z	info	staff-logger	scenario/viewer.go:83	visit livestream
2026-09-22T09:00:45.388Z	info	staff-logger	scenario/viewer.go:32	basic viewer scenario
2026-09-22T09:00:45.388Z	info	staff-logger	scenario/viewer.go:56	visit top
2026-09-22T09:00:45.388Z	info	staff-logger	scenario/viewer.go:64	get livestream
2026-09-22T09:00:45.388Z	info	staff-logger	scenario/viewer.go:83	visit livestream
2026-09-22T09:00:45.535Z	info	staff-logger	scenario/viewer.go:32	basic viewer scenario
2026-09-22T09:00:45.535Z	info	staff-logger	scenario/viewer.go:56	visit top
2026-09-22T09:00:45.535Z	info	staff-logger	scenario/viewer.go:64	get livestream
2026-09-22T09:00:45.535Z	info	staff-logger	scenario/viewer.go:83	visit livestream
2026-09-22T09:00:45.552Z	info	staff-logger	scenario/viewer.go:32	basic viewer scenario
2026-09-22T09:00:45.553Z	info	staff-logger	scenario/viewer.go:56	visit top
2026-09-22T09:00:45.553Z	info	staff-logger	scenario/viewer.go:64	get livestream
2026-09-22T09:00:45.553Z	info	staff-logger	scenario/viewer.go:83	visit livestream
2026-09-22T09:00:45.554Z	info	staff-logger	scenario/viewer.go:32	basic viewer scenario
2026-09-22T09:00:45.554Z	info	staff-logger	scenario/viewer.go:56	visit top
2026-09-22T09:00:45.554Z	info	staff-logger	scenario/viewer.go:64	get livestream
2026-09-22T09:00:45.554Z	info	staff-logger	scenario/viewer.go:83	visit livestream
2026-09-22T09:00:45.626Z	info	staff-logger	scenario/viewer.go:32	basic viewer scenario
2026-09-22T09:00:45.626Z	info	staff-logger	scenario/viewer.go:56	visit top
2026-09-22T09:00:45.626Z	info	staff-logger	scenario/viewer.go:64	get livestream
2026-09-22T09:00:45.626Z	info	staff-logger	scenario/viewer.go:83	visit livestream
2026-09-22T09:00:45.662Z	info	staff-logger	scenario/viewer.go:32	basic viewer scenario
2026-09-22T09:00:45.662Z	info	staff-logger	scenario/viewer.go:56	visit top
2026-09-22T09:00:45.662Z	info	staff-logger	scenario/viewer.go:64	get livestream
2026-09-22T09:00:45.662Z	info	staff-logger	scenario/viewer.go:83	visit livestream
2026-09-22T09:00:45.703Z	info	staff-logger	scenario/viewer.go:64	get livestream
2026-09-22T09:00:45.703Z	info	staff-logger	scenario/viewer.go:76	visit user profile
2026-09-22T09:00:45.769Z	info	staff-logger	scenario/streamer.go:48	change icon
2026-09-22T09:00:45.787Z	info	staff-logger	scenario/viewer.go:83	visit livestream
2026-09-22T09:00:45.807Z	info	staff-logger	scenario/viewer.go:32	basic viewer scenario
2026-09-22T09:00:45.807Z	info	staff-logger	scenario/viewer.go:56	visit top
2026-09-22T09:00:45.817Z	info	staff-logger	scenario/viewer.go:32	basic viewer scenario
2026-09-22T09:00:45.817Z	info	staff-logger	scenario/viewer.go:56	visit top
2026-09-22T09:00:45.817Z	info	staff-logger	scenario/viewer.go:64	get livestream
2026-09-22T09:00:45.817Z	info	staff-logger	scenario/viewer.go:83	visit livestream
2026-09-22T09:00:45.840Z	info	staff-logger	scenario/streamer.go:48	change icon
2026-09-22T09:00:46.045Z	info	staff-logger	scenario/streamer.go:48	change icon
2026-09-22T09:00:46.068Z	info	staff-logger	scenario/viewer.go:32	basic viewer scenario
2026-09-22T09:00:46.068Z	info	staff-logger	scenario/viewer.go:56	visit top
2026-09-22T09:00:46.068Z	info	staff-logger	scenario/viewer.go:64	get livestream
2026-09-22T09:00:46.068Z	info	staff-logger	scenario/viewer.go:83	visit livestream
2026-09-22T09:00:46.097Z	info	staff-logger	scenario/viewer.go:90	get livestream stats
2026-09-22T09:00:46.145Z	info	staff-logger	scenario/viewer.go:32	basic viewer scenario
2026-09-22T09:00:46.146Z	info	staff-logger	scenario/viewer.go:56	visit top
2026-09-22T09:00:46.146Z	info	staff-logger	scenario/viewer.go:64	get livestream
2026-09-22T09:00:46.146Z	info	staff-logger	scenario/viewer.go:83	visit livestream
2026-09-22T09:00:46.168Z	info	staff-logger	scenario/viewer.go:32	basic viewer scenario
2026-09-22T09:00:46.168Z	info	staff-logger	scenario/viewer.go:56	visit top
2026-09-22T09:00:46.168Z	info	staff-logger	scenario/viewer.go:64	get livestream
2026-09-22T09:00:46.168Z	info	staff-logger	scenario/viewer.go:83	visit livestream
2026-09-22T09:00:46.276Z	info	staff-logger	scenario/viewer.go:64	get livestream
2026-09-22T09:00:46.276Z	info	staff-logger	scenario/viewer.go:76	visit user profile
2026-09-22T09:00:46.301Z	info	staff-logger	scenario/viewer.go:32	basic viewer scenario
2026-09-22T09:00:46.301Z	info	staff-logger	scenario/viewer.go:56	visit top
2026-09-22T09:00:46.301Z	info	staff-logger	scenario/viewer.go:64	get livestream
2026-09-22T09:00:46.301Z	info	staff-logger	scenario/viewer.go:83	visit livestream
2026-09-22T09:00:46.338Z	info	staff-logger	scenario/viewer.go:83	visit livestream
2026-09-22T09:00:46.363Z	info	staff-logger	scenario/viewer.go:32	basic viewer scenario
2026-09-22T09:00:46.363Z	info	staff-logger	scenario/viewer.go:56	visit top
2026-09-22T09:00:46.363Z	info	staff-logger	scenario/viewer.go:64	get livestream
2026-09-22T09:00:46.363Z	info	staff-logger	scenario/viewer.go:83	visit livestream
2026-09-22T09:00:46.373Z	info	staff-logger	scenario/viewer.go:32	basic viewer scenario
2026-09-22T09:00:46.373Z	info	staff-logger	scenario/viewer.go:56	visit top
2026-09-22T09:00:46.373Z	info	staff-logger	scenario/viewer.go:64	get livestream
2026-09-22T09:00:46.373Z	info	staff-logger	scenario/viewer.go:83	visit livestream
2026-09-22T09:00:46.433Z	info	staff-logger	scenario/viewer.go:32	basic viewer scenario
2026-09-22T09:00:46.433Z	info	staff-logger	scenario/viewer.go:56	visit top
2026-09-22T09:00:46.433Z	info	staff-logger	scenario/viewer.go:64	get livestream
2026-09-22T09:00:46.433Z	info	staff-logger	scenario/viewer.go:83	visit livestream
2026-09-22T09:00:46.459Z	info	staff-logger	scenario/viewer.go:90	get livestream stats
2026-09-22T09:00:46.480Z	info	staff-logger	scenario/viewer.go:32	basic viewer scenario
2026-09-22T09:00:46.480Z	info	staff-logger	scenario/viewer.go:56	visit top
2026-09-22T09:00:46.480Z	info	staff-logger	scenario/viewer.go:64	get livestream
2026-09-22T09:00:46.480Z	info	staff-logger	scenario/viewer.go:83	visit livestream
2026-09-22T09:00:46.493Z	info	staff-logger	scenario/streamer.go:48	change icon
2026-09-22T09:00:46.529Z	info	staff-logger	scenario/viewer.go:32	basic viewer scenario
2026-09-22T09:00:46.529Z	info	staff-logger	scenario/viewer.go:56	visit top
2026-09-22T09:00:46.529Z	info	staff-logger	scenario/viewer.go:64	get livestream
2026-09-22T09:00:46.529Z	info	staff-logger	scenario/viewer.go:83	visit livestream
2026-09-22T09:00:46.530Z	info	staff-logger	scenario/viewer.go:32	basic viewer scenario
2026-09-22T09:00:46.530Z	info	staff-logger	scenario/viewer.go:56	visit top
2026-09-22T09:00:46.530Z	info	staff-logger	scenario/viewer.go:64	get livestream
2026-09-22T09:00:46.530Z	info	staff-logger	scenario/viewer.go:83	visit livestream
2026-09-22T09:00:46.544Z	info	staff-logger	scenario/viewer.go:32	basic viewer scenario
2026-09-22T09:00:46.544Z	info	staff-logger	scenario/viewer.go:56	visit top
2026-09-22T09:00:46.559Z	info	staff-logger	scenario/viewer.go:32	basic viewer scenario
2026-09-22T09:00:46.559Z	info	staff-logger	scenario/viewer.go:56	visit top
2026-09-22T09:00:46.559Z	info	staff-logger	scenario/viewer.go:64	get livestream
2026-09-22T09:00:46.559Z	info	staff-logger	scenario/viewer.go:83	visit livestream
2026-09-22T09:00:46.638Z	info	staff-logger	scenario/viewer.go:32	basic viewer scenario
2026-09-22T09:00:46.638Z	info	staff-logger	scenario/viewer.go:56	visit top
2026-09-22T09:00:46.638Z	info	staff-logger	scenario/viewer.go:64	get livestream
2026-09-22T09:00:46.638Z	info	staff-logger	scenario/viewer.go:83	visit livestream
2026-09-22T09:00:46.799Z	info	staff-logger	scenario/viewer.go:32	basic viewer scenario
2026-09-22T09:00:46.799Z	info	staff-logger	scenario/viewer.go:56	visit top
2026-09-22T09:00:46.833Z	info	staff-logger	scenario/viewer.go:32	basic viewer scenario
2026-09-22T09:00:46.833Z	info	staff-logger	scenario/viewer.go:56	visit top
2026-09-22T09:00:46.833Z	info	staff-logger	scenario/viewer.go:64	get livestream
2026-09-22T09:00:46.833Z	info	staff-logger	scenario/viewer.go:83	visit livestream
2026-09-22T09:00:46.838Z	info	staff-logger	scenario/viewer.go:32	basic viewer scenario
2026-09-22T09:00:46.838Z	info	staff-logger	scenario/viewer.go:56	visit top
2026-09-22T09:00:46.839Z	info	staff-logger	scenario/viewer.go:64	get livestream
2026-09-22T09:00:46.839Z	info	staff-logger	scenario/viewer.go:83	visit livestream
2026-09-22T09:00:46.996Z	info	staff-logger	scenario/viewer.go:32	basic viewer scenario
2026-09-22T09:00:46.996Z	info	staff-logger	scenario/viewer.go:56	visit top
2026-09-22T09:00:46.996Z	info	staff-logger	scenario/viewer.go:64	get livestream
2026-09-22T09:00:46.996Z	info	staff-logger	scenario/viewer.go:83	visit livestream
2026-09-22T09:00:47.061Z	info	staff-logger	scenario/viewer.go:64	get livestream
2026-09-22T09:00:47.061Z	info	staff-logger	scenario/viewer.go:76	visit user profile
2026-09-22T09:00:47.144Z	info	staff-logger	scenario/viewer.go:83	visit livestream
2026-09-22T09:00:47.150Z	info	staff-logger	scenario/viewer.go:90	get livestream stats
2026-09-22T09:00:47.214Z	info	staff-logger	scenario/viewer.go:32	basic viewer scenario
2026-09-22T09:00:47.215Z	info	staff-logger	scenario/viewer.go:56	visit top
2026-09-22T09:00:47.215Z	info	staff-logger	scenario/viewer.go:64	get livestream
2026-09-22T09:00:47.215Z	info	staff-logger	scenario/viewer.go:83	visit livestream
2026-09-22T09:00:47.261Z	info	staff-logger	scenario/viewer.go:32	basic viewer scenario
2026-09-22T09:00:47.261Z	info	staff-logger	scenario/viewer.go:56	visit top
2026-09-22T09:00:47.261Z	info	staff-logger	scenario/viewer.go:64	get livestream
2026-09-22T09:00:47.261Z	info	staff-logger	scenario/viewer.go:83	visit livestream
2026-09-22T09:00:47.289Z	info	staff-logger	scenario/streamer.go:48	change icon
2026-09-22T09:00:47.335Z	info	staff-logger	scenario/viewer.go:32	basic viewer scenario
2026-09-22T09:00:47.335Z	info	staff-logger	scenario/viewer.go:56	visit top
2026-09-22T09:00:47.335Z	info	staff-logger	scenario/viewer.go:64	get livestream
2026-09-22T09:00:47.335Z	info	staff-logger	scenario/viewer.go:83	visit livestream
2026-09-22T09:00:47.346Z	info	staff-logger	scenario/viewer.go:32	basic viewer scenario
2026-09-22T09:00:47.346Z	info	staff-logger	scenario/viewer.go:56	visit top
2026-09-22T09:00:47.346Z	info	staff-logger	scenario/viewer.go:64	get livestream
2026-09-22T09:00:47.346Z	info	staff-logger	scenario/viewer.go:83	visit livestream
2026-09-22T09:00:47.347Z	info	staff-logger	scenario/viewer.go:32	basic viewer scenario
2026-09-22T09:00:47.347Z	info	staff-logger	scenario/viewer.go:56	visit top
2026-09-22T09:00:47.347Z	info	staff-logger	scenario/viewer.go:64	get livestream
2026-09-22T09:00:47.347Z	info	staff-logger	scenario/viewer.go:83	visit livestream
2026-09-22T09:00:47.368Z	info	staff-logger	scenario/viewer.go:90	get livestream stats
2026-09-22T09:00:47.386Z	info	staff-logger	scenario/viewer.go:64	get livestream
2026-09-22T09:00:47.386Z	info	staff-logger	scenario/viewer.go:76	visit user profile
2026-09-22T09:00:47.388Z	info	staff-logger	scenario/viewer.go:32	basic viewer scenario
2026-09-22T09:00:47.388Z	info	staff-logger	scenario/viewer.go:56	visit top
2026-09-22T09:00:47.388Z	info	staff-logger	scenario/viewer.go:64	get livestream
2026-09-22T09:00:47.388Z	info	staff-logger	scenario/viewer.go:83	visit livestream
2026-09-22T09:00:47.516Z	info	staff-logger	scenario/viewer.go:32	basic viewer scenario
2026-09-22T09:00:47.516Z	info	staff-logger	scenario/viewer.go:56	visit top
2026-09-22T09:00:47.517Z	info	staff-logger	scenario/viewer.go:64	get livestream
2026-09-22T09:00:47.518Z	info	staff-logger	scenario/viewer.go:83	visit livestream
2026-09-22T09:00:47.520Z	info	staff-logger	scenario/viewer.go:83	visit livestream
2026-09-22T09:00:47.703Z	info	staff-logger	scenario/viewer.go:32	basic viewer scenario
2026-09-22T09:00:47.703Z	info	staff-logger	scenario/viewer.go:56	visit top
2026-09-22T09:00:47.759Z	info	staff-logger	scenario/viewer.go:32	basic viewer scenario
2026-09-22T09:00:47.759Z	info	staff-logger	scenario/viewer.go:56	visit top
2026-09-22T09:00:47.759Z	info	staff-logger	scenario/viewer.go:64	get livestream
2026-09-22T09:00:47.759Z	info	staff-logger	scenario/viewer.go:83	visit livestream
2026-09-22T09:00:47.789Z	info	staff-logger	scenario/viewer.go:32	basic viewer scenario
2026-09-22T09:00:47.789Z	info	staff-logger	scenario/viewer.go:56	visit top
2026-09-22T09:00:47.789Z	info	staff-logger	scenario/viewer.go:64	get livestream
2026-09-22T09:00:47.789Z	info	staff-logger	scenario/viewer.go:83	visit livestream
2026-09-22T09:00:47.840Z	info	staff-logger	scenario/viewer.go:32	basic viewer scenario
2026-09-22T09:00:47.840Z	info	staff-logger	scenario/viewer.go:56	visit top
2026-09-22T09:00:47.840Z	info	staff-logger	scenario/viewer.go:64	get livestream
2026-09-22T09:00:47.840Z	info	staff-logger	scenario/viewer.go:83	visit livestream
2026-09-22T09:00:47.855Z	info	staff-logger	scenario/viewer.go:32	basic viewer scenario
2026-09-22T09:00:47.855Z	info	staff-logger	scenario/viewer.go:56	visit top
2026-09-22T09:00:47.855Z	info	staff-logger	scenario/viewer.go:64	get livestream
2026-09-22T09:00:47.855Z	info	staff-logger	scenario/viewer.go:83	visit livestream
2026-09-22T09:00:47.906Z	info	staff-logger	scenario/viewer.go:32	basic viewer scenario
2026-09-22T09:00:47.906Z	info	staff-logger	scenario/viewer.go:56	visit top
2026-09-22T09:00:47.929Z	info	staff-logger	scenario/viewer.go:32	basic viewer scenario
2026-09-22T09:00:47.929Z	info	staff-logger	scenario/viewer.go:56	visit top
2026-09-22T09:00:47.929Z	info	staff-logger	scenario/viewer.go:64	get livestream
2026-09-22T09:00:47.929Z	info	staff-logger	scenario/viewer.go:83	visit livestream
2026-09-22T09:00:48.101Z	info	staff-logger	scenario/viewer.go:32	basic viewer scenario
2026-09-22T09:00:48.101Z	info	staff-logger	scenario/viewer.go:56	visit top
2026-09-22T09:00:48.101Z	info	staff-logger	scenario/viewer.go:64	get livestream
2026-09-22T09:00:48.101Z	info	staff-logger	scenario/viewer.go:83	visit livestream
2026-09-22T09:00:48.152Z	info	staff-logger	scenario/viewer.go:32	basic viewer scenario
2026-09-22T09:00:48.152Z	info	staff-logger	scenario/viewer.go:56	visit top
2026-09-22T09:00:48.152Z	info	staff-logger	scenario/viewer.go:64	get livestream
2026-09-22T09:00:48.152Z	info	staff-logger	scenario/viewer.go:83	visit livestream
2026-09-22T09:00:48.187Z	info	staff-logger	scenario/viewer.go:32	basic viewer scenario
2026-09-22T09:00:48.187Z	info	staff-logger	scenario/viewer.go:56	visit top
2026-09-22T09:00:48.187Z	info	staff-logger	scenario/viewer.go:64	get livestream
2026-09-22T09:00:48.187Z	info	staff-logger	scenario/viewer.go:83	visit livestream
2026-09-22T09:00:48.190Z	info	staff-logger	scenario/viewer.go:32	basic viewer scenario
2026-09-22T09:00:48.190Z	info	staff-logger	scenario/viewer.go:56	visit top
2026-09-22T09:00:48.190Z	info	staff-logger	scenario/viewer.go:64	get livestream
2026-09-22T09:00:48.190Z	info	staff-logger	scenario/viewer.go:83	visit livestream
2026-09-22T09:00:48.238Z	info	staff-logger	scenario/viewer.go:32	basic viewer scenario
2026-09-22T09:00:48.238Z	info	staff-logger	scenario/viewer.go:56	visit top
2026-09-22T09:00:48.238Z	info	staff-logger	scenario/viewer.go:64	get livestream
2026-09-22T09:00:48.238Z	info	staff-logger	scenario/viewer.go:83	visit livestream
2026-09-22T09:00:48.240Z	info	staff-logger	scenario/viewer.go:32	basic viewer scenario
2026-09-22T09:00:48.240Z	info	staff-logger	scenario/viewer.go:56	visit top
2026-09-22T09:00:48.240Z	info	staff-logger	scenario/viewer.go:64	get livestream
2026-09-22T09:00:48.240Z	info	staff-logger	scenario/viewer.go:83	visit livestream
2026-09-22T09:00:48.242Z	info	staff-logger	scenario/viewer.go:32	basic viewer scenario
2026-09-22T09:00:48.242Z	info	staff-logger	scenario/viewer.go:56	visit top
2026-09-22T09:00:48.242Z	info	staff-logger	scenario/viewer.go:64	get livestream
2026-09-22T09:00:48.242Z	info	staff-logger	scenario/viewer.go:83	visit livestream
2026-09-22T09:00:48.276Z	info	staff-logger	scenario/viewer.go:90	get livestream stats
2026-09-22T09:00:48.280Z	info	staff-logger	scenario/viewer.go:64	get livestream
2026-09-22T09:00:48.280Z	info	staff-logger	scenario/viewer.go:76	visit user profile
2026-09-22T09:00:48.322Z	info	staff-logger	scenario/viewer.go:32	basic viewer scenario
2026-09-22T09:00:48.322Z	info	staff-logger	scenario/viewer.go:56	visit top
2026-09-22T09:00:48.322Z	info	staff-logger	scenario/viewer.go:64	get livestream
2026-09-22T09:00:48.322Z	info	staff-logger	scenario/viewer.go:83	visit livestream
2026-09-22T09:00:48.363Z	info	staff-logger	scenario/viewer.go:90	get livestream stats
2026-09-22T09:00:48.376Z	info	staff-logger	scenario/viewer.go:90	get livestream stats
2026-09-22T09:00:48.402Z	info	staff-logger	scenario/viewer.go:83	visit livestream
2026-09-22T09:00:48.408Z	info	staff-logger	scenario/streamer.go:48	change icon
2026-09-22T09:00:48.472Z	info	staff-logger	scenario/viewer.go:64	get livestream
2026-09-22T09:00:48.472Z	info	staff-logger	scenario/viewer.go:76	visit user profile
2026-09-22T09:00:48.511Z	info	staff-logger	scenario/viewer.go:32	basic viewer scenario
2026-09-22T09:00:48.511Z	info	staff-logger	scenario/viewer.go:56	visit top
2026-09-22T09:00:48.511Z	info	staff-logger	scenario/viewer.go:64	get livestream
2026-09-22T09:00:48.511Z	info	staff-logger	scenario/viewer.go:83	visit livestream
2026-09-22T09:00:48.541Z	info	staff-logger	scenario/viewer.go:32	basic viewer scenario
2026-09-22T09:00:48.542Z	info	staff-logger	scenario/viewer.go:56	visit top
2026-09-22T09:00:48.542Z	info	staff-logger	scenario/viewer.go:64	get livestream
2026-09-22T09:00:48.542Z	info	staff-logger	scenario/viewer.go:83	visit livestream
2026-09-22T09:00:48.586Z	info	staff-logger	scenario/viewer.go:32	basic viewer scenario
2026-09-22T09:00:48.586Z	info	staff-logger	scenario/viewer.go:56	visit top
2026-09-22T09:00:48.586Z	info	staff-logger	scenario/viewer.go:64	get livestream
2026-09-22T09:00:48.586Z	info	staff-logger	scenario/viewer.go:83	visit livestream
2026-09-22T09:00:48.614Z	info	staff-logger	scenario/viewer.go:83	visit livestream
2026-09-22T09:00:48.665Z	info	staff-logger	scenario/viewer.go:32	basic viewer scenario
2026-09-22T09:00:48.665Z	info	staff-logger	scenario/viewer.go:56	visit top
2026-09-22T09:00:48.665Z	info	staff-logger	scenario/viewer.go:64	get livestream
2026-09-22T09:00:48.665Z	info	staff-logger	scenario/viewer.go:83	visit livestream
2026-09-22T09:00:48.728Z	info	staff-logger	scenario/viewer.go:32	basic viewer scenario
2026-09-22T09:00:48.728Z	info	staff-logger	scenario/viewer.go:56	visit top
2026-09-22T09:00:48.728Z	info	staff-logger	scenario/viewer.go:64	get livestream
2026-09-22T09:00:48.728Z	info	staff-logger	scenario/viewer.go:83	visit livestream
2026-09-22T09:00:48.825Z	info	staff-logger	scenario/viewer.go:90	get livestream stats
2026-09-22T09:00:48.953Z	info	staff-logger	scenario/viewer.go:32	basic viewer scenario
2026-09-22T09:00:48.953Z	info	staff-logger	scenario/viewer.go:56	visit top
2026-09-22T09:00:48.953Z	info	staff-logger	scenario/viewer.go:64	get livestream
2026-09-22T09:00:48.953Z	info	staff-logger	scenario/viewer.go:83	visit livestream
2026-09-22T09:00:48.981Z	info	staff-logger	scenario/viewer.go:32	basic viewer scenario
2026-09-22T09:00:48.981Z	info	staff-logger	scenario/viewer.go:56	visit top
2026-09-22T09:00:49.012Z	info	staff-logger	scenario/viewer.go:90	get livestream stats
2026-09-22T09:00:49.051Z	info	staff-logger	scenario/viewer.go:32	basic viewer scenario
2026-09-22T09:00:49.051Z	info	staff-logger	scenario/viewer.go:56	visit top
2026-09-22T09:00:49.062Z	info	staff-logger	scenario/viewer.go:32	basic viewer scenario
2026-09-22T09:00:49.062Z	info	staff-logger	scenario/viewer.go:56	visit top
2026-09-22T09:00:49.062Z	info	staff-logger	scenario/viewer.go:64	get livestream
2026-09-22T09:00:49.062Z	info	staff-logger	scenario/viewer.go:83	visit livestream
2026-09-22T09:00:49.133Z	info	staff-logger	scenario/streamer.go:48	change icon
2026-09-22T09:00:49.145Z	info	staff-logger	scenario/viewer.go:32	basic viewer scenario
2026-09-22T09:00:49.145Z	info	staff-logger	scenario/viewer.go:56	visit top
2026-09-22T09:00:49.145Z	info	staff-logger	scenario/viewer.go:64	get livestream
2026-09-22T09:00:49.145Z	info	staff-logger	scenario/viewer.go:83	visit livestream
2026-09-22T09:00:49.148Z	info	staff-logger	scenario/viewer.go:32	basic viewer scenario
2026-09-22T09:00:49.148Z	info	staff-logger	scenario/viewer.go:56	visit top
2026-09-22T09:00:49.148Z	info	staff-logger	scenario/viewer.go:64	get livestream
2026-09-22T09:00:49.148Z	info	staff-logger	scenario/viewer.go:83	visit livestream
2026-09-22T09:00:49.213Z	info	staff-logger	scenario/viewer.go:32	basic viewer scenario
2026-09-22T09:00:49.213Z	info	staff-logger	scenario/viewer.go:56	visit top
2026-09-22T09:00:49.489Z	info	staff-logger	scenario/streamer.go:48	change icon
2026-09-22T09:00:49.613Z	info	staff-logger	scenario/viewer.go:64	get livestream
2026-09-22T09:00:49.613Z	info	staff-logger	scenario/viewer.go:76	visit user profile
2026-09-22T09:00:49.646Z	info	staff-logger	scenario/viewer.go:32	basic viewer scenario
2026-09-22T09:00:49.646Z	info	staff-logger	scenario/viewer.go:56	visit top
2026-09-22T09:00:49.646Z	info	staff-logger	scenario/viewer.go:64	get livestream
2026-09-22T09:00:49.646Z	info	staff-logger	scenario/viewer.go:83	visit livestream
2026-09-22T09:00:49.662Z	info	staff-logger	scenario/viewer.go:64	get livestream
2026-09-22T09:00:49.662Z	info	staff-logger	scenario/viewer.go:76	visit user profile
2026-09-22T09:00:49.665Z	info	staff-logger	scenario/viewer.go:32	basic viewer scenario
2026-09-22T09:00:49.665Z	info	staff-logger	scenario/viewer.go:56	visit top
2026-09-22T09:00:49.665Z	info	staff-logger	scenario/viewer.go:64	get livestream
2026-09-22T09:00:49.665Z	info	staff-logger	scenario/viewer.go:83	visit livestream
2026-09-22T09:00:49.720Z	info	staff-logger	scenario/viewer.go:64	get livestream
2026-09-22T09:00:49.720Z	info	staff-logger	scenario/viewer.go:76	visit user profile
2026-09-22T09:00:49.726Z	info	staff-logger	scenario/viewer.go:83	visit livestream
2026-09-22T09:00:49.745Z	info	staff-logger	scenario/viewer.go:32	basic viewer scenario
2026-09-22T09:00:49.745Z	info	staff-logger	scenario/viewer.go:56	visit top
2026-09-22T09:00:49.745Z	info	staff-logger	scenario/viewer.go:64	get livestream
2026-09-22T09:00:49.745Z	info	staff-logger	scenario/viewer.go:83	visit livestream
2026-09-22T09:00:49.755Z	warn	staff-logger	scenario/viewer.go:178	viewer_spam: failed to post livecomment (moderated spam): benchmark-application: [一般エラー] POST /api/livestream/7825/livecomment へのリクエストに対して、期待されたHTTPステータスコードが確認できませんでした (expected:400, actual:201)

2026-09-22T09:00:49.777Z	info	staff-logger	scenario/viewer.go:83	visit livestream
2026-09-22T09:00:49.808Z	info	staff-logger	scenario/viewer.go:83	visit livestream
2026-09-22T09:00:49.808Z	warn	staff-logger	scenario/viewer.go:178	viewer_spam: failed to post livecomment (moderated spam): benchmark-application: [一般エラー] POST /api/livestream/7827/livecomment へのリクエストに対して、期待されたHTTPステータスコードが確認できませんでした (expected:400, actual:201)

2026-09-22T09:00:49.887Z	info	staff-logger	scenario/viewer.go:32	basic viewer scenario
2026-09-22T09:00:49.887Z	info	staff-logger	scenario/viewer.go:56	visit top
2026-09-22T09:00:49.887Z	info	staff-logger	scenario/viewer.go:64	get livestream
2026-09-22T09:00:49.887Z	info	staff-logger	scenario/viewer.go:83	visit livestream
2026-09-22T09:00:49.972Z	info	staff-logger	scenario/viewer.go:32	basic viewer scenario
2026-09-22T09:00:49.972Z	info	staff-logger	scenario/viewer.go:56	visit top
2026-09-22T09:00:49.972Z	info	staff-logger	scenario/viewer.go:64	get livestream
2026-09-22T09:00:49.972Z	info	staff-logger	scenario/viewer.go:83	visit livestream
2026-09-22T09:00:50.064Z	info	staff-logger	scenario/viewer.go:32	basic viewer scenario
2026-09-22T09:00:50.064Z	info	staff-logger	scenario/viewer.go:56	visit top
2026-09-22T09:00:50.064Z	info	staff-logger	scenario/viewer.go:64	get livestream
2026-09-22T09:00:50.064Z	info	staff-logger	scenario/viewer.go:83	visit livestream
2026-09-22T09:00:50.130Z	info	staff-logger	scenario/viewer.go:32	basic viewer scenario
2026-09-22T09:00:50.130Z	info	staff-logger	scenario/viewer.go:56	visit top
2026-09-22T09:00:50.130Z	info	staff-logger	scenario/viewer.go:64	get livestream
2026-09-22T09:00:50.130Z	info	staff-logger	scenario/viewer.go:83	visit livestream
2026-09-22T09:00:50.253Z	info	staff-logger	scenario/viewer.go:32	basic viewer scenario
2026-09-22T09:00:50.253Z	info	staff-logger	scenario/viewer.go:56	visit top
2026-09-22T09:00:50.253Z	info	staff-logger	scenario/viewer.go:64	get livestream
2026-09-22T09:00:50.253Z	info	staff-logger	scenario/viewer.go:83	visit livestream
2026-09-22T09:00:50.261Z	info	staff-logger	scenario/viewer.go:32	basic viewer scenario
2026-09-22T09:00:50.261Z	info	staff-logger	scenario/viewer.go:56	visit top
2026-09-22T09:00:50.261Z	info	staff-logger	scenario/viewer.go:64	get livestream
2026-09-22T09:00:50.261Z	info	staff-logger	scenario/viewer.go:83	visit livestream
2026-09-22T09:00:50.348Z	info	staff-logger	scenario/viewer.go:32	basic viewer scenario
2026-09-22T09:00:50.348Z	info	staff-logger	scenario/viewer.go:56	visit top
2026-09-22T09:00:50.348Z	info	staff-logger	scenario/viewer.go:64	get livestream
2026-09-22T09:00:50.348Z	info	staff-logger	scenario/viewer.go:83	visit livestream
2026-09-22T09:00:50.627Z	info	staff-logger	scenario/viewer.go:32	basic viewer scenario
2026-09-22T09:00:50.627Z	info	staff-logger	scenario/viewer.go:56	visit top
2026-09-22T09:00:50.627Z	info	staff-logger	scenario/viewer.go:64	get livestream
2026-09-22T09:00:50.627Z	info	staff-logger	scenario/viewer.go:83	visit livestream
2026-09-22T09:00:50.632Z	info	staff-logger	scenario/viewer.go:32	basic viewer scenario
2026-09-22T09:00:50.632Z	info	staff-logger	scenario/viewer.go:56	visit top
2026-09-22T09:00:50.632Z	info	staff-logger	scenario/viewer.go:64	get livestream
2026-09-22T09:00:50.632Z	info	staff-logger	scenario/viewer.go:83	visit livestream
2026-09-22T09:00:50.648Z	info	staff-logger	scenario/viewer.go:32	basic viewer scenario
2026-09-22T09:00:50.648Z	info	staff-logger	scenario/viewer.go:56	visit top
2026-09-22T09:00:50.648Z	info	staff-logger	scenario/viewer.go:64	get livestream
2026-09-22T09:00:50.648Z	info	staff-logger	scenario/viewer.go:83	visit livestream
2026-09-22T09:00:50.656Z	info	staff-logger	scenario/viewer.go:32	basic viewer scenario
2026-09-22T09:00:50.656Z	info	staff-logger	scenario/viewer.go:56	visit top
2026-09-22T09:00:50.656Z	info	staff-logger	scenario/viewer.go:64	get livestream
2026-09-22T09:00:50.656Z	info	staff-logger	scenario/viewer.go:83	visit livestream
2026-09-22T09:00:50.834Z	info	staff-logger	scenario/streamer.go:48	change icon
2026-09-22T09:00:50.866Z	info	staff-logger	scenario/viewer.go:32	basic viewer scenario
2026-09-22T09:00:50.866Z	info	staff-logger	scenario/viewer.go:56	visit top
2026-09-22T09:00:50.866Z	info	staff-logger	scenario/viewer.go:64	get livestream
2026-09-22T09:00:50.866Z	info	staff-logger	scenario/viewer.go:83	visit livestream
2026-09-22T09:00:50.876Z	info	staff-logger	scenario/viewer.go:32	basic viewer scenario
2026-09-22T09:00:50.876Z	info	staff-logger	scenario/viewer.go:56	visit top
2026-09-22T09:00:50.876Z	info	staff-logger	scenario/viewer.go:64	get livestream
2026-09-22T09:00:50.876Z	info	staff-logger	scenario/viewer.go:83	visit livestream
2026-09-22T09:00:50.925Z	info	staff-logger	scenario/viewer.go:32	basic viewer scenario
2026-09-22T09:00:50.925Z	info	staff-logger	scenario/viewer.go:56	visit top
2026-09-22T09:00:50.925Z	info	staff-logger	scenario/viewer.go:64	get livestream
2026-09-22T09:00:50.925Z	info	staff-logger	scenario/viewer.go:83	visit livestream
2026-09-22T09:00:50.979Z	info	staff-logger	scenario/viewer.go:32	basic viewer scenario
2026-09-22T09:00:50.979Z	info	staff-logger	scenario/viewer.go:56	visit top
2026-09-22T09:00:50.979Z	info	staff-logger	scenario/viewer.go:64	get livestream
2026-09-22T09:00:50.979Z	info	staff-logger	scenario/viewer.go:83	visit livestream
2026-09-22T09:00:51.044Z	info	staff-logger	scenario/viewer.go:32	basic viewer scenario
2026-09-22T09:00:51.044Z	info	staff-logger	scenario/viewer.go:56	visit top
2026-09-22T09:00:51.044Z	info	staff-logger	scenario/viewer.go:64	get livestream
2026-09-22T09:00:51.044Z	info	staff-logger	scenario/viewer.go:83	visit livestream
2026-09-22T09:00:51.045Z	info	staff-logger	scenario/viewer.go:32	basic viewer scenario
2026-09-22T09:00:51.045Z	info	staff-logger	scenario/viewer.go:56	visit top
2026-09-22T09:00:51.045Z	info	staff-logger	scenario/viewer.go:64	get livestream
2026-09-22T09:00:51.045Z	info	staff-logger	scenario/viewer.go:83	visit livestream
2026-09-22T09:00:51.179Z	info	staff-logger	scenario/viewer.go:32	basic viewer scenario
2026-09-22T09:00:51.179Z	info	staff-logger	scenario/viewer.go:56	visit top
2026-09-22T09:00:51.179Z	info	staff-logger	scenario/viewer.go:64	get livestream
2026-09-22T09:00:51.179Z	info	staff-logger	scenario/viewer.go:83	visit livestream
2026-09-22T09:00:51.366Z	info	staff-logger	scenario/viewer.go:32	basic viewer scenario
2026-09-22T09:00:51.366Z	info	staff-logger	scenario/viewer.go:56	visit top
2026-09-22T09:00:51.366Z	info	staff-logger	scenario/viewer.go:64	get livestream
2026-09-22T09:00:51.366Z	info	staff-logger	scenario/viewer.go:83	visit livestream
2026-09-22T09:00:51.409Z	info	staff-logger	scenario/viewer.go:32	basic viewer scenario
2026-09-22T09:00:51.410Z	info	staff-logger	scenario/viewer.go:56	visit top
2026-09-22T09:00:51.410Z	info	staff-logger	scenario/viewer.go:64	get livestream
2026-09-22T09:00:51.410Z	info	staff-logger	scenario/viewer.go:83	visit livestream
2026-09-22T09:00:51.509Z	info	staff-logger	scenario/viewer.go:32	basic viewer scenario
2026-09-22T09:00:51.509Z	info	staff-logger	scenario/viewer.go:56	visit top
2026-09-22T09:00:51.509Z	info	staff-logger	scenario/viewer.go:64	get livestream
2026-09-22T09:00:51.509Z	info	staff-logger	scenario/viewer.go:83	visit livestream
2026-09-22T09:00:51.651Z	info	staff-logger	scenario/viewer.go:32	basic viewer scenario
2026-09-22T09:00:51.651Z	info	staff-logger	scenario/viewer.go:56	visit top
2026-09-22T09:00:51.651Z	info	staff-logger	scenario/viewer.go:64	get livestream
2026-09-22T09:00:51.651Z	info	staff-logger	scenario/viewer.go:83	visit livestream
2026-09-22T09:00:51.673Z	info	staff-logger	scenario/viewer.go:32	basic viewer scenario
2026-09-22T09:00:51.673Z	info	staff-logger	scenario/viewer.go:56	visit top
2026-09-22T09:00:51.673Z	info	staff-logger	scenario/viewer.go:64	get livestream
2026-09-22T09:00:51.673Z	info	staff-logger	scenario/viewer.go:83	visit livestream
2026-09-22T09:00:51.766Z	info	staff-logger	scenario/streamer.go:48	change icon
2026-09-22T09:00:51.807Z	info	staff-logger	scenario/viewer.go:32	basic viewer scenario
2026-09-22T09:00:51.807Z	info	staff-logger	scenario/viewer.go:56	visit top
2026-09-22T09:00:51.807Z	info	staff-logger	scenario/viewer.go:64	get livestream
2026-09-22T09:00:51.807Z	info	staff-logger	scenario/viewer.go:83	visit livestream
2026-09-22T09:00:51.848Z	info	staff-logger	scenario/viewer.go:32	basic viewer scenario
2026-09-22T09:00:51.848Z	info	staff-logger	scenario/viewer.go:56	visit top
2026-09-22T09:00:51.851Z	info	staff-logger	scenario/viewer.go:32	basic viewer scenario
2026-09-22T09:00:51.852Z	info	staff-logger	scenario/viewer.go:56	visit top
2026-09-22T09:00:51.852Z	info	staff-logger	scenario/viewer.go:64	get livestream
2026-09-22T09:00:51.852Z	info	staff-logger	scenario/viewer.go:83	visit livestream
2026-09-22T09:00:51.954Z	info	staff-logger	scenario/viewer.go:32	basic viewer scenario
2026-09-22T09:00:51.954Z	info	staff-logger	scenario/viewer.go:56	visit top
2026-09-22T09:00:51.954Z	info	staff-logger	scenario/viewer.go:64	get livestream
2026-09-22T09:00:51.954Z	info	staff-logger	scenario/viewer.go:83	visit livestream
2026-09-22T09:00:52.034Z	info	staff-logger	scenario/streamer.go:48	change icon
2026-09-22T09:00:52.387Z	info	staff-logger	scenario/viewer.go:32	basic viewer scenario
2026-09-22T09:00:52.387Z	info	staff-logger	scenario/viewer.go:56	visit top
2026-09-22T09:00:52.387Z	info	staff-logger	scenario/viewer.go:64	get livestream
2026-09-22T09:00:52.387Z	info	staff-logger	scenario/viewer.go:83	visit livestream
2026-09-22T09:00:52.451Z	info	staff-logger	scenario/viewer.go:32	basic viewer scenario
2026-09-22T09:00:52.451Z	info	staff-logger	scenario/viewer.go:56	visit top
2026-09-22T09:00:52.451Z	info	staff-logger	scenario/viewer.go:64	get livestream
2026-09-22T09:00:52.451Z	info	staff-logger	scenario/viewer.go:83	visit livestream
2026-09-22T09:00:52.482Z	info	staff-logger	scenario/viewer.go:64	get livestream
2026-09-22T09:00:52.482Z	info	staff-logger	scenario/viewer.go:76	visit user profile
2026-09-22T09:00:52.541Z	info	staff-logger	scenario/viewer.go:32	basic viewer scenario
2026-09-22T09:00:52.541Z	info	staff-logger	scenario/viewer.go:56	visit top
2026-09-22T09:00:52.541Z	info	staff-logger	scenario/viewer.go:64	get livestream
2026-09-22T09:00:52.541Z	info	staff-logger	scenario/viewer.go:83	visit livestream
2026-09-22T09:00:52.547Z	info	staff-logger	scenario/viewer.go:32	basic viewer scenario
2026-09-22T09:00:52.547Z	info	staff-logger	scenario/viewer.go:56	visit top
2026-09-22T09:00:52.547Z	info	staff-logger	scenario/viewer.go:64	get livestream
2026-09-22T09:00:52.547Z	info	staff-logger	scenario/viewer.go:83	visit livestream
2026-09-22T09:00:52.613Z	info	staff-logger	scenario/viewer.go:83	visit livestream
2026-09-22T09:00:52.664Z	info	staff-logger	scenario/viewer.go:32	basic viewer scenario
2026-09-22T09:00:52.664Z	info	staff-logger	scenario/viewer.go:56	visit top
2026-09-22T09:00:52.664Z	info	staff-logger	scenario/viewer.go:64	get livestream
2026-09-22T09:00:52.664Z	info	staff-logger	scenario/viewer.go:83	visit livestream
2026-09-22T09:00:52.696Z	info	staff-logger	scenario/streamer.go:48	change icon
2026-09-22T09:00:52.705Z	info	staff-logger	scenario/viewer.go:32	basic viewer scenario
2026-09-22T09:00:52.706Z	info	staff-logger	scenario/viewer.go:56	visit top
2026-09-22T09:00:52.706Z	info	staff-logger	scenario/viewer.go:64	get livestream
2026-09-22T09:00:52.706Z	info	staff-logger	scenario/viewer.go:83	visit livestream
2026-09-22T09:00:52.713Z	info	staff-logger	scenario/viewer.go:90	get livestream stats
2026-09-22T09:00:52.858Z	warn	staff-logger	scenario/viewer.go:178	viewer_spam: failed to post livecomment (moderated spam): benchmark-application: [一般エラー] POST /api/livestream/7749/livecomment へのリクエストに対して、期待されたHTTPステータスコードが確認できませんでした (expected:400, actual:201)

2026-09-22T09:00:52.891Z	info	staff-logger	scenario/viewer.go:32	basic viewer scenario
2026-09-22T09:00:52.891Z	info	staff-logger	scenario/viewer.go:56	visit top
2026-09-22T09:00:52.891Z	info	staff-logger	scenario/viewer.go:64	get livestream
2026-09-22T09:00:52.891Z	info	staff-logger	scenario/viewer.go:83	visit livestream
2026-09-22T09:00:52.936Z	info	staff-logger	scenario/viewer.go:32	basic viewer scenario
2026-09-22T09:00:52.936Z	info	staff-logger	scenario/viewer.go:56	visit top
2026-09-22T09:00:52.936Z	info	staff-logger	scenario/viewer.go:64	get livestream
2026-09-22T09:00:52.936Z	info	staff-logger	scenario/viewer.go:83	visit livestream
2026-09-22T09:00:52.973Z	info	staff-logger	scenario/streamer.go:48	change icon
2026-09-22T09:00:53.088Z	info	staff-logger	scenario/viewer.go:32	basic viewer scenario
2026-09-22T09:00:53.088Z	info	staff-logger	scenario/viewer.go:56	visit top
2026-09-22T09:00:53.088Z	info	staff-logger	scenario/viewer.go:64	get livestream
2026-09-22T09:00:53.088Z	info	staff-logger	scenario/viewer.go:83	visit livestream
2026-09-22T09:00:53.114Z	info	staff-logger	scenario/viewer.go:32	basic viewer scenario
2026-09-22T09:00:53.114Z	info	staff-logger	scenario/viewer.go:56	visit top
2026-09-22T09:00:53.114Z	info	staff-logger	scenario/viewer.go:64	get livestream
2026-09-22T09:00:53.114Z	info	staff-logger	scenario/viewer.go:83	visit livestream
2026-09-22T09:00:53.137Z	info	staff-logger	scenario/viewer.go:32	basic viewer scenario
2026-09-22T09:00:53.137Z	info	staff-logger	scenario/viewer.go:56	visit top
2026-09-22T09:00:53.137Z	info	staff-logger	scenario/viewer.go:64	get livestream
2026-09-22T09:00:53.137Z	info	staff-logger	scenario/viewer.go:83	visit livestream
2026-09-22T09:00:53.210Z	info	staff-logger	scenario/viewer.go:32	basic viewer scenario
2026-09-22T09:00:53.210Z	info	staff-logger	scenario/viewer.go:56	visit top
2026-09-22T09:00:53.210Z	info	staff-logger	scenario/viewer.go:64	get livestream
2026-09-22T09:00:53.210Z	info	staff-logger	scenario/viewer.go:83	visit livestream
2026-09-22T09:00:53.248Z	info	staff-logger	scenario/viewer.go:90	get livestream stats
2026-09-22T09:00:53.279Z	info	staff-logger	scenario/viewer.go:32	basic viewer scenario
2026-09-22T09:00:53.279Z	info	staff-logger	scenario/viewer.go:56	visit top
2026-09-22T09:00:53.279Z	info	staff-logger	scenario/viewer.go:64	get livestream
2026-09-22T09:00:53.279Z	info	staff-logger	scenario/viewer.go:83	visit livestream
2026-09-22T09:00:53.323Z	info	staff-logger	scenario/viewer.go:32	basic viewer scenario
2026-09-22T09:00:53.323Z	info	staff-logger	scenario/viewer.go:56	visit top
2026-09-22T09:00:53.323Z	info	staff-logger	scenario/viewer.go:64	get livestream
2026-09-22T09:00:53.323Z	info	staff-logger	scenario/viewer.go:83	visit livestream
2026-09-22T09:00:53.330Z	info	staff-logger	scenario/viewer.go:32	basic viewer scenario
2026-09-22T09:00:53.330Z	info	staff-logger	scenario/viewer.go:56	visit top
2026-09-22T09:00:53.330Z	info	staff-logger	scenario/viewer.go:64	get livestream
2026-09-22T09:00:53.330Z	info	staff-logger	scenario/viewer.go:83	visit livestream
2026-09-22T09:00:53.354Z	info	staff-logger	scenario/viewer.go:90	get livestream stats
2026-09-22T09:00:53.464Z	info	staff-logger	scenario/viewer.go:32	basic viewer scenario
2026-09-22T09:00:53.464Z	info	staff-logger	scenario/viewer.go:56	visit top
2026-09-22T09:00:53.464Z	info	staff-logger	scenario/viewer.go:64	get livestream
2026-09-22T09:00:53.464Z	info	staff-logger	scenario/viewer.go:83	visit livestream
2026-09-22T09:00:53.503Z	info	staff-logger	scenario/viewer.go:32	basic viewer scenario
2026-09-22T09:00:53.504Z	info	staff-logger	scenario/viewer.go:56	visit top
2026-09-22T09:00:53.504Z	info	staff-logger	scenario/viewer.go:64	get livestream
2026-09-22T09:00:53.504Z	info	staff-logger	scenario/viewer.go:83	visit livestream
2026-09-22T09:00:53.507Z	info	staff-logger	scenario/viewer.go:32	basic viewer scenario
2026-09-22T09:00:53.507Z	info	staff-logger	scenario/viewer.go:56	visit top
2026-09-22T09:00:53.617Z	info	staff-logger	scenario/viewer.go:32	basic viewer scenario
2026-09-22T09:00:53.617Z	info	staff-logger	scenario/viewer.go:56	visit top
2026-09-22T09:00:53.617Z	info	staff-logger	scenario/viewer.go:64	get livestream
2026-09-22T09:00:53.617Z	info	staff-logger	scenario/viewer.go:83	visit livestream
2026-09-22T09:00:53.688Z	info	staff-logger	scenario/viewer.go:32	basic viewer scenario
2026-09-22T09:00:53.688Z	info	staff-logger	scenario/viewer.go:56	visit top
2026-09-22T09:00:53.688Z	info	staff-logger	scenario/viewer.go:64	get livestream
2026-09-22T09:00:53.688Z	info	staff-logger	scenario/viewer.go:83	visit livestream
2026-09-22T09:00:53.715Z	info	staff-logger	scenario/viewer.go:90	get livestream stats
2026-09-22T09:00:53.768Z	info	staff-logger	scenario/viewer.go:32	basic viewer scenario
2026-09-22T09:00:53.768Z	info	staff-logger	scenario/viewer.go:56	visit top
2026-09-22T09:00:53.768Z	info	staff-logger	scenario/viewer.go:64	get livestream
2026-09-22T09:00:53.768Z	info	staff-logger	scenario/viewer.go:83	visit livestream
2026-09-22T09:00:53.830Z	info	staff-logger	scenario/streamer.go:48	change icon
2026-09-22T09:00:54.016Z	info	staff-logger	scenario/viewer.go:32	basic viewer scenario
2026-09-22T09:00:54.016Z	info	staff-logger	scenario/viewer.go:56	visit top
2026-09-22T09:00:54.016Z	info	staff-logger	scenario/viewer.go:64	get livestream
2026-09-22T09:00:54.016Z	info	staff-logger	scenario/viewer.go:83	visit livestream
2026-09-22T09:00:54.027Z	info	staff-logger	scenario/streamer.go:48	change icon
2026-09-22T09:00:54.071Z	info	staff-logger	scenario/viewer.go:64	get livestream
2026-09-22T09:00:54.071Z	info	staff-logger	scenario/viewer.go:76	visit user profile
2026-09-22T09:00:54.100Z	info	staff-logger	scenario/viewer.go:32	basic viewer scenario
2026-09-22T09:00:54.100Z	info	staff-logger	scenario/viewer.go:56	visit top
2026-09-22T09:00:54.100Z	info	staff-logger	scenario/viewer.go:64	get livestream
2026-09-22T09:00:54.100Z	info	staff-logger	scenario/viewer.go:83	visit livestream
2026-09-22T09:00:54.151Z	info	staff-logger	scenario/viewer.go:32	basic viewer scenario
2026-09-22T09:00:54.151Z	info	staff-logger	scenario/viewer.go:56	visit top
2026-09-22T09:00:54.151Z	info	staff-logger	scenario/viewer.go:64	get livestream
2026-09-22T09:00:54.151Z	info	staff-logger	scenario/viewer.go:83	visit livestream
2026-09-22T09:00:54.177Z	info	staff-logger	scenario/viewer.go:32	basic viewer scenario
2026-09-22T09:00:54.177Z	info	staff-logger	scenario/viewer.go:56	visit top
2026-09-22T09:00:54.177Z	info	staff-logger	scenario/viewer.go:64	get livestream
2026-09-22T09:00:54.177Z	info	staff-logger	scenario/viewer.go:83	visit livestream
2026-09-22T09:00:54.179Z	info	staff-logger	scenario/viewer.go:83	visit livestream
2026-09-22T09:00:54.187Z	info	staff-logger	scenario/viewer.go:32	basic viewer scenario
2026-09-22T09:00:54.187Z	info	staff-logger	scenario/viewer.go:56	visit top
2026-09-22T09:00:54.187Z	info	staff-logger	scenario/viewer.go:64	get livestream
2026-09-22T09:00:54.187Z	info	staff-logger	scenario/viewer.go:83	visit livestream
2026-09-22T09:00:54.193Z	info	staff-logger	scenario/viewer.go:32	basic viewer scenario
2026-09-22T09:00:54.193Z	info	staff-logger	scenario/viewer.go:56	visit top
2026-09-22T09:00:54.193Z	info	staff-logger	scenario/viewer.go:64	get livestream
2026-09-22T09:00:54.193Z	info	staff-logger	scenario/viewer.go:83	visit livestream
2026-09-22T09:00:54.203Z	info	staff-logger	scenario/viewer.go:32	basic viewer scenario
2026-09-22T09:00:54.203Z	info	staff-logger	scenario/viewer.go:56	visit top
2026-09-22T09:00:54.203Z	info	staff-logger	scenario/viewer.go:64	get livestream
2026-09-22T09:00:54.203Z	info	staff-logger	scenario/viewer.go:83	visit livestream
2026-09-22T09:00:54.236Z	info	staff-logger	scenario/viewer.go:32	basic viewer scenario
2026-09-22T09:00:54.236Z	info	staff-logger	scenario/viewer.go:56	visit top
2026-09-22T09:00:54.236Z	info	staff-logger	scenario/viewer.go:64	get livestream
2026-09-22T09:00:54.236Z	info	staff-logger	scenario/viewer.go:83	visit livestream
2026-09-22T09:00:54.245Z	info	staff-logger	scenario/viewer.go:32	basic viewer scenario
2026-09-22T09:00:54.245Z	info	staff-logger	scenario/viewer.go:56	visit top
2026-09-22T09:00:54.245Z	info	staff-logger	scenario/viewer.go:64	get livestream
2026-09-22T09:00:54.245Z	info	staff-logger	scenario/viewer.go:83	visit livestream
2026-09-22T09:00:54.377Z	info	staff-logger	scenario/viewer.go:32	basic viewer scenario
2026-09-22T09:00:54.377Z	info	staff-logger	scenario/viewer.go:56	visit top
2026-09-22T09:00:54.377Z	info	staff-logger	scenario/viewer.go:64	get livestream
2026-09-22T09:00:54.377Z	info	staff-logger	scenario/viewer.go:83	visit livestream
2026-09-22T09:00:54.377Z	info	staff-logger	scenario/viewer.go:32	basic viewer scenario
2026-09-22T09:00:54.377Z	info	staff-logger	scenario/viewer.go:56	visit top
2026-09-22T09:00:54.377Z	info	staff-logger	scenario/viewer.go:64	get livestream
2026-09-22T09:00:54.377Z	info	staff-logger	scenario/viewer.go:83	visit livestream
2026-09-22T09:00:54.449Z	info	staff-logger	scenario/viewer.go:32	basic viewer scenario
2026-09-22T09:00:54.449Z	info	staff-logger	scenario/viewer.go:56	visit top
2026-09-22T09:00:54.449Z	info	staff-logger	scenario/viewer.go:64	get livestream
2026-09-22T09:00:54.449Z	info	staff-logger	scenario/viewer.go:83	visit livestream
2026-09-22T09:00:54.519Z	info	staff-logger	scenario/viewer.go:90	get livestream stats
2026-09-22T09:00:54.557Z	info	staff-logger	scenario/viewer.go:32	basic viewer scenario
2026-09-22T09:00:54.557Z	info	staff-logger	scenario/viewer.go:56	visit top
2026-09-22T09:00:54.557Z	info	staff-logger	scenario/viewer.go:64	get livestream
2026-09-22T09:00:54.557Z	info	staff-logger	scenario/viewer.go:83	visit livestream
2026-09-22T09:00:54.599Z	info	staff-logger	scenario/viewer.go:32	basic viewer scenario
2026-09-22T09:00:54.599Z	info	staff-logger	scenario/viewer.go:56	visit top
2026-09-22T09:00:54.599Z	info	staff-logger	scenario/viewer.go:64	get livestream
2026-09-22T09:00:54.599Z	info	staff-logger	scenario/viewer.go:83	visit livestream
2026-09-22T09:00:54.642Z	info	staff-logger	scenario/viewer.go:32	basic viewer scenario
2026-09-22T09:00:54.642Z	info	staff-logger	scenario/viewer.go:56	visit top
2026-09-22T09:00:54.642Z	info	staff-logger	scenario/viewer.go:64	get livestream
2026-09-22T09:00:54.642Z	info	staff-logger	scenario/viewer.go:83	visit livestream
2026-09-22T09:00:54.756Z	info	staff-logger	scenario/viewer.go:32	basic viewer scenario
2026-09-22T09:00:54.756Z	info	staff-logger	scenario/viewer.go:56	visit top
2026-09-22T09:00:54.757Z	info	staff-logger	scenario/viewer.go:64	get livestream
2026-09-22T09:00:54.757Z	info	staff-logger	scenario/viewer.go:83	visit livestream
2026-09-22T09:00:54.783Z	info	staff-logger	scenario/viewer.go:90	get livestream stats
2026-09-22T09:00:54.858Z	info	staff-logger	scenario/viewer.go:32	basic viewer scenario
2026-09-22T09:00:54.858Z	info	staff-logger	scenario/viewer.go:56	visit top
2026-09-22T09:00:54.858Z	info	staff-logger	scenario/viewer.go:64	get livestream
2026-09-22T09:00:54.858Z	info	staff-logger	scenario/viewer.go:83	visit livestream
2026-09-22T09:00:55.227Z	info	staff-logger	scenario/viewer.go:32	basic viewer scenario
2026-09-22T09:00:55.227Z	info	staff-logger	scenario/viewer.go:56	visit top
2026-09-22T09:00:55.227Z	info	staff-logger	scenario/viewer.go:64	get livestream
2026-09-22T09:00:55.227Z	info	staff-logger	scenario/viewer.go:83	visit livestream
2026-09-22T09:00:55.360Z	info	staff-logger	scenario/viewer.go:32	basic viewer scenario
2026-09-22T09:00:55.360Z	info	staff-logger	scenario/viewer.go:56	visit top
2026-09-22T09:00:55.360Z	info	staff-logger	scenario/viewer.go:64	get livestream
2026-09-22T09:00:55.360Z	info	staff-logger	scenario/viewer.go:83	visit livestream
2026-09-22T09:00:55.403Z	info	staff-logger	scenario/viewer.go:32	basic viewer scenario
2026-09-22T09:00:55.403Z	info	staff-logger	scenario/viewer.go:56	visit top
2026-09-22T09:00:55.403Z	info	staff-logger	scenario/viewer.go:64	get livestream
2026-09-22T09:00:55.403Z	info	staff-logger	scenario/viewer.go:83	visit livestream
2026-09-22T09:00:55.411Z	info	staff-logger	scenario/viewer.go:90	get livestream stats
2026-09-22T09:00:55.565Z	warn	staff-logger	scenario/viewer.go:178	viewer_spam: failed to post livecomment (moderated spam): benchmark-application: [一般エラー] POST /api/livestream/7881/livecomment へのリクエストに対して、期待されたHTTPステータスコードが確認できませんでした (expected:400, actual:201)

2026-09-22T09:00:55.661Z	info	staff-logger	scenario/viewer.go:32	basic viewer scenario
2026-09-22T09:00:55.661Z	info	staff-logger	scenario/viewer.go:56	visit top
2026-09-22T09:00:55.661Z	info	staff-logger	scenario/viewer.go:64	get livestream
2026-09-22T09:00:55.661Z	info	staff-logger	scenario/viewer.go:83	visit livestream
2026-09-22T09:00:55.706Z	info	staff-logger	scenario/viewer.go:32	basic viewer scenario
2026-09-22T09:00:55.706Z	info	staff-logger	scenario/viewer.go:56	visit top
2026-09-22T09:00:55.706Z	info	staff-logger	scenario/viewer.go:64	get livestream
2026-09-22T09:00:55.706Z	info	staff-logger	scenario/viewer.go:83	visit livestream
2026-09-22T09:00:55.734Z	info	staff-logger	scenario/viewer.go:32	basic viewer scenario
2026-09-22T09:00:55.734Z	info	staff-logger	scenario/viewer.go:56	visit top
2026-09-22T09:00:55.734Z	info	staff-logger	scenario/viewer.go:64	get livestream
2026-09-22T09:00:55.734Z	info	staff-logger	scenario/viewer.go:83	visit livestream
2026-09-22T09:00:55.800Z	info	staff-logger	scenario/viewer.go:32	basic viewer scenario
2026-09-22T09:00:55.800Z	info	staff-logger	scenario/viewer.go:56	visit top
2026-09-22T09:00:55.800Z	info	staff-logger	scenario/viewer.go:64	get livestream
2026-09-22T09:00:55.800Z	info	staff-logger	scenario/viewer.go:83	visit livestream
2026-09-22T09:00:55.810Z	info	staff-logger	scenario/viewer.go:32	basic viewer scenario
2026-09-22T09:00:55.810Z	info	staff-logger	scenario/viewer.go:56	visit top
2026-09-22T09:00:55.810Z	info	staff-logger	scenario/viewer.go:64	get livestream
2026-09-22T09:00:55.810Z	info	staff-logger	scenario/viewer.go:83	visit livestream
2026-09-22T09:00:55.888Z	info	staff-logger	scenario/viewer.go:90	get livestream stats
2026-09-22T09:00:55.889Z	info	staff-logger	scenario/viewer.go:32	basic viewer scenario
2026-09-22T09:00:55.889Z	info	staff-logger	scenario/viewer.go:56	visit top
2026-09-22T09:00:55.889Z	info	staff-logger	scenario/viewer.go:64	get livestream
2026-09-22T09:00:55.889Z	info	staff-logger	scenario/viewer.go:83	visit livestream
2026-09-22T09:00:55.903Z	info	staff-logger	scenario/viewer.go:90	get livestream stats
2026-09-22T09:00:55.921Z	info	staff-logger	scenario/viewer.go:32	basic viewer scenario
2026-09-22T09:00:55.921Z	info	staff-logger	scenario/viewer.go:56	visit top
2026-09-22T09:00:55.921Z	info	staff-logger	scenario/viewer.go:64	get livestream
2026-09-22T09:00:55.921Z	info	staff-logger	scenario/viewer.go:83	visit livestream
2026-09-22T09:00:55.928Z	info	staff-logger	scenario/viewer.go:32	basic viewer scenario
2026-09-22T09:00:55.928Z	info	staff-logger	scenario/viewer.go:56	visit top
2026-09-22T09:00:55.928Z	info	staff-logger	scenario/viewer.go:64	get livestream
2026-09-22T09:00:55.928Z	info	staff-logger	scenario/viewer.go:83	visit livestream
2026-09-22T09:00:55.952Z	info	staff-logger	scenario/viewer.go:32	basic viewer scenario
2026-09-22T09:00:55.953Z	info	staff-logger	scenario/viewer.go:56	visit top
2026-09-22T09:00:55.953Z	info	staff-logger	scenario/viewer.go:64	get livestream
2026-09-22T09:00:55.953Z	info	staff-logger	scenario/viewer.go:83	visit livestream
2026-09-22T09:00:56.147Z	info	staff-logger	scenario/viewer.go:32	basic viewer scenario
2026-09-22T09:00:56.147Z	info	staff-logger	scenario/viewer.go:56	visit top
2026-09-22T09:00:56.147Z	info	staff-logger	scenario/viewer.go:64	get livestream
2026-09-22T09:00:56.147Z	info	staff-logger	scenario/viewer.go:83	visit livestream
2026-09-22T09:00:56.172Z	info	staff-logger	scenario/viewer.go:32	basic viewer scenario
2026-09-22T09:00:56.172Z	info	staff-logger	scenario/viewer.go:56	visit top
2026-09-22T09:00:56.250Z	info	staff-logger	scenario/viewer.go:32	basic viewer scenario
2026-09-22T09:00:56.250Z	info	staff-logger	scenario/viewer.go:56	visit top
2026-09-22T09:00:56.250Z	info	staff-logger	scenario/viewer.go:64	get livestream
2026-09-22T09:00:56.250Z	info	staff-logger	scenario/viewer.go:83	visit livestream
2026-09-22T09:00:56.383Z	info	staff-logger	scenario/viewer.go:32	basic viewer scenario
2026-09-22T09:00:56.384Z	info	staff-logger	scenario/viewer.go:56	visit top
2026-09-22T09:00:56.384Z	info	staff-logger	scenario/viewer.go:64	get livestream
2026-09-22T09:00:56.384Z	info	staff-logger	scenario/viewer.go:83	visit livestream
2026-09-22T09:00:56.536Z	info	staff-logger	scenario/viewer.go:32	basic viewer scenario
2026-09-22T09:00:56.536Z	info	staff-logger	scenario/viewer.go:56	visit top
2026-09-22T09:00:56.536Z	info	staff-logger	scenario/viewer.go:64	get livestream
2026-09-22T09:00:56.536Z	info	staff-logger	scenario/viewer.go:83	visit livestream
2026-09-22T09:00:56.547Z	info	staff-logger	scenario/viewer.go:32	basic viewer scenario
2026-09-22T09:00:56.547Z	info	staff-logger	scenario/viewer.go:56	visit top
2026-09-22T09:00:56.565Z	info	staff-logger	scenario/viewer.go:32	basic viewer scenario
2026-09-22T09:00:56.565Z	info	staff-logger	scenario/viewer.go:56	visit top
2026-09-22T09:00:56.565Z	info	staff-logger	scenario/viewer.go:64	get livestream
2026-09-22T09:00:56.565Z	info	staff-logger	scenario/viewer.go:83	visit livestream
2026-09-22T09:00:56.588Z	warn	staff-logger	scenario/viewer.go:178	viewer_spam: failed to post livecomment (moderated spam): benchmark-application: [一般エラー] POST /api/livestream/7555/livecomment へのリクエストに対して、期待されたHTTPステータスコードが確認できませんでした (expected:400, actual:201)

2026-09-22T09:00:56.735Z	info	staff-logger	scenario/viewer.go:32	basic viewer scenario
2026-09-22T09:00:56.735Z	info	staff-logger	scenario/viewer.go:56	visit top
2026-09-22T09:00:56.735Z	info	staff-logger	scenario/viewer.go:64	get livestream
2026-09-22T09:00:56.735Z	info	staff-logger	scenario/viewer.go:83	visit livestream
2026-09-22T09:00:56.807Z	info	staff-logger	scenario/viewer.go:32	basic viewer scenario
2026-09-22T09:00:56.808Z	info	staff-logger	scenario/viewer.go:56	visit top
2026-09-22T09:00:56.808Z	info	staff-logger	scenario/viewer.go:64	get livestream
2026-09-22T09:00:56.808Z	info	staff-logger	scenario/viewer.go:83	visit livestream
2026-09-22T09:00:56.866Z	info	staff-logger	scenario/viewer.go:64	get livestream
2026-09-22T09:00:56.867Z	info	staff-logger	scenario/viewer.go:76	visit user profile
2026-09-22T09:00:56.944Z	info	staff-logger	scenario/viewer.go:32	basic viewer scenario
2026-09-22T09:00:56.944Z	info	staff-logger	scenario/viewer.go:56	visit top
2026-09-22T09:00:56.944Z	info	staff-logger	scenario/viewer.go:64	get livestream
2026-09-22T09:00:56.944Z	info	staff-logger	scenario/viewer.go:83	visit livestream
2026-09-22T09:00:56.992Z	info	staff-logger	scenario/viewer.go:83	visit livestream
2026-09-22T09:00:57.163Z	info	staff-logger	scenario/viewer.go:32	basic viewer scenario
2026-09-22T09:00:57.163Z	info	staff-logger	scenario/viewer.go:56	visit top
2026-09-22T09:00:57.163Z	info	staff-logger	scenario/viewer.go:64	get livestream
2026-09-22T09:00:57.163Z	info	staff-logger	scenario/viewer.go:83	visit livestream
2026-09-22T09:00:57.170Z	info	staff-logger	scenario/streamer.go:48	change icon
2026-09-22T09:00:57.212Z	info	staff-logger	scenario/viewer.go:32	basic viewer scenario
2026-09-22T09:00:57.212Z	info	staff-logger	scenario/viewer.go:56	visit top
2026-09-22T09:00:57.212Z	info	staff-logger	scenario/viewer.go:64	get livestream
2026-09-22T09:00:57.212Z	info	staff-logger	scenario/viewer.go:83	visit livestream
2026-09-22T09:00:57.254Z	info	staff-logger	scenario/viewer.go:64	get livestream
2026-09-22T09:00:57.254Z	info	staff-logger	scenario/viewer.go:76	visit user profile
2026-09-22T09:00:57.349Z	info	staff-logger	scenario/viewer.go:83	visit livestream
2026-09-22T09:00:57.376Z	info	staff-logger	scenario/viewer.go:90	get livestream stats
2026-09-22T09:00:57.379Z	info	staff-logger	scenario/viewer.go:32	basic viewer scenario
2026-09-22T09:00:57.379Z	info	staff-logger	scenario/viewer.go:56	visit top
2026-09-22T09:00:57.379Z	info	staff-logger	scenario/viewer.go:64	get livestream
2026-09-22T09:00:57.379Z	info	staff-logger	scenario/viewer.go:83	visit livestream
2026-09-22T09:00:57.407Z	warn	staff-logger	scenario/viewer.go:178	viewer_spam: failed to post livecomment (moderated spam): benchmark-application: [一般エラー] POST /api/livestream/7896/livecomment へのリクエストに対して、期待されたHTTPステータスコードが確認できませんでした (expected:400, actual:201)

2026-09-22T09:00:57.413Z	info	staff-logger	scenario/viewer.go:32	basic viewer scenario
2026-09-22T09:00:57.413Z	info	staff-logger	scenario/viewer.go:56	visit top
2026-09-22T09:00:57.413Z	info	staff-logger	scenario/viewer.go:64	get livestream
2026-09-22T09:00:57.413Z	info	staff-logger	scenario/viewer.go:83	visit livestream
2026-09-22T09:00:57.453Z	info	staff-logger	scenario/streamer.go:48	change icon
2026-09-22T09:00:57.552Z	info	staff-logger	scenario/viewer.go:32	basic viewer scenario
2026-09-22T09:00:57.552Z	info	staff-logger	scenario/viewer.go:56	visit top
2026-09-22T09:00:57.553Z	info	staff-logger	scenario/viewer.go:64	get livestream
2026-09-22T09:00:57.553Z	info	staff-logger	scenario/viewer.go:83	visit livestream
2026-09-22T09:00:57.592Z	info	staff-logger	scenario/viewer.go:32	basic viewer scenario
2026-09-22T09:00:57.592Z	info	staff-logger	scenario/viewer.go:56	visit top
2026-09-22T09:00:57.592Z	info	staff-logger	scenario/viewer.go:64	get livestream
2026-09-22T09:00:57.592Z	info	staff-logger	scenario/viewer.go:83	visit livestream
2026-09-22T09:00:57.609Z	info	staff-logger	scenario/streamer.go:48	change icon
2026-09-22T09:00:57.638Z	info	staff-logger	scenario/viewer.go:32	basic viewer scenario
2026-09-22T09:00:57.638Z	info	staff-logger	scenario/viewer.go:56	visit top
2026-09-22T09:00:57.638Z	info	staff-logger	scenario/viewer.go:64	get livestream
2026-09-22T09:00:57.638Z	info	staff-logger	scenario/viewer.go:83	visit livestream
2026-09-22T09:00:57.668Z	warn	staff-logger	scenario/viewer.go:178	viewer_spam: failed to post livecomment (moderated spam): benchmark-application: [一般エラー] POST /api/livestream/7778/livecomment へのリクエストに対して、期待されたHTTPステータスコードが確認できませんでした (expected:400, actual:201)

2026-09-22T09:00:57.737Z	info	staff-logger	scenario/viewer.go:32	basic viewer scenario
2026-09-22T09:00:57.737Z	info	staff-logger	scenario/viewer.go:56	visit top
2026-09-22T09:00:57.737Z	info	staff-logger	scenario/viewer.go:64	get livestream
2026-09-22T09:00:57.737Z	info	staff-logger	scenario/viewer.go:83	visit livestream
2026-09-22T09:00:57.766Z	info	staff-logger	scenario/viewer.go:32	basic viewer scenario
2026-09-22T09:00:57.766Z	info	staff-logger	scenario/viewer.go:56	visit top
2026-09-22T09:00:57.766Z	info	staff-logger	scenario/viewer.go:64	get livestream
2026-09-22T09:00:57.766Z	info	staff-logger	scenario/viewer.go:83	visit livestream
2026-09-22T09:00:57.844Z	info	staff-logger	scenario/viewer.go:90	get livestream stats
2026-09-22T09:00:57.845Z	info	staff-logger	scenario/viewer.go:32	basic viewer scenario
2026-09-22T09:00:57.845Z	info	staff-logger	scenario/viewer.go:56	visit top
2026-09-22T09:00:57.845Z	info	staff-logger	scenario/viewer.go:64	get livestream
2026-09-22T09:00:57.845Z	info	staff-logger	scenario/viewer.go:83	visit livestream
2026-09-22T09:00:57.874Z	info	staff-logger	scenario/viewer.go:32	basic viewer scenario
2026-09-22T09:00:57.874Z	info	staff-logger	scenario/viewer.go:56	visit top
2026-09-22T09:00:57.874Z	info	staff-logger	scenario/viewer.go:64	get livestream
2026-09-22T09:00:57.874Z	info	staff-logger	scenario/viewer.go:83	visit livestream
2026-09-22T09:00:57.878Z	info	staff-logger	scenario/viewer.go:32	basic viewer scenario
2026-09-22T09:00:57.878Z	info	staff-logger	scenario/viewer.go:56	visit top
2026-09-22T09:00:57.985Z	info	staff-logger	scenario/viewer.go:32	basic viewer scenario
2026-09-22T09:00:57.985Z	info	staff-logger	scenario/viewer.go:56	visit top
2026-09-22T09:00:57.985Z	info	staff-logger	scenario/viewer.go:64	get livestream
2026-09-22T09:00:57.985Z	info	staff-logger	scenario/viewer.go:83	visit livestream
2026-09-22T09:00:58.116Z	info	staff-logger	scenario/streamer.go:48	change icon
2026-09-22T09:00:58.149Z	info	staff-logger	scenario/viewer.go:32	basic viewer scenario
2026-09-22T09:00:58.149Z	info	staff-logger	scenario/viewer.go:56	visit top
2026-09-22T09:00:58.149Z	info	staff-logger	scenario/viewer.go:64	get livestream
2026-09-22T09:00:58.149Z	info	staff-logger	scenario/viewer.go:83	visit livestream
2026-09-22T09:00:58.299Z	info	staff-logger	scenario/viewer.go:32	basic viewer scenario
2026-09-22T09:00:58.299Z	info	staff-logger	scenario/viewer.go:56	visit top
2026-09-22T09:00:58.299Z	info	staff-logger	scenario/viewer.go:64	get livestream
2026-09-22T09:00:58.299Z	info	staff-logger	scenario/viewer.go:83	visit livestream
2026-09-22T09:00:58.360Z	info	staff-logger	scenario/viewer.go:32	basic viewer scenario
2026-09-22T09:00:58.360Z	info	staff-logger	scenario/viewer.go:56	visit top
2026-09-22T09:00:58.360Z	info	staff-logger	scenario/viewer.go:64	get livestream
2026-09-22T09:00:58.360Z	info	staff-logger	scenario/viewer.go:83	visit livestream
2026-09-22T09:00:58.391Z	warn	staff-logger	scenario/viewer.go:178	viewer_spam: failed to post livecomment (moderated spam): benchmark-application: [一般エラー] POST /api/livestream/7577/livecomment へのリクエストに対して、期待されたHTTPステータスコードが確認できませんでした (expected:400, actual:201)

2026-09-22T09:00:58.471Z	info	staff-logger	scenario/viewer.go:64	get livestream
2026-09-22T09:00:58.471Z	info	staff-logger	scenario/viewer.go:76	visit user profile
2026-09-22T09:00:58.480Z	warn	staff-logger	scenario/viewer.go:178	viewer_spam: failed to post livecomment (moderated spam): benchmark-application: [一般エラー] POST /api/livestream/7700/livecomment へのリクエストに対して、期待されたHTTPステータスコードが確認できませんでした (expected:400, actual:201)

2026-09-22T09:00:58.560Z	info	staff-logger	scenario/viewer.go:32	basic viewer scenario
2026-09-22T09:00:58.560Z	info	staff-logger	scenario/viewer.go:56	visit top
2026-09-22T09:00:58.561Z	info	staff-logger	scenario/viewer.go:64	get livestream
2026-09-22T09:00:58.561Z	info	staff-logger	scenario/viewer.go:83	visit livestream
2026-09-22T09:00:58.580Z	info	staff-logger	scenario/viewer.go:83	visit livestream
2026-09-22T09:00:58.589Z	info	staff-logger	scenario/viewer.go:32	basic viewer scenario
2026-09-22T09:00:58.589Z	info	staff-logger	scenario/viewer.go:56	visit top
2026-09-22T09:00:58.589Z	info	staff-logger	scenario/viewer.go:64	get livestream
2026-09-22T09:00:58.589Z	info	staff-logger	scenario/viewer.go:83	visit livestream
2026-09-22T09:00:58.595Z	info	staff-logger	scenario/viewer.go:32	basic viewer scenario
2026-09-22T09:00:58.595Z	info	staff-logger	scenario/viewer.go:56	visit top
2026-09-22T09:00:58.627Z	info	staff-logger	scenario/viewer.go:90	get livestream stats
2026-09-22T09:00:58.650Z	info	staff-logger	scenario/viewer.go:32	basic viewer scenario
2026-09-22T09:00:58.650Z	info	staff-logger	scenario/viewer.go:56	visit top
2026-09-22T09:00:58.650Z	info	staff-logger	scenario/viewer.go:64	get livestream
2026-09-22T09:00:58.650Z	info	staff-logger	scenario/viewer.go:83	visit livestream
2026-09-22T09:00:58.689Z	warn	staff-logger	scenario/viewer.go:178	viewer_spam: failed to post livecomment (moderated spam): benchmark-application: [一般エラー] POST /api/livestream/7606/livecomment へのリクエストに対して、期待されたHTTPステータスコードが確認できませんでした (expected:400, actual:201)

2026-09-22T09:00:58.725Z	info	staff-logger	scenario/viewer.go:32	basic viewer scenario
2026-09-22T09:00:58.725Z	info	staff-logger	scenario/viewer.go:56	visit top
2026-09-22T09:00:58.725Z	info	staff-logger	scenario/viewer.go:64	get livestream
2026-09-22T09:00:58.725Z	info	staff-logger	scenario/viewer.go:83	visit livestream
2026-09-22T09:00:58.813Z	info	staff-logger	scenario/viewer.go:32	basic viewer scenario
2026-09-22T09:00:58.813Z	info	staff-logger	scenario/viewer.go:56	visit top
2026-09-22T09:00:58.813Z	info	staff-logger	scenario/viewer.go:64	get livestream
2026-09-22T09:00:58.813Z	info	staff-logger	scenario/viewer.go:83	visit livestream
2026-09-22T09:00:58.905Z	info	staff-logger	scenario/viewer.go:32	basic viewer scenario
2026-09-22T09:00:58.905Z	info	staff-logger	scenario/viewer.go:56	visit top
2026-09-22T09:00:58.905Z	info	staff-logger	scenario/viewer.go:64	get livestream
2026-09-22T09:00:58.905Z	info	staff-logger	scenario/viewer.go:83	visit livestream
2026-09-22T09:00:58.939Z	info	staff-logger	scenario/viewer.go:32	basic viewer scenario
2026-09-22T09:00:58.939Z	info	staff-logger	scenario/viewer.go:56	visit top
2026-09-22T09:00:58.939Z	info	staff-logger	scenario/viewer.go:64	get livestream
2026-09-22T09:00:58.939Z	info	staff-logger	scenario/viewer.go:83	visit livestream
2026-09-22T09:00:58.968Z	info	staff-logger	scenario/viewer.go:32	basic viewer scenario
2026-09-22T09:00:58.968Z	info	staff-logger	scenario/viewer.go:56	visit top
2026-09-22T09:00:58.968Z	info	staff-logger	scenario/viewer.go:64	get livestream
2026-09-22T09:00:58.968Z	info	staff-logger	scenario/viewer.go:83	visit livestream
2026-09-22T09:00:58.979Z	info	staff-logger	scenario/viewer.go:90	get livestream stats
2026-09-22T09:00:58.993Z	info	staff-logger	scenario/viewer.go:32	basic viewer scenario
2026-09-22T09:00:58.993Z	info	staff-logger	scenario/viewer.go:56	visit top
2026-09-22T09:00:58.993Z	info	staff-logger	scenario/viewer.go:64	get livestream
2026-09-22T09:00:58.993Z	info	staff-logger	scenario/viewer.go:83	visit livestream
2026-09-22T09:00:59.081Z	info	staff-logger	scenario/viewer.go:32	basic viewer scenario
2026-09-22T09:00:59.081Z	info	staff-logger	scenario/viewer.go:56	visit top
2026-09-22T09:00:59.081Z	info	staff-logger	scenario/viewer.go:64	get livestream
2026-09-22T09:00:59.081Z	info	staff-logger	scenario/viewer.go:83	visit livestream
2026-09-22T09:00:59.120Z	info	staff-logger	scenario/viewer.go:32	basic viewer scenario
2026-09-22T09:00:59.120Z	info	staff-logger	scenario/viewer.go:56	visit top
2026-09-22T09:00:59.120Z	info	staff-logger	scenario/viewer.go:64	get livestream
2026-09-22T09:00:59.120Z	info	staff-logger	scenario/viewer.go:83	visit livestream
2026-09-22T09:00:59.195Z	info	staff-logger	scenario/viewer.go:32	basic viewer scenario
2026-09-22T09:00:59.195Z	info	staff-logger	scenario/viewer.go:56	visit top
2026-09-22T09:00:59.195Z	info	staff-logger	scenario/viewer.go:64	get livestream
2026-09-22T09:00:59.195Z	info	staff-logger	scenario/viewer.go:83	visit livestream
2026-09-22T09:00:59.243Z	info	staff-logger	scenario/viewer.go:90	get livestream stats
2026-09-22T09:00:59.319Z	info	staff-logger	scenario/viewer.go:64	get livestream
2026-09-22T09:00:59.319Z	info	staff-logger	scenario/viewer.go:76	visit user profile
2026-09-22T09:00:59.466Z	info	staff-logger	scenario/viewer.go:83	visit livestream
2026-09-22T09:00:59.520Z	warn	staff-logger	scenario/viewer.go:178	viewer_spam: failed to post livecomment (moderated spam): benchmark-application: [一般エラー] POST /api/livestream/7702/livecomment へのリクエストに対して、期待されたHTTPステータスコードが確認できませんでした (expected:400, actual:201)

2026-09-22T09:00:59.567Z	info	staff-logger	scenario/viewer.go:32	basic viewer scenario
2026-09-22T09:00:59.567Z	info	staff-logger	scenario/viewer.go:56	visit top
2026-09-22T09:00:59.567Z	info	staff-logger	scenario/viewer.go:64	get livestream
2026-09-22T09:00:59.567Z	info	staff-logger	scenario/viewer.go:83	visit livestream
2026-09-22T09:00:59.597Z	info	staff-logger	scenario/viewer.go:32	basic viewer scenario
2026-09-22T09:00:59.597Z	info	staff-logger	scenario/viewer.go:56	visit top
2026-09-22T09:00:59.597Z	info	staff-logger	scenario/viewer.go:64	get livestream
2026-09-22T09:00:59.597Z	info	staff-logger	scenario/viewer.go:83	visit livestream
2026-09-22T09:00:59.611Z	info	staff-logger	scenario/viewer.go:32	basic viewer scenario
2026-09-22T09:00:59.611Z	info	staff-logger	scenario/viewer.go:56	visit top
2026-09-22T09:00:59.611Z	info	staff-logger	scenario/viewer.go:64	get livestream
2026-09-22T09:00:59.611Z	info	staff-logger	scenario/viewer.go:83	visit livestream
2026-09-22T09:00:59.712Z	info	staff-logger	scenario/viewer.go:90	get livestream stats
2026-09-22T09:00:59.728Z	info	staff-logger	scenario/viewer.go:32	basic viewer scenario
2026-09-22T09:00:59.728Z	info	staff-logger	scenario/viewer.go:56	visit top
2026-09-22T09:00:59.728Z	info	staff-logger	scenario/viewer.go:64	get livestream
2026-09-22T09:00:59.728Z	info	staff-logger	scenario/viewer.go:83	visit livestream
2026-09-22T09:00:59.809Z	info	staff-logger	scenario/viewer.go:90	get livestream stats
2026-09-22T09:00:59.812Z	info	staff-logger	scenario/viewer.go:32	basic viewer scenario
2026-09-22T09:00:59.812Z	info	staff-logger	scenario/viewer.go:56	visit top
2026-09-22T09:00:59.831Z	info	staff-logger	scenario/viewer.go:32	basic viewer scenario
2026-09-22T09:00:59.831Z	info	staff-logger	scenario/viewer.go:56	visit top
2026-09-22T09:00:59.831Z	info	staff-logger	scenario/viewer.go:64	get livestream
2026-09-22T09:00:59.831Z	info	staff-logger	scenario/viewer.go:83	visit livestream
2026-09-22T09:00:59.878Z	info	staff-logger	scenario/viewer.go:32	basic viewer scenario
2026-09-22T09:00:59.878Z	info	staff-logger	scenario/viewer.go:56	visit top
2026-09-22T09:00:59.878Z	info	staff-logger	scenario/viewer.go:64	get livestream
2026-09-22T09:00:59.878Z	info	staff-logger	scenario/viewer.go:83	visit livestream
2026-09-22T09:01:00.081Z	info	staff-logger	scenario/viewer.go:32	basic viewer scenario
2026-09-22T09:01:00.081Z	info	staff-logger	scenario/viewer.go:56	visit top
2026-09-22T09:01:00.081Z	info	staff-logger	scenario/viewer.go:64	get livestream
2026-09-22T09:01:00.081Z	info	staff-logger	scenario/viewer.go:83	visit livestream
2026-09-22T09:01:00.131Z	info	staff-logger	scenario/viewer.go:32	basic viewer scenario
2026-09-22T09:01:00.131Z	info	staff-logger	scenario/viewer.go:56	visit top
2026-09-22T09:01:00.131Z	info	staff-logger	scenario/viewer.go:64	get livestream
2026-09-22T09:01:00.131Z	info	staff-logger	scenario/viewer.go:83	visit livestream
2026-09-22T09:01:00.182Z	info	staff-logger	scenario/viewer.go:32	basic viewer scenario
2026-09-22T09:01:00.182Z	info	staff-logger	scenario/viewer.go:56	visit top
2026-09-22T09:01:00.182Z	info	staff-logger	scenario/viewer.go:64	get livestream
2026-09-22T09:01:00.182Z	info	staff-logger	scenario/viewer.go:83	visit livestream
2026-09-22T09:01:00.188Z	info	staff-logger	scenario/viewer.go:32	basic viewer scenario
2026-09-22T09:01:00.188Z	info	staff-logger	scenario/viewer.go:56	visit top
2026-09-22T09:01:00.188Z	info	staff-logger	scenario/viewer.go:64	get livestream
2026-09-22T09:01:00.188Z	info	staff-logger	scenario/viewer.go:83	visit livestream
2026-09-22T09:01:00.260Z	info	staff-logger	scenario/viewer.go:32	basic viewer scenario
2026-09-22T09:01:00.260Z	info	staff-logger	scenario/viewer.go:46	change icon
2026-09-22T09:01:00.297Z	info	staff-logger	scenario/viewer.go:56	visit top
2026-09-22T09:01:00.387Z	info	staff-logger	scenario/viewer.go:32	basic viewer scenario
2026-09-22T09:01:00.387Z	info	staff-logger	scenario/viewer.go:56	visit top
2026-09-22T09:01:00.387Z	info	staff-logger	scenario/viewer.go:64	get livestream
2026-09-22T09:01:00.387Z	info	staff-logger	scenario/viewer.go:83	visit livestream
2026-09-22T09:01:00.405Z	info	staff-logger	scenario/viewer.go:64	get livestream
2026-09-22T09:01:00.405Z	info	staff-logger	scenario/viewer.go:76	visit user profile
2026-09-22T09:01:00.508Z	info	staff-logger	scenario/viewer.go:32	basic viewer scenario
2026-09-22T09:01:00.508Z	info	staff-logger	scenario/viewer.go:56	visit top
2026-09-22T09:01:00.508Z	info	staff-logger	scenario/viewer.go:64	get livestream
2026-09-22T09:01:00.508Z	info	staff-logger	scenario/viewer.go:83	visit livestream
2026-09-22T09:01:00.522Z	info	staff-logger	scenario/viewer.go:32	basic viewer scenario
2026-09-22T09:01:00.522Z	info	staff-logger	scenario/viewer.go:56	visit top
2026-09-22T09:01:00.536Z	info	staff-logger	scenario/viewer.go:32	basic viewer scenario
2026-09-22T09:01:00.536Z	info	staff-logger	scenario/viewer.go:56	visit top
2026-09-22T09:01:00.536Z	info	staff-logger	scenario/viewer.go:64	get livestream
2026-09-22T09:01:00.536Z	info	staff-logger	scenario/viewer.go:83	visit livestream
2026-09-22T09:01:00.546Z	info	staff-logger	scenario/viewer.go:83	visit livestream
2026-09-22T09:01:00.618Z	info	staff-logger	scenario/viewer.go:32	basic viewer scenario
2026-09-22T09:01:00.618Z	info	staff-logger	scenario/viewer.go:56	visit top
2026-09-22T09:01:00.618Z	info	staff-logger	scenario/viewer.go:64	get livestream
2026-09-22T09:01:00.618Z	info	staff-logger	scenario/viewer.go:83	visit livestream
2026-09-22T09:01:00.677Z	info	staff-logger	scenario/viewer.go:32	basic viewer scenario
2026-09-22T09:01:00.677Z	info	staff-logger	scenario/viewer.go:56	visit top
2026-09-22T09:01:00.677Z	info	staff-logger	scenario/viewer.go:64	get livestream
2026-09-22T09:01:00.677Z	info	staff-logger	scenario/viewer.go:83	visit livestream
2026-09-22T09:01:00.733Z	info	staff-logger	scenario/viewer.go:32	basic viewer scenario
2026-09-22T09:01:00.733Z	info	staff-logger	scenario/viewer.go:56	visit top
2026-09-22T09:01:00.733Z	info	staff-logger	scenario/viewer.go:64	get livestream
2026-09-22T09:01:00.733Z	info	staff-logger	scenario/viewer.go:83	visit livestream
2026-09-22T09:01:00.836Z	info	staff-logger	scenario/viewer.go:32	basic viewer scenario
2026-09-22T09:01:00.836Z	info	staff-logger	scenario/viewer.go:56	visit top
2026-09-22T09:01:00.927Z	info	staff-logger	scenario/viewer.go:64	get livestream
2026-09-22T09:01:00.927Z	info	staff-logger	scenario/viewer.go:76	visit user profile
2026-09-22T09:01:01.004Z	info	staff-logger	scenario/viewer.go:32	basic viewer scenario
2026-09-22T09:01:01.004Z	info	staff-logger	scenario/viewer.go:56	visit top
2026-09-22T09:01:01.004Z	info	staff-logger	scenario/viewer.go:64	get livestream
2026-09-22T09:01:01.004Z	info	staff-logger	scenario/viewer.go:83	visit livestream
2026-09-22T09:01:01.037Z	info	staff-logger	scenario/viewer.go:83	visit livestream
2026-09-22T09:01:01.120Z	info	staff-logger	scenario/viewer.go:32	basic viewer scenario
2026-09-22T09:01:01.120Z	info	staff-logger	scenario/viewer.go:56	visit top
2026-09-22T09:01:01.127Z	info	staff-logger	scenario/viewer.go:32	basic viewer scenario
2026-09-22T09:01:01.127Z	info	staff-logger	scenario/viewer.go:56	visit top
2026-09-22T09:01:01.127Z	info	staff-logger	scenario/viewer.go:64	get livestream
2026-09-22T09:01:01.127Z	info	staff-logger	scenario/viewer.go:83	visit livestream
2026-09-22T09:01:01.140Z	info	staff-logger	scenario/viewer.go:64	get livestream
2026-09-22T09:01:01.140Z	info	staff-logger	scenario/viewer.go:76	visit user profile
2026-09-22T09:01:01.198Z	info	staff-logger	scenario/viewer.go:32	basic viewer scenario
2026-09-22T09:01:01.198Z	info	staff-logger	scenario/viewer.go:56	visit top
2026-09-22T09:01:01.198Z	info	staff-logger	scenario/viewer.go:64	get livestream
2026-09-22T09:01:01.198Z	info	staff-logger	scenario/viewer.go:83	visit livestream
2026-09-22T09:01:01.248Z	info	staff-logger	scenario/viewer.go:83	visit livestream
2026-09-22T09:01:01.283Z	info	staff-logger	scenario/viewer.go:90	get livestream stats
2026-09-22T09:01:01.329Z	info	staff-logger	scenario/viewer.go:32	basic viewer scenario
2026-09-22T09:01:01.329Z	info	staff-logger	scenario/viewer.go:56	visit top
2026-09-22T09:01:01.329Z	info	staff-logger	scenario/viewer.go:64	get livestream
2026-09-22T09:01:01.329Z	info	staff-logger	scenario/viewer.go:83	visit livestream
2026-09-22T09:01:01.473Z	info	staff-logger	scenario/viewer.go:32	basic viewer scenario
2026-09-22T09:01:01.473Z	info	staff-logger	scenario/viewer.go:56	visit top
2026-09-22T09:01:01.473Z	info	staff-logger	scenario/viewer.go:64	get livestream
2026-09-22T09:01:01.473Z	info	staff-logger	scenario/viewer.go:83	visit livestream
2026-09-22T09:01:01.533Z	info	staff-logger	scenario/viewer.go:64	get livestream
2026-09-22T09:01:01.533Z	info	staff-logger	scenario/viewer.go:76	visit user profile
2026-09-22T09:01:01.551Z	info	staff-logger	scenario/viewer.go:32	basic viewer scenario
2026-09-22T09:01:01.551Z	info	staff-logger	scenario/viewer.go:56	visit top
2026-09-22T09:01:01.551Z	info	staff-logger	scenario/viewer.go:64	get livestream
2026-09-22T09:01:01.551Z	info	staff-logger	scenario/viewer.go:83	visit livestream
2026-09-22T09:01:01.557Z	info	staff-logger	scenario/viewer.go:32	basic viewer scenario
2026-09-22T09:01:01.557Z	info	staff-logger	scenario/viewer.go:56	visit top
2026-09-22T09:01:01.637Z	info	staff-logger	scenario/viewer.go:32	basic viewer scenario
2026-09-22T09:01:01.637Z	info	staff-logger	scenario/viewer.go:56	visit top
2026-09-22T09:01:01.637Z	info	staff-logger	scenario/viewer.go:64	get livestream
2026-09-22T09:01:01.637Z	info	staff-logger	scenario/viewer.go:83	visit livestream
2026-09-22T09:01:01.640Z	info	staff-logger	scenario/viewer.go:83	visit livestream
2026-09-22T09:01:01.660Z	info	staff-logger	scenario/viewer.go:32	basic viewer scenario
2026-09-22T09:01:01.660Z	info	staff-logger	scenario/viewer.go:56	visit top
2026-09-22T09:01:01.660Z	info	staff-logger	scenario/viewer.go:64	get livestream
2026-09-22T09:01:01.660Z	info	staff-logger	scenario/viewer.go:83	visit livestream
2026-09-22T09:01:01.719Z	info	staff-logger	scenario/viewer.go:32	basic viewer scenario
2026-09-22T09:01:01.719Z	info	staff-logger	scenario/viewer.go:56	visit top
2026-09-22T09:01:01.719Z	info	staff-logger	scenario/viewer.go:64	get livestream
2026-09-22T09:01:01.719Z	info	staff-logger	scenario/viewer.go:83	visit livestream
2026-09-22T09:01:01.738Z	warn	staff-logger	scenario/viewer.go:178	viewer_spam: failed to post livecomment (moderated spam): benchmark-application: [一般エラー] POST /api/livestream/7936/livecomment へのリクエストに対して、期待されたHTTPステータスコードが確認できませんでした (expected:400, actual:201)

2026-09-22T09:01:01.743Z	info	staff-logger	scenario/viewer.go:64	get livestream
2026-09-22T09:01:01.743Z	info	staff-logger	scenario/viewer.go:76	visit user profile
2026-09-22T09:01:01.783Z	info	staff-logger	scenario/viewer.go:32	basic viewer scenario
2026-09-22T09:01:01.783Z	info	staff-logger	scenario/viewer.go:56	visit top
2026-09-22T09:01:01.783Z	info	staff-logger	scenario/viewer.go:64	get livestream
2026-09-22T09:01:01.783Z	info	staff-logger	scenario/viewer.go:83	visit livestream
2026-09-22T09:01:01.799Z	info	staff-logger	scenario/viewer.go:32	basic viewer scenario
2026-09-22T09:01:01.799Z	info	staff-logger	scenario/viewer.go:56	visit top
2026-09-22T09:01:01.799Z	info	staff-logger	scenario/viewer.go:64	get livestream
2026-09-22T09:01:01.799Z	info	staff-logger	scenario/viewer.go:83	visit livestream
2026-09-22T09:01:01.851Z	info	staff-logger	scenario/viewer.go:83	visit livestream
2026-09-22T09:01:01.869Z	info	staff-logger	scenario/viewer.go:32	basic viewer scenario
2026-09-22T09:01:01.869Z	info	staff-logger	scenario/viewer.go:56	visit top
2026-09-22T09:01:01.869Z	info	staff-logger	scenario/viewer.go:64	get livestream
2026-09-22T09:01:01.869Z	info	staff-logger	scenario/viewer.go:83	visit livestream
2026-09-22T09:01:01.960Z	info	staff-logger	scenario/viewer.go:32	basic viewer scenario
2026-09-22T09:01:01.960Z	info	staff-logger	scenario/viewer.go:56	visit top
2026-09-22T09:01:01.960Z	info	staff-logger	scenario/viewer.go:64	get livestream
2026-09-22T09:01:01.960Z	info	staff-logger	scenario/viewer.go:83	visit livestream
2026-09-22T09:01:02.070Z	info	staff-logger	scenario/viewer.go:90	get livestream stats
2026-09-22T09:01:02.108Z	info	staff-logger	scenario/viewer.go:32	basic viewer scenario
2026-09-22T09:01:02.108Z	info	staff-logger	scenario/viewer.go:56	visit top
2026-09-22T09:01:02.108Z	info	staff-logger	scenario/viewer.go:64	get livestream
2026-09-22T09:01:02.108Z	info	staff-logger	scenario/viewer.go:83	visit livestream
2026-09-22T09:01:02.172Z	info	staff-logger	scenario/viewer.go:64	get livestream
2026-09-22T09:01:02.172Z	info	staff-logger	scenario/viewer.go:76	visit user profile
2026-09-22T09:01:02.197Z	info	staff-logger	scenario/viewer.go:32	basic viewer scenario
2026-09-22T09:01:02.197Z	info	staff-logger	scenario/viewer.go:56	visit top
2026-09-22T09:01:02.197Z	info	staff-logger	scenario/viewer.go:64	get livestream
2026-09-22T09:01:02.197Z	info	staff-logger	scenario/viewer.go:83	visit livestream
2026-09-22T09:01:02.225Z	warn	staff-logger	scenario/viewer.go:178	viewer_spam: failed to post livecomment (moderated spam): benchmark-application: [一般エラー] POST /api/livestream/7805/livecomment へのリクエストに対して、期待されたHTTPステータスコードが確認できませんでした (expected:400, actual:201)

2026-09-22T09:01:02.237Z	info	staff-logger	scenario/viewer.go:32	basic viewer scenario
2026-09-22T09:01:02.237Z	info	staff-logger	scenario/viewer.go:56	visit top
2026-09-22T09:01:02.237Z	info	staff-logger	scenario/viewer.go:64	get livestream
2026-09-22T09:01:02.237Z	info	staff-logger	scenario/viewer.go:83	visit livestream
2026-09-22T09:01:02.247Z	info	staff-logger	scenario/viewer.go:83	visit livestream
2026-09-22T09:01:02.291Z	info	staff-logger	scenario/viewer.go:32	basic viewer scenario
2026-09-22T09:01:02.291Z	info	staff-logger	scenario/viewer.go:56	visit top
2026-09-22T09:01:02.291Z	info	staff-logger	scenario/viewer.go:64	get livestream
2026-09-22T09:01:02.291Z	info	staff-logger	scenario/viewer.go:83	visit livestream
2026-09-22T09:01:02.399Z	info	staff-logger	scenario/viewer.go:32	basic viewer scenario
2026-09-22T09:01:02.399Z	info	staff-logger	scenario/viewer.go:56	visit top
2026-09-22T09:01:02.399Z	info	staff-logger	scenario/viewer.go:64	get livestream
2026-09-22T09:01:02.399Z	info	staff-logger	scenario/viewer.go:83	visit livestream
2026-09-22T09:01:02.643Z	info	staff-logger	scenario/viewer.go:32	basic viewer scenario
2026-09-22T09:01:02.643Z	info	staff-logger	scenario/viewer.go:56	visit top
2026-09-22T09:01:02.643Z	info	staff-logger	scenario/viewer.go:64	get livestream
2026-09-22T09:01:02.643Z	info	staff-logger	scenario/viewer.go:83	visit livestream
2026-09-22T09:01:02.687Z	info	staff-logger	scenario/viewer.go:32	basic viewer scenario
2026-09-22T09:01:02.687Z	info	staff-logger	scenario/viewer.go:56	visit top
2026-09-22T09:01:02.687Z	info	staff-logger	scenario/viewer.go:64	get livestream
2026-09-22T09:01:02.687Z	info	staff-logger	scenario/viewer.go:83	visit livestream
2026-09-22T09:01:02.695Z	info	staff-logger	scenario/viewer.go:32	basic viewer scenario
2026-09-22T09:01:02.695Z	info	staff-logger	scenario/viewer.go:56	visit top
2026-09-22T09:01:02.695Z	info	staff-logger	scenario/viewer.go:64	get livestream
2026-09-22T09:01:02.695Z	info	staff-logger	scenario/viewer.go:83	visit livestream
2026-09-22T09:01:02.697Z	info	staff-logger	scenario/viewer.go:32	basic viewer scenario
2026-09-22T09:01:02.697Z	info	staff-logger	scenario/viewer.go:56	visit top
2026-09-22T09:01:02.697Z	info	staff-logger	scenario/viewer.go:64	get livestream
2026-09-22T09:01:02.697Z	info	staff-logger	scenario/viewer.go:83	visit livestream
2026-09-22T09:01:02.745Z	info	staff-logger	scenario/viewer.go:90	get livestream stats
2026-09-22T09:01:03.120Z	info	staff-logger	scenario/viewer.go:32	basic viewer scenario
2026-09-22T09:01:03.120Z	info	staff-logger	scenario/viewer.go:56	visit top
2026-09-22T09:01:03.120Z	info	staff-logger	scenario/viewer.go:64	get livestream
2026-09-22T09:01:03.120Z	info	staff-logger	scenario/viewer.go:83	visit livestream
2026-09-22T09:01:03.145Z	info	staff-logger	scenario/viewer.go:32	basic viewer scenario
2026-09-22T09:01:03.145Z	info	staff-logger	scenario/viewer.go:56	visit top
2026-09-22T09:01:03.145Z	info	staff-logger	scenario/viewer.go:64	get livestream
2026-09-22T09:01:03.145Z	info	staff-logger	scenario/viewer.go:83	visit livestream
2026-09-22T09:01:03.163Z	info	staff-logger	scenario/viewer.go:90	get livestream stats
2026-09-22T09:01:03.187Z	info	staff-logger	scenario/viewer.go:32	basic viewer scenario
2026-09-22T09:01:03.187Z	info	staff-logger	scenario/viewer.go:56	visit top
2026-09-22T09:01:03.187Z	info	staff-logger	scenario/viewer.go:64	get livestream
2026-09-22T09:01:03.187Z	info	staff-logger	scenario/viewer.go:83	visit livestream
2026-09-22T09:01:03.187Z	info	staff-logger	scenario/viewer.go:32	basic viewer scenario
2026-09-22T09:01:03.187Z	info	staff-logger	scenario/viewer.go:56	visit top
2026-09-22T09:01:03.187Z	info	staff-logger	scenario/viewer.go:64	get livestream
2026-09-22T09:01:03.187Z	info	staff-logger	scenario/viewer.go:83	visit livestream
2026-09-22T09:01:03.196Z	info	staff-logger	scenario/viewer.go:32	basic viewer scenario
2026-09-22T09:01:03.196Z	info	staff-logger	scenario/viewer.go:56	visit top
2026-09-22T09:01:03.196Z	info	staff-logger	scenario/viewer.go:64	get livestream
2026-09-22T09:01:03.196Z	info	staff-logger	scenario/viewer.go:83	visit livestream
2026-09-22T09:01:03.208Z	info	staff-logger	scenario/viewer.go:32	basic viewer scenario
2026-09-22T09:01:03.208Z	info	staff-logger	scenario/viewer.go:56	visit top
2026-09-22T09:01:03.208Z	info	staff-logger	scenario/viewer.go:64	get livestream
2026-09-22T09:01:03.208Z	info	staff-logger	scenario/viewer.go:83	visit livestream
2026-09-22T09:01:03.235Z	info	staff-logger	scenario/viewer.go:32	basic viewer scenario
2026-09-22T09:01:03.235Z	info	staff-logger	scenario/viewer.go:56	visit top
2026-09-22T09:01:03.235Z	info	staff-logger	scenario/viewer.go:64	get livestream
2026-09-22T09:01:03.235Z	info	staff-logger	scenario/viewer.go:83	visit livestream
2026-09-22T09:01:03.392Z	info	staff-logger	scenario/streamer.go:48	change icon
2026-09-22T09:01:03.424Z	info	staff-logger	scenario/viewer.go:32	basic viewer scenario
2026-09-22T09:01:03.424Z	info	staff-logger	scenario/viewer.go:56	visit top
2026-09-22T09:01:03.424Z	info	staff-logger	scenario/viewer.go:64	get livestream
2026-09-22T09:01:03.424Z	info	staff-logger	scenario/viewer.go:83	visit livestream
2026-09-22T09:01:03.456Z	info	staff-logger	scenario/viewer.go:32	basic viewer scenario
2026-09-22T09:01:03.456Z	info	staff-logger	scenario/viewer.go:56	visit top
2026-09-22T09:01:03.456Z	info	staff-logger	scenario/viewer.go:64	get livestream
2026-09-22T09:01:03.456Z	info	staff-logger	scenario/viewer.go:83	visit livestream
2026-09-22T09:01:03.462Z	info	staff-logger	scenario/viewer.go:32	basic viewer scenario
2026-09-22T09:01:03.462Z	info	staff-logger	scenario/viewer.go:56	visit top
2026-09-22T09:01:03.462Z	info	staff-logger	scenario/viewer.go:64	get livestream
2026-09-22T09:01:03.462Z	info	staff-logger	scenario/viewer.go:83	visit livestream
2026-09-22T09:01:03.497Z	info	staff-logger	scenario/viewer.go:32	basic viewer scenario
2026-09-22T09:01:03.497Z	info	staff-logger	scenario/viewer.go:56	visit top
2026-09-22T09:01:03.497Z	info	staff-logger	scenario/viewer.go:64	get livestream
2026-09-22T09:01:03.497Z	info	staff-logger	scenario/viewer.go:83	visit livestream
2026-09-22T09:01:03.549Z	info	staff-logger	scenario/viewer.go:32	basic viewer scenario
2026-09-22T09:01:03.549Z	info	staff-logger	scenario/viewer.go:56	visit top
2026-09-22T09:01:03.549Z	info	staff-logger	scenario/viewer.go:64	get livestream
2026-09-22T09:01:03.550Z	info	staff-logger	scenario/viewer.go:83	visit livestream
2026-09-22T09:01:03.623Z	info	staff-logger	scenario/viewer.go:90	get livestream stats
2026-09-22T09:01:03.630Z	info	staff-logger	scenario/viewer.go:32	basic viewer scenario
2026-09-22T09:01:03.630Z	info	staff-logger	scenario/viewer.go:56	visit top
2026-09-22T09:01:03.630Z	info	staff-logger	scenario/viewer.go:64	get livestream
2026-09-22T09:01:03.630Z	info	staff-logger	scenario/viewer.go:83	visit livestream
2026-09-22T09:01:03.647Z	info	staff-logger	scenario/viewer.go:32	basic viewer scenario
2026-09-22T09:01:03.647Z	info	staff-logger	scenario/viewer.go:56	visit top
2026-09-22T09:01:03.647Z	info	staff-logger	scenario/viewer.go:64	get livestream
2026-09-22T09:01:03.647Z	info	staff-logger	scenario/viewer.go:83	visit livestream
2026-09-22T09:01:03.675Z	info	staff-logger	scenario/viewer.go:32	basic viewer scenario
2026-09-22T09:01:03.675Z	info	staff-logger	scenario/viewer.go:56	visit top
2026-09-22T09:01:03.675Z	info	staff-logger	scenario/viewer.go:64	get livestream
2026-09-22T09:01:03.675Z	info	staff-logger	scenario/viewer.go:83	visit livestream
2026-09-22T09:01:03.710Z	info	staff-logger	scenario/viewer.go:32	basic viewer scenario
2026-09-22T09:01:03.710Z	info	staff-logger	scenario/viewer.go:56	visit top
2026-09-22T09:01:03.710Z	info	staff-logger	scenario/viewer.go:64	get livestream
2026-09-22T09:01:03.710Z	info	staff-logger	scenario/viewer.go:83	visit livestream
2026-09-22T09:01:03.738Z	info	staff-logger	scenario/viewer.go:32	basic viewer scenario
2026-09-22T09:01:03.738Z	info	staff-logger	scenario/viewer.go:56	visit top
2026-09-22T09:01:03.738Z	info	staff-logger	scenario/viewer.go:64	get livestream
2026-09-22T09:01:03.738Z	info	staff-logger	scenario/viewer.go:83	visit livestream
2026-09-22T09:01:03.847Z	info	staff-logger	scenario/viewer.go:32	basic viewer scenario
2026-09-22T09:01:03.847Z	info	staff-logger	scenario/viewer.go:56	visit top
2026-09-22T09:01:03.847Z	info	staff-logger	scenario/viewer.go:64	get livestream
2026-09-22T09:01:03.847Z	info	staff-logger	scenario/viewer.go:83	visit livestream
2026-09-22T09:01:04.047Z	info	staff-logger	scenario/viewer.go:32	basic viewer scenario
2026-09-22T09:01:04.047Z	info	staff-logger	scenario/viewer.go:56	visit top
2026-09-22T09:01:04.047Z	info	staff-logger	scenario/viewer.go:64	get livestream
2026-09-22T09:01:04.047Z	info	staff-logger	scenario/viewer.go:83	visit livestream
2026-09-22T09:01:04.106Z	info	staff-logger	scenario/viewer.go:32	basic viewer scenario
2026-09-22T09:01:04.106Z	info	staff-logger	scenario/viewer.go:56	visit top
2026-09-22T09:01:04.106Z	info	staff-logger	scenario/viewer.go:64	get livestream
2026-09-22T09:01:04.106Z	info	staff-logger	scenario/viewer.go:83	visit livestream
2026-09-22T09:01:04.106Z	info	staff-logger	scenario/viewer.go:32	basic viewer scenario
2026-09-22T09:01:04.106Z	info	staff-logger	scenario/viewer.go:56	visit top
2026-09-22T09:01:04.106Z	info	staff-logger	scenario/viewer.go:64	get livestream
2026-09-22T09:01:04.106Z	info	staff-logger	scenario/viewer.go:83	visit livestream
2026-09-22T09:01:04.278Z	info	staff-logger	scenario/viewer.go:32	basic viewer scenario
2026-09-22T09:01:04.278Z	info	staff-logger	scenario/viewer.go:56	visit top
2026-09-22T09:01:04.278Z	info	staff-logger	scenario/viewer.go:64	get livestream
2026-09-22T09:01:04.278Z	info	staff-logger	scenario/viewer.go:83	visit livestream
2026-09-22T09:01:04.370Z	info	staff-logger	scenario/viewer.go:32	basic viewer scenario
2026-09-22T09:01:04.370Z	info	staff-logger	scenario/viewer.go:56	visit top
2026-09-22T09:01:04.386Z	info	staff-logger	scenario/viewer.go:32	basic viewer scenario
2026-09-22T09:01:04.386Z	info	staff-logger	scenario/viewer.go:56	visit top
2026-09-22T09:01:04.386Z	info	staff-logger	scenario/viewer.go:64	get livestream
2026-09-22T09:01:04.386Z	info	staff-logger	scenario/viewer.go:83	visit livestream
2026-09-22T09:01:04.440Z	info	staff-logger	scenario/viewer.go:32	basic viewer scenario
2026-09-22T09:01:04.440Z	info	staff-logger	scenario/viewer.go:56	visit top
2026-09-22T09:01:04.440Z	info	staff-logger	scenario/viewer.go:64	get livestream
2026-09-22T09:01:04.440Z	info	staff-logger	scenario/viewer.go:83	visit livestream
2026-09-22T09:01:04.497Z	info	staff-logger	scenario/viewer.go:32	basic viewer scenario
2026-09-22T09:01:04.498Z	info	staff-logger	scenario/viewer.go:56	visit top
2026-09-22T09:01:04.610Z	info	staff-logger	scenario/viewer.go:32	basic viewer scenario
2026-09-22T09:01:04.610Z	info	staff-logger	scenario/viewer.go:56	visit top
2026-09-22T09:01:04.610Z	info	staff-logger	scenario/viewer.go:64	get livestream
2026-09-22T09:01:04.610Z	info	staff-logger	scenario/viewer.go:83	visit livestream
2026-09-22T09:01:04.648Z	info	staff-logger	scenario/viewer.go:32	basic viewer scenario
2026-09-22T09:01:04.648Z	info	staff-logger	scenario/viewer.go:56	visit top
2026-09-22T09:01:04.648Z	info	staff-logger	scenario/viewer.go:64	get livestream
2026-09-22T09:01:04.648Z	info	staff-logger	scenario/viewer.go:83	visit livestream
2026-09-22T09:01:04.696Z	info	staff-logger	scenario/viewer.go:32	basic viewer scenario
2026-09-22T09:01:04.696Z	info	staff-logger	scenario/viewer.go:56	visit top
2026-09-22T09:01:04.696Z	info	staff-logger	scenario/viewer.go:64	get livestream
2026-09-22T09:01:04.696Z	info	staff-logger	scenario/viewer.go:83	visit livestream
2026-09-22T09:01:04.796Z	warn	staff-logger	scenario/viewer.go:178	viewer_spam: failed to post livecomment (moderated spam): benchmark-application: [一般エラー] POST /api/livestream/7819/livecomment へのリクエストに対して、期待されたHTTPステータスコードが確認できませんでした (expected:400, actual:201)

2026-09-22T09:01:04.825Z	info	staff-logger	scenario/viewer.go:90	get livestream stats
2026-09-22T09:01:04.885Z	info	staff-logger	scenario/viewer.go:32	basic viewer scenario
2026-09-22T09:01:04.885Z	info	staff-logger	scenario/viewer.go:56	visit top
2026-09-22T09:01:04.926Z	info	staff-logger	scenario/viewer.go:32	basic viewer scenario
2026-09-22T09:01:04.926Z	info	staff-logger	scenario/viewer.go:56	visit top
2026-09-22T09:01:04.926Z	info	staff-logger	scenario/viewer.go:64	get livestream
2026-09-22T09:01:04.926Z	info	staff-logger	scenario/viewer.go:83	visit livestream
2026-09-22T09:01:04.936Z	info	staff-logger	scenario/viewer.go:32	basic viewer scenario
2026-09-22T09:01:04.936Z	info	staff-logger	scenario/viewer.go:56	visit top
2026-09-22T09:01:04.936Z	info	staff-logger	scenario/viewer.go:64	get livestream
2026-09-22T09:01:04.936Z	info	staff-logger	scenario/viewer.go:83	visit livestream
2026-09-22T09:01:05.003Z	info	staff-logger	scenario/viewer.go:90	get livestream stats
2026-09-22T09:01:05.016Z	info	staff-logger	scenario/viewer.go:32	basic viewer scenario
2026-09-22T09:01:05.016Z	info	staff-logger	scenario/viewer.go:56	visit top
2026-09-22T09:01:05.016Z	info	staff-logger	scenario/viewer.go:64	get livestream
2026-09-22T09:01:05.016Z	info	staff-logger	scenario/viewer.go:83	visit livestream
2026-09-22T09:01:05.019Z	info	staff-logger	scenario/viewer.go:32	basic viewer scenario
2026-09-22T09:01:05.019Z	info	staff-logger	scenario/viewer.go:56	visit top
2026-09-22T09:01:05.019Z	info	staff-logger	scenario/viewer.go:64	get livestream
2026-09-22T09:01:05.019Z	info	staff-logger	scenario/viewer.go:83	visit livestream
2026-09-22T09:01:05.043Z	info	staff-logger	scenario/viewer.go:64	get livestream
2026-09-22T09:01:05.043Z	info	staff-logger	scenario/viewer.go:76	visit user profile
2026-09-22T09:01:05.044Z	info	staff-logger	scenario/viewer.go:32	basic viewer scenario
2026-09-22T09:01:05.044Z	info	staff-logger	scenario/viewer.go:56	visit top
2026-09-22T09:01:05.044Z	info	staff-logger	scenario/viewer.go:64	get livestream
2026-09-22T09:01:05.044Z	info	staff-logger	scenario/viewer.go:83	visit livestream
2026-09-22T09:01:05.059Z	info	staff-logger	scenario/viewer.go:64	get livestream
2026-09-22T09:01:05.059Z	info	staff-logger	scenario/viewer.go:76	visit user profile
2026-09-22T09:01:05.199Z	info	staff-logger	scenario/viewer.go:32	basic viewer scenario
2026-09-22T09:01:05.199Z	info	staff-logger	scenario/viewer.go:56	visit top
2026-09-22T09:01:05.199Z	info	staff-logger	scenario/viewer.go:64	get livestream
2026-09-22T09:01:05.199Z	info	staff-logger	scenario/viewer.go:83	visit livestream
2026-09-22T09:01:05.200Z	info	staff-logger	scenario/viewer.go:83	visit livestream
2026-09-22T09:01:05.243Z	info	staff-logger	scenario/viewer.go:83	visit livestream
2026-09-22T09:01:05.316Z	info	staff-logger	scenario/viewer.go:32	basic viewer scenario
2026-09-22T09:01:05.316Z	info	staff-logger	scenario/viewer.go:56	visit top
2026-09-22T09:01:05.317Z	info	staff-logger	scenario/viewer.go:64	get livestream
2026-09-22T09:01:05.317Z	info	staff-logger	scenario/viewer.go:83	visit livestream
2026-09-22T09:01:05.386Z	info	staff-logger	scenario/viewer.go:32	basic viewer scenario
2026-09-22T09:01:05.386Z	info	staff-logger	scenario/viewer.go:56	visit top
2026-09-22T09:01:05.386Z	info	staff-logger	scenario/viewer.go:64	get livestream
2026-09-22T09:01:05.386Z	info	staff-logger	scenario/viewer.go:83	visit livestream
2026-09-22T09:01:05.395Z	info	staff-logger	scenario/viewer.go:64	get livestream
2026-09-22T09:01:05.395Z	info	staff-logger	scenario/viewer.go:76	visit user profile
2026-09-22T09:01:05.400Z	warn	staff-logger	scenario/viewer.go:178	viewer_spam: failed to post livecomment (moderated spam): benchmark-application: [一般エラー] POST /api/livestream/7967/livecomment へのリクエストに対して、期待されたHTTPステータスコードが確認できませんでした (expected:400, actual:201)

2026-09-22T09:01:05.466Z	info	staff-logger	scenario/viewer.go:83	visit livestream
2026-09-22T09:01:05.846Z	info	staff-logger	scenario/viewer.go:32	basic viewer scenario
2026-09-22T09:01:05.846Z	info	staff-logger	scenario/viewer.go:56	visit top
2026-09-22T09:01:05.846Z	info	staff-logger	scenario/viewer.go:64	get livestream
2026-09-22T09:01:05.846Z	info	staff-logger	scenario/viewer.go:83	visit livestream
2026-09-22T09:01:05.902Z	info	staff-logger	scenario/viewer.go:32	basic viewer scenario
2026-09-22T09:01:05.902Z	info	staff-logger	scenario/viewer.go:56	visit top
2026-09-22T09:01:05.902Z	info	staff-logger	scenario/viewer.go:64	get livestream
2026-09-22T09:01:05.902Z	info	staff-logger	scenario/viewer.go:83	visit livestream
2026-09-22T09:01:05.902Z	info	staff-logger	scenario/viewer.go:32	basic viewer scenario
2026-09-22T09:01:05.902Z	info	staff-logger	scenario/viewer.go:56	visit top
2026-09-22T09:01:05.902Z	info	staff-logger	scenario/viewer.go:64	get livestream
2026-09-22T09:01:05.902Z	info	staff-logger	scenario/viewer.go:83	visit livestream
2026-09-22T09:01:05.953Z	info	staff-logger	scenario/viewer.go:32	basic viewer scenario
2026-09-22T09:01:05.953Z	info	staff-logger	scenario/viewer.go:56	visit top
2026-09-22T09:01:05.953Z	info	staff-logger	scenario/viewer.go:64	get livestream
2026-09-22T09:01:05.953Z	info	staff-logger	scenario/viewer.go:83	visit livestream
2026-09-22T09:01:05.964Z	info	staff-logger	scenario/viewer.go:32	basic viewer scenario
2026-09-22T09:01:05.964Z	info	staff-logger	scenario/viewer.go:56	visit top
2026-09-22T09:01:05.964Z	info	staff-logger	scenario/viewer.go:64	get livestream
2026-09-22T09:01:05.964Z	info	staff-logger	scenario/viewer.go:83	visit livestream
2026-09-22T09:01:06.006Z	info	staff-logger	scenario/viewer.go:90	get livestream stats
2026-09-22T09:01:06.014Z	info	staff-logger	scenario/viewer.go:32	basic viewer scenario
2026-09-22T09:01:06.015Z	info	staff-logger	scenario/viewer.go:56	visit top
2026-09-22T09:01:06.030Z	info	staff-logger	scenario/viewer.go:32	basic viewer scenario
2026-09-22T09:01:06.030Z	info	staff-logger	scenario/viewer.go:56	visit top
2026-09-22T09:01:06.030Z	info	staff-logger	scenario/viewer.go:64	get livestream
2026-09-22T09:01:06.030Z	info	staff-logger	scenario/viewer.go:83	visit livestream
2026-09-22T09:01:06.069Z	info	staff-logger	scenario/viewer.go:32	basic viewer scenario
2026-09-22T09:01:06.069Z	info	staff-logger	scenario/viewer.go:56	visit top
2026-09-22T09:01:06.069Z	info	staff-logger	scenario/viewer.go:64	get livestream
2026-09-22T09:01:06.069Z	info	staff-logger	scenario/viewer.go:83	visit livestream
2026-09-22T09:01:06.132Z	info	staff-logger	scenario/viewer.go:32	basic viewer scenario
2026-09-22T09:01:06.132Z	info	staff-logger	scenario/viewer.go:56	visit top
2026-09-22T09:01:06.132Z	info	staff-logger	scenario/viewer.go:64	get livestream
2026-09-22T09:01:06.132Z	info	staff-logger	scenario/viewer.go:83	visit livestream
2026-09-22T09:01:06.208Z	info	staff-logger	scenario/viewer.go:32	basic viewer scenario
2026-09-22T09:01:06.208Z	info	staff-logger	scenario/viewer.go:56	visit top
2026-09-22T09:01:06.208Z	info	staff-logger	scenario/viewer.go:64	get livestream
2026-09-22T09:01:06.208Z	info	staff-logger	scenario/viewer.go:83	visit livestream
2026-09-22T09:01:06.211Z	info	staff-logger	scenario/viewer.go:32	basic viewer scenario
2026-09-22T09:01:06.211Z	info	staff-logger	scenario/viewer.go:56	visit top
2026-09-22T09:01:06.211Z	info	staff-logger	scenario/viewer.go:64	get livestream
2026-09-22T09:01:06.211Z	info	staff-logger	scenario/viewer.go:83	visit livestream
2026-09-22T09:01:06.241Z	info	staff-logger	scenario/viewer.go:90	get livestream stats
2026-09-22T09:01:06.261Z	info	staff-logger	scenario/viewer.go:32	basic viewer scenario
2026-09-22T09:01:06.261Z	info	staff-logger	scenario/viewer.go:56	visit top
2026-09-22T09:01:06.261Z	info	staff-logger	scenario/viewer.go:64	get livestream
2026-09-22T09:01:06.261Z	info	staff-logger	scenario/viewer.go:83	visit livestream
2026-09-22T09:01:06.329Z	info	staff-logger	scenario/viewer.go:32	basic viewer scenario
2026-09-22T09:01:06.329Z	info	staff-logger	scenario/viewer.go:56	visit top
2026-09-22T09:01:06.329Z	info	staff-logger	scenario/viewer.go:64	get livestream
2026-09-22T09:01:06.329Z	info	staff-logger	scenario/viewer.go:83	visit livestream
2026-09-22T09:01:06.390Z	info	staff-logger	scenario/viewer.go:90	get livestream stats
2026-09-22T09:01:06.583Z	info	staff-logger	scenario/viewer.go:32	basic viewer scenario
2026-09-22T09:01:06.583Z	info	staff-logger	scenario/viewer.go:56	visit top
2026-09-22T09:01:06.583Z	info	staff-logger	scenario/viewer.go:64	get livestream
2026-09-22T09:01:06.583Z	info	staff-logger	scenario/viewer.go:83	visit livestream
2026-09-22T09:01:06.589Z	info	staff-logger	scenario/viewer.go:32	basic viewer scenario
2026-09-22T09:01:06.589Z	info	staff-logger	scenario/viewer.go:56	visit top
2026-09-22T09:01:06.589Z	info	staff-logger	scenario/viewer.go:64	get livestream
2026-09-22T09:01:06.589Z	info	staff-logger	scenario/viewer.go:83	visit livestream
2026-09-22T09:01:06.617Z	info	staff-logger	scenario/viewer.go:32	basic viewer scenario
2026-09-22T09:01:06.617Z	info	staff-logger	scenario/viewer.go:56	visit top
2026-09-22T09:01:06.617Z	info	staff-logger	scenario/viewer.go:64	get livestream
2026-09-22T09:01:06.617Z	info	staff-logger	scenario/viewer.go:83	visit livestream
2026-09-22T09:01:06.628Z	warn	staff-logger	scenario/viewer.go:178	viewer_spam: failed to post livecomment (moderated spam): benchmark-application: [一般エラー] POST /api/livestream/7827/livecomment へのリクエストに対して、期待されたHTTPステータスコードが確認できませんでした (expected:400, actual:201)

2026-09-22T09:01:06.657Z	info	staff-logger	scenario/viewer.go:64	get livestream
2026-09-22T09:01:06.657Z	info	staff-logger	scenario/viewer.go:76	visit user profile
2026-09-22T09:01:06.685Z	info	staff-logger	scenario/viewer.go:32	basic viewer scenario
2026-09-22T09:01:06.685Z	info	staff-logger	scenario/viewer.go:56	visit top
2026-09-22T09:01:06.685Z	info	staff-logger	scenario/viewer.go:64	get livestream
2026-09-22T09:01:06.685Z	info	staff-logger	scenario/viewer.go:83	visit livestream
2026-09-22T09:01:06.704Z	info	staff-logger	scenario/viewer.go:90	get livestream stats
2026-09-22T09:01:06.725Z	info	staff-logger	scenario/viewer.go:32	basic viewer scenario
2026-09-22T09:01:06.725Z	info	staff-logger	scenario/viewer.go:56	visit top
2026-09-22T09:01:06.793Z	info	staff-logger	scenario/viewer.go:32	basic viewer scenario
2026-09-22T09:01:06.793Z	info	staff-logger	scenario/viewer.go:56	visit top
2026-09-22T09:01:06.793Z	info	staff-logger	scenario/viewer.go:64	get livestream
2026-09-22T09:01:06.793Z	info	staff-logger	scenario/viewer.go:83	visit livestream
2026-09-22T09:01:06.795Z	info	staff-logger	scenario/viewer.go:83	visit livestream
2026-09-22T09:01:06.806Z	info	staff-logger	scenario/viewer.go:32	basic viewer scenario
2026-09-22T09:01:06.806Z	info	staff-logger	scenario/viewer.go:56	visit top
2026-09-22T09:01:06.806Z	info	staff-logger	scenario/viewer.go:64	get livestream
2026-09-22T09:01:06.806Z	info	staff-logger	scenario/viewer.go:83	visit livestream
2026-09-22T09:01:06.979Z	info	staff-logger	scenario/viewer.go:32	basic viewer scenario
2026-09-22T09:01:06.980Z	info	staff-logger	scenario/viewer.go:56	visit top
2026-09-22T09:01:06.980Z	info	staff-logger	scenario/viewer.go:64	get livestream
2026-09-22T09:01:06.980Z	info	staff-logger	scenario/viewer.go:83	visit livestream
2026-09-22T09:01:07.060Z	info	staff-logger	scenario/viewer.go:32	basic viewer scenario
2026-09-22T09:01:07.060Z	info	staff-logger	scenario/viewer.go:56	visit top
2026-09-22T09:01:07.060Z	info	staff-logger	scenario/viewer.go:64	get livestream
2026-09-22T09:01:07.060Z	info	staff-logger	scenario/viewer.go:83	visit livestream
2026-09-22T09:01:07.103Z	info	staff-logger	scenario/viewer.go:32	basic viewer scenario
2026-09-22T09:01:07.103Z	info	staff-logger	scenario/viewer.go:56	visit top
2026-09-22T09:01:07.103Z	info	staff-logger	scenario/viewer.go:64	get livestream
2026-09-22T09:01:07.103Z	info	staff-logger	scenario/viewer.go:83	visit livestream
2026-09-22T09:01:07.123Z	info	staff-logger	scenario/viewer.go:32	basic viewer scenario
2026-09-22T09:01:07.124Z	info	staff-logger	scenario/viewer.go:56	visit top
2026-09-22T09:01:07.124Z	info	staff-logger	scenario/viewer.go:64	get livestream
2026-09-22T09:01:07.124Z	info	staff-logger	scenario/viewer.go:83	visit livestream
2026-09-22T09:01:07.335Z	info	staff-logger	scenario/viewer.go:64	get livestream
2026-09-22T09:01:07.335Z	info	staff-logger	scenario/viewer.go:76	visit user profile
2026-09-22T09:01:07.383Z	info	staff-logger	scenario/viewer.go:32	basic viewer scenario
2026-09-22T09:01:07.383Z	info	staff-logger	scenario/viewer.go:56	visit top
2026-09-22T09:01:07.383Z	info	staff-logger	scenario/viewer.go:64	get livestream
2026-09-22T09:01:07.383Z	info	staff-logger	scenario/viewer.go:83	visit livestream
2026-09-22T09:01:07.460Z	info	staff-logger	scenario/viewer.go:83	visit livestream
2026-09-22T09:01:07.536Z	info	staff-logger	scenario/viewer.go:32	basic viewer scenario
2026-09-22T09:01:07.536Z	info	staff-logger	scenario/viewer.go:56	visit top
2026-09-22T09:01:07.536Z	info	staff-logger	scenario/viewer.go:64	get livestream
2026-09-22T09:01:07.536Z	info	staff-logger	scenario/viewer.go:83	visit livestream
2026-09-22T09:01:07.602Z	info	staff-logger	scenario/viewer.go:32	basic viewer scenario
2026-09-22T09:01:07.602Z	info	staff-logger	scenario/viewer.go:56	visit top
2026-09-22T09:01:07.602Z	info	staff-logger	scenario/viewer.go:64	get livestream
2026-09-22T09:01:07.602Z	info	staff-logger	scenario/viewer.go:83	visit livestream
2026-09-22T09:01:07.602Z	info	staff-logger	scenario/viewer.go:32	basic viewer scenario
2026-09-22T09:01:07.602Z	info	staff-logger	scenario/viewer.go:56	visit top
2026-09-22T09:01:07.602Z	info	staff-logger	scenario/viewer.go:64	get livestream
2026-09-22T09:01:07.602Z	info	staff-logger	scenario/viewer.go:83	visit livestream
2026-09-22T09:01:07.616Z	info	staff-logger	scenario/viewer.go:32	basic viewer scenario
2026-09-22T09:01:07.616Z	info	staff-logger	scenario/viewer.go:56	visit top
2026-09-22T09:01:07.616Z	info	staff-logger	scenario/viewer.go:64	get livestream
2026-09-22T09:01:07.616Z	info	staff-logger	scenario/viewer.go:83	visit livestream
2026-09-22T09:01:07.838Z	info	staff-logger	scenario/viewer.go:32	basic viewer scenario
2026-09-22T09:01:07.838Z	info	staff-logger	scenario/viewer.go:56	visit top
2026-09-22T09:01:07.838Z	info	staff-logger	scenario/viewer.go:64	get livestream
2026-09-22T09:01:07.838Z	info	staff-logger	scenario/viewer.go:83	visit livestream
2026-09-22T09:01:07.841Z	info	staff-logger	scenario/viewer.go:32	basic viewer scenario
2026-09-22T09:01:07.841Z	info	staff-logger	scenario/viewer.go:56	visit top
2026-09-22T09:01:07.841Z	info	staff-logger	scenario/viewer.go:64	get livestream
2026-09-22T09:01:07.841Z	info	staff-logger	scenario/viewer.go:83	visit livestream
2026-09-22T09:01:07.912Z	info	staff-logger	scenario/viewer.go:90	get livestream stats
2026-09-22T09:01:07.930Z	info	staff-logger	scenario/viewer.go:32	basic viewer scenario
2026-09-22T09:01:07.931Z	info	staff-logger	scenario/viewer.go:56	visit top
2026-09-22T09:01:07.931Z	info	staff-logger	scenario/viewer.go:64	get livestream
2026-09-22T09:01:07.931Z	info	staff-logger	scenario/viewer.go:83	visit livestream
2026-09-22T09:01:07.931Z	info	staff-logger	scenario/viewer.go:32	basic viewer scenario
2026-09-22T09:01:07.931Z	info	staff-logger	scenario/viewer.go:56	visit top
2026-09-22T09:01:07.931Z	info	staff-logger	scenario/viewer.go:64	get livestream
2026-09-22T09:01:07.931Z	info	staff-logger	scenario/viewer.go:83	visit livestream
2026-09-22T09:01:07.957Z	info	staff-logger	scenario/viewer.go:32	basic viewer scenario
2026-09-22T09:01:07.957Z	info	staff-logger	scenario/viewer.go:56	visit top
2026-09-22T09:01:07.957Z	info	staff-logger	scenario/viewer.go:64	get livestream
2026-09-22T09:01:07.957Z	info	staff-logger	scenario/viewer.go:83	visit livestream
2026-09-22T09:01:08.002Z	info	staff-logger	scenario/viewer.go:32	basic viewer scenario
2026-09-22T09:01:08.002Z	info	staff-logger	scenario/viewer.go:56	visit top
2026-09-22T09:01:08.003Z	info	staff-logger	scenario/viewer.go:64	get livestream
2026-09-22T09:01:08.003Z	info	staff-logger	scenario/viewer.go:83	visit livestream
2026-09-22T09:01:08.040Z	info	staff-logger	scenario/viewer.go:32	basic viewer scenario
2026-09-22T09:01:08.040Z	info	staff-logger	scenario/viewer.go:56	visit top
2026-09-22T09:01:08.040Z	info	staff-logger	scenario/viewer.go:64	get livestream
2026-09-22T09:01:08.040Z	info	staff-logger	scenario/viewer.go:83	visit livestream
2026-09-22T09:01:08.082Z	info	staff-logger	scenario/viewer.go:90	get livestream stats
2026-09-22T09:01:08.168Z	info	staff-logger	scenario/viewer.go:32	basic viewer scenario
2026-09-22T09:01:08.168Z	info	staff-logger	scenario/viewer.go:56	visit top
2026-09-22T09:01:08.168Z	info	staff-logger	scenario/viewer.go:64	get livestream
2026-09-22T09:01:08.168Z	info	staff-logger	scenario/viewer.go:83	visit livestream
2026-09-22T09:01:08.200Z	info	staff-logger	scenario/viewer.go:90	get livestream stats
2026-09-22T09:01:08.245Z	info	staff-logger	scenario/viewer.go:32	basic viewer scenario
2026-09-22T09:01:08.245Z	info	staff-logger	scenario/viewer.go:56	visit top
2026-09-22T09:01:08.245Z	info	staff-logger	scenario/viewer.go:64	get livestream
2026-09-22T09:01:08.245Z	info	staff-logger	scenario/viewer.go:83	visit livestream
2026-09-22T09:01:08.311Z	info	staff-logger	scenario/viewer.go:32	basic viewer scenario
2026-09-22T09:01:08.311Z	info	staff-logger	scenario/viewer.go:56	visit top
2026-09-22T09:01:08.330Z	info	staff-logger	scenario/viewer.go:32	basic viewer scenario
2026-09-22T09:01:08.330Z	info	staff-logger	scenario/viewer.go:56	visit top
2026-09-22T09:01:08.487Z	info	staff-logger	scenario/viewer.go:32	basic viewer scenario
2026-09-22T09:01:08.487Z	info	staff-logger	scenario/viewer.go:56	visit top
2026-09-22T09:01:08.487Z	info	staff-logger	scenario/viewer.go:64	get livestream
2026-09-22T09:01:08.487Z	info	staff-logger	scenario/viewer.go:83	visit livestream
2026-09-22T09:01:08.497Z	info	staff-logger	scenario/viewer.go:32	basic viewer scenario
2026-09-22T09:01:08.497Z	info	staff-logger	scenario/viewer.go:56	visit top
2026-09-22T09:01:08.497Z	info	staff-logger	scenario/viewer.go:64	get livestream
2026-09-22T09:01:08.497Z	info	staff-logger	scenario/viewer.go:83	visit livestream
2026-09-22T09:01:08.518Z	info	staff-logger	scenario/viewer.go:90	get livestream stats
2026-09-22T09:01:08.605Z	info	staff-logger	scenario/viewer.go:32	basic viewer scenario
2026-09-22T09:01:08.605Z	info	staff-logger	scenario/viewer.go:56	visit top
2026-09-22T09:01:08.605Z	info	staff-logger	scenario/viewer.go:64	get livestream
2026-09-22T09:01:08.605Z	info	staff-logger	scenario/viewer.go:83	visit livestream
2026-09-22T09:01:08.615Z	info	staff-logger	scenario/viewer.go:32	basic viewer scenario
2026-09-22T09:01:08.615Z	info	staff-logger	scenario/viewer.go:56	visit top
2026-09-22T09:01:08.615Z	info	staff-logger	scenario/viewer.go:64	get livestream
2026-09-22T09:01:08.615Z	info	staff-logger	scenario/viewer.go:83	visit livestream
2026-09-22T09:01:08.817Z	info	staff-logger	scenario/viewer.go:32	basic viewer scenario
2026-09-22T09:01:08.817Z	info	staff-logger	scenario/viewer.go:56	visit top
2026-09-22T09:01:08.817Z	info	staff-logger	scenario/viewer.go:64	get livestream
2026-09-22T09:01:08.817Z	info	staff-logger	scenario/viewer.go:83	visit livestream
2026-09-22T09:01:08.932Z	info	staff-logger	scenario/viewer.go:32	basic viewer scenario
2026-09-22T09:01:08.932Z	info	staff-logger	scenario/viewer.go:56	visit top
2026-09-22T09:01:08.932Z	info	staff-logger	scenario/viewer.go:64	get livestream
2026-09-22T09:01:08.932Z	info	staff-logger	scenario/viewer.go:83	visit livestream
2026-09-22T09:01:08.941Z	info	staff-logger	scenario/viewer.go:64	get livestream
2026-09-22T09:01:08.941Z	info	staff-logger	scenario/viewer.go:76	visit user profile
2026-09-22T09:01:09.021Z	info	staff-logger	scenario/viewer.go:64	get livestream
2026-09-22T09:01:09.021Z	info	staff-logger	scenario/viewer.go:76	visit user profile
2026-09-22T09:01:09.023Z	info	staff-logger	scenario/viewer.go:83	visit livestream
2026-09-22T09:01:09.112Z	info	staff-logger	scenario/viewer.go:83	visit livestream
2026-09-22T09:01:09.184Z	info	staff-logger	scenario/viewer.go:32	basic viewer scenario
2026-09-22T09:01:09.184Z	info	staff-logger	scenario/viewer.go:56	visit top
2026-09-22T09:01:09.184Z	info	staff-logger	scenario/viewer.go:64	get livestream
2026-09-22T09:01:09.184Z	info	staff-logger	scenario/viewer.go:83	visit livestream
2026-09-22T09:01:09.214Z	info	staff-logger	scenario/viewer.go:32	basic viewer scenario
2026-09-22T09:01:09.214Z	info	staff-logger	scenario/viewer.go:56	visit top
2026-09-22T09:01:09.214Z	info	staff-logger	scenario/viewer.go:64	get livestream
2026-09-22T09:01:09.214Z	info	staff-logger	scenario/viewer.go:83	visit livestream
2026-09-22T09:01:09.381Z	info	staff-logger	scenario/viewer.go:32	basic viewer scenario
2026-09-22T09:01:09.381Z	info	staff-logger	scenario/viewer.go:56	visit top
2026-09-22T09:01:09.381Z	info	staff-logger	scenario/viewer.go:64	get livestream
2026-09-22T09:01:09.381Z	info	staff-logger	scenario/viewer.go:83	visit livestream
2026-09-22T09:01:09.502Z	info	staff-logger	scenario/viewer.go:32	basic viewer scenario
2026-09-22T09:01:09.502Z	info	staff-logger	scenario/viewer.go:56	visit top
2026-09-22T09:01:09.503Z	info	staff-logger	scenario/viewer.go:64	get livestream
2026-09-22T09:01:09.503Z	info	staff-logger	scenario/viewer.go:83	visit livestream
2026-09-22T09:01:09.585Z	warn	staff-logger	scenario/viewer.go:178	viewer_spam: failed to post livecomment (moderated spam): benchmark-application: [一般エラー] POST /api/livestream/8002/livecomment へのリクエストに対して、期待されたHTTPステータスコードが確認できませんでした (expected:400, actual:201)

2026-09-22T09:01:09.598Z	info	staff-logger	scenario/viewer.go:32	basic viewer scenario
2026-09-22T09:01:09.598Z	info	staff-logger	scenario/viewer.go:56	visit top
2026-09-22T09:01:09.613Z	info	staff-logger	scenario/viewer.go:32	basic viewer scenario
2026-09-22T09:01:09.613Z	info	staff-logger	scenario/viewer.go:56	visit top
2026-09-22T09:01:09.613Z	info	staff-logger	scenario/viewer.go:64	get livestream
2026-09-22T09:01:09.613Z	info	staff-logger	scenario/viewer.go:83	visit livestream
2026-09-22T09:01:09.765Z	info	staff-logger	scenario/viewer.go:90	get livestream stats
2026-09-22T09:01:09.796Z	info	staff-logger	scenario/viewer.go:32	basic viewer scenario
2026-09-22T09:01:09.796Z	info	staff-logger	scenario/viewer.go:56	visit top
2026-09-22T09:01:09.796Z	info	staff-logger	scenario/viewer.go:64	get livestream
2026-09-22T09:01:09.796Z	info	staff-logger	scenario/viewer.go:83	visit livestream
2026-09-22T09:01:09.799Z	info	staff-logger	scenario/viewer.go:32	basic viewer scenario
2026-09-22T09:01:09.799Z	info	staff-logger	scenario/viewer.go:56	visit top
2026-09-22T09:01:09.799Z	info	staff-logger	scenario/viewer.go:64	get livestream
2026-09-22T09:01:09.799Z	info	staff-logger	scenario/viewer.go:83	visit livestream
2026-09-22T09:01:09.822Z	info	staff-logger	scenario/viewer.go:32	basic viewer scenario
2026-09-22T09:01:09.822Z	info	staff-logger	scenario/viewer.go:56	visit top
2026-09-22T09:01:09.822Z	info	staff-logger	scenario/viewer.go:64	get livestream
2026-09-22T09:01:09.822Z	info	staff-logger	scenario/viewer.go:83	visit livestream
2026-09-22T09:01:09.923Z	info	staff-logger	scenario/viewer.go:90	get livestream stats
2026-09-22T09:01:10.125Z	info	staff-logger	scenario/viewer.go:32	basic viewer scenario
2026-09-22T09:01:10.125Z	info	staff-logger	scenario/viewer.go:56	visit top
2026-09-22T09:01:10.125Z	info	staff-logger	scenario/viewer.go:64	get livestream
2026-09-22T09:01:10.125Z	info	staff-logger	scenario/viewer.go:83	visit livestream
2026-09-22T09:01:10.161Z	info	staff-logger	scenario/viewer.go:32	basic viewer scenario
2026-09-22T09:01:10.161Z	info	staff-logger	scenario/viewer.go:56	visit top
2026-09-22T09:01:10.161Z	info	staff-logger	scenario/viewer.go:64	get livestream
2026-09-22T09:01:10.161Z	info	staff-logger	scenario/viewer.go:83	visit livestream
2026-09-22T09:01:10.218Z	info	staff-logger	scenario/viewer.go:32	basic viewer scenario
2026-09-22T09:01:10.218Z	info	staff-logger	scenario/viewer.go:56	visit top
2026-09-22T09:01:10.218Z	info	staff-logger	scenario/viewer.go:64	get livestream
2026-09-22T09:01:10.218Z	info	staff-logger	scenario/viewer.go:83	visit livestream
2026-09-22T09:01:10.220Z	info	staff-logger	scenario/viewer.go:32	basic viewer scenario
2026-09-22T09:01:10.220Z	info	staff-logger	scenario/viewer.go:56	visit top
2026-09-22T09:01:10.220Z	info	staff-logger	scenario/viewer.go:64	get livestream
2026-09-22T09:01:10.220Z	info	staff-logger	scenario/viewer.go:83	visit livestream
2026-09-22T09:01:10.328Z	info	staff-logger	scenario/viewer.go:32	basic viewer scenario
2026-09-22T09:01:10.328Z	info	staff-logger	scenario/viewer.go:56	visit top
2026-09-22T09:01:10.328Z	info	staff-logger	scenario/viewer.go:64	get livestream
2026-09-22T09:01:10.328Z	info	staff-logger	scenario/viewer.go:83	visit livestream
2026-09-22T09:01:10.359Z	info	staff-logger	scenario/viewer.go:32	basic viewer scenario
2026-09-22T09:01:10.359Z	info	staff-logger	scenario/viewer.go:56	visit top
2026-09-22T09:01:10.359Z	info	staff-logger	scenario/viewer.go:64	get livestream
2026-09-22T09:01:10.359Z	info	staff-logger	scenario/viewer.go:83	visit livestream
2026-09-22T09:01:10.367Z	info	staff-logger	scenario/streamer.go:48	change icon
2026-09-22T09:01:10.386Z	info	staff-logger	scenario/viewer.go:32	basic viewer scenario
2026-09-22T09:01:10.386Z	info	staff-logger	scenario/viewer.go:56	visit top
2026-09-22T09:01:10.386Z	info	staff-logger	scenario/viewer.go:64	get livestream
2026-09-22T09:01:10.386Z	info	staff-logger	scenario/viewer.go:83	visit livestream
2026-09-22T09:01:10.390Z	info	staff-logger	scenario/viewer.go:32	basic viewer scenario
2026-09-22T09:01:10.390Z	info	staff-logger	scenario/viewer.go:56	visit top
2026-09-22T09:01:10.390Z	info	staff-logger	scenario/viewer.go:64	get livestream
2026-09-22T09:01:10.390Z	info	staff-logger	scenario/viewer.go:83	visit livestream
2026-09-22T09:01:10.396Z	info	staff-logger	scenario/viewer.go:64	get livestream
2026-09-22T09:01:10.396Z	info	staff-logger	scenario/viewer.go:76	visit user profile
2026-09-22T09:01:10.415Z	info	staff-logger	scenario/viewer.go:32	basic viewer scenario
2026-09-22T09:01:10.415Z	info	staff-logger	scenario/viewer.go:56	visit top
2026-09-22T09:01:10.415Z	info	staff-logger	scenario/viewer.go:64	get livestream
2026-09-22T09:01:10.415Z	info	staff-logger	scenario/viewer.go:83	visit livestream
2026-09-22T09:01:10.514Z	info	staff-logger	scenario/viewer.go:83	visit livestream
2026-09-22T09:01:10.546Z	info	staff-logger	scenario/viewer.go:32	basic viewer scenario
2026-09-22T09:01:10.546Z	info	staff-logger	scenario/viewer.go:56	visit top
2026-09-22T09:01:10.573Z	info	staff-logger	scenario/viewer.go:32	basic viewer scenario
2026-09-22T09:01:10.573Z	info	staff-logger	scenario/viewer.go:56	visit top
2026-09-22T09:01:10.573Z	info	staff-logger	scenario/viewer.go:64	get livestream
2026-09-22T09:01:10.573Z	info	staff-logger	scenario/viewer.go:83	visit livestream
2026-09-22T09:01:10.685Z	info	staff-logger	scenario/viewer.go:32	basic viewer scenario
2026-09-22T09:01:10.685Z	info	staff-logger	scenario/viewer.go:56	visit top
2026-09-22T09:01:10.685Z	info	staff-logger	scenario/viewer.go:64	get livestream
2026-09-22T09:01:10.685Z	info	staff-logger	scenario/viewer.go:83	visit livestream
2026-09-22T09:01:10.867Z	info	staff-logger	scenario/viewer.go:32	basic viewer scenario
2026-09-22T09:01:10.867Z	info	staff-logger	scenario/viewer.go:56	visit top
2026-09-22T09:01:10.867Z	info	staff-logger	scenario/viewer.go:64	get livestream
2026-09-22T09:01:10.867Z	info	staff-logger	scenario/viewer.go:83	visit livestream
2026-09-22T09:01:10.906Z	info	staff-logger	scenario/viewer.go:32	basic viewer scenario
2026-09-22T09:01:10.906Z	info	staff-logger	scenario/viewer.go:56	visit top
2026-09-22T09:01:10.906Z	info	staff-logger	scenario/viewer.go:64	get livestream
2026-09-22T09:01:10.906Z	info	staff-logger	scenario/viewer.go:83	visit livestream
2026-09-22T09:01:10.921Z	info	staff-logger	scenario/viewer.go:32	basic viewer scenario
2026-09-22T09:01:10.921Z	info	staff-logger	scenario/viewer.go:56	visit top
2026-09-22T09:01:10.921Z	info	staff-logger	scenario/viewer.go:64	get livestream
2026-09-22T09:01:10.921Z	info	staff-logger	scenario/viewer.go:83	visit livestream
2026-09-22T09:01:10.975Z	info	staff-logger	scenario/viewer.go:32	basic viewer scenario
2026-09-22T09:01:10.975Z	info	staff-logger	scenario/viewer.go:56	visit top
2026-09-22T09:01:10.975Z	info	staff-logger	scenario/viewer.go:64	get livestream
2026-09-22T09:01:10.975Z	info	staff-logger	scenario/viewer.go:83	visit livestream
2026-09-22T09:01:11.021Z	info	staff-logger	scenario/viewer.go:90	get livestream stats
2026-09-22T09:01:11.066Z	info	staff-logger	scenario/viewer.go:32	basic viewer scenario
2026-09-22T09:01:11.066Z	info	staff-logger	scenario/viewer.go:56	visit top
2026-09-22T09:01:11.066Z	info	staff-logger	scenario/viewer.go:64	get livestream
2026-09-22T09:01:11.066Z	info	staff-logger	scenario/viewer.go:83	visit livestream
2026-09-22T09:01:11.166Z	info	staff-logger	scenario/viewer.go:64	get livestream
2026-09-22T09:01:11.166Z	info	staff-logger	scenario/viewer.go:76	visit user profile
2026-09-22T09:01:11.261Z	info	staff-logger	scenario/viewer.go:83	visit livestream
2026-09-22T09:01:11.330Z	info	staff-logger	scenario/viewer.go:32	basic viewer scenario
2026-09-22T09:01:11.330Z	info	staff-logger	scenario/viewer.go:56	visit top
2026-09-22T09:01:11.330Z	info	staff-logger	scenario/viewer.go:64	get livestream
2026-09-22T09:01:11.330Z	info	staff-logger	scenario/viewer.go:83	visit livestream
2026-09-22T09:01:11.363Z	info	staff-logger	scenario/viewer.go:32	basic viewer scenario
2026-09-22T09:01:11.363Z	info	staff-logger	scenario/viewer.go:56	visit top
2026-09-22T09:01:11.363Z	info	staff-logger	scenario/viewer.go:64	get livestream
2026-09-22T09:01:11.363Z	info	staff-logger	scenario/viewer.go:83	visit livestream
2026-09-22T09:01:11.420Z	info	staff-logger	scenario/viewer.go:32	basic viewer scenario
2026-09-22T09:01:11.420Z	info	staff-logger	scenario/viewer.go:56	visit top
2026-09-22T09:01:11.420Z	info	staff-logger	scenario/viewer.go:64	get livestream
2026-09-22T09:01:11.420Z	info	staff-logger	scenario/viewer.go:83	visit livestream
2026-09-22T09:01:11.428Z	info	staff-logger	scenario/viewer.go:32	basic viewer scenario
2026-09-22T09:01:11.428Z	info	staff-logger	scenario/viewer.go:56	visit top
2026-09-22T09:01:11.466Z	info	staff-logger	scenario/viewer.go:90	get livestream stats
2026-09-22T09:01:11.497Z	info	staff-logger	scenario/viewer.go:32	basic viewer scenario
2026-09-22T09:01:11.497Z	info	staff-logger	scenario/viewer.go:56	visit top
2026-09-22T09:01:11.522Z	info	staff-logger	scenario/viewer.go:90	get livestream stats
2026-09-22T09:01:11.916Z	info	staff-logger	scenario/viewer.go:32	basic viewer scenario
2026-09-22T09:01:11.916Z	info	staff-logger	scenario/viewer.go:56	visit top
2026-09-22T09:01:11.916Z	info	staff-logger	scenario/viewer.go:64	get livestream
2026-09-22T09:01:11.916Z	info	staff-logger	scenario/viewer.go:83	visit livestream
2026-09-22T09:01:11.940Z	info	staff-logger	scenario/viewer.go:32	basic viewer scenario
2026-09-22T09:01:11.940Z	info	staff-logger	scenario/viewer.go:56	visit top
2026-09-22T09:01:11.940Z	info	staff-logger	scenario/viewer.go:64	get livestream
2026-09-22T09:01:11.940Z	info	staff-logger	scenario/viewer.go:83	visit livestream
2026-09-22T09:01:11.989Z	info	staff-logger	scenario/viewer.go:32	basic viewer scenario
2026-09-22T09:01:11.989Z	info	staff-logger	scenario/viewer.go:56	visit top
2026-09-22T09:01:11.989Z	info	staff-logger	scenario/viewer.go:64	get livestream
2026-09-22T09:01:11.989Z	info	staff-logger	scenario/viewer.go:83	visit livestream
2026-09-22T09:01:12.010Z	info	staff-logger	scenario/viewer.go:90	get livestream stats
2026-09-22T09:01:12.010Z	warn	staff-logger	scenario/viewer.go:178	viewer_spam: failed to post livecomment (moderated spam): benchmark-application: [一般エラー] POST /api/livestream/7745/livecomment へのリクエストに対して、期待されたHTTPステータスコードが確認できませんでした (expected:400, actual:201)

2026-09-22T09:01:12.133Z	info	staff-logger	scenario/viewer.go:32	basic viewer scenario
2026-09-22T09:01:12.133Z	info	staff-logger	scenario/viewer.go:56	visit top
2026-09-22T09:01:12.133Z	info	staff-logger	scenario/viewer.go:64	get livestream
2026-09-22T09:01:12.133Z	info	staff-logger	scenario/viewer.go:83	visit livestream
2026-09-22T09:01:12.170Z	info	staff-logger	scenario/viewer.go:32	basic viewer scenario
2026-09-22T09:01:12.170Z	info	staff-logger	scenario/viewer.go:56	visit top
2026-09-22T09:01:12.170Z	info	staff-logger	scenario/viewer.go:64	get livestream
2026-09-22T09:01:12.170Z	info	staff-logger	scenario/viewer.go:83	visit livestream
2026-09-22T09:01:12.187Z	info	staff-logger	scenario/viewer.go:64	get livestream
2026-09-22T09:01:12.187Z	info	staff-logger	scenario/viewer.go:76	visit user profile
2026-09-22T09:01:12.225Z	info	staff-logger	scenario/viewer.go:64	get livestream
2026-09-22T09:01:12.225Z	info	staff-logger	scenario/viewer.go:76	visit user profile
2026-09-22T09:01:12.319Z	info	staff-logger	scenario/viewer.go:83	visit livestream
2026-09-22T09:01:12.345Z	info	staff-logger	scenario/viewer.go:83	visit livestream
2026-09-22T09:01:12.386Z	info	staff-logger	scenario/viewer.go:32	basic viewer scenario
2026-09-22T09:01:12.386Z	info	staff-logger	scenario/viewer.go:56	visit top
2026-09-22T09:01:12.386Z	info	staff-logger	scenario/viewer.go:64	get livestream
2026-09-22T09:01:12.386Z	info	staff-logger	scenario/viewer.go:83	visit livestream
2026-09-22T09:01:12.405Z	info	staff-logger	scenario/viewer.go:32	basic viewer scenario
2026-09-22T09:01:12.405Z	info	staff-logger	scenario/viewer.go:56	visit top
2026-09-22T09:01:12.405Z	info	staff-logger	scenario/viewer.go:64	get livestream
2026-09-22T09:01:12.405Z	info	staff-logger	scenario/viewer.go:83	visit livestream
2026-09-22T09:01:12.476Z	info	staff-logger	scenario/viewer.go:90	get livestream stats
2026-09-22T09:01:12.510Z	info	staff-logger	scenario/viewer.go:32	basic viewer scenario
2026-09-22T09:01:12.510Z	info	staff-logger	scenario/viewer.go:56	visit top
2026-09-22T09:01:12.510Z	info	staff-logger	scenario/viewer.go:64	get livestream
2026-09-22T09:01:12.510Z	info	staff-logger	scenario/viewer.go:83	visit livestream
2026-09-22T09:01:12.518Z	info	staff-logger	scenario/viewer.go:32	basic viewer scenario
2026-09-22T09:01:12.518Z	info	staff-logger	scenario/viewer.go:56	visit top
2026-09-22T09:01:12.518Z	info	staff-logger	scenario/viewer.go:64	get livestream
2026-09-22T09:01:12.518Z	info	staff-logger	scenario/viewer.go:83	visit livestream
2026-09-22T09:01:12.553Z	info	staff-logger	scenario/viewer.go:32	basic viewer scenario
2026-09-22T09:01:12.553Z	info	staff-logger	scenario/viewer.go:56	visit top
2026-09-22T09:01:12.553Z	info	staff-logger	scenario/viewer.go:64	get livestream
2026-09-22T09:01:12.553Z	info	staff-logger	scenario/viewer.go:83	visit livestream
2026-09-22T09:01:12.777Z	info	staff-logger	scenario/viewer.go:32	basic viewer scenario
2026-09-22T09:01:12.777Z	info	staff-logger	scenario/viewer.go:56	visit top
2026-09-22T09:01:12.778Z	info	staff-logger	scenario/viewer.go:64	get livestream
2026-09-22T09:01:12.779Z	info	staff-logger	scenario/viewer.go:83	visit livestream
2026-09-22T09:01:12.796Z	info	staff-logger	scenario/viewer.go:90	get livestream stats
2026-09-22T09:01:12.965Z	info	staff-logger	scenario/viewer.go:32	basic viewer scenario
2026-09-22T09:01:12.965Z	info	staff-logger	scenario/viewer.go:56	visit top
2026-09-22T09:01:12.965Z	info	staff-logger	scenario/viewer.go:64	get livestream
2026-09-22T09:01:12.965Z	info	staff-logger	scenario/viewer.go:83	visit livestream
2026-09-22T09:01:13.063Z	info	staff-logger	scenario/viewer.go:32	basic viewer scenario
2026-09-22T09:01:13.063Z	info	staff-logger	scenario/viewer.go:56	visit top
2026-09-22T09:01:13.063Z	info	staff-logger	scenario/viewer.go:64	get livestream
2026-09-22T09:01:13.063Z	info	staff-logger	scenario/viewer.go:83	visit livestream
2026-09-22T09:01:13.189Z	info	staff-logger	scenario/viewer.go:32	basic viewer scenario
2026-09-22T09:01:13.189Z	info	staff-logger	scenario/viewer.go:56	visit top
2026-09-22T09:01:13.190Z	info	staff-logger	scenario/viewer.go:64	get livestream
2026-09-22T09:01:13.190Z	info	staff-logger	scenario/viewer.go:83	visit livestream
2026-09-22T09:01:13.221Z	info	staff-logger	scenario/viewer.go:32	basic viewer scenario
2026-09-22T09:01:13.221Z	info	staff-logger	scenario/viewer.go:56	visit top
2026-09-22T09:01:13.221Z	info	staff-logger	scenario/viewer.go:64	get livestream
2026-09-22T09:01:13.221Z	info	staff-logger	scenario/viewer.go:83	visit livestream
2026-09-22T09:01:13.247Z	info	staff-logger	scenario/viewer.go:90	get livestream stats
2026-09-22T09:01:13.304Z	info	staff-logger	scenario/viewer.go:32	basic viewer scenario
2026-09-22T09:01:13.304Z	info	staff-logger	scenario/viewer.go:56	visit top
2026-09-22T09:01:13.409Z	info	staff-logger	scenario/viewer.go:32	basic viewer scenario
2026-09-22T09:01:13.409Z	info	staff-logger	scenario/viewer.go:56	visit top
2026-09-22T09:01:13.409Z	info	staff-logger	scenario/viewer.go:64	get livestream
2026-09-22T09:01:13.409Z	info	staff-logger	scenario/viewer.go:83	visit livestream
2026-09-22T09:01:13.502Z	info	staff-logger	scenario/viewer.go:32	basic viewer scenario
2026-09-22T09:01:13.502Z	info	staff-logger	scenario/viewer.go:56	visit top
2026-09-22T09:01:13.502Z	info	staff-logger	scenario/viewer.go:64	get livestream
2026-09-22T09:01:13.502Z	info	staff-logger	scenario/viewer.go:83	visit livestream
2026-09-22T09:01:13.529Z	info	staff-logger	scenario/viewer.go:32	basic viewer scenario
2026-09-22T09:01:13.529Z	info	staff-logger	scenario/viewer.go:56	visit top
2026-09-22T09:01:13.529Z	info	staff-logger	scenario/viewer.go:64	get livestream
2026-09-22T09:01:13.529Z	info	staff-logger	scenario/viewer.go:83	visit livestream
2026-09-22T09:01:13.532Z	info	staff-logger	scenario/viewer.go:32	basic viewer scenario
2026-09-22T09:01:13.532Z	info	staff-logger	scenario/viewer.go:56	visit top
2026-09-22T09:01:13.532Z	info	staff-logger	scenario/viewer.go:64	get livestream
2026-09-22T09:01:13.532Z	info	staff-logger	scenario/viewer.go:83	visit livestream
2026-09-22T09:01:13.549Z	info	staff-logger	scenario/viewer.go:90	get livestream stats
2026-09-22T09:01:13.658Z	info	staff-logger	scenario/viewer.go:32	basic viewer scenario
2026-09-22T09:01:13.658Z	info	staff-logger	scenario/viewer.go:56	visit top
2026-09-22T09:01:13.676Z	info	staff-logger	scenario/viewer.go:32	basic viewer scenario
2026-09-22T09:01:13.676Z	info	staff-logger	scenario/viewer.go:56	visit top
2026-09-22T09:01:13.691Z	info	staff-logger	scenario/viewer.go:32	basic viewer scenario
2026-09-22T09:01:13.691Z	info	staff-logger	scenario/viewer.go:56	visit top
2026-09-22T09:01:13.691Z	info	staff-logger	scenario/viewer.go:64	get livestream
2026-09-22T09:01:13.691Z	info	staff-logger	scenario/viewer.go:83	visit livestream
2026-09-22T09:01:13.693Z	info	staff-logger	scenario/viewer.go:32	basic viewer scenario
2026-09-22T09:01:13.693Z	info	staff-logger	scenario/viewer.go:56	visit top
2026-09-22T09:01:13.693Z	info	staff-logger	scenario/viewer.go:64	get livestream
2026-09-22T09:01:13.693Z	info	staff-logger	scenario/viewer.go:83	visit livestream
2026-09-22T09:01:13.782Z	info	staff-logger	scenario/streamer.go:48	change icon
2026-09-22T09:01:13.827Z	info	staff-logger	scenario/viewer.go:32	basic viewer scenario
2026-09-22T09:01:13.828Z	info	staff-logger	scenario/viewer.go:56	visit top
2026-09-22T09:01:13.828Z	info	staff-logger	scenario/viewer.go:64	get livestream
2026-09-22T09:01:13.828Z	info	staff-logger	scenario/viewer.go:83	visit livestream
2026-09-22T09:01:13.903Z	info	staff-logger	scenario/viewer.go:90	get livestream stats
2026-09-22T09:01:13.927Z	info	staff-logger	scenario/viewer.go:32	basic viewer scenario
2026-09-22T09:01:13.927Z	info	staff-logger	scenario/viewer.go:56	visit top
2026-09-22T09:01:13.927Z	info	staff-logger	scenario/viewer.go:64	get livestream
2026-09-22T09:01:13.927Z	info	staff-logger	scenario/viewer.go:83	visit livestream
2026-09-22T09:01:13.957Z	info	staff-logger	scenario/viewer.go:32	basic viewer scenario
2026-09-22T09:01:13.957Z	info	staff-logger	scenario/viewer.go:56	visit top
2026-09-22T09:01:13.985Z	info	staff-logger	scenario/viewer.go:90	get livestream stats
2026-09-22T09:01:14.005Z	info	staff-logger	scenario/viewer.go:32	basic viewer scenario
2026-09-22T09:01:14.005Z	info	staff-logger	scenario/viewer.go:56	visit top
2026-09-22T09:01:14.033Z	info	staff-logger	scenario/viewer.go:64	get livestream
2026-09-22T09:01:14.033Z	info	staff-logger	scenario/viewer.go:76	visit user profile
2026-09-22T09:01:14.149Z	info	staff-logger	scenario/viewer.go:83	visit livestream
2026-09-22T09:01:14.206Z	info	staff-logger	scenario/viewer.go:64	get livestream
2026-09-22T09:01:14.206Z	info	staff-logger	scenario/viewer.go:76	visit user profile
2026-09-22T09:01:14.260Z	info	staff-logger	scenario/viewer.go:64	get livestream
2026-09-22T09:01:14.260Z	info	staff-logger	scenario/viewer.go:76	visit user profile
2026-09-22T09:01:14.294Z	info	staff-logger	scenario/viewer.go:32	basic viewer scenario
2026-09-22T09:01:14.295Z	info	staff-logger	scenario/viewer.go:56	visit top
2026-09-22T09:01:14.295Z	info	staff-logger	scenario/viewer.go:64	get livestream
2026-09-22T09:01:14.295Z	info	staff-logger	scenario/viewer.go:83	visit livestream
2026-09-22T09:01:14.383Z	info	staff-logger	scenario/viewer.go:83	visit livestream
2026-09-22T09:01:14.409Z	info	staff-logger	scenario/viewer.go:83	visit livestream
2026-09-22T09:01:14.423Z	info	staff-logger	scenario/viewer.go:32	basic viewer scenario
2026-09-22T09:01:14.423Z	info	staff-logger	scenario/viewer.go:56	visit top
2026-09-22T09:01:14.423Z	info	staff-logger	scenario/viewer.go:64	get livestream
2026-09-22T09:01:14.424Z	info	staff-logger	scenario/viewer.go:83	visit livestream
2026-09-22T09:01:14.471Z	info	staff-logger	scenario/viewer.go:32	basic viewer scenario
2026-09-22T09:01:14.471Z	info	staff-logger	scenario/viewer.go:56	visit top
2026-09-22T09:01:14.471Z	info	staff-logger	scenario/viewer.go:64	get livestream
2026-09-22T09:01:14.471Z	info	staff-logger	scenario/viewer.go:83	visit livestream
2026-09-22T09:01:14.498Z	info	staff-logger	scenario/streamer.go:48	change icon
2026-09-22T09:01:14.533Z	info	staff-logger	scenario/viewer.go:64	get livestream
2026-09-22T09:01:14.533Z	info	staff-logger	scenario/viewer.go:76	visit user profile
2026-09-22T09:01:14.579Z	info	staff-logger	scenario/viewer.go:32	basic viewer scenario
2026-09-22T09:01:14.579Z	info	staff-logger	scenario/viewer.go:56	visit top
2026-09-22T09:01:14.579Z	info	staff-logger	scenario/viewer.go:64	get livestream
2026-09-22T09:01:14.579Z	info	staff-logger	scenario/viewer.go:83	visit livestream
2026-09-22T09:01:14.654Z	info	staff-logger	scenario/viewer.go:83	visit livestream
2026-09-22T09:01:14.677Z	info	staff-logger	scenario/viewer.go:32	basic viewer scenario
2026-09-22T09:01:14.677Z	info	staff-logger	scenario/viewer.go:56	visit top
2026-09-22T09:01:14.677Z	info	staff-logger	scenario/viewer.go:64	get livestream
2026-09-22T09:01:14.677Z	info	staff-logger	scenario/viewer.go:83	visit livestream
2026-09-22T09:01:14.693Z	info	staff-logger	scenario/viewer.go:64	get livestream
2026-09-22T09:01:14.693Z	info	staff-logger	scenario/viewer.go:76	visit user profile
2026-09-22T09:01:14.708Z	info	staff-logger	scenario/viewer.go:32	basic viewer scenario
2026-09-22T09:01:14.708Z	info	staff-logger	scenario/viewer.go:56	visit top
2026-09-22T09:01:14.708Z	info	staff-logger	scenario/viewer.go:64	get livestream
2026-09-22T09:01:14.708Z	info	staff-logger	scenario/viewer.go:83	visit livestream
2026-09-22T09:01:14.812Z	info	staff-logger	scenario/viewer.go:83	visit livestream
2026-09-22T09:01:14.863Z	info	staff-logger	scenario/viewer.go:32	basic viewer scenario
2026-09-22T09:01:14.863Z	info	staff-logger	scenario/viewer.go:56	visit top
2026-09-22T09:01:14.886Z	info	staff-logger	scenario/viewer.go:32	basic viewer scenario
2026-09-22T09:01:14.887Z	info	staff-logger	scenario/viewer.go:56	visit top
2026-09-22T09:01:14.887Z	info	staff-logger	scenario/viewer.go:64	get livestream
2026-09-22T09:01:14.887Z	info	staff-logger	scenario/viewer.go:83	visit livestream
2026-09-22T09:01:14.963Z	info	staff-logger	scenario/viewer.go:32	basic viewer scenario
2026-09-22T09:01:14.963Z	info	staff-logger	scenario/viewer.go:56	visit top
2026-09-22T09:01:14.963Z	info	staff-logger	scenario/viewer.go:64	get livestream
2026-09-22T09:01:14.963Z	info	staff-logger	scenario/viewer.go:83	visit livestream
2026-09-22T09:01:15.039Z	info	staff-logger	scenario/streamer.go:48	change icon
2026-09-22T09:01:15.106Z	info	staff-logger	scenario/viewer.go:32	basic viewer scenario
2026-09-22T09:01:15.106Z	info	staff-logger	scenario/viewer.go:56	visit top
2026-09-22T09:01:15.106Z	info	staff-logger	scenario/viewer.go:64	get livestream
2026-09-22T09:01:15.106Z	info	staff-logger	scenario/viewer.go:83	visit livestream
2026-09-22T09:01:15.144Z	info	staff-logger	scenario/viewer.go:32	basic viewer scenario
2026-09-22T09:01:15.145Z	info	staff-logger	scenario/viewer.go:56	visit top
2026-09-22T09:01:15.145Z	info	staff-logger	scenario/viewer.go:64	get livestream
2026-09-22T09:01:15.145Z	info	staff-logger	scenario/viewer.go:83	visit livestream
2026-09-22T09:01:15.190Z	info	staff-logger	scenario/viewer.go:32	basic viewer scenario
2026-09-22T09:01:15.190Z	info	staff-logger	scenario/viewer.go:56	visit top
2026-09-22T09:01:15.190Z	info	staff-logger	scenario/viewer.go:64	get livestream
2026-09-22T09:01:15.190Z	info	staff-logger	scenario/viewer.go:83	visit livestream
2026-09-22T09:01:15.306Z	info	staff-logger	scenario/viewer.go:32	basic viewer scenario
2026-09-22T09:01:15.306Z	info	staff-logger	scenario/viewer.go:56	visit top
2026-09-22T09:01:15.306Z	info	staff-logger	scenario/viewer.go:64	get livestream
2026-09-22T09:01:15.306Z	info	staff-logger	scenario/viewer.go:83	visit livestream
2026-09-22T09:01:15.341Z	info	staff-logger	scenario/viewer.go:32	basic viewer scenario
2026-09-22T09:01:15.341Z	info	staff-logger	scenario/viewer.go:56	visit top
2026-09-22T09:01:15.341Z	info	staff-logger	scenario/viewer.go:64	get livestream
2026-09-22T09:01:15.341Z	info	staff-logger	scenario/viewer.go:83	visit livestream
2026-09-22T09:01:15.429Z	info	staff-logger	scenario/viewer.go:90	get livestream stats
2026-09-22T09:01:15.497Z	info	staff-logger	scenario/viewer.go:32	basic viewer scenario
2026-09-22T09:01:15.497Z	info	staff-logger	scenario/viewer.go:56	visit top
2026-09-22T09:01:15.497Z	info	staff-logger	scenario/viewer.go:64	get livestream
2026-09-22T09:01:15.497Z	info	staff-logger	scenario/viewer.go:83	visit livestream
2026-09-22T09:01:15.613Z	info	staff-logger	scenario/viewer.go:64	get livestream
2026-09-22T09:01:15.613Z	info	staff-logger	scenario/viewer.go:76	visit user profile
2026-09-22T09:01:15.669Z	info	staff-logger	scenario/viewer.go:32	basic viewer scenario
2026-09-22T09:01:15.669Z	info	staff-logger	scenario/viewer.go:56	visit top
2026-09-22T09:01:15.669Z	info	staff-logger	scenario/viewer.go:64	get livestream
2026-09-22T09:01:15.669Z	info	staff-logger	scenario/viewer.go:83	visit livestream
2026-09-22T09:01:15.681Z	info	staff-logger	scenario/viewer.go:32	basic viewer scenario
2026-09-22T09:01:15.681Z	info	staff-logger	scenario/viewer.go:56	visit top
2026-09-22T09:01:15.681Z	info	staff-logger	scenario/viewer.go:64	get livestream
2026-09-22T09:01:15.681Z	info	staff-logger	scenario/viewer.go:83	visit livestream
2026-09-22T09:01:15.697Z	info	staff-logger	scenario/viewer.go:32	basic viewer scenario
2026-09-22T09:01:15.698Z	info	staff-logger	scenario/viewer.go:56	visit top
2026-09-22T09:01:15.698Z	info	staff-logger	scenario/viewer.go:64	get livestream
2026-09-22T09:01:15.698Z	info	staff-logger	scenario/viewer.go:83	visit livestream
2026-09-22T09:01:15.721Z	info	staff-logger	scenario/viewer.go:83	visit livestream
2026-09-22T09:01:15.842Z	info	staff-logger	scenario/viewer.go:32	basic viewer scenario
2026-09-22T09:01:15.842Z	info	staff-logger	scenario/viewer.go:56	visit top
2026-09-22T09:01:15.842Z	info	staff-logger	scenario/viewer.go:64	get livestream
2026-09-22T09:01:15.842Z	info	staff-logger	scenario/viewer.go:83	visit livestream
2026-09-22T09:01:15.909Z	info	staff-logger	scenario/viewer.go:32	basic viewer scenario
2026-09-22T09:01:15.909Z	info	staff-logger	scenario/viewer.go:56	visit top
2026-09-22T09:01:15.909Z	info	staff-logger	scenario/viewer.go:64	get livestream
2026-09-22T09:01:15.909Z	info	staff-logger	scenario/viewer.go:83	visit livestream
2026-09-22T09:01:15.920Z	info	staff-logger	scenario/viewer.go:32	basic viewer scenario
2026-09-22T09:01:15.920Z	info	staff-logger	scenario/viewer.go:56	visit top
2026-09-22T09:01:15.920Z	info	staff-logger	scenario/viewer.go:64	get livestream
2026-09-22T09:01:15.920Z	info	staff-logger	scenario/viewer.go:83	visit livestream
2026-09-22T09:01:16.006Z	info	staff-logger	scenario/viewer.go:32	basic viewer scenario
2026-09-22T09:01:16.006Z	info	staff-logger	scenario/viewer.go:56	visit top
2026-09-22T09:01:16.006Z	info	staff-logger	scenario/viewer.go:64	get livestream
2026-09-22T09:01:16.006Z	info	staff-logger	scenario/viewer.go:83	visit livestream
2026-09-22T09:01:16.129Z	info	staff-logger	scenario/viewer.go:32	basic viewer scenario
2026-09-22T09:01:16.129Z	info	staff-logger	scenario/viewer.go:56	visit top
2026-09-22T09:01:16.129Z	info	staff-logger	scenario/viewer.go:64	get livestream
2026-09-22T09:01:16.130Z	info	staff-logger	scenario/viewer.go:83	visit livestream
2026-09-22T09:01:16.219Z	info	staff-logger	scenario/viewer.go:32	basic viewer scenario
2026-09-22T09:01:16.219Z	info	staff-logger	scenario/viewer.go:56	visit top
2026-09-22T09:01:16.219Z	info	staff-logger	scenario/viewer.go:64	get livestream
2026-09-22T09:01:16.219Z	info	staff-logger	scenario/viewer.go:83	visit livestream
2026-09-22T09:01:16.307Z	info	staff-logger	scenario/viewer.go:90	get livestream stats
2026-09-22T09:01:16.342Z	info	staff-logger	scenario/viewer.go:32	basic viewer scenario
2026-09-22T09:01:16.343Z	info	staff-logger	scenario/viewer.go:46	change icon
2026-09-22T09:01:16.442Z	info	staff-logger	scenario/viewer.go:56	visit top
2026-09-22T09:01:16.508Z	info	isupipe-benchmarker	ベンチマーク走行を停止します
2026-09-22T09:01:16.508Z	warn	isupipe-benchmarker	ライブコメントを配信に投稿できないため、視聴者が離脱します	{"viewer": "takahashiyosuke0", "livestream_id": 7877, "error": "Post \"https://sotaroyamazaki0.u.isucon.local:443/api/livestream/7877/livecomment\": context canceled: ベンチマーク走行が継続できないエラーが発生しました"}
2026-09-22T09:01:16.508Z	warn	staff-logger	scenario/viewer.go:184	viewer_spam: failed to post livecomment (non-moderated spam): benchmark-timeout: [リクエストタイムアウト] POST /api/livestream/7761/livecomment: Post "https://yoichiendo1.u.isucon.local:443/api/livestream/7761/livecomment": read udp 10.100.0.186:61870->10.100.0.155:53: i/o timeout: タイムアウトによりリクエスト失敗

2026-09-22T09:01:16.508Z	warn	staff-logger	scenario/viewer.go:121	view: failed to post livecomment: Post "https://sotaroyamazaki0.u.isucon.local:443/api/livestream/7877/livecomment": context canceled: ベンチマーク走行が継続できないエラーが発生しました

2026-09-22T09:01:16.509Z	warn	isupipe-benchmarker	ライブコメントを配信に投稿できないため、視聴者が離脱します	{"viewer": "qsato2", "livestream_id": 7534, "error": "Post \"https://kazuya580.u.isucon.local:443/api/livestream/7534/livecomment\": context canceled: ベンチマーク走行が継続できないエラーが発生しました"}
2026-09-22T09:01:16.509Z	warn	isupipe-benchmarker	ライブコメントを配信に投稿できないため、視聴者が離脱します	{"viewer": "momoko220", "livestream_id": 7757, "error": "Post \"https://nakamurataro0.u.isucon.local:443/api/livestream/7757/livecomment\": context canceled: ベンチマーク走行が継続できないエラーが発生しました"}
2026-09-22T09:01:16.510Z	warn	isupipe-benchmarker	ライブコメントを配信に投稿できないため、視聴者が離脱します	{"viewer": "yoichiyamaguchi1", "livestream_id": 8050, "error": "Post \"https://nishimurayoko0.u.isucon.local:443/api/livestream/8050/livecomment\": context canceled: ベンチマーク走行が継続できないエラーが発生しました"}
2026-09-22T09:01:16.509Z	warn	staff-logger	scenario/viewer.go:121	view: failed to post livecomment: Post "https://kazuya580.u.isucon.local:443/api/livestream/7534/livecomment": context canceled: ベンチマーク走行が継続できないエラーが発生しました

2026-09-22T09:01:16.509Z	warn	staff-logger	scenario/viewer.go:121	view: failed to post livecomment: Post "https://nakamurataro0.u.isucon.local:443/api/livestream/7757/livecomment": context canceled: ベンチマーク走行が継続できないエラーが発生しました

2026-09-22T09:01:16.510Z	warn	staff-logger	scenario/viewer.go:59	view: failed to visit top page: Get "https://pipe.u.isucon.local:443/api/tag": context canceled: ベンチマーク走行が継続できないエラーが発生しました

2026-09-22T09:01:16.510Z	warn	isupipe-benchmarker	ライブコメントを配信に投稿できないため、視聴者が離脱します	{"viewer": "nakagawayoko0", "livestream_id": 7879, "error": "Post \"https://akemitanaka0.u.isucon.local:443/api/livestream/7879/livecomment\": context canceled: ベンチマーク走行が継続できないエラーが発生しました"}
2026-09-22T09:01:16.510Z	warn	staff-logger	scenario/viewer.go:121	view: failed to post livecomment: Post "https://nishimurayoko0.u.isucon.local:443/api/livestream/8050/livecomment": context canceled: ベンチマーク走行が継続できないエラーが発生しました

2026-09-22T09:01:16.510Z	warn	staff-logger	scenario/viewer.go:126	view: failed to get reactions: Get "https://hanako600.u.isucon.local:443/api/livestream/7629/reaction": context canceled: ベンチマーク走行が継続できないエラーが発生しました

2026-09-22T09:01:16.510Z	warn	staff-logger	scenario/viewer.go:101	view: failed to get livecomments: Get "https://hanako600.u.isucon.local:443/api/livestream/7629/livecomment": context canceled: ベンチマーク走行が継続できないエラーが発生しました

2026-09-22T09:01:16.510Z	warn	staff-logger	scenario/viewer.go:101	view: failed to get livecomments: Get "https://hanako600.u.isucon.local:443/api/livestream/7629/livecomment": context canceled: ベンチマーク走行が継続できないエラーが発生しました

2026-09-22T09:01:16.510Z	warn	staff-logger	scenario/viewer.go:101	view: failed to get livecomments: Get "https://hanako600.u.isucon.local:443/api/livestream/7629/livecomment": context canceled: ベンチマーク走行が継続できないエラーが発生しました

2026-09-22T09:01:16.510Z	warn	staff-logger	scenario/viewer.go:101	view: failed to get livecomments: Get "https://hanako600.u.isucon.local:443/api/livestream/7629/livecomment": context canceled: ベンチマーク走行が継続できないエラーが発生しました

2026-09-22T09:01:16.510Z	warn	staff-logger	scenario/viewer.go:101	view: failed to get livecomments: Get "https://hanako600.u.isucon.local:443/api/livestream/7629/livecomment": context canceled: ベンチマーク走行が継続できないエラーが発生しました

2026-09-22T09:01:16.510Z	warn	staff-logger	scenario/viewer.go:101	view: failed to get livecomments: Get "https://hanako600.u.isucon.local:443/api/livestream/7629/livecomment": context canceled: ベンチマーク走行が継続できないエラーが発生しました

2026-09-22T09:01:16.510Z	warn	staff-logger	scenario/viewer.go:134	view: failed to post reactions: Post "https://shayashi0.u.isucon.local:443/api/livestream/7755/reaction": context canceled: ベンチマーク走行が継続できないエラーが発生しました

2026-09-22T09:01:16.510Z	warn	staff-logger	scenario/viewer.go:101	view: failed to get livecomments: Get "https://shayashi0.u.isucon.local:443/api/livestream/7755/livecomment": context canceled: ベンチマーク走行が継続できないエラーが発生しました

2026-09-22T09:01:16.510Z	warn	staff-logger	scenario/viewer.go:101	view: failed to get livecomments: Get "https://shayashi0.u.isucon.local:443/api/livestream/7755/livecomment": context canceled: ベンチマーク走行が継続できないエラーが発生しました

2026-09-22T09:01:16.510Z	warn	staff-logger	scenario/viewer.go:101	view: failed to get livecomments: Get "https://shayashi0.u.isucon.local:443/api/livestream/7755/livecomment": context canceled: ベンチマーク走行が継続できないエラーが発生しました

2026-09-22T09:01:16.510Z	warn	staff-logger	scenario/viewer.go:101	view: failed to get livecomments: Get "https://shayashi0.u.isucon.local:443/api/livestream/7755/livecomment": context canceled: ベンチマーク走行が継続できないエラーが発生しました

2026-09-22T09:01:16.511Z	warn	staff-logger	scenario/viewer.go:101	view: failed to get livecomments: Get "https://shayashi0.u.isucon.local:443/api/livestream/7755/livecomment": context canceled: ベンチマーク走行が継続できないエラーが発生しました

2026-09-22T09:01:16.511Z	warn	staff-logger	scenario/viewer.go:101	view: failed to get livecomments: Get "https://shayashi0.u.isucon.local:443/api/livestream/7755/livecomment": context canceled: ベンチマーク走行が継続できないエラーが発生しました

2026-09-22T09:01:16.511Z	warn	staff-logger	scenario/viewer.go:101	view: failed to get livecomments: Get "https://shayashi0.u.isucon.local:443/api/livestream/7755/livecomment": context canceled: ベンチマーク走行が継続できないエラーが発生しました

2026-09-22T09:01:16.511Z	warn	staff-logger	scenario/viewer.go:101	view: failed to get livecomments: Get "https://shayashi0.u.isucon.local:443/api/livestream/7755/livecomment": context canceled: ベンチマーク走行が継続できないエラーが発生しました

2026-09-22T09:01:16.510Z	warn	staff-logger	scenario/viewer.go:101	view: failed to get livecomments: Get "https://yoko260.u.isucon.local:443/api/livestream/7872/livecomment": context canceled: ベンチマーク走行が継続できないエラーが発生しました

2026-09-22T09:01:16.511Z	warn	staff-logger	scenario/viewer.go:101	view: failed to get livecomments: Get "https://yoko260.u.isucon.local:443/api/livestream/7872/livecomment": context canceled: ベンチマーク走行が継続できないエラーが発生しました

2026-09-22T09:01:16.511Z	warn	staff-logger	scenario/viewer.go:101	view: failed to get livecomments: Get "https://yoko260.u.isucon.local:443/api/livestream/7872/livecomment": context canceled: ベンチマーク走行が継続できないエラーが発生しました

2026-09-22T09:01:16.511Z	warn	staff-logger	scenario/viewer.go:142	view: failed to leave from livestream: Delete "https://yoko260.u.isucon.local:443/api/livestream/7872/exit": context canceled: ベンチマーク走行が継続できないエラーが発生しました

2026-09-22T09:01:16.510Z	warn	staff-logger	scenario/viewer.go:101	view: failed to get livecomments: Get "https://hanako600.u.isucon.local:443/api/livestream/7629/livecomment": context canceled: ベンチマーク走行が継続できないエラーが発生しました

2026-09-22T09:01:16.511Z	warn	staff-logger	scenario/viewer.go:101	view: failed to get livecomments: Get "https://hanako600.u.isucon.local:443/api/livestream/7629/livecomment": context canceled: ベンチマーク走行が継続できないエラーが発生しました

2026-09-22T09:01:16.511Z	warn	staff-logger	scenario/viewer.go:101	view: failed to get livecomments: Get "https://hanako600.u.isucon.local:443/api/livestream/7629/livecomment": context canceled: ベンチマーク走行が継続できないエラーが発生しました

2026-09-22T09:01:16.510Z	warn	staff-logger	scenario/streamer.go:91	reserve: failed to reserve: Post "https://hota0.u.isucon.local:443/api/livestream/reservation": context canceled: ベンチマーク走行が継続できないエラーが発生しました

2026-09-22T09:01:16.511Z	warn	staff-logger	scenario/viewer.go:101	view: failed to get livecomments: Get "https://hanako600.u.isucon.local:443/api/livestream/7629/livecomment": context canceled: ベンチマーク走行が継続できないエラーが発生しました

2026-09-22T09:01:16.511Z	warn	staff-logger	scenario/viewer.go:142	view: failed to leave from livestream: Delete "https://hanako600.u.isucon.local:443/api/livestream/7629/exit": context canceled: ベンチマーク走行が継続できないエラーが発生しました

2026-09-22T09:01:16.510Z	warn	staff-logger	scenario/viewer.go:126	view: failed to get reactions: Get "https://nkato0.u.isucon.local:443/api/livestream/8048/reaction": context canceled: ベンチマーク走行が継続できないエラーが発生しました

2026-09-22T09:01:16.511Z	warn	staff-logger	scenario/viewer.go:101	view: failed to get livecomments: Get "https://nkato0.u.isucon.local:443/api/livestream/8048/livecomment": context canceled: ベンチマーク走行が継続できないエラーが発生しました

2026-09-22T09:01:16.510Z	warn	staff-logger	scenario/streamer.go:139	streamer_moderate: failed to visit livestream admin: Get "https://pipe.u.isucon.local:443/api/livestream/search?limit=50": context canceled: ベンチマーク走行が継続できないエラーが発生しました

2026-09-22T09:01:16.510Z	warn	staff-logger	scenario/streamer.go:198	aggressive streamer moderate: failed to visit livestream admin: Get "https://fujiwarakenichi0.u.isucon.local:443/api/livestream/7712/report": context canceled: ベンチマーク走行が継続できないエラーが発生しました

2026-09-22T09:01:16.510Z	warn	staff-logger	scenario/viewer.go:121	view: failed to post livecomment: Post "https://akemitanaka0.u.isucon.local:443/api/livestream/7879/livecomment": context canceled: ベンチマーク走行が継続できないエラーが発生しました

2026-09-22T09:01:16.511Z	warn	staff-logger	scenario/viewer.go:101	view: failed to get livecomments: Get "https://shayashi0.u.isucon.local:443/api/livestream/7755/livecomment": context canceled: ベンチマーク走行が継続できないエラーが発生しました

2026-09-22T09:01:16.511Z	warn	staff-logger	scenario/viewer.go:101	view: failed to get livecomments: Get "https://shayashi0.u.isucon.local:443/api/livestream/7755/livecomment": context canceled: ベンチマーク走行が継続できないエラーが発生しました

2026-09-22T09:01:16.511Z	warn	staff-logger	scenario/viewer.go:101	view: failed to get livecomments: Get "https://shayashi0.u.isucon.local:443/api/livestream/7755/livecomment": context canceled: ベンチマーク走行が継続できないエラーが発生しました

2026-09-22T09:01:16.511Z	warn	staff-logger	scenario/viewer.go:142	view: failed to leave from livestream: Delete "https://nkato0.u.isucon.local:443/api/livestream/8048/exit": context canceled: ベンチマーク走行が継続できないエラーが発生しました

2026-09-22T09:01:16.511Z	warn	staff-logger	scenario/viewer.go:101	view: failed to get livecomments: Get "https://shayashi0.u.isucon.local:443/api/livestream/7755/livecomment": context canceled: ベンチマーク走行が継続できないエラーが発生しました

2026-09-22T09:01:16.511Z	warn	staff-logger	scenario/viewer.go:101	view: failed to get livecomments: Get "https://shayashi0.u.isucon.local:443/api/livestream/7755/livecomment": context canceled: ベンチマーク走行が継続できないエラーが発生しました

2026-09-22T09:01:16.511Z	warn	staff-logger	scenario/viewer.go:142	view: failed to leave from livestream: Delete "https://shayashi0.u.isucon.local:443/api/livestream/7755/exit": context canceled: ベンチマーク走行が継続できないエラーが発生しました

2026-09-22T09:01:17.026Z	info	isupipe-benchmarker	ベンチマーク走行終了
2026-09-22T09:01:17.026Z	info	isupipe-benchmarker	最終チェックを実施します
2026-09-22T09:01:17.026Z	info	isupipe-benchmarker	最終チェックが成功しました
2026-09-22T09:01:17.026Z	info	isupipe-benchmarker	重複排除したログを以下に出力します
2026-09-22T09:01:17.026Z	info	staff-logger	bench/bench.go:260	ベンチマーク走行時間: 1m0.518880479s
2026-09-22T09:01:17.026Z	info	isupipe-benchmarker	配信を最後まで視聴できた視聴者数	{"viewers": 758}
2026-09-22T09:01:17.026Z	info	staff-logger	bench/bench.go:277	ベンチエラーを収集します
2026-09-22T09:01:17.026Z	info	staff-logger	bench/bench.go:285	内部エラーを収集します
2026-09-22T09:01:17.026Z	info	staff-logger	bench/bench.go:301	シナリオカウンタを出力します
2026-09-22T09:01:17.026Z	info	staff-logger	bench/bench.go:323	[シナリオ aggressive-streamer-moderate] 817 回成功
2026-09-22T09:01:17.026Z	info	staff-logger	bench/bench.go:323	[シナリオ dns-watertorture-attack] 216 回成功
2026-09-22T09:01:17.026Z	info	staff-logger	bench/bench.go:323	[シナリオ streamer-cold-reserve] 739 回成功
2026-09-22T09:01:17.026Z	info	staff-logger	bench/bench.go:323	[シナリオ streamer-moderate] 502 回成功
2026-09-22T09:01:17.026Z	info	staff-logger	bench/bench.go:323	[シナリオ viewer-report] 53 回成功, 4 回失敗
2026-09-22T09:01:17.026Z	info	staff-logger	bench/bench.go:323	[シナリオ viewer-spam] 791 回成功, 27 回失敗
2026-09-22T09:01:17.026Z	info	staff-logger	bench/bench.go:323	[シナリオ viewer] 758 回成功, 3 回失敗
2026-09-22T09:01:17.026Z	info	staff-logger	bench/bench.go:323	[失敗シナリオ viewer-fail] 3 回失敗
2026-09-22T09:01:17.026Z	info	staff-logger	bench/bench.go:323	[失敗シナリオ viewer-report-fail] 4 回失敗
2026-09-22T09:01:17.027Z	info	staff-logger	bench/bench.go:323	[失敗シナリオ viewer-spam-fail] 27 回失敗
2026-09-22T09:01:17.027Z	info	staff-logger	bench/bench.go:329	DNSAttacker並列数: 13
2026-09-22T09:01:17.027Z	info	staff-logger	bench/bench.go:330	名前解決成功数: 26822
2026-09-22T09:01:17.027Z	info	staff-logger	bench/bench.go:331	名前解決失敗数: 1
2026-09-22T09:01:17.027Z	info	staff-logger	bench/bench.go:335	スコア: 149875
