sudo: unable to resolve host ip-10-100-0-186: Name or service not known
sudo: unable to resolve host ip-10-100-0-186: Name or service not known
2026-09-22T09:08:11.514Z	info	isupipe-benchmarker	SSL接続が有効になっています
2026-09-22T09:08:11.514Z	info	isupipe-benchmarker	静的ファイルチェックを行います
2026-09-22T09:08:11.514Z	info	isupipe-benchmarker	静的ファイルチェックが完了しました
2026-09-22T09:08:11.514Z	info	isupipe-benchmarker	webappの初期化を行います
2026-09-22T09:08:11.514Z	info	staff-logger	bench/bench.go:172	SSL接続が有効になっています
2026-09-22T09:08:11.514Z	info	staff-logger	bench/bench.go:193	webapp: https://pipe.u.isucon.local:443
2026-09-22T09:08:11.514Z	info	staff-logger	bench/bench.go:194	nameserver: 10.100.0.155:53
2026-09-22T09:08:14.139Z	info	isupipe-benchmarker	ベンチマーク走行前のデータ整合性チェックを行います
2026-09-22T09:08:19.103Z	info	isupipe-benchmarker	整合性チェックが成功しました
2026-09-22T09:08:19.103Z	info	isupipe-benchmarker	ベンチマーク走行を開始します
2026-09-22T09:08:19.112Z	info	staff-logger	scenario/viewer.go:32	basic viewer scenario
2026-09-22T09:08:19.112Z	info	staff-logger	scenario/viewer.go:32	basic viewer scenario
2026-09-22T09:08:19.112Z	info	staff-logger	scenario/viewer.go:32	basic viewer scenario
2026-09-22T09:08:19.112Z	info	staff-logger	scenario/viewer.go:32	basic viewer scenario
2026-09-22T09:08:19.112Z	info	staff-logger	scenario/viewer.go:32	basic viewer scenario
2026-09-22T09:08:19.112Z	info	staff-logger	scenario/viewer.go:32	basic viewer scenario
2026-09-22T09:08:19.112Z	info	staff-logger	scenario/viewer.go:32	basic viewer scenario
2026-09-22T09:08:19.112Z	info	staff-logger	scenario/viewer.go:32	basic viewer scenario
2026-09-22T09:08:19.112Z	info	staff-logger	scenario/viewer.go:32	basic viewer scenario
2026-09-22T09:08:19.112Z	info	staff-logger	scenario/viewer.go:32	basic viewer scenario
2026-09-22T09:08:19.158Z	info	staff-logger	scenario/streamer.go:48	change icon
2026-09-22T09:08:19.164Z	info	staff-logger	scenario/viewer.go:56	visit top
2026-09-22T09:08:19.168Z	info	staff-logger	scenario/viewer.go:56	visit top
2026-09-22T09:08:19.168Z	info	staff-logger	scenario/viewer.go:64	get livestream
2026-09-22T09:08:19.168Z	info	staff-logger	scenario/viewer.go:83	visit livestream
2026-09-22T09:08:19.220Z	info	staff-logger	scenario/viewer.go:56	visit top
2026-09-22T09:08:19.251Z	info	staff-logger	scenario/viewer.go:56	visit top
2026-09-22T09:08:19.251Z	info	staff-logger	scenario/viewer.go:64	get livestream
2026-09-22T09:08:19.274Z	info	staff-logger	scenario/viewer.go:56	visit top
2026-09-22T09:08:19.275Z	info	staff-logger	scenario/viewer.go:64	get livestream
2026-09-22T09:08:19.277Z	info	staff-logger	scenario/viewer.go:83	visit livestream
2026-09-22T09:08:19.291Z	info	staff-logger	scenario/viewer.go:64	get livestream
2026-09-22T09:08:19.291Z	info	staff-logger	scenario/viewer.go:56	visit top
2026-09-22T09:08:19.292Z	info	staff-logger	scenario/viewer.go:64	get livestream
2026-09-22T09:08:19.312Z	info	staff-logger	scenario/viewer.go:56	visit top
2026-09-22T09:08:19.312Z	info	staff-logger	scenario/viewer.go:64	get livestream
2026-09-22T09:08:19.314Z	info	staff-logger	scenario/viewer.go:83	visit livestream
2026-09-22T09:08:19.314Z	info	staff-logger	scenario/viewer.go:56	visit top
2026-09-22T09:08:19.314Z	info	staff-logger	scenario/viewer.go:64	get livestream
2026-09-22T09:08:19.314Z	info	staff-logger	scenario/viewer.go:32	basic viewer scenario
2026-09-22T09:08:19.317Z	info	staff-logger	scenario/viewer.go:76	visit user profile
2026-09-22T09:08:19.334Z	info	staff-logger	scenario/viewer.go:46	change icon
2026-09-22T09:08:19.340Z	info	staff-logger	scenario/viewer.go:83	visit livestream
2026-09-22T09:08:19.342Z	info	staff-logger	scenario/viewer.go:56	visit top
2026-09-22T09:08:19.352Z	info	staff-logger	scenario/viewer.go:56	visit top
2026-09-22T09:08:19.352Z	info	staff-logger	scenario/viewer.go:64	get livestream
2026-09-22T09:08:19.360Z	info	staff-logger	scenario/viewer.go:83	visit livestream
2026-09-22T09:08:19.375Z	info	staff-logger	scenario/viewer.go:83	visit livestream
2026-09-22T09:08:19.375Z	info	staff-logger	scenario/viewer.go:32	basic viewer scenario
2026-09-22T09:08:19.391Z	info	staff-logger	scenario/viewer.go:56	visit top
2026-09-22T09:08:19.391Z	info	staff-logger	scenario/viewer.go:64	get livestream
2026-09-22T09:08:19.396Z	info	staff-logger	scenario/viewer.go:83	visit livestream
2026-09-22T09:08:19.396Z	info	staff-logger	scenario/streamer.go:48	change icon
2026-09-22T09:08:19.410Z	info	staff-logger	scenario/viewer.go:56	visit top
2026-09-22T09:08:19.410Z	info	staff-logger	scenario/viewer.go:64	get livestream
2026-09-22T09:08:19.421Z	info	staff-logger	scenario/viewer.go:83	visit livestream
2026-09-22T09:08:19.422Z	info	staff-logger	scenario/viewer.go:32	basic viewer scenario
2026-09-22T09:08:19.422Z	info	staff-logger	scenario/viewer.go:56	visit top
2026-09-22T09:08:19.422Z	info	staff-logger	scenario/viewer.go:64	get livestream
2026-09-22T09:08:19.424Z	info	staff-logger	scenario/viewer.go:64	get livestream
2026-09-22T09:08:19.435Z	info	staff-logger	scenario/viewer.go:32	basic viewer scenario
2026-09-22T09:08:19.435Z	info	staff-logger	scenario/viewer.go:83	visit livestream
2026-09-22T09:08:19.435Z	info	staff-logger	scenario/viewer.go:56	visit top
2026-09-22T09:08:19.435Z	info	staff-logger	scenario/viewer.go:64	get livestream
2026-09-22T09:08:19.446Z	info	staff-logger	scenario/viewer.go:83	visit livestream
2026-09-22T09:08:19.488Z	info	staff-logger	scenario/viewer.go:83	visit livestream
2026-09-22T09:08:19.494Z	info	staff-logger	scenario/viewer.go:76	visit user profile
2026-09-22T09:08:19.494Z	info	staff-logger	scenario/viewer.go:32	basic viewer scenario
2026-09-22T09:08:19.494Z	info	staff-logger	scenario/viewer.go:56	visit top
2026-09-22T09:08:19.504Z	info	staff-logger	scenario/viewer.go:64	get livestream
2026-09-22T09:08:19.509Z	info	staff-logger	scenario/viewer.go:83	visit livestream
2026-09-22T09:08:19.509Z	info	staff-logger	scenario/viewer.go:32	basic viewer scenario
2026-09-22T09:08:19.509Z	info	staff-logger	scenario/viewer.go:56	visit top
2026-09-22T09:08:19.509Z	info	staff-logger	scenario/viewer.go:64	get livestream
2026-09-22T09:08:19.516Z	info	staff-logger	scenario/viewer.go:83	visit livestream
2026-09-22T09:08:19.565Z	info	staff-logger	scenario/viewer.go:76	visit user profile
2026-09-22T09:08:19.574Z	info	staff-logger	scenario/viewer.go:83	visit livestream
2026-09-22T09:08:19.574Z	info	staff-logger	scenario/viewer.go:32	basic viewer scenario
2026-09-22T09:08:19.574Z	info	staff-logger	scenario/viewer.go:56	visit top
2026-09-22T09:08:19.574Z	info	staff-logger	scenario/viewer.go:64	get livestream
2026-09-22T09:08:19.606Z	info	staff-logger	scenario/viewer.go:83	visit livestream
2026-09-22T09:08:19.606Z	info	staff-logger	scenario/viewer.go:83	visit livestream
2026-09-22T09:08:19.607Z	info	staff-logger	scenario/viewer.go:32	basic viewer scenario
2026-09-22T09:08:19.607Z	info	staff-logger	scenario/viewer.go:56	visit top
2026-09-22T09:08:19.607Z	info	staff-logger	scenario/viewer.go:64	get livestream
2026-09-22T09:08:19.607Z	info	staff-logger	scenario/viewer.go:32	basic viewer scenario
2026-09-22T09:08:19.607Z	info	staff-logger	scenario/viewer.go:56	visit top
2026-09-22T09:08:19.607Z	info	staff-logger	scenario/viewer.go:64	get livestream
2026-09-22T09:08:19.607Z	info	staff-logger	scenario/viewer.go:83	visit livestream
2026-09-22T09:08:19.621Z	info	staff-logger	scenario/viewer.go:83	visit livestream
2026-09-22T09:08:19.630Z	info	staff-logger	scenario/viewer.go:32	basic viewer scenario
2026-09-22T09:08:19.630Z	info	staff-logger	scenario/viewer.go:56	visit top
2026-09-22T09:08:19.630Z	info	staff-logger	scenario/viewer.go:64	get livestream
2026-09-22T09:08:19.630Z	info	staff-logger	scenario/viewer.go:83	visit livestream
2026-09-22T09:08:19.646Z	info	staff-logger	scenario/viewer.go:32	basic viewer scenario
2026-09-22T09:08:19.646Z	info	staff-logger	scenario/viewer.go:56	visit top
2026-09-22T09:08:19.682Z	info	staff-logger	scenario/viewer.go:32	basic viewer scenario
2026-09-22T09:08:19.682Z	info	staff-logger	scenario/viewer.go:56	visit top
2026-09-22T09:08:19.682Z	info	staff-logger	scenario/viewer.go:64	get livestream
2026-09-22T09:08:19.682Z	info	staff-logger	scenario/viewer.go:83	visit livestream
2026-09-22T09:08:19.699Z	info	staff-logger	scenario/viewer.go:64	get livestream
2026-09-22T09:08:19.699Z	info	staff-logger	scenario/viewer.go:76	visit user profile
2026-09-22T09:08:19.700Z	info	staff-logger	scenario/viewer.go:32	basic viewer scenario
2026-09-22T09:08:19.700Z	info	staff-logger	scenario/viewer.go:56	visit top
2026-09-22T09:08:19.700Z	info	staff-logger	scenario/viewer.go:64	get livestream
2026-09-22T09:08:19.700Z	info	staff-logger	scenario/viewer.go:83	visit livestream
2026-09-22T09:08:19.725Z	info	staff-logger	scenario/viewer.go:32	basic viewer scenario
2026-09-22T09:08:19.725Z	info	staff-logger	scenario/viewer.go:56	visit top
2026-09-22T09:08:19.725Z	info	staff-logger	scenario/viewer.go:64	get livestream
2026-09-22T09:08:19.725Z	info	staff-logger	scenario/viewer.go:83	visit livestream
2026-09-22T09:08:19.744Z	info	staff-logger	scenario/viewer.go:32	basic viewer scenario
2026-09-22T09:08:19.744Z	info	staff-logger	scenario/viewer.go:56	visit top
2026-09-22T09:08:19.744Z	info	staff-logger	scenario/viewer.go:64	get livestream
2026-09-22T09:08:19.744Z	info	staff-logger	scenario/viewer.go:83	visit livestream
2026-09-22T09:08:19.762Z	info	staff-logger	scenario/viewer.go:83	visit livestream
2026-09-22T09:08:19.775Z	info	staff-logger	scenario/viewer.go:32	basic viewer scenario
2026-09-22T09:08:19.775Z	info	staff-logger	scenario/viewer.go:56	visit top
2026-09-22T09:08:19.775Z	info	staff-logger	scenario/viewer.go:64	get livestream
2026-09-22T09:08:19.775Z	info	staff-logger	scenario/viewer.go:83	visit livestream
2026-09-22T09:08:19.797Z	info	staff-logger	scenario/viewer.go:32	basic viewer scenario
2026-09-22T09:08:19.797Z	info	staff-logger	scenario/viewer.go:56	visit top
2026-09-22T09:08:19.797Z	info	staff-logger	scenario/viewer.go:64	get livestream
2026-09-22T09:08:19.797Z	info	staff-logger	scenario/viewer.go:83	visit livestream
2026-09-22T09:08:19.800Z	info	staff-logger	scenario/streamer.go:48	change icon
2026-09-22T09:08:19.848Z	info	staff-logger	scenario/viewer.go:64	get livestream
2026-09-22T09:08:19.848Z	info	staff-logger	scenario/viewer.go:76	visit user profile
2026-09-22T09:08:19.849Z	info	staff-logger	scenario/viewer.go:32	basic viewer scenario
2026-09-22T09:08:19.849Z	info	staff-logger	scenario/viewer.go:56	visit top
2026-09-22T09:08:19.849Z	info	staff-logger	scenario/viewer.go:64	get livestream
2026-09-22T09:08:19.849Z	info	staff-logger	scenario/viewer.go:83	visit livestream
2026-09-22T09:08:19.862Z	info	staff-logger	scenario/viewer.go:32	basic viewer scenario
2026-09-22T09:08:19.862Z	info	staff-logger	scenario/viewer.go:56	visit top
2026-09-22T09:08:19.862Z	info	staff-logger	scenario/viewer.go:64	get livestream
2026-09-22T09:08:19.862Z	info	staff-logger	scenario/viewer.go:83	visit livestream
2026-09-22T09:08:19.917Z	info	staff-logger	scenario/viewer.go:83	visit livestream
2026-09-22T09:08:19.969Z	info	staff-logger	scenario/viewer.go:32	basic viewer scenario
2026-09-22T09:08:19.969Z	info	staff-logger	scenario/viewer.go:56	visit top
2026-09-22T09:08:19.969Z	info	staff-logger	scenario/viewer.go:64	get livestream
2026-09-22T09:08:19.969Z	info	staff-logger	scenario/viewer.go:83	visit livestream
2026-09-22T09:08:20.034Z	info	staff-logger	scenario/viewer.go:32	basic viewer scenario
2026-09-22T09:08:20.034Z	info	staff-logger	scenario/viewer.go:56	visit top
2026-09-22T09:08:20.034Z	info	staff-logger	scenario/viewer.go:64	get livestream
2026-09-22T09:08:20.034Z	info	staff-logger	scenario/viewer.go:83	visit livestream
2026-09-22T09:08:20.051Z	info	staff-logger	scenario/viewer.go:32	basic viewer scenario
2026-09-22T09:08:20.051Z	info	staff-logger	scenario/viewer.go:46	change icon
2026-09-22T09:08:20.072Z	info	staff-logger	scenario/viewer.go:56	visit top
2026-09-22T09:08:20.090Z	info	staff-logger	scenario/viewer.go:32	basic viewer scenario
2026-09-22T09:08:20.090Z	info	staff-logger	scenario/viewer.go:56	visit top
2026-09-22T09:08:20.090Z	info	staff-logger	scenario/viewer.go:64	get livestream
2026-09-22T09:08:20.090Z	info	staff-logger	scenario/viewer.go:83	visit livestream
2026-09-22T09:08:20.115Z	info	staff-logger	scenario/viewer.go:32	basic viewer scenario
2026-09-22T09:08:20.116Z	info	staff-logger	scenario/viewer.go:56	visit top
2026-09-22T09:08:20.116Z	info	staff-logger	scenario/viewer.go:64	get livestream
2026-09-22T09:08:20.116Z	info	staff-logger	scenario/viewer.go:83	visit livestream
2026-09-22T09:08:20.139Z	info	staff-logger	scenario/viewer.go:32	basic viewer scenario
2026-09-22T09:08:20.140Z	info	staff-logger	scenario/viewer.go:56	visit top
2026-09-22T09:08:20.140Z	info	staff-logger	scenario/viewer.go:64	get livestream
2026-09-22T09:08:20.140Z	info	staff-logger	scenario/viewer.go:83	visit livestream
2026-09-22T09:08:20.180Z	info	staff-logger	scenario/viewer.go:32	basic viewer scenario
2026-09-22T09:08:20.180Z	info	staff-logger	scenario/viewer.go:56	visit top
2026-09-22T09:08:20.180Z	info	staff-logger	scenario/viewer.go:64	get livestream
2026-09-22T09:08:20.180Z	info	staff-logger	scenario/viewer.go:83	visit livestream
2026-09-22T09:08:20.199Z	info	staff-logger	scenario/viewer.go:32	basic viewer scenario
2026-09-22T09:08:20.199Z	info	staff-logger	scenario/viewer.go:56	visit top
2026-09-22T09:08:20.199Z	info	staff-logger	scenario/viewer.go:64	get livestream
2026-09-22T09:08:20.199Z	info	staff-logger	scenario/viewer.go:83	visit livestream
2026-09-22T09:08:20.204Z	info	staff-logger	scenario/viewer.go:32	basic viewer scenario
2026-09-22T09:08:20.204Z	info	staff-logger	scenario/viewer.go:56	visit top
2026-09-22T09:08:20.227Z	info	staff-logger	scenario/viewer.go:32	basic viewer scenario
2026-09-22T09:08:20.227Z	info	staff-logger	scenario/viewer.go:56	visit top
2026-09-22T09:08:20.227Z	info	staff-logger	scenario/viewer.go:32	basic viewer scenario
2026-09-22T09:08:20.227Z	info	staff-logger	scenario/viewer.go:56	visit top
2026-09-22T09:08:20.227Z	info	staff-logger	scenario/viewer.go:64	get livestream
2026-09-22T09:08:20.227Z	info	staff-logger	scenario/viewer.go:83	visit livestream
2026-09-22T09:08:20.256Z	info	staff-logger	scenario/viewer.go:32	basic viewer scenario
2026-09-22T09:08:20.256Z	info	staff-logger	scenario/viewer.go:56	visit top
2026-09-22T09:08:20.271Z	info	staff-logger	scenario/viewer.go:64	get livestream
2026-09-22T09:08:20.271Z	info	staff-logger	scenario/viewer.go:76	visit user profile
2026-09-22T09:08:20.313Z	info	staff-logger	scenario/viewer.go:32	basic viewer scenario
2026-09-22T09:08:20.313Z	info	staff-logger	scenario/viewer.go:56	visit top
2026-09-22T09:08:20.314Z	info	staff-logger	scenario/viewer.go:64	get livestream
2026-09-22T09:08:20.314Z	info	staff-logger	scenario/viewer.go:83	visit livestream
2026-09-22T09:08:20.340Z	info	staff-logger	scenario/viewer.go:32	basic viewer scenario
2026-09-22T09:08:20.340Z	info	staff-logger	scenario/viewer.go:56	visit top
2026-09-22T09:08:20.340Z	info	staff-logger	scenario/viewer.go:64	get livestream
2026-09-22T09:08:20.340Z	info	staff-logger	scenario/viewer.go:83	visit livestream
2026-09-22T09:08:20.363Z	info	staff-logger	scenario/viewer.go:83	visit livestream
2026-09-22T09:08:20.363Z	info	staff-logger	scenario/viewer.go:32	basic viewer scenario
2026-09-22T09:08:20.363Z	info	staff-logger	scenario/viewer.go:56	visit top
2026-09-22T09:08:20.363Z	info	staff-logger	scenario/viewer.go:64	get livestream
2026-09-22T09:08:20.363Z	info	staff-logger	scenario/viewer.go:83	visit livestream
2026-09-22T09:08:20.413Z	info	staff-logger	scenario/viewer.go:64	get livestream
2026-09-22T09:08:20.413Z	info	staff-logger	scenario/viewer.go:76	visit user profile
2026-09-22T09:08:20.434Z	info	staff-logger	scenario/viewer.go:32	basic viewer scenario
2026-09-22T09:08:20.434Z	info	staff-logger	scenario/viewer.go:56	visit top
2026-09-22T09:08:20.434Z	info	staff-logger	scenario/viewer.go:64	get livestream
2026-09-22T09:08:20.434Z	info	staff-logger	scenario/viewer.go:83	visit livestream
2026-09-22T09:08:20.447Z	info	staff-logger	scenario/viewer.go:64	get livestream
2026-09-22T09:08:20.447Z	info	staff-logger	scenario/viewer.go:76	visit user profile
2026-09-22T09:08:20.452Z	info	staff-logger	scenario/streamer.go:48	change icon
2026-09-22T09:08:20.477Z	info	staff-logger	scenario/viewer.go:83	visit livestream
2026-09-22T09:08:20.496Z	info	staff-logger	scenario/viewer.go:83	visit livestream
2026-09-22T09:08:20.497Z	info	staff-logger	scenario/viewer.go:64	get livestream
2026-09-22T09:08:20.497Z	info	staff-logger	scenario/viewer.go:76	visit user profile
2026-09-22T09:08:20.541Z	info	staff-logger	scenario/viewer.go:83	visit livestream
2026-09-22T09:08:20.586Z	info	staff-logger	scenario/viewer.go:32	basic viewer scenario
2026-09-22T09:08:20.586Z	info	staff-logger	scenario/viewer.go:56	visit top
2026-09-22T09:08:20.586Z	info	staff-logger	scenario/viewer.go:64	get livestream
2026-09-22T09:08:20.586Z	info	staff-logger	scenario/viewer.go:83	visit livestream
2026-09-22T09:08:20.642Z	info	staff-logger	scenario/viewer.go:32	basic viewer scenario
2026-09-22T09:08:20.642Z	info	staff-logger	scenario/viewer.go:56	visit top
2026-09-22T09:08:20.642Z	info	staff-logger	scenario/viewer.go:64	get livestream
2026-09-22T09:08:20.642Z	info	staff-logger	scenario/viewer.go:83	visit livestream
2026-09-22T09:08:20.647Z	info	staff-logger	scenario/viewer.go:32	basic viewer scenario
2026-09-22T09:08:20.647Z	info	staff-logger	scenario/viewer.go:56	visit top
2026-09-22T09:08:20.647Z	info	staff-logger	scenario/viewer.go:64	get livestream
2026-09-22T09:08:20.647Z	info	staff-logger	scenario/viewer.go:83	visit livestream
2026-09-22T09:08:20.649Z	info	staff-logger	scenario/viewer.go:32	basic viewer scenario
2026-09-22T09:08:20.649Z	info	staff-logger	scenario/viewer.go:56	visit top
2026-09-22T09:08:20.649Z	info	staff-logger	scenario/viewer.go:64	get livestream
2026-09-22T09:08:20.649Z	info	staff-logger	scenario/viewer.go:83	visit livestream
2026-09-22T09:08:20.724Z	info	staff-logger	scenario/viewer.go:32	basic viewer scenario
2026-09-22T09:08:20.724Z	info	staff-logger	scenario/viewer.go:56	visit top
2026-09-22T09:08:20.724Z	info	staff-logger	scenario/viewer.go:64	get livestream
2026-09-22T09:08:20.724Z	info	staff-logger	scenario/viewer.go:83	visit livestream
2026-09-22T09:08:20.745Z	info	staff-logger	scenario/viewer.go:32	basic viewer scenario
2026-09-22T09:08:20.746Z	info	staff-logger	scenario/viewer.go:56	visit top
2026-09-22T09:08:20.746Z	info	staff-logger	scenario/viewer.go:64	get livestream
2026-09-22T09:08:20.746Z	info	staff-logger	scenario/viewer.go:83	visit livestream
2026-09-22T09:08:20.759Z	info	staff-logger	scenario/viewer.go:32	basic viewer scenario
2026-09-22T09:08:20.759Z	info	staff-logger	scenario/viewer.go:56	visit top
2026-09-22T09:08:20.759Z	info	staff-logger	scenario/viewer.go:64	get livestream
2026-09-22T09:08:20.759Z	info	staff-logger	scenario/viewer.go:83	visit livestream
2026-09-22T09:08:20.769Z	info	staff-logger	scenario/viewer.go:32	basic viewer scenario
2026-09-22T09:08:20.769Z	info	staff-logger	scenario/viewer.go:56	visit top
2026-09-22T09:08:20.769Z	info	staff-logger	scenario/viewer.go:64	get livestream
2026-09-22T09:08:20.769Z	info	staff-logger	scenario/viewer.go:83	visit livestream
2026-09-22T09:08:20.769Z	info	staff-logger	scenario/viewer.go:32	basic viewer scenario
2026-09-22T09:08:20.769Z	info	staff-logger	scenario/viewer.go:56	visit top
2026-09-22T09:08:20.769Z	info	staff-logger	scenario/viewer.go:64	get livestream
2026-09-22T09:08:20.769Z	info	staff-logger	scenario/viewer.go:83	visit livestream
2026-09-22T09:08:20.774Z	info	staff-logger	scenario/viewer.go:32	basic viewer scenario
2026-09-22T09:08:20.774Z	info	staff-logger	scenario/viewer.go:56	visit top
2026-09-22T09:08:20.802Z	info	staff-logger	scenario/viewer.go:32	basic viewer scenario
2026-09-22T09:08:20.802Z	info	staff-logger	scenario/viewer.go:56	visit top
2026-09-22T09:08:20.802Z	info	staff-logger	scenario/viewer.go:64	get livestream
2026-09-22T09:08:20.802Z	info	staff-logger	scenario/viewer.go:83	visit livestream
2026-09-22T09:08:20.850Z	info	staff-logger	scenario/viewer.go:32	basic viewer scenario
2026-09-22T09:08:20.850Z	info	staff-logger	scenario/viewer.go:56	visit top
2026-09-22T09:08:20.921Z	info	staff-logger	scenario/viewer.go:32	basic viewer scenario
2026-09-22T09:08:20.921Z	info	staff-logger	scenario/viewer.go:56	visit top
2026-09-22T09:08:20.921Z	info	staff-logger	scenario/viewer.go:64	get livestream
2026-09-22T09:08:20.921Z	info	staff-logger	scenario/viewer.go:83	visit livestream
2026-09-22T09:08:20.961Z	info	staff-logger	scenario/viewer.go:32	basic viewer scenario
2026-09-22T09:08:20.961Z	info	staff-logger	scenario/viewer.go:56	visit top
2026-09-22T09:08:20.961Z	info	staff-logger	scenario/viewer.go:64	get livestream
2026-09-22T09:08:20.961Z	info	staff-logger	scenario/viewer.go:83	visit livestream
2026-09-22T09:08:20.970Z	info	staff-logger	scenario/viewer.go:32	basic viewer scenario
2026-09-22T09:08:20.970Z	info	staff-logger	scenario/viewer.go:56	visit top
2026-09-22T09:08:20.970Z	info	staff-logger	scenario/viewer.go:64	get livestream
2026-09-22T09:08:20.970Z	info	staff-logger	scenario/viewer.go:83	visit livestream
2026-09-22T09:08:20.981Z	info	staff-logger	scenario/viewer.go:90	get livestream stats
2026-09-22T09:08:20.997Z	info	staff-logger	scenario/viewer.go:64	get livestream
2026-09-22T09:08:20.997Z	info	staff-logger	scenario/viewer.go:76	visit user profile
2026-09-22T09:08:21.016Z	info	staff-logger	scenario/viewer.go:64	get livestream
2026-09-22T09:08:21.016Z	info	staff-logger	scenario/viewer.go:76	visit user profile
2026-09-22T09:08:21.019Z	info	staff-logger	scenario/viewer.go:32	basic viewer scenario
2026-09-22T09:08:21.019Z	info	staff-logger	scenario/viewer.go:56	visit top
2026-09-22T09:08:21.019Z	info	staff-logger	scenario/viewer.go:64	get livestream
2026-09-22T09:08:21.019Z	info	staff-logger	scenario/viewer.go:83	visit livestream
2026-09-22T09:08:21.083Z	info	staff-logger	scenario/viewer.go:32	basic viewer scenario
2026-09-22T09:08:21.083Z	info	staff-logger	scenario/viewer.go:56	visit top
2026-09-22T09:08:21.083Z	info	staff-logger	scenario/viewer.go:64	get livestream
2026-09-22T09:08:21.083Z	info	staff-logger	scenario/viewer.go:83	visit livestream
2026-09-22T09:08:21.094Z	info	staff-logger	scenario/viewer.go:83	visit livestream
2026-09-22T09:08:21.106Z	info	staff-logger	scenario/viewer.go:90	get livestream stats
2026-09-22T09:08:21.112Z	info	isupipe-benchmarker	DNS水責め負荷が上昇します	{"parallelis": 3}
2026-09-22T09:08:21.125Z	info	staff-logger	scenario/viewer.go:83	visit livestream
2026-09-22T09:08:21.131Z	info	staff-logger	scenario/viewer.go:32	basic viewer scenario
2026-09-22T09:08:21.131Z	info	staff-logger	scenario/viewer.go:56	visit top
2026-09-22T09:08:21.131Z	info	staff-logger	scenario/viewer.go:64	get livestream
2026-09-22T09:08:21.131Z	info	staff-logger	scenario/viewer.go:83	visit livestream
2026-09-22T09:08:21.150Z	info	staff-logger	scenario/viewer.go:90	get livestream stats
2026-09-22T09:08:21.161Z	info	staff-logger	scenario/viewer.go:32	basic viewer scenario
2026-09-22T09:08:21.162Z	info	staff-logger	scenario/viewer.go:56	visit top
2026-09-22T09:08:21.162Z	info	staff-logger	scenario/viewer.go:64	get livestream
2026-09-22T09:08:21.162Z	info	staff-logger	scenario/viewer.go:83	visit livestream
2026-09-22T09:08:21.195Z	info	staff-logger	scenario/viewer.go:32	basic viewer scenario
2026-09-22T09:08:21.195Z	info	staff-logger	scenario/viewer.go:56	visit top
2026-09-22T09:08:21.195Z	info	staff-logger	scenario/viewer.go:64	get livestream
2026-09-22T09:08:21.195Z	info	staff-logger	scenario/viewer.go:83	visit livestream
2026-09-22T09:08:21.201Z	info	staff-logger	scenario/streamer.go:48	change icon
2026-09-22T09:08:21.253Z	info	staff-logger	scenario/viewer.go:32	basic viewer scenario
2026-09-22T09:08:21.253Z	info	staff-logger	scenario/viewer.go:56	visit top
2026-09-22T09:08:21.253Z	info	staff-logger	scenario/viewer.go:64	get livestream
2026-09-22T09:08:21.253Z	info	staff-logger	scenario/viewer.go:83	visit livestream
2026-09-22T09:08:21.275Z	info	staff-logger	scenario/viewer.go:32	basic viewer scenario
2026-09-22T09:08:21.276Z	info	staff-logger	scenario/viewer.go:56	visit top
2026-09-22T09:08:21.276Z	info	staff-logger	scenario/viewer.go:64	get livestream
2026-09-22T09:08:21.276Z	info	staff-logger	scenario/viewer.go:83	visit livestream
2026-09-22T09:08:21.276Z	info	staff-logger	scenario/viewer.go:32	basic viewer scenario
2026-09-22T09:08:21.276Z	info	staff-logger	scenario/viewer.go:56	visit top
2026-09-22T09:08:21.276Z	info	staff-logger	scenario/viewer.go:64	get livestream
2026-09-22T09:08:21.276Z	info	staff-logger	scenario/viewer.go:83	visit livestream
2026-09-22T09:08:21.287Z	info	staff-logger	scenario/viewer.go:32	basic viewer scenario
2026-09-22T09:08:21.287Z	info	staff-logger	scenario/viewer.go:56	visit top
2026-09-22T09:08:21.287Z	info	staff-logger	scenario/viewer.go:64	get livestream
2026-09-22T09:08:21.287Z	info	staff-logger	scenario/viewer.go:83	visit livestream
2026-09-22T09:08:21.341Z	info	staff-logger	scenario/viewer.go:32	basic viewer scenario
2026-09-22T09:08:21.341Z	info	staff-logger	scenario/viewer.go:56	visit top
2026-09-22T09:08:21.341Z	info	staff-logger	scenario/viewer.go:64	get livestream
2026-09-22T09:08:21.341Z	info	staff-logger	scenario/viewer.go:83	visit livestream
2026-09-22T09:08:21.383Z	info	staff-logger	scenario/viewer.go:32	basic viewer scenario
2026-09-22T09:08:21.384Z	info	staff-logger	scenario/viewer.go:56	visit top
2026-09-22T09:08:21.384Z	info	staff-logger	scenario/viewer.go:64	get livestream
2026-09-22T09:08:21.384Z	info	staff-logger	scenario/viewer.go:83	visit livestream
2026-09-22T09:08:21.389Z	info	staff-logger	scenario/viewer.go:32	basic viewer scenario
2026-09-22T09:08:21.389Z	info	staff-logger	scenario/viewer.go:56	visit top
2026-09-22T09:08:21.391Z	info	staff-logger	scenario/viewer.go:32	basic viewer scenario
2026-09-22T09:08:21.391Z	info	staff-logger	scenario/viewer.go:56	visit top
2026-09-22T09:08:21.391Z	info	staff-logger	scenario/viewer.go:64	get livestream
2026-09-22T09:08:21.391Z	info	staff-logger	scenario/viewer.go:83	visit livestream
2026-09-22T09:08:21.453Z	info	staff-logger	scenario/viewer.go:32	basic viewer scenario
2026-09-22T09:08:21.453Z	info	staff-logger	scenario/viewer.go:56	visit top
2026-09-22T09:08:21.453Z	info	staff-logger	scenario/viewer.go:64	get livestream
2026-09-22T09:08:21.453Z	info	staff-logger	scenario/viewer.go:83	visit livestream
2026-09-22T09:08:21.453Z	info	staff-logger	scenario/viewer.go:32	basic viewer scenario
2026-09-22T09:08:21.453Z	info	staff-logger	scenario/viewer.go:56	visit top
2026-09-22T09:08:21.453Z	info	staff-logger	scenario/viewer.go:64	get livestream
2026-09-22T09:08:21.453Z	info	staff-logger	scenario/viewer.go:83	visit livestream
2026-09-22T09:08:21.504Z	info	staff-logger	scenario/viewer.go:32	basic viewer scenario
2026-09-22T09:08:21.504Z	info	staff-logger	scenario/viewer.go:56	visit top
2026-09-22T09:08:21.512Z	info	staff-logger	scenario/viewer.go:32	basic viewer scenario
2026-09-22T09:08:21.512Z	info	staff-logger	scenario/viewer.go:56	visit top
2026-09-22T09:08:21.512Z	info	staff-logger	scenario/viewer.go:64	get livestream
2026-09-22T09:08:21.512Z	info	staff-logger	scenario/viewer.go:83	visit livestream
2026-09-22T09:08:21.534Z	info	staff-logger	scenario/viewer.go:32	basic viewer scenario
2026-09-22T09:08:21.534Z	info	staff-logger	scenario/viewer.go:56	visit top
2026-09-22T09:08:21.534Z	info	staff-logger	scenario/viewer.go:64	get livestream
2026-09-22T09:08:21.534Z	info	staff-logger	scenario/viewer.go:83	visit livestream
2026-09-22T09:08:21.547Z	warn	staff-logger	scenario/viewer.go:178	viewer_spam: failed to post livecomment (moderated spam): benchmark-application: [一般エラー] POST /api/livestream/7530/livecomment へのリクエストに対して、期待されたHTTPステータスコードが確認できませんでした (expected:400, actual:201)

2026-09-22T09:08:21.553Z	info	staff-logger	scenario/viewer.go:32	basic viewer scenario
2026-09-22T09:08:21.553Z	info	staff-logger	scenario/viewer.go:56	visit top
2026-09-22T09:08:21.553Z	info	staff-logger	scenario/viewer.go:64	get livestream
2026-09-22T09:08:21.553Z	info	staff-logger	scenario/viewer.go:83	visit livestream
2026-09-22T09:08:21.573Z	info	staff-logger	scenario/viewer.go:64	get livestream
2026-09-22T09:08:21.573Z	info	staff-logger	scenario/viewer.go:76	visit user profile
2026-09-22T09:08:21.668Z	info	staff-logger	scenario/viewer.go:83	visit livestream
2026-09-22T09:08:21.672Z	info	staff-logger	scenario/viewer.go:32	basic viewer scenario
2026-09-22T09:08:21.672Z	info	staff-logger	scenario/viewer.go:56	visit top
2026-09-22T09:08:21.672Z	info	staff-logger	scenario/viewer.go:64	get livestream
2026-09-22T09:08:21.672Z	info	staff-logger	scenario/viewer.go:83	visit livestream
2026-09-22T09:08:21.684Z	info	staff-logger	scenario/viewer.go:32	basic viewer scenario
2026-09-22T09:08:21.684Z	info	staff-logger	scenario/viewer.go:56	visit top
2026-09-22T09:08:21.684Z	info	staff-logger	scenario/viewer.go:64	get livestream
2026-09-22T09:08:21.684Z	info	staff-logger	scenario/viewer.go:83	visit livestream
2026-09-22T09:08:21.702Z	info	staff-logger	scenario/viewer.go:32	basic viewer scenario
2026-09-22T09:08:21.702Z	info	staff-logger	scenario/viewer.go:56	visit top
2026-09-22T09:08:21.705Z	info	staff-logger	scenario/viewer.go:64	get livestream
2026-09-22T09:08:21.705Z	info	staff-logger	scenario/viewer.go:76	visit user profile
2026-09-22T09:08:21.722Z	info	staff-logger	scenario/viewer.go:32	basic viewer scenario
2026-09-22T09:08:21.722Z	info	staff-logger	scenario/viewer.go:56	visit top
2026-09-22T09:08:21.722Z	info	staff-logger	scenario/viewer.go:64	get livestream
2026-09-22T09:08:21.722Z	info	staff-logger	scenario/viewer.go:83	visit livestream
2026-09-22T09:08:21.780Z	info	staff-logger	scenario/viewer.go:32	basic viewer scenario
2026-09-22T09:08:21.780Z	info	staff-logger	scenario/viewer.go:56	visit top
2026-09-22T09:08:21.780Z	info	staff-logger	scenario/viewer.go:64	get livestream
2026-09-22T09:08:21.780Z	info	staff-logger	scenario/viewer.go:83	visit livestream
2026-09-22T09:08:21.806Z	info	staff-logger	scenario/viewer.go:83	visit livestream
2026-09-22T09:08:21.809Z	info	staff-logger	scenario/viewer.go:32	basic viewer scenario
2026-09-22T09:08:21.809Z	info	staff-logger	scenario/viewer.go:56	visit top
2026-09-22T09:08:21.809Z	info	staff-logger	scenario/viewer.go:64	get livestream
2026-09-22T09:08:21.809Z	info	staff-logger	scenario/viewer.go:83	visit livestream
2026-09-22T09:08:21.854Z	info	staff-logger	scenario/viewer.go:32	basic viewer scenario
2026-09-22T09:08:21.854Z	info	staff-logger	scenario/viewer.go:56	visit top
2026-09-22T09:08:21.854Z	info	staff-logger	scenario/viewer.go:64	get livestream
2026-09-22T09:08:21.854Z	info	staff-logger	scenario/viewer.go:83	visit livestream
2026-09-22T09:08:21.887Z	info	staff-logger	scenario/viewer.go:32	basic viewer scenario
2026-09-22T09:08:21.887Z	info	staff-logger	scenario/viewer.go:56	visit top
2026-09-22T09:08:21.887Z	info	staff-logger	scenario/viewer.go:64	get livestream
2026-09-22T09:08:21.887Z	info	staff-logger	scenario/viewer.go:83	visit livestream
2026-09-22T09:08:21.911Z	info	staff-logger	scenario/viewer.go:64	get livestream
2026-09-22T09:08:21.911Z	info	staff-logger	scenario/viewer.go:76	visit user profile
2026-09-22T09:08:21.945Z	info	staff-logger	scenario/viewer.go:32	basic viewer scenario
2026-09-22T09:08:21.946Z	info	staff-logger	scenario/viewer.go:56	visit top
2026-09-22T09:08:21.946Z	info	staff-logger	scenario/viewer.go:64	get livestream
2026-09-22T09:08:21.946Z	info	staff-logger	scenario/viewer.go:83	visit livestream
2026-09-22T09:08:21.982Z	info	staff-logger	scenario/viewer.go:83	visit livestream
2026-09-22T09:08:22.014Z	info	staff-logger	scenario/viewer.go:32	basic viewer scenario
2026-09-22T09:08:22.015Z	info	staff-logger	scenario/viewer.go:56	visit top
2026-09-22T09:08:22.015Z	info	staff-logger	scenario/viewer.go:64	get livestream
2026-09-22T09:08:22.015Z	info	staff-logger	scenario/viewer.go:83	visit livestream
2026-09-22T09:08:22.035Z	info	staff-logger	scenario/viewer.go:32	basic viewer scenario
2026-09-22T09:08:22.035Z	info	staff-logger	scenario/viewer.go:56	visit top
2026-09-22T09:08:22.035Z	info	staff-logger	scenario/viewer.go:64	get livestream
2026-09-22T09:08:22.035Z	info	staff-logger	scenario/viewer.go:83	visit livestream
2026-09-22T09:08:22.037Z	info	staff-logger	scenario/viewer.go:32	basic viewer scenario
2026-09-22T09:08:22.037Z	info	staff-logger	scenario/viewer.go:56	visit top
2026-09-22T09:08:22.037Z	info	staff-logger	scenario/viewer.go:64	get livestream
2026-09-22T09:08:22.037Z	info	staff-logger	scenario/viewer.go:83	visit livestream
2026-09-22T09:08:22.037Z	info	staff-logger	scenario/viewer.go:32	basic viewer scenario
2026-09-22T09:08:22.037Z	info	staff-logger	scenario/viewer.go:56	visit top
2026-09-22T09:08:22.037Z	info	staff-logger	scenario/viewer.go:64	get livestream
2026-09-22T09:08:22.037Z	info	staff-logger	scenario/viewer.go:83	visit livestream
2026-09-22T09:08:22.049Z	info	staff-logger	scenario/viewer.go:32	basic viewer scenario
2026-09-22T09:08:22.049Z	info	staff-logger	scenario/viewer.go:56	visit top
2026-09-22T09:08:22.049Z	info	staff-logger	scenario/viewer.go:64	get livestream
2026-09-22T09:08:22.049Z	info	staff-logger	scenario/viewer.go:83	visit livestream
2026-09-22T09:08:22.070Z	info	staff-logger	scenario/viewer.go:90	get livestream stats
2026-09-22T09:08:22.147Z	info	staff-logger	scenario/viewer.go:32	basic viewer scenario
2026-09-22T09:08:22.147Z	info	staff-logger	scenario/viewer.go:56	visit top
2026-09-22T09:08:22.147Z	info	staff-logger	scenario/viewer.go:64	get livestream
2026-09-22T09:08:22.147Z	info	staff-logger	scenario/viewer.go:83	visit livestream
2026-09-22T09:08:22.203Z	info	staff-logger	scenario/viewer.go:32	basic viewer scenario
2026-09-22T09:08:22.203Z	info	staff-logger	scenario/viewer.go:56	visit top
2026-09-22T09:08:22.203Z	info	staff-logger	scenario/viewer.go:64	get livestream
2026-09-22T09:08:22.203Z	info	staff-logger	scenario/viewer.go:83	visit livestream
2026-09-22T09:08:22.251Z	info	staff-logger	scenario/viewer.go:32	basic viewer scenario
2026-09-22T09:08:22.251Z	info	staff-logger	scenario/viewer.go:56	visit top
2026-09-22T09:08:22.251Z	info	staff-logger	scenario/viewer.go:64	get livestream
2026-09-22T09:08:22.251Z	info	staff-logger	scenario/viewer.go:83	visit livestream
2026-09-22T09:08:22.309Z	info	staff-logger	scenario/viewer.go:32	basic viewer scenario
2026-09-22T09:08:22.309Z	info	staff-logger	scenario/viewer.go:56	visit top
2026-09-22T09:08:22.309Z	info	staff-logger	scenario/viewer.go:64	get livestream
2026-09-22T09:08:22.309Z	info	staff-logger	scenario/viewer.go:83	visit livestream
2026-09-22T09:08:22.313Z	info	staff-logger	scenario/viewer.go:32	basic viewer scenario
2026-09-22T09:08:22.313Z	info	staff-logger	scenario/viewer.go:56	visit top
2026-09-22T09:08:22.313Z	info	staff-logger	scenario/viewer.go:64	get livestream
2026-09-22T09:08:22.313Z	info	staff-logger	scenario/viewer.go:83	visit livestream
2026-09-22T09:08:22.321Z	info	staff-logger	scenario/streamer.go:48	change icon
2026-09-22T09:08:22.467Z	info	staff-logger	scenario/viewer.go:32	basic viewer scenario
2026-09-22T09:08:22.467Z	info	staff-logger	scenario/viewer.go:56	visit top
2026-09-22T09:08:22.467Z	info	staff-logger	scenario/viewer.go:64	get livestream
2026-09-22T09:08:22.467Z	info	staff-logger	scenario/viewer.go:83	visit livestream
2026-09-22T09:08:22.468Z	info	staff-logger	scenario/viewer.go:32	basic viewer scenario
2026-09-22T09:08:22.468Z	info	staff-logger	scenario/viewer.go:56	visit top
2026-09-22T09:08:22.468Z	info	staff-logger	scenario/viewer.go:64	get livestream
2026-09-22T09:08:22.468Z	info	staff-logger	scenario/viewer.go:83	visit livestream
2026-09-22T09:08:22.481Z	info	staff-logger	scenario/viewer.go:32	basic viewer scenario
2026-09-22T09:08:22.481Z	info	staff-logger	scenario/viewer.go:56	visit top
2026-09-22T09:08:22.481Z	info	staff-logger	scenario/viewer.go:64	get livestream
2026-09-22T09:08:22.481Z	info	staff-logger	scenario/viewer.go:83	visit livestream
2026-09-22T09:08:22.539Z	info	staff-logger	scenario/viewer.go:32	basic viewer scenario
2026-09-22T09:08:22.539Z	info	staff-logger	scenario/viewer.go:56	visit top
2026-09-22T09:08:22.539Z	info	staff-logger	scenario/viewer.go:64	get livestream
2026-09-22T09:08:22.539Z	info	staff-logger	scenario/viewer.go:83	visit livestream
2026-09-22T09:08:22.575Z	info	staff-logger	scenario/viewer.go:32	basic viewer scenario
2026-09-22T09:08:22.575Z	info	staff-logger	scenario/viewer.go:56	visit top
2026-09-22T09:08:22.575Z	info	staff-logger	scenario/viewer.go:64	get livestream
2026-09-22T09:08:22.575Z	info	staff-logger	scenario/viewer.go:83	visit livestream
2026-09-22T09:08:22.587Z	info	staff-logger	scenario/viewer.go:90	get livestream stats
2026-09-22T09:08:22.625Z	info	staff-logger	scenario/viewer.go:32	basic viewer scenario
2026-09-22T09:08:22.625Z	info	staff-logger	scenario/viewer.go:56	visit top
2026-09-22T09:08:22.625Z	info	staff-logger	scenario/viewer.go:64	get livestream
2026-09-22T09:08:22.625Z	info	staff-logger	scenario/viewer.go:83	visit livestream
2026-09-22T09:08:22.642Z	info	staff-logger	scenario/viewer.go:32	basic viewer scenario
2026-09-22T09:08:22.642Z	info	staff-logger	scenario/viewer.go:56	visit top
2026-09-22T09:08:22.642Z	info	staff-logger	scenario/viewer.go:64	get livestream
2026-09-22T09:08:22.642Z	info	staff-logger	scenario/viewer.go:83	visit livestream
2026-09-22T09:08:22.647Z	info	staff-logger	scenario/viewer.go:32	basic viewer scenario
2026-09-22T09:08:22.647Z	info	staff-logger	scenario/viewer.go:56	visit top
2026-09-22T09:08:22.647Z	info	staff-logger	scenario/viewer.go:64	get livestream
2026-09-22T09:08:22.647Z	info	staff-logger	scenario/viewer.go:83	visit livestream
2026-09-22T09:08:22.685Z	info	staff-logger	scenario/viewer.go:32	basic viewer scenario
2026-09-22T09:08:22.685Z	info	staff-logger	scenario/viewer.go:56	visit top
2026-09-22T09:08:22.685Z	info	staff-logger	scenario/viewer.go:64	get livestream
2026-09-22T09:08:22.685Z	info	staff-logger	scenario/viewer.go:83	visit livestream
2026-09-22T09:08:22.794Z	info	staff-logger	scenario/viewer.go:32	basic viewer scenario
2026-09-22T09:08:22.794Z	info	staff-logger	scenario/viewer.go:56	visit top
2026-09-22T09:08:22.794Z	info	staff-logger	scenario/viewer.go:64	get livestream
2026-09-22T09:08:22.794Z	info	staff-logger	scenario/viewer.go:83	visit livestream
2026-09-22T09:08:22.827Z	info	staff-logger	scenario/viewer.go:32	basic viewer scenario
2026-09-22T09:08:22.827Z	info	staff-logger	scenario/viewer.go:56	visit top
2026-09-22T09:08:22.827Z	info	staff-logger	scenario/viewer.go:64	get livestream
2026-09-22T09:08:22.827Z	info	staff-logger	scenario/viewer.go:83	visit livestream
2026-09-22T09:08:22.830Z	info	staff-logger	scenario/viewer.go:32	basic viewer scenario
2026-09-22T09:08:22.830Z	info	staff-logger	scenario/viewer.go:56	visit top
2026-09-22T09:08:22.830Z	info	staff-logger	scenario/viewer.go:64	get livestream
2026-09-22T09:08:22.830Z	info	staff-logger	scenario/viewer.go:83	visit livestream
2026-09-22T09:08:22.833Z	info	staff-logger	scenario/viewer.go:32	basic viewer scenario
2026-09-22T09:08:22.833Z	info	staff-logger	scenario/viewer.go:56	visit top
2026-09-22T09:08:22.833Z	info	staff-logger	scenario/viewer.go:64	get livestream
2026-09-22T09:08:22.833Z	info	staff-logger	scenario/viewer.go:83	visit livestream
2026-09-22T09:08:22.839Z	info	staff-logger	scenario/viewer.go:32	basic viewer scenario
2026-09-22T09:08:22.839Z	info	staff-logger	scenario/viewer.go:56	visit top
2026-09-22T09:08:22.941Z	info	staff-logger	scenario/viewer.go:32	basic viewer scenario
2026-09-22T09:08:22.941Z	info	staff-logger	scenario/viewer.go:56	visit top
2026-09-22T09:08:23.010Z	info	staff-logger	scenario/viewer.go:32	basic viewer scenario
2026-09-22T09:08:23.010Z	info	staff-logger	scenario/viewer.go:32	basic viewer scenario
2026-09-22T09:08:23.010Z	info	staff-logger	scenario/viewer.go:56	visit top
2026-09-22T09:08:23.010Z	info	staff-logger	scenario/viewer.go:56	visit top
2026-09-22T09:08:23.010Z	info	staff-logger	scenario/viewer.go:64	get livestream
2026-09-22T09:08:23.010Z	info	staff-logger	scenario/viewer.go:83	visit livestream
2026-09-22T09:08:23.015Z	info	staff-logger	scenario/viewer.go:32	basic viewer scenario
2026-09-22T09:08:23.015Z	info	staff-logger	scenario/viewer.go:56	visit top
2026-09-22T09:08:23.015Z	info	staff-logger	scenario/viewer.go:64	get livestream
2026-09-22T09:08:23.016Z	info	staff-logger	scenario/viewer.go:83	visit livestream
2026-09-22T09:08:23.090Z	info	staff-logger	scenario/viewer.go:64	get livestream
2026-09-22T09:08:23.090Z	info	staff-logger	scenario/viewer.go:76	visit user profile
2026-09-22T09:08:23.113Z	info	isupipe-benchmarker	DNS水責め負荷が上昇します	{"parallelis": 4}
2026-09-22T09:08:23.147Z	info	staff-logger	scenario/viewer.go:64	get livestream
2026-09-22T09:08:23.147Z	info	staff-logger	scenario/viewer.go:76	visit user profile
2026-09-22T09:08:23.174Z	info	staff-logger	scenario/viewer.go:83	visit livestream
2026-09-22T09:08:23.185Z	info	staff-logger	scenario/viewer.go:32	basic viewer scenario
2026-09-22T09:08:23.185Z	info	staff-logger	scenario/viewer.go:56	visit top
2026-09-22T09:08:23.185Z	info	staff-logger	scenario/viewer.go:64	get livestream
2026-09-22T09:08:23.185Z	info	staff-logger	scenario/viewer.go:83	visit livestream
2026-09-22T09:08:23.198Z	info	staff-logger	scenario/viewer.go:32	basic viewer scenario
2026-09-22T09:08:23.198Z	info	staff-logger	scenario/viewer.go:56	visit top
2026-09-22T09:08:23.198Z	info	staff-logger	scenario/viewer.go:64	get livestream
2026-09-22T09:08:23.198Z	info	staff-logger	scenario/viewer.go:83	visit livestream
2026-09-22T09:08:23.214Z	info	staff-logger	scenario/viewer.go:32	basic viewer scenario
2026-09-22T09:08:23.214Z	info	staff-logger	scenario/viewer.go:56	visit top
2026-09-22T09:08:23.214Z	info	staff-logger	scenario/viewer.go:64	get livestream
2026-09-22T09:08:23.214Z	info	staff-logger	scenario/viewer.go:83	visit livestream
2026-09-22T09:08:23.218Z	info	staff-logger	scenario/viewer.go:64	get livestream
2026-09-22T09:08:23.218Z	info	staff-logger	scenario/viewer.go:76	visit user profile
2026-09-22T09:08:23.231Z	info	staff-logger	scenario/viewer.go:83	visit livestream
2026-09-22T09:08:23.241Z	info	staff-logger	scenario/viewer.go:32	basic viewer scenario
2026-09-22T09:08:23.241Z	info	staff-logger	scenario/viewer.go:56	visit top
2026-09-22T09:08:23.241Z	info	staff-logger	scenario/viewer.go:64	get livestream
2026-09-22T09:08:23.241Z	info	staff-logger	scenario/viewer.go:83	visit livestream
2026-09-22T09:08:23.308Z	info	staff-logger	scenario/viewer.go:83	visit livestream
2026-09-22T09:08:23.325Z	info	staff-logger	scenario/viewer.go:32	basic viewer scenario
2026-09-22T09:08:23.325Z	info	staff-logger	scenario/viewer.go:56	visit top
2026-09-22T09:08:23.325Z	info	staff-logger	scenario/viewer.go:64	get livestream
2026-09-22T09:08:23.325Z	info	staff-logger	scenario/viewer.go:83	visit livestream
2026-09-22T09:08:23.342Z	info	staff-logger	scenario/viewer.go:32	basic viewer scenario
2026-09-22T09:08:23.342Z	info	staff-logger	scenario/viewer.go:56	visit top
2026-09-22T09:08:23.342Z	info	staff-logger	scenario/viewer.go:64	get livestream
2026-09-22T09:08:23.342Z	info	staff-logger	scenario/viewer.go:83	visit livestream
2026-09-22T09:08:23.352Z	info	staff-logger	scenario/viewer.go:32	basic viewer scenario
2026-09-22T09:08:23.352Z	info	staff-logger	scenario/viewer.go:56	visit top
2026-09-22T09:08:23.352Z	info	staff-logger	scenario/viewer.go:64	get livestream
2026-09-22T09:08:23.352Z	info	staff-logger	scenario/viewer.go:83	visit livestream
2026-09-22T09:08:23.352Z	info	staff-logger	scenario/viewer.go:32	basic viewer scenario
2026-09-22T09:08:23.352Z	info	staff-logger	scenario/viewer.go:56	visit top
2026-09-22T09:08:23.352Z	info	staff-logger	scenario/viewer.go:64	get livestream
2026-09-22T09:08:23.352Z	info	staff-logger	scenario/viewer.go:83	visit livestream
2026-09-22T09:08:23.377Z	info	staff-logger	scenario/viewer.go:32	basic viewer scenario
2026-09-22T09:08:23.378Z	info	staff-logger	scenario/viewer.go:56	visit top
2026-09-22T09:08:23.378Z	info	staff-logger	scenario/viewer.go:64	get livestream
2026-09-22T09:08:23.378Z	info	staff-logger	scenario/viewer.go:83	visit livestream
2026-09-22T09:08:23.383Z	info	staff-logger	scenario/viewer.go:32	basic viewer scenario
2026-09-22T09:08:23.383Z	info	staff-logger	scenario/viewer.go:46	change icon
2026-09-22T09:08:23.438Z	info	staff-logger	scenario/viewer.go:56	visit top
2026-09-22T09:08:23.450Z	info	staff-logger	scenario/viewer.go:32	basic viewer scenario
2026-09-22T09:08:23.450Z	info	staff-logger	scenario/viewer.go:56	visit top
2026-09-22T09:08:23.450Z	info	staff-logger	scenario/viewer.go:64	get livestream
2026-09-22T09:08:23.450Z	info	staff-logger	scenario/viewer.go:83	visit livestream
2026-09-22T09:08:23.452Z	warn	staff-logger	scenario/viewer.go:178	viewer_spam: failed to post livecomment (moderated spam): benchmark-application: [一般エラー] POST /api/livestream/7554/livecomment へのリクエストに対して、期待されたHTTPステータスコードが確認できませんでした (expected:400, actual:201)

2026-09-22T09:08:23.482Z	info	staff-logger	scenario/viewer.go:32	basic viewer scenario
2026-09-22T09:08:23.482Z	info	staff-logger	scenario/viewer.go:56	visit top
2026-09-22T09:08:23.482Z	info	staff-logger	scenario/viewer.go:64	get livestream
2026-09-22T09:08:23.482Z	info	staff-logger	scenario/viewer.go:83	visit livestream
2026-09-22T09:08:23.491Z	info	staff-logger	scenario/viewer.go:32	basic viewer scenario
2026-09-22T09:08:23.491Z	info	staff-logger	scenario/viewer.go:56	visit top
2026-09-22T09:08:23.491Z	info	staff-logger	scenario/viewer.go:64	get livestream
2026-09-22T09:08:23.491Z	info	staff-logger	scenario/viewer.go:83	visit livestream
2026-09-22T09:08:23.492Z	info	staff-logger	scenario/viewer.go:32	basic viewer scenario
2026-09-22T09:08:23.492Z	info	staff-logger	scenario/viewer.go:56	visit top
2026-09-22T09:08:23.492Z	info	staff-logger	scenario/viewer.go:64	get livestream
2026-09-22T09:08:23.492Z	info	staff-logger	scenario/viewer.go:83	visit livestream
2026-09-22T09:08:23.506Z	info	staff-logger	scenario/viewer.go:32	basic viewer scenario
2026-09-22T09:08:23.506Z	info	staff-logger	scenario/viewer.go:56	visit top
2026-09-22T09:08:23.506Z	info	staff-logger	scenario/viewer.go:64	get livestream
2026-09-22T09:08:23.506Z	info	staff-logger	scenario/viewer.go:83	visit livestream
2026-09-22T09:08:23.643Z	info	staff-logger	scenario/viewer.go:32	basic viewer scenario
2026-09-22T09:08:23.643Z	info	staff-logger	scenario/viewer.go:56	visit top
2026-09-22T09:08:23.643Z	info	staff-logger	scenario/viewer.go:64	get livestream
2026-09-22T09:08:23.643Z	info	staff-logger	scenario/viewer.go:83	visit livestream
2026-09-22T09:08:23.643Z	info	staff-logger	scenario/viewer.go:32	basic viewer scenario
2026-09-22T09:08:23.643Z	info	staff-logger	scenario/viewer.go:56	visit top
2026-09-22T09:08:23.643Z	info	staff-logger	scenario/viewer.go:64	get livestream
2026-09-22T09:08:23.643Z	info	staff-logger	scenario/viewer.go:83	visit livestream
2026-09-22T09:08:23.666Z	info	staff-logger	scenario/viewer.go:90	get livestream stats
2026-09-22T09:08:23.667Z	info	staff-logger	scenario/viewer.go:64	get livestream
2026-09-22T09:08:23.667Z	info	staff-logger	scenario/viewer.go:76	visit user profile
2026-09-22T09:08:23.668Z	info	staff-logger	scenario/viewer.go:32	basic viewer scenario
2026-09-22T09:08:23.668Z	info	staff-logger	scenario/viewer.go:56	visit top
2026-09-22T09:08:23.668Z	info	staff-logger	scenario/viewer.go:64	get livestream
2026-09-22T09:08:23.668Z	info	staff-logger	scenario/viewer.go:83	visit livestream
2026-09-22T09:08:23.684Z	info	staff-logger	scenario/viewer.go:90	get livestream stats
2026-09-22T09:08:23.720Z	info	staff-logger	scenario/viewer.go:32	basic viewer scenario
2026-09-22T09:08:23.720Z	info	staff-logger	scenario/viewer.go:56	visit top
2026-09-22T09:08:23.720Z	info	staff-logger	scenario/viewer.go:64	get livestream
2026-09-22T09:08:23.720Z	info	staff-logger	scenario/viewer.go:83	visit livestream
2026-09-22T09:08:23.811Z	info	staff-logger	scenario/viewer.go:32	basic viewer scenario
2026-09-22T09:08:23.811Z	info	staff-logger	scenario/viewer.go:56	visit top
2026-09-22T09:08:23.811Z	info	staff-logger	scenario/viewer.go:64	get livestream
2026-09-22T09:08:23.811Z	info	staff-logger	scenario/viewer.go:83	visit livestream
2026-09-22T09:08:23.822Z	info	staff-logger	scenario/viewer.go:83	visit livestream
2026-09-22T09:08:23.898Z	info	staff-logger	scenario/viewer.go:32	basic viewer scenario
2026-09-22T09:08:23.898Z	info	staff-logger	scenario/viewer.go:56	visit top
2026-09-22T09:08:23.898Z	info	staff-logger	scenario/viewer.go:64	get livestream
2026-09-22T09:08:23.898Z	info	staff-logger	scenario/viewer.go:83	visit livestream
2026-09-22T09:08:23.942Z	info	staff-logger	scenario/viewer.go:32	basic viewer scenario
2026-09-22T09:08:23.942Z	info	staff-logger	scenario/viewer.go:56	visit top
2026-09-22T09:08:23.942Z	info	staff-logger	scenario/viewer.go:64	get livestream
2026-09-22T09:08:23.942Z	info	staff-logger	scenario/viewer.go:83	visit livestream
2026-09-22T09:08:23.962Z	info	staff-logger	scenario/viewer.go:32	basic viewer scenario
2026-09-22T09:08:23.962Z	info	staff-logger	scenario/viewer.go:56	visit top
2026-09-22T09:08:23.962Z	info	staff-logger	scenario/viewer.go:64	get livestream
2026-09-22T09:08:23.962Z	info	staff-logger	scenario/viewer.go:83	visit livestream
2026-09-22T09:08:23.966Z	info	staff-logger	scenario/viewer.go:32	basic viewer scenario
2026-09-22T09:08:23.966Z	info	staff-logger	scenario/viewer.go:56	visit top
2026-09-22T09:08:23.966Z	info	staff-logger	scenario/viewer.go:64	get livestream
2026-09-22T09:08:23.966Z	info	staff-logger	scenario/viewer.go:83	visit livestream
2026-09-22T09:08:23.980Z	info	staff-logger	scenario/viewer.go:32	basic viewer scenario
2026-09-22T09:08:23.980Z	info	staff-logger	scenario/viewer.go:56	visit top
2026-09-22T09:08:23.980Z	info	staff-logger	scenario/viewer.go:64	get livestream
2026-09-22T09:08:23.980Z	info	staff-logger	scenario/viewer.go:83	visit livestream
2026-09-22T09:08:23.989Z	info	staff-logger	scenario/viewer.go:32	basic viewer scenario
2026-09-22T09:08:23.989Z	info	staff-logger	scenario/viewer.go:56	visit top
2026-09-22T09:08:23.989Z	info	staff-logger	scenario/viewer.go:64	get livestream
2026-09-22T09:08:23.989Z	info	staff-logger	scenario/viewer.go:83	visit livestream
2026-09-22T09:08:24.049Z	info	staff-logger	scenario/viewer.go:32	basic viewer scenario
2026-09-22T09:08:24.049Z	info	staff-logger	scenario/viewer.go:56	visit top
2026-09-22T09:08:24.049Z	info	staff-logger	scenario/viewer.go:64	get livestream
2026-09-22T09:08:24.049Z	info	staff-logger	scenario/viewer.go:83	visit livestream
2026-09-22T09:08:24.111Z	warn	staff-logger	scenario/viewer.go:178	viewer_spam: failed to post livecomment (moderated spam): benchmark-application: [一般エラー] POST /api/livestream/7550/livecomment へのリクエストに対して、期待されたHTTPステータスコードが確認できませんでした (expected:400, actual:201)

2026-09-22T09:08:24.135Z	info	staff-logger	scenario/viewer.go:32	basic viewer scenario
2026-09-22T09:08:24.135Z	info	staff-logger	scenario/viewer.go:56	visit top
2026-09-22T09:08:24.150Z	info	staff-logger	scenario/viewer.go:32	basic viewer scenario
2026-09-22T09:08:24.150Z	info	staff-logger	scenario/viewer.go:56	visit top
2026-09-22T09:08:24.150Z	info	staff-logger	scenario/viewer.go:64	get livestream
2026-09-22T09:08:24.150Z	info	staff-logger	scenario/viewer.go:83	visit livestream
2026-09-22T09:08:24.159Z	info	staff-logger	scenario/viewer.go:32	basic viewer scenario
2026-09-22T09:08:24.159Z	info	staff-logger	scenario/viewer.go:56	visit top
2026-09-22T09:08:24.159Z	info	staff-logger	scenario/viewer.go:64	get livestream
2026-09-22T09:08:24.159Z	info	staff-logger	scenario/viewer.go:83	visit livestream
2026-09-22T09:08:24.174Z	info	staff-logger	scenario/viewer.go:32	basic viewer scenario
2026-09-22T09:08:24.174Z	info	staff-logger	scenario/viewer.go:56	visit top
2026-09-22T09:08:24.174Z	info	staff-logger	scenario/viewer.go:64	get livestream
2026-09-22T09:08:24.174Z	info	staff-logger	scenario/viewer.go:83	visit livestream
2026-09-22T09:08:24.242Z	info	staff-logger	scenario/viewer.go:32	basic viewer scenario
2026-09-22T09:08:24.242Z	info	staff-logger	scenario/viewer.go:56	visit top
2026-09-22T09:08:24.242Z	info	staff-logger	scenario/viewer.go:64	get livestream
2026-09-22T09:08:24.242Z	info	staff-logger	scenario/viewer.go:83	visit livestream
2026-09-22T09:08:24.244Z	info	staff-logger	scenario/viewer.go:32	basic viewer scenario
2026-09-22T09:08:24.244Z	info	staff-logger	scenario/viewer.go:56	visit top
2026-09-22T09:08:24.244Z	info	staff-logger	scenario/viewer.go:64	get livestream
2026-09-22T09:08:24.245Z	info	staff-logger	scenario/viewer.go:83	visit livestream
2026-09-22T09:08:24.326Z	info	staff-logger	scenario/viewer.go:64	get livestream
2026-09-22T09:08:24.326Z	info	staff-logger	scenario/viewer.go:76	visit user profile
2026-09-22T09:08:24.419Z	info	staff-logger	scenario/viewer.go:83	visit livestream
2026-09-22T09:08:24.423Z	info	staff-logger	scenario/viewer.go:32	basic viewer scenario
2026-09-22T09:08:24.423Z	info	staff-logger	scenario/viewer.go:56	visit top
2026-09-22T09:08:24.423Z	info	staff-logger	scenario/viewer.go:64	get livestream
2026-09-22T09:08:24.423Z	info	staff-logger	scenario/viewer.go:83	visit livestream
2026-09-22T09:08:24.424Z	info	staff-logger	scenario/viewer.go:32	basic viewer scenario
2026-09-22T09:08:24.424Z	info	staff-logger	scenario/viewer.go:56	visit top
2026-09-22T09:08:24.424Z	info	staff-logger	scenario/viewer.go:64	get livestream
2026-09-22T09:08:24.424Z	info	staff-logger	scenario/viewer.go:83	visit livestream
2026-09-22T09:08:24.427Z	info	staff-logger	scenario/viewer.go:32	basic viewer scenario
2026-09-22T09:08:24.427Z	info	staff-logger	scenario/viewer.go:56	visit top
2026-09-22T09:08:24.427Z	info	staff-logger	scenario/viewer.go:64	get livestream
2026-09-22T09:08:24.427Z	info	staff-logger	scenario/viewer.go:83	visit livestream
2026-09-22T09:08:24.454Z	info	staff-logger	scenario/viewer.go:32	basic viewer scenario
2026-09-22T09:08:24.454Z	info	staff-logger	scenario/viewer.go:56	visit top
2026-09-22T09:08:24.461Z	info	staff-logger	scenario/viewer.go:32	basic viewer scenario
2026-09-22T09:08:24.462Z	info	staff-logger	scenario/viewer.go:56	visit top
2026-09-22T09:08:24.462Z	info	staff-logger	scenario/viewer.go:64	get livestream
2026-09-22T09:08:24.462Z	info	staff-logger	scenario/viewer.go:83	visit livestream
2026-09-22T09:08:24.519Z	info	staff-logger	scenario/viewer.go:32	basic viewer scenario
2026-09-22T09:08:24.519Z	info	staff-logger	scenario/viewer.go:56	visit top
2026-09-22T09:08:24.519Z	info	staff-logger	scenario/viewer.go:64	get livestream
2026-09-22T09:08:24.519Z	info	staff-logger	scenario/viewer.go:83	visit livestream
2026-09-22T09:08:24.548Z	info	staff-logger	scenario/viewer.go:32	basic viewer scenario
2026-09-22T09:08:24.548Z	info	staff-logger	scenario/viewer.go:56	visit top
2026-09-22T09:08:24.548Z	info	staff-logger	scenario/viewer.go:64	get livestream
2026-09-22T09:08:24.548Z	info	staff-logger	scenario/viewer.go:83	visit livestream
2026-09-22T09:08:24.548Z	info	staff-logger	scenario/viewer.go:32	basic viewer scenario
2026-09-22T09:08:24.548Z	info	staff-logger	scenario/viewer.go:56	visit top
2026-09-22T09:08:24.549Z	info	staff-logger	scenario/viewer.go:64	get livestream
2026-09-22T09:08:24.549Z	info	staff-logger	scenario/viewer.go:83	visit livestream
2026-09-22T09:08:24.550Z	info	staff-logger	scenario/viewer.go:32	basic viewer scenario
2026-09-22T09:08:24.550Z	info	staff-logger	scenario/viewer.go:56	visit top
2026-09-22T09:08:24.550Z	info	staff-logger	scenario/viewer.go:64	get livestream
2026-09-22T09:08:24.550Z	info	staff-logger	scenario/viewer.go:83	visit livestream
2026-09-22T09:08:24.647Z	info	staff-logger	scenario/viewer.go:32	basic viewer scenario
2026-09-22T09:08:24.647Z	info	staff-logger	scenario/viewer.go:56	visit top
2026-09-22T09:08:24.647Z	info	staff-logger	scenario/viewer.go:64	get livestream
2026-09-22T09:08:24.647Z	info	staff-logger	scenario/viewer.go:83	visit livestream
2026-09-22T09:08:24.660Z	info	staff-logger	scenario/viewer.go:32	basic viewer scenario
2026-09-22T09:08:24.660Z	info	staff-logger	scenario/viewer.go:56	visit top
2026-09-22T09:08:24.660Z	info	staff-logger	scenario/viewer.go:64	get livestream
2026-09-22T09:08:24.660Z	info	staff-logger	scenario/viewer.go:83	visit livestream
2026-09-22T09:08:24.669Z	info	staff-logger	scenario/viewer.go:64	get livestream
2026-09-22T09:08:24.669Z	info	staff-logger	scenario/viewer.go:76	visit user profile
2026-09-22T09:08:24.698Z	info	staff-logger	scenario/viewer.go:32	basic viewer scenario
2026-09-22T09:08:24.698Z	info	staff-logger	scenario/viewer.go:56	visit top
2026-09-22T09:08:24.698Z	info	staff-logger	scenario/viewer.go:64	get livestream
2026-09-22T09:08:24.698Z	info	staff-logger	scenario/viewer.go:83	visit livestream
2026-09-22T09:08:24.773Z	info	staff-logger	scenario/viewer.go:32	basic viewer scenario
2026-09-22T09:08:24.773Z	info	staff-logger	scenario/viewer.go:56	visit top
2026-09-22T09:08:24.773Z	info	staff-logger	scenario/viewer.go:64	get livestream
2026-09-22T09:08:24.773Z	info	staff-logger	scenario/viewer.go:83	visit livestream
2026-09-22T09:08:24.773Z	info	staff-logger	scenario/viewer.go:32	basic viewer scenario
2026-09-22T09:08:24.773Z	info	staff-logger	scenario/viewer.go:56	visit top
2026-09-22T09:08:24.773Z	info	staff-logger	scenario/viewer.go:64	get livestream
2026-09-22T09:08:24.773Z	info	staff-logger	scenario/viewer.go:83	visit livestream
2026-09-22T09:08:24.829Z	info	staff-logger	scenario/viewer.go:83	visit livestream
2026-09-22T09:08:24.897Z	info	staff-logger	scenario/viewer.go:32	basic viewer scenario
2026-09-22T09:08:24.897Z	info	staff-logger	scenario/viewer.go:56	visit top
2026-09-22T09:08:24.897Z	info	staff-logger	scenario/viewer.go:64	get livestream
2026-09-22T09:08:24.898Z	info	staff-logger	scenario/viewer.go:83	visit livestream
2026-09-22T09:08:24.916Z	info	staff-logger	scenario/viewer.go:32	basic viewer scenario
2026-09-22T09:08:24.916Z	info	staff-logger	scenario/viewer.go:56	visit top
2026-09-22T09:08:24.916Z	info	staff-logger	scenario/viewer.go:64	get livestream
2026-09-22T09:08:24.916Z	info	staff-logger	scenario/viewer.go:83	visit livestream
2026-09-22T09:08:24.945Z	info	staff-logger	scenario/viewer.go:32	basic viewer scenario
2026-09-22T09:08:24.945Z	info	staff-logger	scenario/viewer.go:56	visit top
2026-09-22T09:08:24.945Z	info	staff-logger	scenario/viewer.go:64	get livestream
2026-09-22T09:08:24.945Z	info	staff-logger	scenario/viewer.go:83	visit livestream
2026-09-22T09:08:24.949Z	info	staff-logger	scenario/viewer.go:32	basic viewer scenario
2026-09-22T09:08:24.949Z	info	staff-logger	scenario/viewer.go:56	visit top
2026-09-22T09:08:24.949Z	info	staff-logger	scenario/viewer.go:64	get livestream
2026-09-22T09:08:24.949Z	info	staff-logger	scenario/viewer.go:83	visit livestream
2026-09-22T09:08:24.985Z	info	staff-logger	scenario/viewer.go:32	basic viewer scenario
2026-09-22T09:08:24.986Z	info	staff-logger	scenario/viewer.go:56	visit top
2026-09-22T09:08:24.986Z	info	staff-logger	scenario/viewer.go:64	get livestream
2026-09-22T09:08:24.986Z	info	staff-logger	scenario/viewer.go:83	visit livestream
2026-09-22T09:08:25.043Z	info	staff-logger	scenario/viewer.go:32	basic viewer scenario
2026-09-22T09:08:25.043Z	info	staff-logger	scenario/viewer.go:56	visit top
2026-09-22T09:08:25.043Z	info	staff-logger	scenario/viewer.go:64	get livestream
2026-09-22T09:08:25.043Z	info	staff-logger	scenario/viewer.go:83	visit livestream
2026-09-22T09:08:25.113Z	info	isupipe-benchmarker	DNS水責め負荷が上昇します	{"parallelis": 6}
2026-09-22T09:08:25.166Z	info	staff-logger	scenario/viewer.go:32	basic viewer scenario
2026-09-22T09:08:25.167Z	info	staff-logger	scenario/viewer.go:56	visit top
2026-09-22T09:08:25.167Z	info	staff-logger	scenario/viewer.go:64	get livestream
2026-09-22T09:08:25.167Z	info	staff-logger	scenario/viewer.go:83	visit livestream
2026-09-22T09:08:25.183Z	warn	staff-logger	scenario/viewer.go:178	viewer_spam: failed to post livecomment (moderated spam): benchmark-application: [一般エラー] POST /api/livestream/7575/livecomment へのリクエストに対して、期待されたHTTPステータスコードが確認できませんでした (expected:400, actual:201)

2026-09-22T09:08:25.196Z	info	staff-logger	scenario/viewer.go:32	basic viewer scenario
2026-09-22T09:08:25.196Z	info	staff-logger	scenario/viewer.go:56	visit top
2026-09-22T09:08:25.196Z	info	staff-logger	scenario/viewer.go:64	get livestream
2026-09-22T09:08:25.196Z	info	staff-logger	scenario/viewer.go:83	visit livestream
2026-09-22T09:08:25.228Z	info	staff-logger	scenario/viewer.go:32	basic viewer scenario
2026-09-22T09:08:25.228Z	info	staff-logger	scenario/viewer.go:56	visit top
2026-09-22T09:08:25.228Z	info	staff-logger	scenario/viewer.go:64	get livestream
2026-09-22T09:08:25.228Z	info	staff-logger	scenario/viewer.go:83	visit livestream
2026-09-22T09:08:25.241Z	info	staff-logger	scenario/viewer.go:32	basic viewer scenario
2026-09-22T09:08:25.241Z	info	staff-logger	scenario/viewer.go:56	visit top
2026-09-22T09:08:25.241Z	info	staff-logger	scenario/viewer.go:64	get livestream
2026-09-22T09:08:25.241Z	info	staff-logger	scenario/viewer.go:83	visit livestream
2026-09-22T09:08:25.279Z	info	staff-logger	scenario/viewer.go:32	basic viewer scenario
2026-09-22T09:08:25.279Z	info	staff-logger	scenario/viewer.go:56	visit top
2026-09-22T09:08:25.279Z	info	staff-logger	scenario/viewer.go:64	get livestream
2026-09-22T09:08:25.279Z	info	staff-logger	scenario/viewer.go:83	visit livestream
2026-09-22T09:08:25.282Z	info	staff-logger	scenario/viewer.go:32	basic viewer scenario
2026-09-22T09:08:25.282Z	info	staff-logger	scenario/viewer.go:56	visit top
2026-09-22T09:08:25.282Z	info	staff-logger	scenario/viewer.go:64	get livestream
2026-09-22T09:08:25.282Z	info	staff-logger	scenario/viewer.go:83	visit livestream
2026-09-22T09:08:25.301Z	info	staff-logger	scenario/viewer.go:32	basic viewer scenario
2026-09-22T09:08:25.301Z	info	staff-logger	scenario/viewer.go:56	visit top
2026-09-22T09:08:25.301Z	info	staff-logger	scenario/viewer.go:64	get livestream
2026-09-22T09:08:25.301Z	info	staff-logger	scenario/viewer.go:83	visit livestream
2026-09-22T09:08:25.323Z	info	staff-logger	scenario/viewer.go:32	basic viewer scenario
2026-09-22T09:08:25.323Z	info	staff-logger	scenario/viewer.go:56	visit top
2026-09-22T09:08:25.323Z	info	staff-logger	scenario/viewer.go:64	get livestream
2026-09-22T09:08:25.323Z	info	staff-logger	scenario/viewer.go:83	visit livestream
2026-09-22T09:08:25.326Z	info	staff-logger	scenario/viewer.go:32	basic viewer scenario
2026-09-22T09:08:25.326Z	info	staff-logger	scenario/viewer.go:56	visit top
2026-09-22T09:08:25.326Z	info	staff-logger	scenario/viewer.go:64	get livestream
2026-09-22T09:08:25.326Z	info	staff-logger	scenario/viewer.go:83	visit livestream
2026-09-22T09:08:25.373Z	info	staff-logger	scenario/viewer.go:32	basic viewer scenario
2026-09-22T09:08:25.373Z	info	staff-logger	scenario/viewer.go:56	visit top
2026-09-22T09:08:25.398Z	info	staff-logger	scenario/viewer.go:32	basic viewer scenario
2026-09-22T09:08:25.398Z	info	staff-logger	scenario/viewer.go:56	visit top
2026-09-22T09:08:25.398Z	info	staff-logger	scenario/viewer.go:32	basic viewer scenario
2026-09-22T09:08:25.398Z	info	staff-logger	scenario/viewer.go:56	visit top
2026-09-22T09:08:25.398Z	info	staff-logger	scenario/viewer.go:64	get livestream
2026-09-22T09:08:25.398Z	info	staff-logger	scenario/viewer.go:83	visit livestream
2026-09-22T09:08:25.488Z	info	staff-logger	scenario/viewer.go:32	basic viewer scenario
2026-09-22T09:08:25.488Z	info	staff-logger	scenario/viewer.go:56	visit top
2026-09-22T09:08:25.488Z	info	staff-logger	scenario/viewer.go:64	get livestream
2026-09-22T09:08:25.488Z	info	staff-logger	scenario/viewer.go:83	visit livestream
2026-09-22T09:08:25.504Z	info	staff-logger	scenario/viewer.go:32	basic viewer scenario
2026-09-22T09:08:25.504Z	info	staff-logger	scenario/viewer.go:56	visit top
2026-09-22T09:08:25.504Z	info	staff-logger	scenario/viewer.go:64	get livestream
2026-09-22T09:08:25.504Z	info	staff-logger	scenario/viewer.go:83	visit livestream
2026-09-22T09:08:25.593Z	info	staff-logger	scenario/viewer.go:64	get livestream
2026-09-22T09:08:25.593Z	info	staff-logger	scenario/viewer.go:76	visit user profile
2026-09-22T09:08:25.661Z	info	staff-logger	scenario/viewer.go:32	basic viewer scenario
2026-09-22T09:08:25.661Z	info	staff-logger	scenario/viewer.go:56	visit top
2026-09-22T09:08:25.686Z	info	staff-logger	scenario/viewer.go:64	get livestream
2026-09-22T09:08:25.686Z	info	staff-logger	scenario/viewer.go:76	visit user profile
2026-09-22T09:08:25.712Z	info	staff-logger	scenario/viewer.go:32	basic viewer scenario
2026-09-22T09:08:25.712Z	info	staff-logger	scenario/viewer.go:56	visit top
2026-09-22T09:08:25.712Z	info	staff-logger	scenario/viewer.go:64	get livestream
2026-09-22T09:08:25.713Z	info	staff-logger	scenario/viewer.go:83	visit livestream
2026-09-22T09:08:25.724Z	info	staff-logger	scenario/viewer.go:90	get livestream stats
2026-09-22T09:08:25.743Z	info	staff-logger	scenario/viewer.go:32	basic viewer scenario
2026-09-22T09:08:25.743Z	info	staff-logger	scenario/viewer.go:56	visit top
2026-09-22T09:08:25.743Z	info	staff-logger	scenario/viewer.go:64	get livestream
2026-09-22T09:08:25.743Z	info	staff-logger	scenario/viewer.go:83	visit livestream
2026-09-22T09:08:25.749Z	info	staff-logger	scenario/viewer.go:32	basic viewer scenario
2026-09-22T09:08:25.749Z	info	staff-logger	scenario/viewer.go:56	visit top
2026-09-22T09:08:25.749Z	info	staff-logger	scenario/viewer.go:64	get livestream
2026-09-22T09:08:25.749Z	info	staff-logger	scenario/viewer.go:83	visit livestream
2026-09-22T09:08:25.759Z	info	staff-logger	scenario/viewer.go:83	visit livestream
2026-09-22T09:08:25.832Z	info	staff-logger	scenario/viewer.go:83	visit livestream
2026-09-22T09:08:25.852Z	info	staff-logger	scenario/streamer.go:48	change icon
2026-09-22T09:08:25.869Z	info	staff-logger	scenario/viewer.go:32	basic viewer scenario
2026-09-22T09:08:25.869Z	info	staff-logger	scenario/viewer.go:56	visit top
2026-09-22T09:08:25.869Z	info	staff-logger	scenario/viewer.go:64	get livestream
2026-09-22T09:08:25.869Z	info	staff-logger	scenario/viewer.go:83	visit livestream
2026-09-22T09:08:25.871Z	info	staff-logger	scenario/viewer.go:32	basic viewer scenario
2026-09-22T09:08:25.871Z	info	staff-logger	scenario/viewer.go:56	visit top
2026-09-22T09:08:25.871Z	info	staff-logger	scenario/viewer.go:64	get livestream
2026-09-22T09:08:25.871Z	info	staff-logger	scenario/viewer.go:83	visit livestream
2026-09-22T09:08:25.909Z	info	staff-logger	scenario/viewer.go:64	get livestream
2026-09-22T09:08:25.909Z	info	staff-logger	scenario/viewer.go:76	visit user profile
2026-09-22T09:08:25.961Z	info	staff-logger	scenario/viewer.go:32	basic viewer scenario
2026-09-22T09:08:25.961Z	info	staff-logger	scenario/viewer.go:56	visit top
2026-09-22T09:08:25.970Z	info	staff-logger	scenario/viewer.go:32	basic viewer scenario
2026-09-22T09:08:25.971Z	info	staff-logger	scenario/viewer.go:56	visit top
2026-09-22T09:08:25.971Z	info	staff-logger	scenario/viewer.go:64	get livestream
2026-09-22T09:08:25.971Z	info	staff-logger	scenario/viewer.go:83	visit livestream
2026-09-22T09:08:25.994Z	info	staff-logger	scenario/viewer.go:32	basic viewer scenario
2026-09-22T09:08:25.994Z	info	staff-logger	scenario/viewer.go:56	visit top
2026-09-22T09:08:25.994Z	info	staff-logger	scenario/viewer.go:64	get livestream
2026-09-22T09:08:25.994Z	info	staff-logger	scenario/viewer.go:83	visit livestream
2026-09-22T09:08:26.016Z	info	staff-logger	scenario/viewer.go:83	visit livestream
2026-09-22T09:08:26.032Z	info	staff-logger	scenario/streamer.go:48	change icon
2026-09-22T09:08:26.075Z	info	staff-logger	scenario/viewer.go:32	basic viewer scenario
2026-09-22T09:08:26.075Z	info	staff-logger	scenario/viewer.go:56	visit top
2026-09-22T09:08:26.075Z	info	staff-logger	scenario/viewer.go:64	get livestream
2026-09-22T09:08:26.075Z	info	staff-logger	scenario/viewer.go:83	visit livestream
2026-09-22T09:08:26.075Z	info	staff-logger	scenario/viewer.go:32	basic viewer scenario
2026-09-22T09:08:26.075Z	info	staff-logger	scenario/viewer.go:56	visit top
2026-09-22T09:08:26.075Z	info	staff-logger	scenario/viewer.go:64	get livestream
2026-09-22T09:08:26.075Z	info	staff-logger	scenario/viewer.go:83	visit livestream
2026-09-22T09:08:26.192Z	info	staff-logger	scenario/viewer.go:64	get livestream
2026-09-22T09:08:26.192Z	info	staff-logger	scenario/viewer.go:76	visit user profile
2026-09-22T09:08:26.220Z	info	staff-logger	scenario/viewer.go:32	basic viewer scenario
2026-09-22T09:08:26.220Z	info	staff-logger	scenario/viewer.go:56	visit top
2026-09-22T09:08:26.220Z	info	staff-logger	scenario/viewer.go:64	get livestream
2026-09-22T09:08:26.220Z	info	staff-logger	scenario/viewer.go:83	visit livestream
2026-09-22T09:08:26.244Z	info	staff-logger	scenario/viewer.go:90	get livestream stats
2026-09-22T09:08:26.276Z	info	staff-logger	scenario/viewer.go:32	basic viewer scenario
2026-09-22T09:08:26.277Z	info	staff-logger	scenario/viewer.go:56	visit top
2026-09-22T09:08:26.277Z	info	staff-logger	scenario/viewer.go:64	get livestream
2026-09-22T09:08:26.277Z	info	staff-logger	scenario/viewer.go:83	visit livestream
2026-09-22T09:08:26.285Z	info	staff-logger	scenario/viewer.go:32	basic viewer scenario
2026-09-22T09:08:26.285Z	info	staff-logger	scenario/viewer.go:56	visit top
2026-09-22T09:08:26.285Z	info	staff-logger	scenario/viewer.go:64	get livestream
2026-09-22T09:08:26.285Z	info	staff-logger	scenario/viewer.go:83	visit livestream
2026-09-22T09:08:26.319Z	info	staff-logger	scenario/viewer.go:32	basic viewer scenario
2026-09-22T09:08:26.319Z	info	staff-logger	scenario/viewer.go:56	visit top
2026-09-22T09:08:26.319Z	info	staff-logger	scenario/viewer.go:64	get livestream
2026-09-22T09:08:26.319Z	info	staff-logger	scenario/viewer.go:83	visit livestream
2026-09-22T09:08:26.346Z	info	staff-logger	scenario/viewer.go:32	basic viewer scenario
2026-09-22T09:08:26.347Z	info	staff-logger	scenario/viewer.go:56	visit top
2026-09-22T09:08:26.347Z	info	staff-logger	scenario/viewer.go:64	get livestream
2026-09-22T09:08:26.347Z	info	staff-logger	scenario/viewer.go:83	visit livestream
2026-09-22T09:08:26.347Z	info	staff-logger	scenario/viewer.go:90	get livestream stats
2026-09-22T09:08:26.380Z	info	staff-logger	scenario/viewer.go:90	get livestream stats
2026-09-22T09:08:26.410Z	info	staff-logger	scenario/viewer.go:83	visit livestream
2026-09-22T09:08:26.413Z	info	staff-logger	scenario/viewer.go:32	basic viewer scenario
2026-09-22T09:08:26.413Z	info	staff-logger	scenario/viewer.go:56	visit top
2026-09-22T09:08:26.413Z	info	staff-logger	scenario/viewer.go:64	get livestream
2026-09-22T09:08:26.413Z	info	staff-logger	scenario/viewer.go:83	visit livestream
2026-09-22T09:08:26.547Z	info	staff-logger	scenario/viewer.go:32	basic viewer scenario
2026-09-22T09:08:26.547Z	info	staff-logger	scenario/viewer.go:56	visit top
2026-09-22T09:08:26.547Z	info	staff-logger	scenario/viewer.go:64	get livestream
2026-09-22T09:08:26.547Z	info	staff-logger	scenario/viewer.go:83	visit livestream
2026-09-22T09:08:26.576Z	info	staff-logger	scenario/viewer.go:32	basic viewer scenario
2026-09-22T09:08:26.576Z	info	staff-logger	scenario/viewer.go:56	visit top
2026-09-22T09:08:26.576Z	info	staff-logger	scenario/viewer.go:64	get livestream
2026-09-22T09:08:26.576Z	info	staff-logger	scenario/viewer.go:83	visit livestream
2026-09-22T09:08:26.582Z	info	staff-logger	scenario/viewer.go:32	basic viewer scenario
2026-09-22T09:08:26.583Z	info	staff-logger	scenario/viewer.go:56	visit top
2026-09-22T09:08:26.583Z	info	staff-logger	scenario/viewer.go:64	get livestream
2026-09-22T09:08:26.583Z	info	staff-logger	scenario/viewer.go:83	visit livestream
2026-09-22T09:08:26.629Z	info	staff-logger	scenario/viewer.go:32	basic viewer scenario
2026-09-22T09:08:26.630Z	info	staff-logger	scenario/viewer.go:46	change icon
2026-09-22T09:08:26.658Z	info	staff-logger	scenario/viewer.go:56	visit top
2026-09-22T09:08:26.723Z	info	staff-logger	scenario/viewer.go:32	basic viewer scenario
2026-09-22T09:08:26.723Z	info	staff-logger	scenario/viewer.go:56	visit top
2026-09-22T09:08:26.723Z	info	staff-logger	scenario/viewer.go:64	get livestream
2026-09-22T09:08:26.723Z	info	staff-logger	scenario/viewer.go:83	visit livestream
2026-09-22T09:08:26.735Z	info	staff-logger	scenario/viewer.go:32	basic viewer scenario
2026-09-22T09:08:26.735Z	info	staff-logger	scenario/viewer.go:56	visit top
2026-09-22T09:08:26.735Z	info	staff-logger	scenario/viewer.go:64	get livestream
2026-09-22T09:08:26.735Z	info	staff-logger	scenario/viewer.go:83	visit livestream
2026-09-22T09:08:26.770Z	info	staff-logger	scenario/streamer.go:48	change icon
2026-09-22T09:08:26.802Z	warn	staff-logger	scenario/viewer.go:178	viewer_spam: failed to post livecomment (moderated spam): benchmark-application: [一般エラー] POST /api/livestream/7537/livecomment へのリクエストに対して、期待されたHTTPステータスコードが確認できませんでした (expected:400, actual:201)

2026-09-22T09:08:26.813Z	info	staff-logger	scenario/viewer.go:32	basic viewer scenario
2026-09-22T09:08:26.813Z	info	staff-logger	scenario/viewer.go:56	visit top
2026-09-22T09:08:26.813Z	info	staff-logger	scenario/viewer.go:64	get livestream
2026-09-22T09:08:26.813Z	info	staff-logger	scenario/viewer.go:83	visit livestream
2026-09-22T09:08:26.852Z	info	staff-logger	scenario/viewer.go:64	get livestream
2026-09-22T09:08:26.852Z	info	staff-logger	scenario/viewer.go:76	visit user profile
2026-09-22T09:08:26.916Z	info	staff-logger	scenario/viewer.go:32	basic viewer scenario
2026-09-22T09:08:26.916Z	info	staff-logger	scenario/viewer.go:56	visit top
2026-09-22T09:08:26.916Z	info	staff-logger	scenario/viewer.go:64	get livestream
2026-09-22T09:08:26.916Z	info	staff-logger	scenario/viewer.go:83	visit livestream
2026-09-22T09:08:26.922Z	info	staff-logger	scenario/viewer.go:32	basic viewer scenario
2026-09-22T09:08:26.922Z	info	staff-logger	scenario/viewer.go:56	visit top
2026-09-22T09:08:26.922Z	info	staff-logger	scenario/viewer.go:64	get livestream
2026-09-22T09:08:26.922Z	info	staff-logger	scenario/viewer.go:83	visit livestream
2026-09-22T09:08:26.925Z	info	staff-logger	scenario/viewer.go:32	basic viewer scenario
2026-09-22T09:08:26.925Z	info	staff-logger	scenario/viewer.go:56	visit top
2026-09-22T09:08:26.925Z	info	staff-logger	scenario/viewer.go:64	get livestream
2026-09-22T09:08:26.925Z	info	staff-logger	scenario/viewer.go:83	visit livestream
2026-09-22T09:08:26.980Z	info	staff-logger	scenario/viewer.go:83	visit livestream
2026-09-22T09:08:27.011Z	info	staff-logger	scenario/streamer.go:48	change icon
2026-09-22T09:08:27.034Z	warn	staff-logger	scenario/viewer.go:178	viewer_spam: failed to post livecomment (moderated spam): benchmark-application: [一般エラー] POST /api/livestream/7579/livecomment へのリクエストに対して、期待されたHTTPステータスコードが確認できませんでした (expected:400, actual:201)

2026-09-22T09:08:27.103Z	info	staff-logger	scenario/viewer.go:32	basic viewer scenario
2026-09-22T09:08:27.103Z	info	staff-logger	scenario/viewer.go:56	visit top
2026-09-22T09:08:27.103Z	info	staff-logger	scenario/viewer.go:64	get livestream
2026-09-22T09:08:27.103Z	info	staff-logger	scenario/viewer.go:83	visit livestream
2026-09-22T09:08:27.113Z	info	isupipe-benchmarker	DNS水責め負荷が上昇します	{"parallelis": 9}
2026-09-22T09:08:27.151Z	info	staff-logger	scenario/viewer.go:32	basic viewer scenario
2026-09-22T09:08:27.151Z	info	staff-logger	scenario/viewer.go:56	visit top
2026-09-22T09:08:27.151Z	info	staff-logger	scenario/viewer.go:64	get livestream
2026-09-22T09:08:27.151Z	info	staff-logger	scenario/viewer.go:83	visit livestream
2026-09-22T09:08:27.211Z	info	staff-logger	scenario/viewer.go:32	basic viewer scenario
2026-09-22T09:08:27.211Z	info	staff-logger	scenario/viewer.go:56	visit top
2026-09-22T09:08:27.211Z	info	staff-logger	scenario/viewer.go:64	get livestream
2026-09-22T09:08:27.211Z	info	staff-logger	scenario/viewer.go:83	visit livestream
2026-09-22T09:08:27.265Z	info	staff-logger	scenario/viewer.go:32	basic viewer scenario
2026-09-22T09:08:27.265Z	info	staff-logger	scenario/viewer.go:56	visit top
2026-09-22T09:08:27.265Z	info	staff-logger	scenario/viewer.go:64	get livestream
2026-09-22T09:08:27.265Z	info	staff-logger	scenario/viewer.go:83	visit livestream
2026-09-22T09:08:27.294Z	info	staff-logger	scenario/viewer.go:32	basic viewer scenario
2026-09-22T09:08:27.294Z	info	staff-logger	scenario/viewer.go:56	visit top
2026-09-22T09:08:27.294Z	info	staff-logger	scenario/viewer.go:64	get livestream
2026-09-22T09:08:27.294Z	info	staff-logger	scenario/viewer.go:83	visit livestream
2026-09-22T09:08:27.322Z	info	staff-logger	scenario/viewer.go:32	basic viewer scenario
2026-09-22T09:08:27.322Z	info	staff-logger	scenario/viewer.go:56	visit top
2026-09-22T09:08:27.322Z	info	staff-logger	scenario/viewer.go:64	get livestream
2026-09-22T09:08:27.322Z	info	staff-logger	scenario/viewer.go:83	visit livestream
2026-09-22T09:08:27.333Z	warn	staff-logger	scenario/viewer.go:178	viewer_spam: failed to post livecomment (moderated spam): benchmark-application: [一般エラー] POST /api/livestream/7565/livecomment へのリクエストに対して、期待されたHTTPステータスコードが確認できませんでした (expected:400, actual:201)

2026-09-22T09:08:27.337Z	info	staff-logger	scenario/viewer.go:32	basic viewer scenario
2026-09-22T09:08:27.338Z	info	staff-logger	scenario/viewer.go:56	visit top
2026-09-22T09:08:27.338Z	info	staff-logger	scenario/viewer.go:64	get livestream
2026-09-22T09:08:27.338Z	info	staff-logger	scenario/viewer.go:83	visit livestream
2026-09-22T09:08:27.367Z	info	staff-logger	scenario/viewer.go:32	basic viewer scenario
2026-09-22T09:08:27.367Z	info	staff-logger	scenario/viewer.go:56	visit top
2026-09-22T09:08:27.367Z	info	staff-logger	scenario/viewer.go:64	get livestream
2026-09-22T09:08:27.367Z	info	staff-logger	scenario/viewer.go:83	visit livestream
2026-09-22T09:08:27.387Z	info	staff-logger	scenario/viewer.go:32	basic viewer scenario
2026-09-22T09:08:27.387Z	info	staff-logger	scenario/viewer.go:56	visit top
2026-09-22T09:08:27.387Z	info	staff-logger	scenario/viewer.go:64	get livestream
2026-09-22T09:08:27.387Z	info	staff-logger	scenario/viewer.go:83	visit livestream
2026-09-22T09:08:27.428Z	info	staff-logger	scenario/viewer.go:32	basic viewer scenario
2026-09-22T09:08:27.428Z	info	staff-logger	scenario/viewer.go:56	visit top
2026-09-22T09:08:27.428Z	info	staff-logger	scenario/viewer.go:64	get livestream
2026-09-22T09:08:27.428Z	info	staff-logger	scenario/viewer.go:83	visit livestream
2026-09-22T09:08:27.440Z	info	staff-logger	scenario/viewer.go:32	basic viewer scenario
2026-09-22T09:08:27.440Z	info	staff-logger	scenario/viewer.go:56	visit top
2026-09-22T09:08:27.440Z	info	staff-logger	scenario/viewer.go:64	get livestream
2026-09-22T09:08:27.440Z	info	staff-logger	scenario/viewer.go:83	visit livestream
2026-09-22T09:08:27.481Z	info	staff-logger	scenario/viewer.go:32	basic viewer scenario
2026-09-22T09:08:27.481Z	info	staff-logger	scenario/viewer.go:56	visit top
2026-09-22T09:08:27.481Z	info	staff-logger	scenario/viewer.go:64	get livestream
2026-09-22T09:08:27.481Z	info	staff-logger	scenario/viewer.go:83	visit livestream
2026-09-22T09:08:27.488Z	info	staff-logger	scenario/viewer.go:32	basic viewer scenario
2026-09-22T09:08:27.488Z	info	staff-logger	scenario/viewer.go:56	visit top
2026-09-22T09:08:27.488Z	info	staff-logger	scenario/viewer.go:64	get livestream
2026-09-22T09:08:27.489Z	info	staff-logger	scenario/viewer.go:83	visit livestream
2026-09-22T09:08:27.514Z	info	staff-logger	scenario/viewer.go:90	get livestream stats
2026-09-22T09:08:27.589Z	info	staff-logger	scenario/viewer.go:32	basic viewer scenario
2026-09-22T09:08:27.589Z	info	staff-logger	scenario/viewer.go:56	visit top
2026-09-22T09:08:27.589Z	info	staff-logger	scenario/viewer.go:64	get livestream
2026-09-22T09:08:27.589Z	info	staff-logger	scenario/viewer.go:83	visit livestream
2026-09-22T09:08:27.657Z	info	staff-logger	scenario/viewer.go:32	basic viewer scenario
2026-09-22T09:08:27.657Z	info	staff-logger	scenario/viewer.go:56	visit top
2026-09-22T09:08:27.657Z	info	staff-logger	scenario/viewer.go:64	get livestream
2026-09-22T09:08:27.657Z	info	staff-logger	scenario/viewer.go:83	visit livestream
2026-09-22T09:08:27.670Z	info	staff-logger	scenario/viewer.go:32	basic viewer scenario
2026-09-22T09:08:27.670Z	info	staff-logger	scenario/viewer.go:56	visit top
2026-09-22T09:08:27.670Z	info	staff-logger	scenario/viewer.go:64	get livestream
2026-09-22T09:08:27.670Z	info	staff-logger	scenario/viewer.go:83	visit livestream
2026-09-22T09:08:27.705Z	info	staff-logger	scenario/viewer.go:32	basic viewer scenario
2026-09-22T09:08:27.705Z	info	staff-logger	scenario/viewer.go:56	visit top
2026-09-22T09:08:27.761Z	info	staff-logger	scenario/viewer.go:32	basic viewer scenario
2026-09-22T09:08:27.761Z	info	staff-logger	scenario/viewer.go:56	visit top
2026-09-22T09:08:27.831Z	info	staff-logger	scenario/viewer.go:32	basic viewer scenario
2026-09-22T09:08:27.832Z	info	staff-logger	scenario/viewer.go:56	visit top
2026-09-22T09:08:27.832Z	info	staff-logger	scenario/viewer.go:64	get livestream
2026-09-22T09:08:27.832Z	info	staff-logger	scenario/viewer.go:83	visit livestream
2026-09-22T09:08:27.862Z	info	staff-logger	scenario/viewer.go:32	basic viewer scenario
2026-09-22T09:08:27.862Z	info	staff-logger	scenario/viewer.go:56	visit top
2026-09-22T09:08:27.862Z	info	staff-logger	scenario/viewer.go:64	get livestream
2026-09-22T09:08:27.862Z	info	staff-logger	scenario/viewer.go:83	visit livestream
2026-09-22T09:08:27.946Z	info	staff-logger	scenario/viewer.go:64	get livestream
2026-09-22T09:08:27.946Z	info	staff-logger	scenario/viewer.go:76	visit user profile
2026-09-22T09:08:27.972Z	info	staff-logger	scenario/viewer.go:32	basic viewer scenario
2026-09-22T09:08:27.972Z	info	staff-logger	scenario/viewer.go:56	visit top
2026-09-22T09:08:27.972Z	info	staff-logger	scenario/viewer.go:64	get livestream
2026-09-22T09:08:27.972Z	info	staff-logger	scenario/viewer.go:83	visit livestream
2026-09-22T09:08:28.010Z	info	staff-logger	scenario/viewer.go:64	get livestream
2026-09-22T09:08:28.011Z	info	staff-logger	scenario/viewer.go:76	visit user profile
2026-09-22T09:08:28.012Z	info	staff-logger	scenario/viewer.go:32	basic viewer scenario
2026-09-22T09:08:28.012Z	info	staff-logger	scenario/viewer.go:56	visit top
2026-09-22T09:08:28.012Z	info	staff-logger	scenario/viewer.go:64	get livestream
2026-09-22T09:08:28.012Z	info	staff-logger	scenario/viewer.go:83	visit livestream
2026-09-22T09:08:28.096Z	info	staff-logger	scenario/viewer.go:32	basic viewer scenario
2026-09-22T09:08:28.096Z	info	staff-logger	scenario/viewer.go:56	visit top
2026-09-22T09:08:28.096Z	info	staff-logger	scenario/viewer.go:64	get livestream
2026-09-22T09:08:28.096Z	info	staff-logger	scenario/viewer.go:83	visit livestream
2026-09-22T09:08:28.113Z	info	staff-logger	scenario/viewer.go:32	basic viewer scenario
2026-09-22T09:08:28.113Z	info	staff-logger	scenario/viewer.go:56	visit top
2026-09-22T09:08:28.130Z	info	staff-logger	scenario/viewer.go:83	visit livestream
2026-09-22T09:08:28.160Z	info	staff-logger	scenario/viewer.go:32	basic viewer scenario
2026-09-22T09:08:28.160Z	info	staff-logger	scenario/viewer.go:56	visit top
2026-09-22T09:08:28.171Z	info	staff-logger	scenario/viewer.go:83	visit livestream
2026-09-22T09:08:28.208Z	warn	staff-logger	scenario/viewer.go:178	viewer_spam: failed to post livecomment (moderated spam): benchmark-application: [一般エラー] POST /api/livestream/7591/livecomment へのリクエストに対して、期待されたHTTPステータスコードが確認できませんでした (expected:400, actual:201)

2026-09-22T09:08:28.270Z	info	staff-logger	scenario/viewer.go:32	basic viewer scenario
2026-09-22T09:08:28.270Z	info	staff-logger	scenario/viewer.go:56	visit top
2026-09-22T09:08:28.270Z	info	staff-logger	scenario/viewer.go:64	get livestream
2026-09-22T09:08:28.270Z	info	staff-logger	scenario/viewer.go:83	visit livestream
2026-09-22T09:08:28.270Z	info	staff-logger	scenario/viewer.go:32	basic viewer scenario
2026-09-22T09:08:28.270Z	info	staff-logger	scenario/viewer.go:56	visit top
2026-09-22T09:08:28.270Z	info	staff-logger	scenario/viewer.go:64	get livestream
2026-09-22T09:08:28.270Z	info	staff-logger	scenario/viewer.go:83	visit livestream
2026-09-22T09:08:28.287Z	info	staff-logger	scenario/viewer.go:90	get livestream stats
2026-09-22T09:08:28.326Z	info	staff-logger	scenario/viewer.go:32	basic viewer scenario
2026-09-22T09:08:28.326Z	info	staff-logger	scenario/viewer.go:56	visit top
2026-09-22T09:08:28.326Z	info	staff-logger	scenario/viewer.go:64	get livestream
2026-09-22T09:08:28.326Z	info	staff-logger	scenario/viewer.go:83	visit livestream
2026-09-22T09:08:28.363Z	info	staff-logger	scenario/viewer.go:32	basic viewer scenario
2026-09-22T09:08:28.363Z	info	staff-logger	scenario/viewer.go:56	visit top
2026-09-22T09:08:28.363Z	info	staff-logger	scenario/viewer.go:64	get livestream
2026-09-22T09:08:28.363Z	info	staff-logger	scenario/viewer.go:83	visit livestream
2026-09-22T09:08:28.365Z	info	staff-logger	scenario/viewer.go:64	get livestream
2026-09-22T09:08:28.365Z	info	staff-logger	scenario/viewer.go:76	visit user profile
2026-09-22T09:08:28.385Z	info	staff-logger	scenario/viewer.go:90	get livestream stats
2026-09-22T09:08:28.385Z	info	staff-logger	scenario/viewer.go:64	get livestream
2026-09-22T09:08:28.385Z	info	staff-logger	scenario/viewer.go:76	visit user profile
2026-09-22T09:08:28.421Z	info	staff-logger	scenario/streamer.go:48	change icon
2026-09-22T09:08:28.437Z	info	staff-logger	scenario/viewer.go:32	basic viewer scenario
2026-09-22T09:08:28.437Z	info	staff-logger	scenario/viewer.go:56	visit top
2026-09-22T09:08:28.437Z	info	staff-logger	scenario/viewer.go:64	get livestream
2026-09-22T09:08:28.437Z	info	staff-logger	scenario/viewer.go:83	visit livestream
2026-09-22T09:08:28.563Z	info	staff-logger	scenario/viewer.go:32	basic viewer scenario
2026-09-22T09:08:28.563Z	info	staff-logger	scenario/viewer.go:56	visit top
2026-09-22T09:08:28.563Z	info	staff-logger	scenario/viewer.go:64	get livestream
2026-09-22T09:08:28.563Z	info	staff-logger	scenario/viewer.go:83	visit livestream
2026-09-22T09:08:28.598Z	info	staff-logger	scenario/viewer.go:32	basic viewer scenario
2026-09-22T09:08:28.598Z	info	staff-logger	scenario/viewer.go:56	visit top
2026-09-22T09:08:28.598Z	info	staff-logger	scenario/viewer.go:64	get livestream
2026-09-22T09:08:28.598Z	info	staff-logger	scenario/viewer.go:83	visit livestream
2026-09-22T09:08:28.602Z	info	staff-logger	scenario/viewer.go:83	visit livestream
2026-09-22T09:08:28.602Z	info	staff-logger	scenario/viewer.go:83	visit livestream
2026-09-22T09:08:28.654Z	info	staff-logger	scenario/viewer.go:32	basic viewer scenario
2026-09-22T09:08:28.654Z	info	staff-logger	scenario/viewer.go:56	visit top
2026-09-22T09:08:28.654Z	info	staff-logger	scenario/viewer.go:64	get livestream
2026-09-22T09:08:28.655Z	info	staff-logger	scenario/viewer.go:83	visit livestream
2026-09-22T09:08:28.662Z	info	staff-logger	scenario/viewer.go:32	basic viewer scenario
2026-09-22T09:08:28.662Z	info	staff-logger	scenario/viewer.go:56	visit top
2026-09-22T09:08:28.662Z	info	staff-logger	scenario/viewer.go:64	get livestream
2026-09-22T09:08:28.662Z	info	staff-logger	scenario/viewer.go:83	visit livestream
2026-09-22T09:08:28.722Z	info	staff-logger	scenario/streamer.go:48	change icon
2026-09-22T09:08:28.788Z	info	staff-logger	scenario/viewer.go:32	basic viewer scenario
2026-09-22T09:08:28.788Z	info	staff-logger	scenario/viewer.go:56	visit top
2026-09-22T09:08:28.788Z	info	staff-logger	scenario/viewer.go:64	get livestream
2026-09-22T09:08:28.788Z	info	staff-logger	scenario/viewer.go:83	visit livestream
2026-09-22T09:08:28.791Z	info	staff-logger	scenario/viewer.go:32	basic viewer scenario
2026-09-22T09:08:28.791Z	info	staff-logger	scenario/viewer.go:56	visit top
2026-09-22T09:08:28.809Z	info	staff-logger	scenario/viewer.go:90	get livestream stats
2026-09-22T09:08:28.845Z	warn	staff-logger	scenario/viewer.go:178	viewer_spam: failed to post livecomment (moderated spam): benchmark-application: [一般エラー] POST /api/livestream/7544/livecomment へのリクエストに対して、期待されたHTTPステータスコードが確認できませんでした (expected:400, actual:201)

2026-09-22T09:08:28.860Z	info	staff-logger	scenario/viewer.go:32	basic viewer scenario
2026-09-22T09:08:28.860Z	info	staff-logger	scenario/viewer.go:56	visit top
2026-09-22T09:08:28.860Z	info	staff-logger	scenario/viewer.go:64	get livestream
2026-09-22T09:08:28.860Z	info	staff-logger	scenario/viewer.go:83	visit livestream
2026-09-22T09:08:28.889Z	info	staff-logger	scenario/viewer.go:32	basic viewer scenario
2026-09-22T09:08:28.889Z	info	staff-logger	scenario/viewer.go:56	visit top
2026-09-22T09:08:28.889Z	info	staff-logger	scenario/viewer.go:64	get livestream
2026-09-22T09:08:28.889Z	info	staff-logger	scenario/viewer.go:83	visit livestream
2026-09-22T09:08:28.909Z	info	staff-logger	scenario/viewer.go:90	get livestream stats
2026-09-22T09:08:28.985Z	info	staff-logger	scenario/viewer.go:32	basic viewer scenario
2026-09-22T09:08:28.985Z	info	staff-logger	scenario/viewer.go:56	visit top
2026-09-22T09:08:28.985Z	info	staff-logger	scenario/viewer.go:64	get livestream
2026-09-22T09:08:28.985Z	info	staff-logger	scenario/viewer.go:83	visit livestream
2026-09-22T09:08:29.006Z	info	staff-logger	scenario/viewer.go:64	get livestream
2026-09-22T09:08:29.007Z	info	staff-logger	scenario/viewer.go:76	visit user profile
2026-09-22T09:08:29.037Z	info	staff-logger	scenario/viewer.go:32	basic viewer scenario
2026-09-22T09:08:29.037Z	info	staff-logger	scenario/viewer.go:56	visit top
2026-09-22T09:08:29.037Z	info	staff-logger	scenario/viewer.go:64	get livestream
2026-09-22T09:08:29.037Z	info	staff-logger	scenario/viewer.go:83	visit livestream
2026-09-22T09:08:29.059Z	info	staff-logger	scenario/viewer.go:32	basic viewer scenario
2026-09-22T09:08:29.059Z	info	staff-logger	scenario/viewer.go:56	visit top
2026-09-22T09:08:29.112Z	info	isupipe-benchmarker	DNS水責め負荷が上昇します	{"parallelis": 13}
2026-09-22T09:08:29.124Z	info	staff-logger	scenario/viewer.go:32	basic viewer scenario
2026-09-22T09:08:29.124Z	info	staff-logger	scenario/viewer.go:56	visit top
2026-09-22T09:08:29.124Z	info	staff-logger	scenario/viewer.go:64	get livestream
2026-09-22T09:08:29.124Z	info	staff-logger	scenario/viewer.go:83	visit livestream
2026-09-22T09:08:29.157Z	info	staff-logger	scenario/viewer.go:32	basic viewer scenario
2026-09-22T09:08:29.157Z	info	staff-logger	scenario/viewer.go:56	visit top
2026-09-22T09:08:29.157Z	info	staff-logger	scenario/viewer.go:64	get livestream
2026-09-22T09:08:29.157Z	info	staff-logger	scenario/viewer.go:83	visit livestream
2026-09-22T09:08:29.204Z	info	staff-logger	scenario/viewer.go:83	visit livestream
2026-09-22T09:08:29.257Z	info	staff-logger	scenario/viewer.go:32	basic viewer scenario
2026-09-22T09:08:29.257Z	info	staff-logger	scenario/viewer.go:56	visit top
2026-09-22T09:08:29.257Z	info	staff-logger	scenario/viewer.go:64	get livestream
2026-09-22T09:08:29.257Z	info	staff-logger	scenario/viewer.go:83	visit livestream
2026-09-22T09:08:29.277Z	info	staff-logger	scenario/viewer.go:90	get livestream stats
2026-09-22T09:08:29.278Z	info	staff-logger	scenario/viewer.go:32	basic viewer scenario
2026-09-22T09:08:29.278Z	info	staff-logger	scenario/viewer.go:56	visit top
2026-09-22T09:08:29.278Z	info	staff-logger	scenario/viewer.go:64	get livestream
2026-09-22T09:08:29.278Z	info	staff-logger	scenario/viewer.go:83	visit livestream
2026-09-22T09:08:29.280Z	info	staff-logger	scenario/viewer.go:64	get livestream
2026-09-22T09:08:29.280Z	info	staff-logger	scenario/viewer.go:76	visit user profile
2026-09-22T09:08:29.345Z	info	staff-logger	scenario/viewer.go:32	basic viewer scenario
2026-09-22T09:08:29.345Z	info	staff-logger	scenario/viewer.go:56	visit top
2026-09-22T09:08:29.345Z	info	staff-logger	scenario/viewer.go:64	get livestream
2026-09-22T09:08:29.345Z	info	staff-logger	scenario/viewer.go:83	visit livestream
2026-09-22T09:08:29.484Z	info	staff-logger	scenario/viewer.go:32	basic viewer scenario
2026-09-22T09:08:29.484Z	info	staff-logger	scenario/viewer.go:56	visit top
2026-09-22T09:08:29.484Z	info	staff-logger	scenario/viewer.go:64	get livestream
2026-09-22T09:08:29.484Z	info	staff-logger	scenario/viewer.go:83	visit livestream
2026-09-22T09:08:29.486Z	info	staff-logger	scenario/viewer.go:32	basic viewer scenario
2026-09-22T09:08:29.487Z	info	staff-logger	scenario/viewer.go:56	visit top
2026-09-22T09:08:29.487Z	info	staff-logger	scenario/viewer.go:64	get livestream
2026-09-22T09:08:29.487Z	info	staff-logger	scenario/viewer.go:83	visit livestream
2026-09-22T09:08:29.509Z	info	staff-logger	scenario/viewer.go:83	visit livestream
2026-09-22T09:08:29.678Z	info	staff-logger	scenario/viewer.go:32	basic viewer scenario
2026-09-22T09:08:29.678Z	info	staff-logger	scenario/viewer.go:56	visit top
2026-09-22T09:08:29.678Z	info	staff-logger	scenario/viewer.go:64	get livestream
2026-09-22T09:08:29.678Z	info	staff-logger	scenario/viewer.go:83	visit livestream
2026-09-22T09:08:29.690Z	info	staff-logger	scenario/viewer.go:32	basic viewer scenario
2026-09-22T09:08:29.690Z	info	staff-logger	scenario/viewer.go:56	visit top
2026-09-22T09:08:29.690Z	info	staff-logger	scenario/viewer.go:64	get livestream
2026-09-22T09:08:29.690Z	info	staff-logger	scenario/viewer.go:83	visit livestream
2026-09-22T09:08:29.706Z	info	staff-logger	scenario/viewer.go:32	basic viewer scenario
2026-09-22T09:08:29.706Z	info	staff-logger	scenario/viewer.go:56	visit top
2026-09-22T09:08:29.706Z	info	staff-logger	scenario/viewer.go:64	get livestream
2026-09-22T09:08:29.706Z	info	staff-logger	scenario/viewer.go:83	visit livestream
2026-09-22T09:08:29.726Z	info	staff-logger	scenario/viewer.go:32	basic viewer scenario
2026-09-22T09:08:29.726Z	info	staff-logger	scenario/viewer.go:56	visit top
2026-09-22T09:08:29.726Z	info	staff-logger	scenario/viewer.go:64	get livestream
2026-09-22T09:08:29.726Z	info	staff-logger	scenario/viewer.go:83	visit livestream
2026-09-22T09:08:29.756Z	info	staff-logger	scenario/viewer.go:32	basic viewer scenario
2026-09-22T09:08:29.756Z	info	staff-logger	scenario/viewer.go:56	visit top
2026-09-22T09:08:29.756Z	info	staff-logger	scenario/viewer.go:64	get livestream
2026-09-22T09:08:29.756Z	info	staff-logger	scenario/viewer.go:83	visit livestream
2026-09-22T09:08:29.774Z	info	staff-logger	scenario/viewer.go:32	basic viewer scenario
2026-09-22T09:08:29.774Z	info	staff-logger	scenario/viewer.go:56	visit top
2026-09-22T09:08:29.774Z	info	staff-logger	scenario/viewer.go:64	get livestream
2026-09-22T09:08:29.774Z	info	staff-logger	scenario/viewer.go:83	visit livestream
2026-09-22T09:08:29.778Z	info	staff-logger	scenario/viewer.go:32	basic viewer scenario
2026-09-22T09:08:29.778Z	info	staff-logger	scenario/viewer.go:56	visit top
2026-09-22T09:08:29.778Z	info	staff-logger	scenario/viewer.go:64	get livestream
2026-09-22T09:08:29.778Z	info	staff-logger	scenario/viewer.go:83	visit livestream
2026-09-22T09:08:29.821Z	info	staff-logger	scenario/viewer.go:32	basic viewer scenario
2026-09-22T09:08:29.821Z	info	staff-logger	scenario/viewer.go:56	visit top
2026-09-22T09:08:29.821Z	info	staff-logger	scenario/viewer.go:64	get livestream
2026-09-22T09:08:29.821Z	info	staff-logger	scenario/viewer.go:83	visit livestream
2026-09-22T09:08:29.864Z	info	staff-logger	scenario/viewer.go:32	basic viewer scenario
2026-09-22T09:08:29.864Z	info	staff-logger	scenario/viewer.go:56	visit top
2026-09-22T09:08:29.864Z	info	staff-logger	scenario/viewer.go:64	get livestream
2026-09-22T09:08:29.864Z	info	staff-logger	scenario/viewer.go:83	visit livestream
2026-09-22T09:08:29.867Z	warn	staff-logger	scenario/viewer.go:178	viewer_spam: failed to post livecomment (moderated spam): benchmark-application: [一般エラー] POST /api/livestream/7549/livecomment へのリクエストに対して、期待されたHTTPステータスコードが確認できませんでした (expected:400, actual:201)

2026-09-22T09:08:29.916Z	info	staff-logger	scenario/viewer.go:32	basic viewer scenario
2026-09-22T09:08:29.916Z	info	staff-logger	scenario/viewer.go:56	visit top
2026-09-22T09:08:29.916Z	info	staff-logger	scenario/viewer.go:64	get livestream
2026-09-22T09:08:29.916Z	info	staff-logger	scenario/viewer.go:83	visit livestream
2026-09-22T09:08:29.934Z	info	staff-logger	scenario/viewer.go:90	get livestream stats
2026-09-22T09:08:29.945Z	info	staff-logger	scenario/viewer.go:32	basic viewer scenario
2026-09-22T09:08:29.946Z	info	staff-logger	scenario/viewer.go:56	visit top
2026-09-22T09:08:29.946Z	info	staff-logger	scenario/viewer.go:64	get livestream
2026-09-22T09:08:29.946Z	info	staff-logger	scenario/viewer.go:83	visit livestream
2026-09-22T09:08:29.968Z	info	staff-logger	scenario/viewer.go:32	basic viewer scenario
2026-09-22T09:08:29.968Z	info	staff-logger	scenario/viewer.go:56	visit top
2026-09-22T09:08:29.968Z	info	staff-logger	scenario/viewer.go:64	get livestream
2026-09-22T09:08:29.968Z	info	staff-logger	scenario/viewer.go:83	visit livestream
2026-09-22T09:08:30.014Z	info	staff-logger	scenario/viewer.go:32	basic viewer scenario
2026-09-22T09:08:30.014Z	info	staff-logger	scenario/viewer.go:56	visit top
2026-09-22T09:08:30.014Z	info	staff-logger	scenario/viewer.go:64	get livestream
2026-09-22T09:08:30.014Z	info	staff-logger	scenario/viewer.go:83	visit livestream
2026-09-22T09:08:30.065Z	info	staff-logger	scenario/viewer.go:32	basic viewer scenario
2026-09-22T09:08:30.065Z	info	staff-logger	scenario/viewer.go:56	visit top
2026-09-22T09:08:30.065Z	info	staff-logger	scenario/viewer.go:64	get livestream
2026-09-22T09:08:30.065Z	info	staff-logger	scenario/viewer.go:83	visit livestream
2026-09-22T09:08:30.107Z	info	staff-logger	scenario/viewer.go:32	basic viewer scenario
2026-09-22T09:08:30.107Z	info	staff-logger	scenario/viewer.go:56	visit top
2026-09-22T09:08:30.107Z	info	staff-logger	scenario/viewer.go:64	get livestream
2026-09-22T09:08:30.107Z	info	staff-logger	scenario/viewer.go:83	visit livestream
2026-09-22T09:08:30.136Z	info	staff-logger	scenario/viewer.go:32	basic viewer scenario
2026-09-22T09:08:30.136Z	info	staff-logger	scenario/viewer.go:56	visit top
2026-09-22T09:08:30.136Z	info	staff-logger	scenario/viewer.go:64	get livestream
2026-09-22T09:08:30.136Z	info	staff-logger	scenario/viewer.go:83	visit livestream
2026-09-22T09:08:30.139Z	info	staff-logger	scenario/viewer.go:32	basic viewer scenario
2026-09-22T09:08:30.139Z	info	staff-logger	scenario/viewer.go:56	visit top
2026-09-22T09:08:30.139Z	info	staff-logger	scenario/viewer.go:64	get livestream
2026-09-22T09:08:30.139Z	info	staff-logger	scenario/viewer.go:83	visit livestream
2026-09-22T09:08:30.300Z	info	staff-logger	scenario/viewer.go:32	basic viewer scenario
2026-09-22T09:08:30.300Z	info	staff-logger	scenario/viewer.go:56	visit top
2026-09-22T09:08:30.300Z	info	staff-logger	scenario/viewer.go:64	get livestream
2026-09-22T09:08:30.300Z	info	staff-logger	scenario/viewer.go:83	visit livestream
2026-09-22T09:08:30.318Z	info	staff-logger	scenario/streamer.go:48	change icon
2026-09-22T09:08:30.392Z	info	staff-logger	scenario/viewer.go:32	basic viewer scenario
2026-09-22T09:08:30.392Z	info	staff-logger	scenario/viewer.go:56	visit top
2026-09-22T09:08:30.392Z	info	staff-logger	scenario/viewer.go:64	get livestream
2026-09-22T09:08:30.392Z	info	staff-logger	scenario/viewer.go:83	visit livestream
2026-09-22T09:08:30.398Z	info	staff-logger	scenario/viewer.go:32	basic viewer scenario
2026-09-22T09:08:30.398Z	info	staff-logger	scenario/viewer.go:56	visit top
2026-09-22T09:08:30.398Z	info	staff-logger	scenario/viewer.go:64	get livestream
2026-09-22T09:08:30.398Z	info	staff-logger	scenario/viewer.go:83	visit livestream
2026-09-22T09:08:30.421Z	info	staff-logger	scenario/viewer.go:32	basic viewer scenario
2026-09-22T09:08:30.421Z	info	staff-logger	scenario/viewer.go:56	visit top
2026-09-22T09:08:30.421Z	info	staff-logger	scenario/viewer.go:64	get livestream
2026-09-22T09:08:30.421Z	info	staff-logger	scenario/viewer.go:83	visit livestream
2026-09-22T09:08:30.429Z	info	staff-logger	scenario/viewer.go:32	basic viewer scenario
2026-09-22T09:08:30.429Z	info	staff-logger	scenario/viewer.go:56	visit top
2026-09-22T09:08:30.429Z	info	staff-logger	scenario/viewer.go:64	get livestream
2026-09-22T09:08:30.429Z	info	staff-logger	scenario/viewer.go:32	basic viewer scenario
2026-09-22T09:08:30.429Z	info	staff-logger	scenario/viewer.go:56	visit top
2026-09-22T09:08:30.429Z	info	staff-logger	scenario/viewer.go:64	get livestream
2026-09-22T09:08:30.429Z	info	staff-logger	scenario/viewer.go:83	visit livestream
2026-09-22T09:08:30.429Z	info	staff-logger	scenario/viewer.go:83	visit livestream
2026-09-22T09:08:30.456Z	info	staff-logger	scenario/viewer.go:32	basic viewer scenario
2026-09-22T09:08:30.456Z	info	staff-logger	scenario/viewer.go:56	visit top
2026-09-22T09:08:30.456Z	info	staff-logger	scenario/viewer.go:64	get livestream
2026-09-22T09:08:30.456Z	info	staff-logger	scenario/viewer.go:83	visit livestream
2026-09-22T09:08:30.479Z	info	staff-logger	scenario/viewer.go:32	basic viewer scenario
2026-09-22T09:08:30.479Z	info	staff-logger	scenario/viewer.go:56	visit top
2026-09-22T09:08:30.479Z	info	staff-logger	scenario/viewer.go:64	get livestream
2026-09-22T09:08:30.479Z	info	staff-logger	scenario/viewer.go:83	visit livestream
2026-09-22T09:08:30.481Z	info	staff-logger	scenario/viewer.go:32	basic viewer scenario
2026-09-22T09:08:30.481Z	info	staff-logger	scenario/viewer.go:56	visit top
2026-09-22T09:08:30.481Z	info	staff-logger	scenario/viewer.go:64	get livestream
2026-09-22T09:08:30.481Z	info	staff-logger	scenario/viewer.go:83	visit livestream
2026-09-22T09:08:30.521Z	info	staff-logger	scenario/viewer.go:32	basic viewer scenario
2026-09-22T09:08:30.521Z	info	staff-logger	scenario/viewer.go:56	visit top
2026-09-22T09:08:30.521Z	info	staff-logger	scenario/viewer.go:64	get livestream
2026-09-22T09:08:30.521Z	info	staff-logger	scenario/viewer.go:83	visit livestream
2026-09-22T09:08:30.548Z	info	staff-logger	scenario/viewer.go:32	basic viewer scenario
2026-09-22T09:08:30.548Z	info	staff-logger	scenario/viewer.go:56	visit top
2026-09-22T09:08:30.548Z	info	staff-logger	scenario/viewer.go:64	get livestream
2026-09-22T09:08:30.548Z	info	staff-logger	scenario/viewer.go:83	visit livestream
2026-09-22T09:08:30.570Z	info	staff-logger	scenario/viewer.go:32	basic viewer scenario
2026-09-22T09:08:30.570Z	info	staff-logger	scenario/viewer.go:56	visit top
2026-09-22T09:08:30.570Z	info	staff-logger	scenario/viewer.go:64	get livestream
2026-09-22T09:08:30.570Z	info	staff-logger	scenario/viewer.go:83	visit livestream
2026-09-22T09:08:30.585Z	info	staff-logger	scenario/viewer.go:90	get livestream stats
2026-09-22T09:08:30.604Z	info	staff-logger	scenario/viewer.go:32	basic viewer scenario
2026-09-22T09:08:30.604Z	info	staff-logger	scenario/viewer.go:56	visit top
2026-09-22T09:08:30.696Z	info	staff-logger	scenario/viewer.go:32	basic viewer scenario
2026-09-22T09:08:30.696Z	info	staff-logger	scenario/viewer.go:56	visit top
2026-09-22T09:08:30.696Z	info	staff-logger	scenario/viewer.go:64	get livestream
2026-09-22T09:08:30.696Z	info	staff-logger	scenario/viewer.go:83	visit livestream
2026-09-22T09:08:30.731Z	info	staff-logger	scenario/viewer.go:32	basic viewer scenario
2026-09-22T09:08:30.731Z	info	staff-logger	scenario/viewer.go:56	visit top
2026-09-22T09:08:30.731Z	info	staff-logger	scenario/viewer.go:64	get livestream
2026-09-22T09:08:30.731Z	info	staff-logger	scenario/viewer.go:83	visit livestream
2026-09-22T09:08:30.768Z	info	staff-logger	scenario/viewer.go:32	basic viewer scenario
2026-09-22T09:08:30.768Z	info	staff-logger	scenario/viewer.go:56	visit top
2026-09-22T09:08:30.768Z	info	staff-logger	scenario/viewer.go:64	get livestream
2026-09-22T09:08:30.768Z	info	staff-logger	scenario/viewer.go:83	visit livestream
2026-09-22T09:08:30.789Z	info	staff-logger	scenario/viewer.go:90	get livestream stats
2026-09-22T09:08:30.809Z	info	staff-logger	scenario/viewer.go:64	get livestream
2026-09-22T09:08:30.809Z	info	staff-logger	scenario/viewer.go:76	visit user profile
2026-09-22T09:08:30.850Z	warn	staff-logger	scenario/viewer.go:178	viewer_spam: failed to post livecomment (moderated spam): benchmark-application: [一般エラー] POST /api/livestream/7623/livecomment へのリクエストに対して、期待されたHTTPステータスコードが確認できませんでした (expected:400, actual:201)

2026-09-22T09:08:30.877Z	info	staff-logger	scenario/viewer.go:32	basic viewer scenario
2026-09-22T09:08:30.877Z	info	staff-logger	scenario/viewer.go:56	visit top
2026-09-22T09:08:30.877Z	info	staff-logger	scenario/viewer.go:64	get livestream
2026-09-22T09:08:30.877Z	info	staff-logger	scenario/viewer.go:83	visit livestream
2026-09-22T09:08:30.879Z	info	staff-logger	scenario/viewer.go:32	basic viewer scenario
2026-09-22T09:08:30.879Z	info	staff-logger	scenario/viewer.go:56	visit top
2026-09-22T09:08:30.879Z	info	staff-logger	scenario/viewer.go:64	get livestream
2026-09-22T09:08:30.879Z	info	staff-logger	scenario/viewer.go:83	visit livestream
2026-09-22T09:08:30.925Z	info	staff-logger	scenario/viewer.go:32	basic viewer scenario
2026-09-22T09:08:30.925Z	info	staff-logger	scenario/viewer.go:56	visit top
2026-09-22T09:08:30.925Z	info	staff-logger	scenario/viewer.go:64	get livestream
2026-09-22T09:08:30.925Z	info	staff-logger	scenario/viewer.go:83	visit livestream
2026-09-22T09:08:30.928Z	info	staff-logger	scenario/viewer.go:32	basic viewer scenario
2026-09-22T09:08:30.928Z	info	staff-logger	scenario/viewer.go:56	visit top
2026-09-22T09:08:30.928Z	info	staff-logger	scenario/viewer.go:64	get livestream
2026-09-22T09:08:30.928Z	info	staff-logger	scenario/viewer.go:83	visit livestream
2026-09-22T09:08:31.027Z	info	staff-logger	scenario/viewer.go:32	basic viewer scenario
2026-09-22T09:08:31.027Z	info	staff-logger	scenario/viewer.go:56	visit top
2026-09-22T09:08:31.027Z	info	staff-logger	scenario/viewer.go:64	get livestream
2026-09-22T09:08:31.027Z	info	staff-logger	scenario/viewer.go:83	visit livestream
2026-09-22T09:08:31.037Z	info	staff-logger	scenario/viewer.go:83	visit livestream
2026-09-22T09:08:31.112Z	info	isupipe-benchmarker	DNS水責め負荷が上昇します	{"parallelis": 15}
2026-09-22T09:08:31.114Z	info	staff-logger	scenario/viewer.go:32	basic viewer scenario
2026-09-22T09:08:31.114Z	info	staff-logger	scenario/viewer.go:56	visit top
2026-09-22T09:08:31.114Z	info	staff-logger	scenario/viewer.go:64	get livestream
2026-09-22T09:08:31.114Z	info	staff-logger	scenario/viewer.go:83	visit livestream
2026-09-22T09:08:31.140Z	info	staff-logger	scenario/viewer.go:32	basic viewer scenario
2026-09-22T09:08:31.140Z	info	staff-logger	scenario/viewer.go:56	visit top
2026-09-22T09:08:31.140Z	info	staff-logger	scenario/viewer.go:64	get livestream
2026-09-22T09:08:31.140Z	info	staff-logger	scenario/viewer.go:83	visit livestream
2026-09-22T09:08:31.145Z	info	staff-logger	scenario/viewer.go:32	basic viewer scenario
2026-09-22T09:08:31.145Z	info	staff-logger	scenario/viewer.go:56	visit top
2026-09-22T09:08:31.145Z	info	staff-logger	scenario/viewer.go:64	get livestream
2026-09-22T09:08:31.145Z	info	staff-logger	scenario/viewer.go:83	visit livestream
2026-09-22T09:08:31.152Z	info	staff-logger	scenario/viewer.go:32	basic viewer scenario
2026-09-22T09:08:31.152Z	info	staff-logger	scenario/viewer.go:56	visit top
2026-09-22T09:08:31.152Z	info	staff-logger	scenario/viewer.go:64	get livestream
2026-09-22T09:08:31.152Z	info	staff-logger	scenario/viewer.go:83	visit livestream
2026-09-22T09:08:31.210Z	info	staff-logger	scenario/viewer.go:32	basic viewer scenario
2026-09-22T09:08:31.210Z	info	staff-logger	scenario/viewer.go:56	visit top
2026-09-22T09:08:31.210Z	info	staff-logger	scenario/viewer.go:64	get livestream
2026-09-22T09:08:31.210Z	info	staff-logger	scenario/viewer.go:83	visit livestream
2026-09-22T09:08:31.247Z	info	staff-logger	scenario/viewer.go:32	basic viewer scenario
2026-09-22T09:08:31.247Z	info	staff-logger	scenario/viewer.go:56	visit top
2026-09-22T09:08:31.247Z	info	staff-logger	scenario/viewer.go:64	get livestream
2026-09-22T09:08:31.247Z	info	staff-logger	scenario/viewer.go:83	visit livestream
2026-09-22T09:08:31.270Z	info	staff-logger	scenario/viewer.go:32	basic viewer scenario
2026-09-22T09:08:31.270Z	info	staff-logger	scenario/viewer.go:56	visit top
2026-09-22T09:08:31.273Z	info	staff-logger	scenario/viewer.go:32	basic viewer scenario
2026-09-22T09:08:31.273Z	info	staff-logger	scenario/viewer.go:56	visit top
2026-09-22T09:08:31.273Z	info	staff-logger	scenario/viewer.go:64	get livestream
2026-09-22T09:08:31.273Z	info	staff-logger	scenario/viewer.go:83	visit livestream
2026-09-22T09:08:31.337Z	info	staff-logger	scenario/viewer.go:32	basic viewer scenario
2026-09-22T09:08:31.337Z	info	staff-logger	scenario/viewer.go:56	visit top
2026-09-22T09:08:31.337Z	info	staff-logger	scenario/viewer.go:64	get livestream
2026-09-22T09:08:31.337Z	info	staff-logger	scenario/viewer.go:83	visit livestream
2026-09-22T09:08:31.463Z	info	staff-logger	scenario/viewer.go:32	basic viewer scenario
2026-09-22T09:08:31.463Z	info	staff-logger	scenario/viewer.go:56	visit top
2026-09-22T09:08:31.463Z	info	staff-logger	scenario/viewer.go:64	get livestream
2026-09-22T09:08:31.463Z	info	staff-logger	scenario/viewer.go:83	visit livestream
2026-09-22T09:08:31.502Z	info	staff-logger	scenario/viewer.go:32	basic viewer scenario
2026-09-22T09:08:31.502Z	info	staff-logger	scenario/viewer.go:56	visit top
2026-09-22T09:08:31.502Z	info	staff-logger	scenario/viewer.go:64	get livestream
2026-09-22T09:08:31.502Z	info	staff-logger	scenario/viewer.go:83	visit livestream
2026-09-22T09:08:31.519Z	info	staff-logger	scenario/viewer.go:32	basic viewer scenario
2026-09-22T09:08:31.520Z	info	staff-logger	scenario/viewer.go:56	visit top
2026-09-22T09:08:31.520Z	info	staff-logger	scenario/viewer.go:64	get livestream
2026-09-22T09:08:31.520Z	info	staff-logger	scenario/viewer.go:83	visit livestream
2026-09-22T09:08:31.523Z	info	staff-logger	scenario/streamer.go:48	change icon
2026-09-22T09:08:31.528Z	info	staff-logger	scenario/viewer.go:64	get livestream
2026-09-22T09:08:31.528Z	info	staff-logger	scenario/viewer.go:76	visit user profile
2026-09-22T09:08:31.558Z	info	staff-logger	scenario/viewer.go:32	basic viewer scenario
2026-09-22T09:08:31.558Z	info	staff-logger	scenario/viewer.go:56	visit top
2026-09-22T09:08:31.558Z	info	staff-logger	scenario/viewer.go:64	get livestream
2026-09-22T09:08:31.558Z	info	staff-logger	scenario/viewer.go:83	visit livestream
2026-09-22T09:08:31.610Z	info	staff-logger	scenario/viewer.go:32	basic viewer scenario
2026-09-22T09:08:31.611Z	info	staff-logger	scenario/viewer.go:56	visit top
2026-09-22T09:08:31.611Z	info	staff-logger	scenario/viewer.go:64	get livestream
2026-09-22T09:08:31.611Z	info	staff-logger	scenario/viewer.go:83	visit livestream
2026-09-22T09:08:31.662Z	info	staff-logger	scenario/viewer.go:83	visit livestream
2026-09-22T09:08:31.668Z	info	staff-logger	scenario/viewer.go:32	basic viewer scenario
2026-09-22T09:08:31.668Z	info	staff-logger	scenario/viewer.go:56	visit top
2026-09-22T09:08:31.731Z	info	staff-logger	scenario/viewer.go:32	basic viewer scenario
2026-09-22T09:08:31.731Z	info	staff-logger	scenario/viewer.go:56	visit top
2026-09-22T09:08:31.731Z	info	staff-logger	scenario/viewer.go:64	get livestream
2026-09-22T09:08:31.731Z	info	staff-logger	scenario/viewer.go:83	visit livestream
2026-09-22T09:08:31.756Z	info	staff-logger	scenario/viewer.go:32	basic viewer scenario
2026-09-22T09:08:31.756Z	info	staff-logger	scenario/viewer.go:56	visit top
2026-09-22T09:08:31.756Z	info	staff-logger	scenario/viewer.go:64	get livestream
2026-09-22T09:08:31.756Z	info	staff-logger	scenario/viewer.go:83	visit livestream
2026-09-22T09:08:31.759Z	info	staff-logger	scenario/viewer.go:32	basic viewer scenario
2026-09-22T09:08:31.760Z	info	staff-logger	scenario/viewer.go:56	visit top
2026-09-22T09:08:31.760Z	info	staff-logger	scenario/viewer.go:64	get livestream
2026-09-22T09:08:31.760Z	info	staff-logger	scenario/viewer.go:83	visit livestream
2026-09-22T09:08:31.771Z	info	staff-logger	scenario/viewer.go:32	basic viewer scenario
2026-09-22T09:08:31.771Z	info	staff-logger	scenario/viewer.go:56	visit top
2026-09-22T09:08:31.771Z	info	staff-logger	scenario/viewer.go:64	get livestream
2026-09-22T09:08:31.771Z	info	staff-logger	scenario/viewer.go:83	visit livestream
2026-09-22T09:08:31.843Z	info	staff-logger	scenario/viewer.go:32	basic viewer scenario
2026-09-22T09:08:31.843Z	info	staff-logger	scenario/viewer.go:56	visit top
2026-09-22T09:08:31.843Z	info	staff-logger	scenario/viewer.go:64	get livestream
2026-09-22T09:08:31.843Z	info	staff-logger	scenario/viewer.go:83	visit livestream
2026-09-22T09:08:31.873Z	info	staff-logger	scenario/viewer.go:64	get livestream
2026-09-22T09:08:31.873Z	info	staff-logger	scenario/viewer.go:76	visit user profile
2026-09-22T09:08:31.905Z	info	staff-logger	scenario/viewer.go:32	basic viewer scenario
2026-09-22T09:08:31.905Z	info	staff-logger	scenario/viewer.go:56	visit top
2026-09-22T09:08:31.905Z	info	staff-logger	scenario/viewer.go:64	get livestream
2026-09-22T09:08:31.905Z	info	staff-logger	scenario/viewer.go:83	visit livestream
2026-09-22T09:08:31.943Z	info	staff-logger	scenario/viewer.go:32	basic viewer scenario
2026-09-22T09:08:31.943Z	info	staff-logger	scenario/viewer.go:56	visit top
2026-09-22T09:08:31.943Z	info	staff-logger	scenario/viewer.go:64	get livestream
2026-09-22T09:08:31.943Z	info	staff-logger	scenario/viewer.go:83	visit livestream
2026-09-22T09:08:31.946Z	info	staff-logger	scenario/streamer.go:48	change icon
2026-09-22T09:08:31.964Z	info	staff-logger	scenario/viewer.go:32	basic viewer scenario
2026-09-22T09:08:31.964Z	info	staff-logger	scenario/viewer.go:56	visit top
2026-09-22T09:08:31.964Z	info	staff-logger	scenario/viewer.go:64	get livestream
2026-09-22T09:08:31.964Z	info	staff-logger	scenario/viewer.go:83	visit livestream
2026-09-22T09:08:32.002Z	info	staff-logger	scenario/viewer.go:32	basic viewer scenario
2026-09-22T09:08:32.002Z	info	staff-logger	scenario/viewer.go:56	visit top
2026-09-22T09:08:32.002Z	info	staff-logger	scenario/viewer.go:64	get livestream
2026-09-22T09:08:32.002Z	info	staff-logger	scenario/viewer.go:83	visit livestream
2026-09-22T09:08:32.057Z	info	staff-logger	scenario/viewer.go:32	basic viewer scenario
2026-09-22T09:08:32.057Z	info	staff-logger	scenario/viewer.go:56	visit top
2026-09-22T09:08:32.057Z	info	staff-logger	scenario/viewer.go:64	get livestream
2026-09-22T09:08:32.057Z	info	staff-logger	scenario/viewer.go:83	visit livestream
2026-09-22T09:08:32.059Z	info	staff-logger	scenario/viewer.go:83	visit livestream
2026-09-22T09:08:32.094Z	info	staff-logger	scenario/viewer.go:32	basic viewer scenario
2026-09-22T09:08:32.094Z	info	staff-logger	scenario/viewer.go:56	visit top
2026-09-22T09:08:32.094Z	info	staff-logger	scenario/viewer.go:64	get livestream
2026-09-22T09:08:32.094Z	info	staff-logger	scenario/viewer.go:83	visit livestream
2026-09-22T09:08:32.141Z	info	staff-logger	scenario/viewer.go:32	basic viewer scenario
2026-09-22T09:08:32.141Z	info	staff-logger	scenario/viewer.go:56	visit top
2026-09-22T09:08:32.141Z	info	staff-logger	scenario/viewer.go:64	get livestream
2026-09-22T09:08:32.142Z	info	staff-logger	scenario/viewer.go:83	visit livestream
2026-09-22T09:08:32.142Z	info	staff-logger	scenario/viewer.go:32	basic viewer scenario
2026-09-22T09:08:32.142Z	info	staff-logger	scenario/viewer.go:56	visit top
2026-09-22T09:08:32.142Z	info	staff-logger	scenario/viewer.go:64	get livestream
2026-09-22T09:08:32.142Z	info	staff-logger	scenario/viewer.go:83	visit livestream
2026-09-22T09:08:32.214Z	info	staff-logger	scenario/viewer.go:32	basic viewer scenario
2026-09-22T09:08:32.214Z	info	staff-logger	scenario/viewer.go:56	visit top
2026-09-22T09:08:32.214Z	info	staff-logger	scenario/viewer.go:64	get livestream
2026-09-22T09:08:32.214Z	info	staff-logger	scenario/viewer.go:83	visit livestream
2026-09-22T09:08:32.251Z	info	staff-logger	scenario/viewer.go:32	basic viewer scenario
2026-09-22T09:08:32.251Z	info	staff-logger	scenario/viewer.go:56	visit top
2026-09-22T09:08:32.251Z	info	staff-logger	scenario/viewer.go:64	get livestream
2026-09-22T09:08:32.251Z	info	staff-logger	scenario/viewer.go:83	visit livestream
2026-09-22T09:08:32.273Z	info	staff-logger	scenario/viewer.go:32	basic viewer scenario
2026-09-22T09:08:32.274Z	info	staff-logger	scenario/viewer.go:56	visit top
2026-09-22T09:08:32.274Z	info	staff-logger	scenario/viewer.go:64	get livestream
2026-09-22T09:08:32.274Z	info	staff-logger	scenario/viewer.go:83	visit livestream
2026-09-22T09:08:32.279Z	info	staff-logger	scenario/viewer.go:32	basic viewer scenario
2026-09-22T09:08:32.279Z	info	staff-logger	scenario/viewer.go:56	visit top
2026-09-22T09:08:32.279Z	info	staff-logger	scenario/viewer.go:64	get livestream
2026-09-22T09:08:32.279Z	info	staff-logger	scenario/viewer.go:83	visit livestream
2026-09-22T09:08:32.286Z	info	staff-logger	scenario/streamer.go:48	change icon
2026-09-22T09:08:32.317Z	info	staff-logger	scenario/viewer.go:32	basic viewer scenario
2026-09-22T09:08:32.317Z	info	staff-logger	scenario/viewer.go:56	visit top
2026-09-22T09:08:32.317Z	info	staff-logger	scenario/viewer.go:64	get livestream
2026-09-22T09:08:32.317Z	info	staff-logger	scenario/viewer.go:83	visit livestream
2026-09-22T09:08:32.378Z	info	staff-logger	scenario/viewer.go:32	basic viewer scenario
2026-09-22T09:08:32.378Z	info	staff-logger	scenario/viewer.go:56	visit top
2026-09-22T09:08:32.378Z	info	staff-logger	scenario/viewer.go:64	get livestream
2026-09-22T09:08:32.378Z	info	staff-logger	scenario/viewer.go:83	visit livestream
2026-09-22T09:08:32.441Z	info	staff-logger	scenario/viewer.go:32	basic viewer scenario
2026-09-22T09:08:32.441Z	info	staff-logger	scenario/viewer.go:56	visit top
2026-09-22T09:08:32.483Z	info	staff-logger	scenario/viewer.go:32	basic viewer scenario
2026-09-22T09:08:32.483Z	info	staff-logger	scenario/viewer.go:56	visit top
2026-09-22T09:08:32.483Z	info	staff-logger	scenario/viewer.go:64	get livestream
2026-09-22T09:08:32.483Z	info	staff-logger	scenario/viewer.go:83	visit livestream
2026-09-22T09:08:32.490Z	info	staff-logger	scenario/viewer.go:32	basic viewer scenario
2026-09-22T09:08:32.490Z	info	staff-logger	scenario/viewer.go:56	visit top
2026-09-22T09:08:32.490Z	info	staff-logger	scenario/viewer.go:64	get livestream
2026-09-22T09:08:32.490Z	info	staff-logger	scenario/viewer.go:83	visit livestream
2026-09-22T09:08:32.511Z	info	staff-logger	scenario/viewer.go:32	basic viewer scenario
2026-09-22T09:08:32.512Z	info	staff-logger	scenario/viewer.go:56	visit top
2026-09-22T09:08:32.512Z	info	staff-logger	scenario/viewer.go:64	get livestream
2026-09-22T09:08:32.512Z	info	staff-logger	scenario/viewer.go:83	visit livestream
2026-09-22T09:08:32.529Z	info	staff-logger	scenario/viewer.go:32	basic viewer scenario
2026-09-22T09:08:32.530Z	info	staff-logger	scenario/viewer.go:56	visit top
2026-09-22T09:08:32.530Z	info	staff-logger	scenario/viewer.go:64	get livestream
2026-09-22T09:08:32.530Z	info	staff-logger	scenario/viewer.go:83	visit livestream
2026-09-22T09:08:32.613Z	info	staff-logger	scenario/viewer.go:32	basic viewer scenario
2026-09-22T09:08:32.613Z	info	staff-logger	scenario/viewer.go:56	visit top
2026-09-22T09:08:32.613Z	info	staff-logger	scenario/viewer.go:64	get livestream
2026-09-22T09:08:32.613Z	info	staff-logger	scenario/viewer.go:83	visit livestream
2026-09-22T09:08:32.638Z	info	staff-logger	scenario/viewer.go:90	get livestream stats
2026-09-22T09:08:32.680Z	info	staff-logger	scenario/viewer.go:32	basic viewer scenario
2026-09-22T09:08:32.680Z	info	staff-logger	scenario/viewer.go:56	visit top
2026-09-22T09:08:32.680Z	info	staff-logger	scenario/viewer.go:64	get livestream
2026-09-22T09:08:32.680Z	info	staff-logger	scenario/viewer.go:83	visit livestream
2026-09-22T09:08:32.702Z	info	staff-logger	scenario/viewer.go:64	get livestream
2026-09-22T09:08:32.702Z	info	staff-logger	scenario/viewer.go:76	visit user profile
2026-09-22T09:08:32.768Z	info	staff-logger	scenario/viewer.go:32	basic viewer scenario
2026-09-22T09:08:32.768Z	info	staff-logger	scenario/viewer.go:56	visit top
2026-09-22T09:08:32.768Z	info	staff-logger	scenario/viewer.go:64	get livestream
2026-09-22T09:08:32.768Z	info	staff-logger	scenario/viewer.go:83	visit livestream
2026-09-22T09:08:32.789Z	info	staff-logger	scenario/viewer.go:32	basic viewer scenario
2026-09-22T09:08:32.789Z	info	staff-logger	scenario/viewer.go:56	visit top
2026-09-22T09:08:32.789Z	info	staff-logger	scenario/viewer.go:64	get livestream
2026-09-22T09:08:32.789Z	info	staff-logger	scenario/viewer.go:83	visit livestream
2026-09-22T09:08:32.801Z	info	staff-logger	scenario/viewer.go:32	basic viewer scenario
2026-09-22T09:08:32.801Z	info	staff-logger	scenario/viewer.go:46	change icon
2026-09-22T09:08:32.816Z	info	staff-logger	scenario/viewer.go:32	basic viewer scenario
2026-09-22T09:08:32.816Z	info	staff-logger	scenario/viewer.go:56	visit top
2026-09-22T09:08:32.816Z	info	staff-logger	scenario/viewer.go:64	get livestream
2026-09-22T09:08:32.816Z	info	staff-logger	scenario/viewer.go:83	visit livestream
2026-09-22T09:08:32.839Z	info	staff-logger	scenario/viewer.go:56	visit top
2026-09-22T09:08:32.896Z	info	staff-logger	scenario/viewer.go:83	visit livestream
2026-09-22T09:08:32.945Z	info	staff-logger	scenario/viewer.go:32	basic viewer scenario
2026-09-22T09:08:32.945Z	info	staff-logger	scenario/viewer.go:56	visit top
2026-09-22T09:08:32.945Z	info	staff-logger	scenario/viewer.go:64	get livestream
2026-09-22T09:08:32.945Z	info	staff-logger	scenario/viewer.go:83	visit livestream
2026-09-22T09:08:33.021Z	info	staff-logger	scenario/viewer.go:32	basic viewer scenario
2026-09-22T09:08:33.021Z	info	staff-logger	scenario/viewer.go:56	visit top
2026-09-22T09:08:33.021Z	info	staff-logger	scenario/viewer.go:64	get livestream
2026-09-22T09:08:33.021Z	info	staff-logger	scenario/viewer.go:83	visit livestream
2026-09-22T09:08:33.025Z	info	staff-logger	scenario/viewer.go:32	basic viewer scenario
2026-09-22T09:08:33.025Z	info	staff-logger	scenario/viewer.go:56	visit top
2026-09-22T09:08:33.042Z	info	staff-logger	scenario/viewer.go:64	get livestream
2026-09-22T09:08:33.042Z	info	staff-logger	scenario/viewer.go:76	visit user profile
2026-09-22T09:08:33.047Z	info	staff-logger	scenario/viewer.go:32	basic viewer scenario
2026-09-22T09:08:33.047Z	info	staff-logger	scenario/viewer.go:56	visit top
2026-09-22T09:08:33.047Z	info	staff-logger	scenario/viewer.go:64	get livestream
2026-09-22T09:08:33.047Z	info	staff-logger	scenario/viewer.go:83	visit livestream
2026-09-22T09:08:33.070Z	info	staff-logger	scenario/viewer.go:32	basic viewer scenario
2026-09-22T09:08:33.070Z	info	staff-logger	scenario/viewer.go:56	visit top
2026-09-22T09:08:33.130Z	info	staff-logger	scenario/streamer.go:48	change icon
2026-09-22T09:08:33.192Z	info	staff-logger	scenario/viewer.go:32	basic viewer scenario
2026-09-22T09:08:33.192Z	info	staff-logger	scenario/viewer.go:56	visit top
2026-09-22T09:08:33.192Z	info	staff-logger	scenario/viewer.go:64	get livestream
2026-09-22T09:08:33.192Z	info	staff-logger	scenario/viewer.go:83	visit livestream
2026-09-22T09:08:33.196Z	info	staff-logger	scenario/viewer.go:32	basic viewer scenario
2026-09-22T09:08:33.196Z	info	staff-logger	scenario/viewer.go:56	visit top
2026-09-22T09:08:33.196Z	info	staff-logger	scenario/viewer.go:64	get livestream
2026-09-22T09:08:33.196Z	info	staff-logger	scenario/viewer.go:83	visit livestream
2026-09-22T09:08:33.225Z	info	staff-logger	scenario/viewer.go:32	basic viewer scenario
2026-09-22T09:08:33.225Z	info	staff-logger	scenario/viewer.go:56	visit top
2026-09-22T09:08:33.225Z	info	staff-logger	scenario/viewer.go:64	get livestream
2026-09-22T09:08:33.225Z	info	staff-logger	scenario/viewer.go:83	visit livestream
2026-09-22T09:08:33.225Z	info	staff-logger	scenario/streamer.go:48	change icon
2026-09-22T09:08:33.245Z	info	staff-logger	scenario/viewer.go:64	get livestream
2026-09-22T09:08:33.245Z	info	staff-logger	scenario/viewer.go:76	visit user profile
2026-09-22T09:08:33.262Z	info	staff-logger	scenario/viewer.go:83	visit livestream
2026-09-22T09:08:33.266Z	info	staff-logger	scenario/viewer.go:32	basic viewer scenario
2026-09-22T09:08:33.266Z	info	staff-logger	scenario/viewer.go:56	visit top
2026-09-22T09:08:33.266Z	info	staff-logger	scenario/viewer.go:64	get livestream
2026-09-22T09:08:33.266Z	info	staff-logger	scenario/viewer.go:83	visit livestream
2026-09-22T09:08:33.292Z	info	staff-logger	scenario/viewer.go:64	get livestream
2026-09-22T09:08:33.292Z	info	staff-logger	scenario/viewer.go:76	visit user profile
2026-09-22T09:08:33.332Z	info	staff-logger	scenario/streamer.go:48	change icon
2026-09-22T09:08:33.352Z	info	staff-logger	scenario/viewer.go:32	basic viewer scenario
2026-09-22T09:08:33.352Z	info	staff-logger	scenario/viewer.go:56	visit top
2026-09-22T09:08:33.352Z	info	staff-logger	scenario/viewer.go:64	get livestream
2026-09-22T09:08:33.353Z	info	staff-logger	scenario/viewer.go:83	visit livestream
2026-09-22T09:08:33.373Z	info	staff-logger	scenario/viewer.go:32	basic viewer scenario
2026-09-22T09:08:33.373Z	info	staff-logger	scenario/viewer.go:56	visit top
2026-09-22T09:08:33.373Z	info	staff-logger	scenario/viewer.go:64	get livestream
2026-09-22T09:08:33.373Z	info	staff-logger	scenario/viewer.go:83	visit livestream
2026-09-22T09:08:33.374Z	info	staff-logger	scenario/viewer.go:83	visit livestream
2026-09-22T09:08:33.427Z	info	staff-logger	scenario/streamer.go:48	change icon
2026-09-22T09:08:33.481Z	info	staff-logger	scenario/viewer.go:32	basic viewer scenario
2026-09-22T09:08:33.481Z	info	staff-logger	scenario/viewer.go:56	visit top
2026-09-22T09:08:33.481Z	info	staff-logger	scenario/viewer.go:64	get livestream
2026-09-22T09:08:33.481Z	info	staff-logger	scenario/viewer.go:83	visit livestream
2026-09-22T09:08:33.498Z	info	staff-logger	scenario/viewer.go:83	visit livestream
2026-09-22T09:08:33.618Z	info	staff-logger	scenario/viewer.go:32	basic viewer scenario
2026-09-22T09:08:33.619Z	info	staff-logger	scenario/viewer.go:56	visit top
2026-09-22T09:08:33.619Z	info	staff-logger	scenario/viewer.go:64	get livestream
2026-09-22T09:08:33.619Z	info	staff-logger	scenario/viewer.go:83	visit livestream
2026-09-22T09:08:33.702Z	info	staff-logger	scenario/viewer.go:32	basic viewer scenario
2026-09-22T09:08:33.702Z	info	staff-logger	scenario/viewer.go:56	visit top
2026-09-22T09:08:33.733Z	info	staff-logger	scenario/viewer.go:32	basic viewer scenario
2026-09-22T09:08:33.733Z	info	staff-logger	scenario/viewer.go:56	visit top
2026-09-22T09:08:33.733Z	info	staff-logger	scenario/viewer.go:64	get livestream
2026-09-22T09:08:33.733Z	info	staff-logger	scenario/viewer.go:83	visit livestream
2026-09-22T09:08:33.760Z	warn	staff-logger	scenario/viewer.go:178	viewer_spam: failed to post livecomment (moderated spam): benchmark-application: [一般エラー] POST /api/livestream/7597/livecomment へのリクエストに対して、期待されたHTTPステータスコードが確認できませんでした (expected:400, actual:201)

2026-09-22T09:08:33.792Z	info	staff-logger	scenario/viewer.go:32	basic viewer scenario
2026-09-22T09:08:33.792Z	info	staff-logger	scenario/viewer.go:56	visit top
2026-09-22T09:08:33.792Z	info	staff-logger	scenario/viewer.go:64	get livestream
2026-09-22T09:08:33.792Z	info	staff-logger	scenario/viewer.go:83	visit livestream
2026-09-22T09:08:33.827Z	info	staff-logger	scenario/viewer.go:32	basic viewer scenario
2026-09-22T09:08:33.827Z	info	staff-logger	scenario/viewer.go:56	visit top
2026-09-22T09:08:33.828Z	info	staff-logger	scenario/viewer.go:32	basic viewer scenario
2026-09-22T09:08:33.829Z	info	staff-logger	scenario/viewer.go:56	visit top
2026-09-22T09:08:33.829Z	info	staff-logger	scenario/viewer.go:64	get livestream
2026-09-22T09:08:33.829Z	info	staff-logger	scenario/viewer.go:83	visit livestream
2026-09-22T09:08:33.884Z	info	staff-logger	scenario/viewer.go:32	basic viewer scenario
2026-09-22T09:08:33.884Z	info	staff-logger	scenario/viewer.go:56	visit top
2026-09-22T09:08:33.884Z	info	staff-logger	scenario/viewer.go:64	get livestream
2026-09-22T09:08:33.884Z	info	staff-logger	scenario/viewer.go:83	visit livestream
2026-09-22T09:08:33.890Z	info	staff-logger	scenario/viewer.go:32	basic viewer scenario
2026-09-22T09:08:33.890Z	info	staff-logger	scenario/viewer.go:56	visit top
2026-09-22T09:08:33.890Z	info	staff-logger	scenario/viewer.go:64	get livestream
2026-09-22T09:08:33.890Z	info	staff-logger	scenario/viewer.go:83	visit livestream
2026-09-22T09:08:33.894Z	info	staff-logger	scenario/viewer.go:32	basic viewer scenario
2026-09-22T09:08:33.895Z	info	staff-logger	scenario/viewer.go:56	visit top
2026-09-22T09:08:33.895Z	info	staff-logger	scenario/viewer.go:64	get livestream
2026-09-22T09:08:33.895Z	info	staff-logger	scenario/viewer.go:83	visit livestream
2026-09-22T09:08:33.901Z	info	staff-logger	scenario/viewer.go:90	get livestream stats
2026-09-22T09:08:33.940Z	info	staff-logger	scenario/viewer.go:64	get livestream
2026-09-22T09:08:33.940Z	info	staff-logger	scenario/viewer.go:76	visit user profile
2026-09-22T09:08:33.971Z	info	staff-logger	scenario/viewer.go:32	basic viewer scenario
2026-09-22T09:08:33.971Z	info	staff-logger	scenario/viewer.go:56	visit top
2026-09-22T09:08:33.971Z	info	staff-logger	scenario/viewer.go:64	get livestream
2026-09-22T09:08:33.971Z	info	staff-logger	scenario/viewer.go:83	visit livestream
2026-09-22T09:08:33.976Z	info	staff-logger	scenario/viewer.go:32	basic viewer scenario
2026-09-22T09:08:33.976Z	info	staff-logger	scenario/viewer.go:56	visit top
2026-09-22T09:08:33.976Z	info	staff-logger	scenario/viewer.go:64	get livestream
2026-09-22T09:08:33.976Z	info	staff-logger	scenario/viewer.go:83	visit livestream
2026-09-22T09:08:33.993Z	info	staff-logger	scenario/viewer.go:90	get livestream stats
2026-09-22T09:08:34.015Z	info	staff-logger	scenario/viewer.go:64	get livestream
2026-09-22T09:08:34.015Z	info	staff-logger	scenario/viewer.go:76	visit user profile
2026-09-22T09:08:34.097Z	info	staff-logger	scenario/viewer.go:32	basic viewer scenario
2026-09-22T09:08:34.097Z	info	staff-logger	scenario/viewer.go:56	visit top
2026-09-22T09:08:34.097Z	info	staff-logger	scenario/viewer.go:64	get livestream
2026-09-22T09:08:34.097Z	info	staff-logger	scenario/viewer.go:83	visit livestream
2026-09-22T09:08:34.115Z	warn	staff-logger	scenario/viewer.go:178	viewer_spam: failed to post livecomment (moderated spam): benchmark-application: [一般エラー] POST /api/livestream/7654/livecomment へのリクエストに対して、期待されたHTTPステータスコードが確認できませんでした (expected:400, actual:201)

2026-09-22T09:08:34.131Z	info	staff-logger	scenario/viewer.go:32	basic viewer scenario
2026-09-22T09:08:34.131Z	info	staff-logger	scenario/viewer.go:56	visit top
2026-09-22T09:08:34.131Z	info	staff-logger	scenario/viewer.go:64	get livestream
2026-09-22T09:08:34.131Z	info	staff-logger	scenario/viewer.go:83	visit livestream
2026-09-22T09:08:34.142Z	info	staff-logger	scenario/viewer.go:83	visit livestream
2026-09-22T09:08:34.223Z	info	staff-logger	scenario/viewer.go:83	visit livestream
2026-09-22T09:08:34.249Z	info	staff-logger	scenario/viewer.go:32	basic viewer scenario
2026-09-22T09:08:34.249Z	info	staff-logger	scenario/viewer.go:56	visit top
2026-09-22T09:08:34.249Z	info	staff-logger	scenario/viewer.go:64	get livestream
2026-09-22T09:08:34.249Z	info	staff-logger	scenario/viewer.go:83	visit livestream
2026-09-22T09:08:34.326Z	info	staff-logger	scenario/viewer.go:32	basic viewer scenario
2026-09-22T09:08:34.326Z	info	staff-logger	scenario/viewer.go:56	visit top
2026-09-22T09:08:34.326Z	info	staff-logger	scenario/viewer.go:64	get livestream
2026-09-22T09:08:34.326Z	info	staff-logger	scenario/viewer.go:83	visit livestream
2026-09-22T09:08:34.326Z	info	staff-logger	scenario/viewer.go:32	basic viewer scenario
2026-09-22T09:08:34.326Z	info	staff-logger	scenario/viewer.go:56	visit top
2026-09-22T09:08:34.326Z	info	staff-logger	scenario/viewer.go:64	get livestream
2026-09-22T09:08:34.326Z	info	staff-logger	scenario/viewer.go:83	visit livestream
2026-09-22T09:08:34.436Z	info	staff-logger	scenario/viewer.go:32	basic viewer scenario
2026-09-22T09:08:34.436Z	info	staff-logger	scenario/viewer.go:56	visit top
2026-09-22T09:08:34.436Z	info	staff-logger	scenario/viewer.go:64	get livestream
2026-09-22T09:08:34.436Z	info	staff-logger	scenario/viewer.go:83	visit livestream
2026-09-22T09:08:34.439Z	info	staff-logger	scenario/viewer.go:32	basic viewer scenario
2026-09-22T09:08:34.439Z	info	staff-logger	scenario/viewer.go:56	visit top
2026-09-22T09:08:34.439Z	info	staff-logger	scenario/viewer.go:64	get livestream
2026-09-22T09:08:34.439Z	info	staff-logger	scenario/viewer.go:83	visit livestream
2026-09-22T09:08:34.441Z	info	staff-logger	scenario/viewer.go:32	basic viewer scenario
2026-09-22T09:08:34.441Z	info	staff-logger	scenario/viewer.go:56	visit top
2026-09-22T09:08:34.441Z	info	staff-logger	scenario/viewer.go:64	get livestream
2026-09-22T09:08:34.441Z	info	staff-logger	scenario/viewer.go:83	visit livestream
2026-09-22T09:08:34.474Z	info	staff-logger	scenario/viewer.go:32	basic viewer scenario
2026-09-22T09:08:34.474Z	info	staff-logger	scenario/viewer.go:56	visit top
2026-09-22T09:08:34.474Z	info	staff-logger	scenario/viewer.go:64	get livestream
2026-09-22T09:08:34.474Z	info	staff-logger	scenario/viewer.go:83	visit livestream
2026-09-22T09:08:34.474Z	info	staff-logger	scenario/viewer.go:32	basic viewer scenario
2026-09-22T09:08:34.474Z	info	staff-logger	scenario/viewer.go:56	visit top
2026-09-22T09:08:34.475Z	info	staff-logger	scenario/viewer.go:32	basic viewer scenario
2026-09-22T09:08:34.475Z	info	staff-logger	scenario/viewer.go:56	visit top
2026-09-22T09:08:34.475Z	info	staff-logger	scenario/viewer.go:64	get livestream
2026-09-22T09:08:34.475Z	info	staff-logger	scenario/viewer.go:83	visit livestream
2026-09-22T09:08:34.495Z	info	staff-logger	scenario/viewer.go:32	basic viewer scenario
2026-09-22T09:08:34.495Z	info	staff-logger	scenario/viewer.go:56	visit top
2026-09-22T09:08:34.495Z	info	staff-logger	scenario/viewer.go:64	get livestream
2026-09-22T09:08:34.495Z	info	staff-logger	scenario/viewer.go:83	visit livestream
2026-09-22T09:08:34.546Z	info	staff-logger	scenario/viewer.go:32	basic viewer scenario
2026-09-22T09:08:34.546Z	info	staff-logger	scenario/viewer.go:56	visit top
2026-09-22T09:08:34.546Z	info	staff-logger	scenario/viewer.go:64	get livestream
2026-09-22T09:08:34.546Z	info	staff-logger	scenario/viewer.go:83	visit livestream
2026-09-22T09:08:34.592Z	info	staff-logger	scenario/viewer.go:32	basic viewer scenario
2026-09-22T09:08:34.592Z	info	staff-logger	scenario/viewer.go:56	visit top
2026-09-22T09:08:34.592Z	info	staff-logger	scenario/viewer.go:64	get livestream
2026-09-22T09:08:34.592Z	info	staff-logger	scenario/viewer.go:83	visit livestream
2026-09-22T09:08:34.593Z	info	staff-logger	scenario/viewer.go:32	basic viewer scenario
2026-09-22T09:08:34.593Z	info	staff-logger	scenario/viewer.go:56	visit top
2026-09-22T09:08:34.593Z	info	staff-logger	scenario/viewer.go:64	get livestream
2026-09-22T09:08:34.593Z	info	staff-logger	scenario/viewer.go:83	visit livestream
2026-09-22T09:08:34.603Z	info	staff-logger	scenario/viewer.go:32	basic viewer scenario
2026-09-22T09:08:34.603Z	info	staff-logger	scenario/viewer.go:56	visit top
2026-09-22T09:08:34.603Z	info	staff-logger	scenario/viewer.go:64	get livestream
2026-09-22T09:08:34.603Z	info	staff-logger	scenario/viewer.go:83	visit livestream
2026-09-22T09:08:34.655Z	info	staff-logger	scenario/viewer.go:32	basic viewer scenario
2026-09-22T09:08:34.655Z	info	staff-logger	scenario/viewer.go:56	visit top
2026-09-22T09:08:34.655Z	info	staff-logger	scenario/viewer.go:64	get livestream
2026-09-22T09:08:34.655Z	info	staff-logger	scenario/viewer.go:83	visit livestream
2026-09-22T09:08:34.744Z	info	staff-logger	scenario/viewer.go:32	basic viewer scenario
2026-09-22T09:08:34.744Z	info	staff-logger	scenario/viewer.go:56	visit top
2026-09-22T09:08:34.744Z	info	staff-logger	scenario/viewer.go:64	get livestream
2026-09-22T09:08:34.744Z	info	staff-logger	scenario/viewer.go:83	visit livestream
2026-09-22T09:08:34.756Z	info	staff-logger	scenario/viewer.go:64	get livestream
2026-09-22T09:08:34.756Z	info	staff-logger	scenario/viewer.go:76	visit user profile
2026-09-22T09:08:34.794Z	info	staff-logger	scenario/streamer.go:48	change icon
2026-09-22T09:08:34.831Z	info	staff-logger	scenario/viewer.go:32	basic viewer scenario
2026-09-22T09:08:34.831Z	info	staff-logger	scenario/viewer.go:56	visit top
2026-09-22T09:08:34.831Z	info	staff-logger	scenario/viewer.go:64	get livestream
2026-09-22T09:08:34.831Z	info	staff-logger	scenario/viewer.go:83	visit livestream
2026-09-22T09:08:34.844Z	info	staff-logger	scenario/viewer.go:32	basic viewer scenario
2026-09-22T09:08:34.844Z	info	staff-logger	scenario/viewer.go:56	visit top
2026-09-22T09:08:34.844Z	info	staff-logger	scenario/viewer.go:64	get livestream
2026-09-22T09:08:34.844Z	info	staff-logger	scenario/viewer.go:83	visit livestream
2026-09-22T09:08:34.859Z	info	staff-logger	scenario/viewer.go:32	basic viewer scenario
2026-09-22T09:08:34.859Z	info	staff-logger	scenario/viewer.go:56	visit top
2026-09-22T09:08:34.885Z	info	staff-logger	scenario/viewer.go:32	basic viewer scenario
2026-09-22T09:08:34.885Z	info	staff-logger	scenario/viewer.go:56	visit top
2026-09-22T09:08:34.885Z	info	staff-logger	scenario/viewer.go:64	get livestream
2026-09-22T09:08:34.885Z	info	staff-logger	scenario/viewer.go:83	visit livestream
2026-09-22T09:08:34.933Z	warn	staff-logger	scenario/viewer.go:178	viewer_spam: failed to post livecomment (moderated spam): benchmark-application: [一般エラー] POST /api/livestream/7583/livecomment へのリクエストに対して、期待されたHTTPステータスコードが確認できませんでした (expected:400, actual:201)

2026-09-22T09:08:34.948Z	info	staff-logger	scenario/viewer.go:83	visit livestream
2026-09-22T09:08:34.952Z	info	staff-logger	scenario/viewer.go:32	basic viewer scenario
2026-09-22T09:08:34.952Z	info	staff-logger	scenario/viewer.go:56	visit top
2026-09-22T09:08:34.952Z	info	staff-logger	scenario/viewer.go:64	get livestream
2026-09-22T09:08:34.952Z	info	staff-logger	scenario/viewer.go:83	visit livestream
2026-09-22T09:08:34.956Z	info	staff-logger	scenario/viewer.go:32	basic viewer scenario
2026-09-22T09:08:34.956Z	info	staff-logger	scenario/viewer.go:56	visit top
2026-09-22T09:08:34.956Z	info	staff-logger	scenario/viewer.go:64	get livestream
2026-09-22T09:08:34.956Z	info	staff-logger	scenario/viewer.go:83	visit livestream
2026-09-22T09:08:34.982Z	info	staff-logger	scenario/viewer.go:90	get livestream stats
2026-09-22T09:08:35.012Z	info	staff-logger	scenario/viewer.go:32	basic viewer scenario
2026-09-22T09:08:35.013Z	info	staff-logger	scenario/viewer.go:56	visit top
2026-09-22T09:08:35.013Z	info	staff-logger	scenario/viewer.go:64	get livestream
2026-09-22T09:08:35.013Z	info	staff-logger	scenario/viewer.go:83	visit livestream
2026-09-22T09:08:35.067Z	info	staff-logger	scenario/viewer.go:32	basic viewer scenario
2026-09-22T09:08:35.067Z	info	staff-logger	scenario/viewer.go:56	visit top
2026-09-22T09:08:35.067Z	info	staff-logger	scenario/viewer.go:64	get livestream
2026-09-22T09:08:35.067Z	info	staff-logger	scenario/viewer.go:83	visit livestream
2026-09-22T09:08:35.099Z	info	staff-logger	scenario/viewer.go:64	get livestream
2026-09-22T09:08:35.099Z	info	staff-logger	scenario/viewer.go:76	visit user profile
2026-09-22T09:08:35.180Z	info	staff-logger	scenario/viewer.go:32	basic viewer scenario
2026-09-22T09:08:35.180Z	info	staff-logger	scenario/viewer.go:56	visit top
2026-09-22T09:08:35.180Z	info	staff-logger	scenario/viewer.go:64	get livestream
2026-09-22T09:08:35.180Z	info	staff-logger	scenario/viewer.go:83	visit livestream
2026-09-22T09:08:35.260Z	info	staff-logger	scenario/viewer.go:32	basic viewer scenario
2026-09-22T09:08:35.260Z	info	staff-logger	scenario/viewer.go:56	visit top
2026-09-22T09:08:35.260Z	info	staff-logger	scenario/viewer.go:64	get livestream
2026-09-22T09:08:35.260Z	info	staff-logger	scenario/viewer.go:83	visit livestream
2026-09-22T09:08:35.288Z	info	staff-logger	scenario/viewer.go:83	visit livestream
2026-09-22T09:08:35.310Z	info	staff-logger	scenario/viewer.go:32	basic viewer scenario
2026-09-22T09:08:35.310Z	info	staff-logger	scenario/viewer.go:56	visit top
2026-09-22T09:08:35.310Z	info	staff-logger	scenario/viewer.go:64	get livestream
2026-09-22T09:08:35.310Z	info	staff-logger	scenario/viewer.go:83	visit livestream
2026-09-22T09:08:35.333Z	info	staff-logger	scenario/viewer.go:90	get livestream stats
2026-09-22T09:08:35.375Z	info	staff-logger	scenario/viewer.go:32	basic viewer scenario
2026-09-22T09:08:35.375Z	info	staff-logger	scenario/viewer.go:56	visit top
2026-09-22T09:08:35.375Z	info	staff-logger	scenario/viewer.go:64	get livestream
2026-09-22T09:08:35.375Z	info	staff-logger	scenario/viewer.go:83	visit livestream
2026-09-22T09:08:35.396Z	info	staff-logger	scenario/viewer.go:32	basic viewer scenario
2026-09-22T09:08:35.396Z	info	staff-logger	scenario/viewer.go:56	visit top
2026-09-22T09:08:35.396Z	info	staff-logger	scenario/viewer.go:64	get livestream
2026-09-22T09:08:35.396Z	info	staff-logger	scenario/viewer.go:83	visit livestream
2026-09-22T09:08:35.418Z	info	staff-logger	scenario/viewer.go:32	basic viewer scenario
2026-09-22T09:08:35.418Z	info	staff-logger	scenario/viewer.go:56	visit top
2026-09-22T09:08:35.418Z	info	staff-logger	scenario/viewer.go:64	get livestream
2026-09-22T09:08:35.418Z	info	staff-logger	scenario/viewer.go:83	visit livestream
2026-09-22T09:08:35.426Z	info	staff-logger	scenario/viewer.go:32	basic viewer scenario
2026-09-22T09:08:35.426Z	info	staff-logger	scenario/viewer.go:56	visit top
2026-09-22T09:08:35.443Z	info	staff-logger	scenario/viewer.go:32	basic viewer scenario
2026-09-22T09:08:35.443Z	info	staff-logger	scenario/viewer.go:56	visit top
2026-09-22T09:08:35.443Z	info	staff-logger	scenario/viewer.go:64	get livestream
2026-09-22T09:08:35.443Z	info	staff-logger	scenario/viewer.go:83	visit livestream
2026-09-22T09:08:35.497Z	info	staff-logger	scenario/viewer.go:32	basic viewer scenario
2026-09-22T09:08:35.497Z	info	staff-logger	scenario/viewer.go:56	visit top
2026-09-22T09:08:35.497Z	info	staff-logger	scenario/viewer.go:64	get livestream
2026-09-22T09:08:35.497Z	info	staff-logger	scenario/viewer.go:83	visit livestream
2026-09-22T09:08:35.561Z	info	staff-logger	scenario/viewer.go:32	basic viewer scenario
2026-09-22T09:08:35.561Z	info	staff-logger	scenario/viewer.go:56	visit top
2026-09-22T09:08:35.617Z	info	staff-logger	scenario/viewer.go:32	basic viewer scenario
2026-09-22T09:08:35.617Z	info	staff-logger	scenario/viewer.go:56	visit top
2026-09-22T09:08:35.617Z	info	staff-logger	scenario/viewer.go:64	get livestream
2026-09-22T09:08:35.617Z	info	staff-logger	scenario/viewer.go:83	visit livestream
2026-09-22T09:08:35.619Z	info	staff-logger	scenario/streamer.go:48	change icon
2026-09-22T09:08:35.648Z	info	staff-logger	scenario/viewer.go:32	basic viewer scenario
2026-09-22T09:08:35.648Z	info	staff-logger	scenario/viewer.go:56	visit top
2026-09-22T09:08:35.648Z	info	staff-logger	scenario/viewer.go:64	get livestream
2026-09-22T09:08:35.648Z	info	staff-logger	scenario/viewer.go:83	visit livestream
2026-09-22T09:08:35.674Z	info	staff-logger	scenario/viewer.go:32	basic viewer scenario
2026-09-22T09:08:35.674Z	info	staff-logger	scenario/viewer.go:56	visit top
2026-09-22T09:08:35.674Z	info	staff-logger	scenario/viewer.go:64	get livestream
2026-09-22T09:08:35.674Z	info	staff-logger	scenario/viewer.go:83	visit livestream
2026-09-22T09:08:35.693Z	info	staff-logger	scenario/viewer.go:64	get livestream
2026-09-22T09:08:35.693Z	info	staff-logger	scenario/viewer.go:76	visit user profile
2026-09-22T09:08:35.709Z	info	staff-logger	scenario/viewer.go:90	get livestream stats
2026-09-22T09:08:35.822Z	info	staff-logger	scenario/viewer.go:32	basic viewer scenario
2026-09-22T09:08:35.822Z	info	staff-logger	scenario/viewer.go:56	visit top
2026-09-22T09:08:35.822Z	info	staff-logger	scenario/viewer.go:64	get livestream
2026-09-22T09:08:35.822Z	info	staff-logger	scenario/viewer.go:83	visit livestream
2026-09-22T09:08:35.862Z	info	staff-logger	scenario/viewer.go:32	basic viewer scenario
2026-09-22T09:08:35.862Z	info	staff-logger	scenario/viewer.go:56	visit top
2026-09-22T09:08:35.862Z	info	staff-logger	scenario/viewer.go:64	get livestream
2026-09-22T09:08:35.862Z	info	staff-logger	scenario/viewer.go:83	visit livestream
2026-09-22T09:08:35.875Z	info	staff-logger	scenario/viewer.go:64	get livestream
2026-09-22T09:08:35.875Z	info	staff-logger	scenario/viewer.go:76	visit user profile
2026-09-22T09:08:35.894Z	info	staff-logger	scenario/viewer.go:32	basic viewer scenario
2026-09-22T09:08:35.894Z	info	staff-logger	scenario/viewer.go:56	visit top
2026-09-22T09:08:35.894Z	info	staff-logger	scenario/viewer.go:64	get livestream
2026-09-22T09:08:35.894Z	info	staff-logger	scenario/viewer.go:83	visit livestream
2026-09-22T09:08:35.920Z	info	staff-logger	scenario/viewer.go:32	basic viewer scenario
2026-09-22T09:08:35.920Z	info	staff-logger	scenario/viewer.go:56	visit top
2026-09-22T09:08:35.920Z	info	staff-logger	scenario/viewer.go:64	get livestream
2026-09-22T09:08:35.920Z	info	staff-logger	scenario/viewer.go:83	visit livestream
2026-09-22T09:08:35.920Z	info	staff-logger	scenario/viewer.go:90	get livestream stats
2026-09-22T09:08:35.927Z	info	staff-logger	scenario/viewer.go:32	basic viewer scenario
2026-09-22T09:08:35.927Z	info	staff-logger	scenario/viewer.go:56	visit top
2026-09-22T09:08:35.927Z	info	staff-logger	scenario/viewer.go:64	get livestream
2026-09-22T09:08:35.927Z	info	staff-logger	scenario/viewer.go:83	visit livestream
2026-09-22T09:08:35.968Z	info	staff-logger	scenario/viewer.go:83	visit livestream
2026-09-22T09:08:36.031Z	info	staff-logger	scenario/viewer.go:32	basic viewer scenario
2026-09-22T09:08:36.031Z	info	staff-logger	scenario/viewer.go:56	visit top
2026-09-22T09:08:36.031Z	info	staff-logger	scenario/viewer.go:64	get livestream
2026-09-22T09:08:36.031Z	info	staff-logger	scenario/viewer.go:83	visit livestream
2026-09-22T09:08:36.098Z	info	staff-logger	scenario/viewer.go:32	basic viewer scenario
2026-09-22T09:08:36.098Z	info	staff-logger	scenario/viewer.go:56	visit top
2026-09-22T09:08:36.098Z	info	staff-logger	scenario/viewer.go:64	get livestream
2026-09-22T09:08:36.098Z	info	staff-logger	scenario/viewer.go:83	visit livestream
2026-09-22T09:08:36.098Z	info	staff-logger	scenario/viewer.go:32	basic viewer scenario
2026-09-22T09:08:36.099Z	info	staff-logger	scenario/viewer.go:56	visit top
2026-09-22T09:08:36.112Z	info	staff-logger	scenario/viewer.go:32	basic viewer scenario
2026-09-22T09:08:36.112Z	info	staff-logger	scenario/viewer.go:56	visit top
2026-09-22T09:08:36.113Z	info	staff-logger	scenario/viewer.go:64	get livestream
2026-09-22T09:08:36.113Z	info	staff-logger	scenario/viewer.go:83	visit livestream
2026-09-22T09:08:36.154Z	info	staff-logger	scenario/viewer.go:32	basic viewer scenario
2026-09-22T09:08:36.154Z	info	staff-logger	scenario/viewer.go:56	visit top
2026-09-22T09:08:36.154Z	info	staff-logger	scenario/viewer.go:64	get livestream
2026-09-22T09:08:36.154Z	info	staff-logger	scenario/viewer.go:83	visit livestream
2026-09-22T09:08:36.167Z	info	staff-logger	scenario/viewer.go:83	visit livestream
2026-09-22T09:08:36.189Z	info	staff-logger	scenario/viewer.go:32	basic viewer scenario
2026-09-22T09:08:36.189Z	info	staff-logger	scenario/viewer.go:56	visit top
2026-09-22T09:08:36.190Z	info	staff-logger	scenario/viewer.go:64	get livestream
2026-09-22T09:08:36.190Z	info	staff-logger	scenario/viewer.go:83	visit livestream
2026-09-22T09:08:36.239Z	info	staff-logger	scenario/viewer.go:32	basic viewer scenario
2026-09-22T09:08:36.239Z	info	staff-logger	scenario/viewer.go:56	visit top
2026-09-22T09:08:36.239Z	info	staff-logger	scenario/viewer.go:64	get livestream
2026-09-22T09:08:36.239Z	info	staff-logger	scenario/viewer.go:83	visit livestream
2026-09-22T09:08:36.250Z	info	staff-logger	scenario/viewer.go:32	basic viewer scenario
2026-09-22T09:08:36.250Z	info	staff-logger	scenario/viewer.go:56	visit top
2026-09-22T09:08:36.319Z	info	staff-logger	scenario/viewer.go:64	get livestream
2026-09-22T09:08:36.319Z	info	staff-logger	scenario/viewer.go:76	visit user profile
2026-09-22T09:08:36.365Z	info	staff-logger	scenario/viewer.go:32	basic viewer scenario
2026-09-22T09:08:36.365Z	info	staff-logger	scenario/viewer.go:56	visit top
2026-09-22T09:08:36.365Z	info	staff-logger	scenario/viewer.go:64	get livestream
2026-09-22T09:08:36.365Z	info	staff-logger	scenario/viewer.go:83	visit livestream
2026-09-22T09:08:36.479Z	info	staff-logger	scenario/viewer.go:83	visit livestream
2026-09-22T09:08:36.479Z	info	staff-logger	scenario/viewer.go:32	basic viewer scenario
2026-09-22T09:08:36.479Z	info	staff-logger	scenario/viewer.go:56	visit top
2026-09-22T09:08:36.479Z	info	staff-logger	scenario/viewer.go:64	get livestream
2026-09-22T09:08:36.479Z	info	staff-logger	scenario/viewer.go:83	visit livestream
2026-09-22T09:08:36.527Z	info	staff-logger	scenario/viewer.go:32	basic viewer scenario
2026-09-22T09:08:36.527Z	info	staff-logger	scenario/viewer.go:56	visit top
2026-09-22T09:08:36.527Z	info	staff-logger	scenario/viewer.go:64	get livestream
2026-09-22T09:08:36.527Z	info	staff-logger	scenario/viewer.go:83	visit livestream
2026-09-22T09:08:36.547Z	info	staff-logger	scenario/viewer.go:64	get livestream
2026-09-22T09:08:36.547Z	info	staff-logger	scenario/viewer.go:76	visit user profile
2026-09-22T09:08:36.562Z	info	staff-logger	scenario/viewer.go:90	get livestream stats
2026-09-22T09:08:36.609Z	info	staff-logger	scenario/viewer.go:32	basic viewer scenario
2026-09-22T09:08:36.609Z	info	staff-logger	scenario/viewer.go:56	visit top
2026-09-22T09:08:36.609Z	info	staff-logger	scenario/viewer.go:64	get livestream
2026-09-22T09:08:36.609Z	info	staff-logger	scenario/viewer.go:83	visit livestream
2026-09-22T09:08:36.649Z	info	staff-logger	scenario/viewer.go:32	basic viewer scenario
2026-09-22T09:08:36.649Z	info	staff-logger	scenario/viewer.go:56	visit top
2026-09-22T09:08:36.649Z	info	staff-logger	scenario/viewer.go:64	get livestream
2026-09-22T09:08:36.649Z	info	staff-logger	scenario/viewer.go:83	visit livestream
2026-09-22T09:08:36.653Z	info	staff-logger	scenario/streamer.go:48	change icon
2026-09-22T09:08:36.780Z	warn	staff-logger	scenario/viewer.go:178	viewer_spam: failed to post livecomment (moderated spam): benchmark-application: [一般エラー] POST /api/livestream/7572/livecomment へのリクエストに対して、期待されたHTTPステータスコードが確認できませんでした (expected:400, actual:201)

2026-09-22T09:08:36.788Z	info	staff-logger	scenario/viewer.go:83	visit livestream
2026-09-22T09:08:36.798Z	info	staff-logger	scenario/viewer.go:32	basic viewer scenario
2026-09-22T09:08:36.798Z	info	staff-logger	scenario/viewer.go:56	visit top
2026-09-22T09:08:36.798Z	info	staff-logger	scenario/viewer.go:64	get livestream
2026-09-22T09:08:36.798Z	info	staff-logger	scenario/viewer.go:83	visit livestream
2026-09-22T09:08:36.809Z	info	staff-logger	scenario/viewer.go:32	basic viewer scenario
2026-09-22T09:08:36.809Z	info	staff-logger	scenario/viewer.go:56	visit top
2026-09-22T09:08:36.809Z	info	staff-logger	scenario/viewer.go:64	get livestream
2026-09-22T09:08:36.809Z	info	staff-logger	scenario/viewer.go:83	visit livestream
2026-09-22T09:08:36.835Z	info	staff-logger	scenario/viewer.go:90	get livestream stats
2026-09-22T09:08:36.860Z	info	staff-logger	scenario/viewer.go:32	basic viewer scenario
2026-09-22T09:08:36.860Z	info	staff-logger	scenario/viewer.go:56	visit top
2026-09-22T09:08:36.860Z	info	staff-logger	scenario/viewer.go:64	get livestream
2026-09-22T09:08:36.860Z	info	staff-logger	scenario/viewer.go:83	visit livestream
2026-09-22T09:08:36.869Z	info	staff-logger	scenario/viewer.go:32	basic viewer scenario
2026-09-22T09:08:36.869Z	info	staff-logger	scenario/viewer.go:56	visit top
2026-09-22T09:08:36.869Z	info	staff-logger	scenario/viewer.go:64	get livestream
2026-09-22T09:08:36.869Z	info	staff-logger	scenario/viewer.go:83	visit livestream
2026-09-22T09:08:36.901Z	info	staff-logger	scenario/viewer.go:90	get livestream stats
2026-09-22T09:08:36.951Z	info	staff-logger	scenario/viewer.go:32	basic viewer scenario
2026-09-22T09:08:36.951Z	info	staff-logger	scenario/viewer.go:56	visit top
2026-09-22T09:08:36.951Z	info	staff-logger	scenario/viewer.go:64	get livestream
2026-09-22T09:08:36.951Z	info	staff-logger	scenario/viewer.go:83	visit livestream
2026-09-22T09:08:36.971Z	warn	staff-logger	scenario/viewer.go:178	viewer_spam: failed to post livecomment (moderated spam): benchmark-application: [一般エラー] POST /api/livestream/7525/livecomment へのリクエストに対して、期待されたHTTPステータスコードが確認できませんでした (expected:400, actual:201)

2026-09-22T09:08:36.989Z	info	staff-logger	scenario/viewer.go:32	basic viewer scenario
2026-09-22T09:08:36.989Z	info	staff-logger	scenario/viewer.go:56	visit top
2026-09-22T09:08:36.990Z	info	staff-logger	scenario/viewer.go:64	get livestream
2026-09-22T09:08:36.990Z	info	staff-logger	scenario/viewer.go:83	visit livestream
2026-09-22T09:08:37.007Z	warn	staff-logger	scenario/viewer.go:178	viewer_spam: failed to post livecomment (moderated spam): benchmark-application: [一般エラー] POST /api/livestream/7550/livecomment へのリクエストに対して、期待されたHTTPステータスコードが確認できませんでした (expected:400, actual:201)

2026-09-22T09:08:37.031Z	info	staff-logger	scenario/viewer.go:32	basic viewer scenario
2026-09-22T09:08:37.031Z	info	staff-logger	scenario/viewer.go:56	visit top
2026-09-22T09:08:37.031Z	info	staff-logger	scenario/viewer.go:64	get livestream
2026-09-22T09:08:37.031Z	info	staff-logger	scenario/viewer.go:83	visit livestream
2026-09-22T09:08:37.061Z	info	staff-logger	scenario/viewer.go:32	basic viewer scenario
2026-09-22T09:08:37.061Z	info	staff-logger	scenario/viewer.go:56	visit top
2026-09-22T09:08:37.061Z	info	staff-logger	scenario/viewer.go:64	get livestream
2026-09-22T09:08:37.062Z	info	staff-logger	scenario/viewer.go:83	visit livestream
2026-09-22T09:08:37.064Z	info	staff-logger	scenario/viewer.go:32	basic viewer scenario
2026-09-22T09:08:37.064Z	info	staff-logger	scenario/viewer.go:56	visit top
2026-09-22T09:08:37.064Z	info	staff-logger	scenario/viewer.go:64	get livestream
2026-09-22T09:08:37.064Z	info	staff-logger	scenario/viewer.go:83	visit livestream
2026-09-22T09:08:37.091Z	info	staff-logger	scenario/viewer.go:90	get livestream stats
2026-09-22T09:08:37.159Z	info	staff-logger	scenario/viewer.go:32	basic viewer scenario
2026-09-22T09:08:37.160Z	info	staff-logger	scenario/viewer.go:56	visit top
2026-09-22T09:08:37.160Z	info	staff-logger	scenario/viewer.go:64	get livestream
2026-09-22T09:08:37.160Z	info	staff-logger	scenario/viewer.go:83	visit livestream
2026-09-22T09:08:37.174Z	info	staff-logger	scenario/viewer.go:32	basic viewer scenario
2026-09-22T09:08:37.174Z	info	staff-logger	scenario/viewer.go:56	visit top
2026-09-22T09:08:37.183Z	info	staff-logger	scenario/viewer.go:90	get livestream stats
2026-09-22T09:08:37.240Z	info	staff-logger	scenario/viewer.go:32	basic viewer scenario
2026-09-22T09:08:37.240Z	info	staff-logger	scenario/viewer.go:56	visit top
2026-09-22T09:08:37.256Z	info	staff-logger	scenario/viewer.go:32	basic viewer scenario
2026-09-22T09:08:37.256Z	info	staff-logger	scenario/viewer.go:56	visit top
2026-09-22T09:08:37.257Z	info	staff-logger	scenario/viewer.go:64	get livestream
2026-09-22T09:08:37.257Z	info	staff-logger	scenario/viewer.go:83	visit livestream
2026-09-22T09:08:37.326Z	info	staff-logger	scenario/viewer.go:32	basic viewer scenario
2026-09-22T09:08:37.327Z	info	staff-logger	scenario/viewer.go:56	visit top
2026-09-22T09:08:37.327Z	info	staff-logger	scenario/viewer.go:64	get livestream
2026-09-22T09:08:37.327Z	info	staff-logger	scenario/viewer.go:83	visit livestream
2026-09-22T09:08:37.335Z	info	staff-logger	scenario/viewer.go:32	basic viewer scenario
2026-09-22T09:08:37.335Z	info	staff-logger	scenario/viewer.go:56	visit top
2026-09-22T09:08:37.335Z	info	staff-logger	scenario/viewer.go:64	get livestream
2026-09-22T09:08:37.335Z	info	staff-logger	scenario/viewer.go:83	visit livestream
2026-09-22T09:08:37.382Z	info	staff-logger	scenario/viewer.go:32	basic viewer scenario
2026-09-22T09:08:37.382Z	info	staff-logger	scenario/viewer.go:56	visit top
2026-09-22T09:08:37.397Z	info	staff-logger	scenario/viewer.go:32	basic viewer scenario
2026-09-22T09:08:37.397Z	info	staff-logger	scenario/viewer.go:56	visit top
2026-09-22T09:08:37.397Z	info	staff-logger	scenario/viewer.go:64	get livestream
2026-09-22T09:08:37.397Z	info	staff-logger	scenario/viewer.go:83	visit livestream
2026-09-22T09:08:37.414Z	info	staff-logger	scenario/viewer.go:32	basic viewer scenario
2026-09-22T09:08:37.414Z	info	staff-logger	scenario/viewer.go:56	visit top
2026-09-22T09:08:37.414Z	info	staff-logger	scenario/viewer.go:64	get livestream
2026-09-22T09:08:37.414Z	info	staff-logger	scenario/viewer.go:83	visit livestream
2026-09-22T09:08:37.479Z	info	staff-logger	scenario/viewer.go:64	get livestream
2026-09-22T09:08:37.479Z	info	staff-logger	scenario/viewer.go:76	visit user profile
2026-09-22T09:08:37.524Z	info	staff-logger	scenario/viewer.go:64	get livestream
2026-09-22T09:08:37.524Z	info	staff-logger	scenario/viewer.go:76	visit user profile
2026-09-22T09:08:37.545Z	info	staff-logger	scenario/viewer.go:32	basic viewer scenario
2026-09-22T09:08:37.545Z	info	staff-logger	scenario/viewer.go:56	visit top
2026-09-22T09:08:37.545Z	info	staff-logger	scenario/viewer.go:64	get livestream
2026-09-22T09:08:37.545Z	info	staff-logger	scenario/viewer.go:83	visit livestream
2026-09-22T09:08:37.651Z	info	staff-logger	scenario/viewer.go:83	visit livestream
2026-09-22T09:08:37.671Z	info	staff-logger	scenario/viewer.go:83	visit livestream
2026-09-22T09:08:37.679Z	info	staff-logger	scenario/viewer.go:32	basic viewer scenario
2026-09-22T09:08:37.679Z	info	staff-logger	scenario/viewer.go:56	visit top
2026-09-22T09:08:37.679Z	info	staff-logger	scenario/viewer.go:64	get livestream
2026-09-22T09:08:37.679Z	info	staff-logger	scenario/viewer.go:83	visit livestream
2026-09-22T09:08:37.694Z	info	staff-logger	scenario/viewer.go:64	get livestream
2026-09-22T09:08:37.694Z	info	staff-logger	scenario/viewer.go:76	visit user profile
2026-09-22T09:08:37.696Z	info	staff-logger	scenario/viewer.go:32	basic viewer scenario
2026-09-22T09:08:37.696Z	info	staff-logger	scenario/viewer.go:56	visit top
2026-09-22T09:08:37.696Z	info	staff-logger	scenario/viewer.go:64	get livestream
2026-09-22T09:08:37.696Z	info	staff-logger	scenario/viewer.go:83	visit livestream
2026-09-22T09:08:37.710Z	info	staff-logger	scenario/viewer.go:32	basic viewer scenario
2026-09-22T09:08:37.710Z	info	staff-logger	scenario/viewer.go:56	visit top
2026-09-22T09:08:37.710Z	info	staff-logger	scenario/viewer.go:64	get livestream
2026-09-22T09:08:37.710Z	info	staff-logger	scenario/viewer.go:83	visit livestream
2026-09-22T09:08:37.710Z	info	staff-logger	scenario/viewer.go:32	basic viewer scenario
2026-09-22T09:08:37.710Z	info	staff-logger	scenario/viewer.go:56	visit top
2026-09-22T09:08:37.710Z	info	staff-logger	scenario/viewer.go:64	get livestream
2026-09-22T09:08:37.710Z	info	staff-logger	scenario/viewer.go:83	visit livestream
2026-09-22T09:08:37.727Z	info	staff-logger	scenario/viewer.go:32	basic viewer scenario
2026-09-22T09:08:37.727Z	info	staff-logger	scenario/viewer.go:56	visit top
2026-09-22T09:08:37.727Z	info	staff-logger	scenario/viewer.go:64	get livestream
2026-09-22T09:08:37.727Z	info	staff-logger	scenario/viewer.go:83	visit livestream
2026-09-22T09:08:37.795Z	info	staff-logger	scenario/viewer.go:83	visit livestream
2026-09-22T09:08:37.831Z	info	staff-logger	scenario/viewer.go:32	basic viewer scenario
2026-09-22T09:08:37.831Z	info	staff-logger	scenario/viewer.go:56	visit top
2026-09-22T09:08:37.831Z	info	staff-logger	scenario/viewer.go:64	get livestream
2026-09-22T09:08:37.831Z	info	staff-logger	scenario/viewer.go:83	visit livestream
2026-09-22T09:08:37.867Z	info	staff-logger	scenario/viewer.go:32	basic viewer scenario
2026-09-22T09:08:37.867Z	info	staff-logger	scenario/viewer.go:56	visit top
2026-09-22T09:08:37.867Z	info	staff-logger	scenario/viewer.go:64	get livestream
2026-09-22T09:08:37.867Z	info	staff-logger	scenario/viewer.go:83	visit livestream
2026-09-22T09:08:37.939Z	info	staff-logger	scenario/viewer.go:32	basic viewer scenario
2026-09-22T09:08:37.939Z	info	staff-logger	scenario/viewer.go:56	visit top
2026-09-22T09:08:37.939Z	info	staff-logger	scenario/viewer.go:64	get livestream
2026-09-22T09:08:37.939Z	info	staff-logger	scenario/viewer.go:83	visit livestream
2026-09-22T09:08:38.005Z	info	staff-logger	scenario/viewer.go:32	basic viewer scenario
2026-09-22T09:08:38.005Z	info	staff-logger	scenario/viewer.go:56	visit top
2026-09-22T09:08:38.005Z	info	staff-logger	scenario/viewer.go:32	basic viewer scenario
2026-09-22T09:08:38.005Z	info	staff-logger	scenario/viewer.go:64	get livestream
2026-09-22T09:08:38.005Z	info	staff-logger	scenario/viewer.go:56	visit top
2026-09-22T09:08:38.005Z	info	staff-logger	scenario/viewer.go:64	get livestream
2026-09-22T09:08:38.005Z	info	staff-logger	scenario/viewer.go:83	visit livestream
2026-09-22T09:08:38.005Z	info	staff-logger	scenario/viewer.go:83	visit livestream
2026-09-22T09:08:38.020Z	info	staff-logger	scenario/viewer.go:32	basic viewer scenario
2026-09-22T09:08:38.020Z	info	staff-logger	scenario/viewer.go:56	visit top
2026-09-22T09:08:38.020Z	info	staff-logger	scenario/viewer.go:64	get livestream
2026-09-22T09:08:38.020Z	info	staff-logger	scenario/viewer.go:83	visit livestream
2026-09-22T09:08:38.036Z	info	staff-logger	scenario/viewer.go:32	basic viewer scenario
2026-09-22T09:08:38.036Z	info	staff-logger	scenario/viewer.go:56	visit top
2026-09-22T09:08:38.036Z	info	staff-logger	scenario/viewer.go:64	get livestream
2026-09-22T09:08:38.036Z	info	staff-logger	scenario/viewer.go:83	visit livestream
2026-09-22T09:08:38.107Z	info	staff-logger	scenario/viewer.go:32	basic viewer scenario
2026-09-22T09:08:38.107Z	info	staff-logger	scenario/viewer.go:56	visit top
2026-09-22T09:08:38.107Z	info	staff-logger	scenario/viewer.go:64	get livestream
2026-09-22T09:08:38.107Z	info	staff-logger	scenario/viewer.go:83	visit livestream
2026-09-22T09:08:38.136Z	info	staff-logger	scenario/viewer.go:32	basic viewer scenario
2026-09-22T09:08:38.136Z	info	staff-logger	scenario/viewer.go:56	visit top
2026-09-22T09:08:38.136Z	info	staff-logger	scenario/viewer.go:64	get livestream
2026-09-22T09:08:38.136Z	info	staff-logger	scenario/viewer.go:83	visit livestream
2026-09-22T09:08:38.156Z	info	staff-logger	scenario/viewer.go:32	basic viewer scenario
2026-09-22T09:08:38.156Z	info	staff-logger	scenario/viewer.go:56	visit top
2026-09-22T09:08:38.156Z	info	staff-logger	scenario/viewer.go:64	get livestream
2026-09-22T09:08:38.156Z	info	staff-logger	scenario/viewer.go:83	visit livestream
2026-09-22T09:08:38.177Z	info	staff-logger	scenario/viewer.go:32	basic viewer scenario
2026-09-22T09:08:38.177Z	info	staff-logger	scenario/viewer.go:56	visit top
2026-09-22T09:08:38.177Z	info	staff-logger	scenario/viewer.go:64	get livestream
2026-09-22T09:08:38.177Z	info	staff-logger	scenario/viewer.go:83	visit livestream
2026-09-22T09:08:38.213Z	warn	staff-logger	scenario/viewer.go:178	viewer_spam: failed to post livecomment (moderated spam): benchmark-application: [一般エラー] POST /api/livestream/7608/livecomment へのリクエストに対して、期待されたHTTPステータスコードが確認できませんでした (expected:400, actual:201)

2026-09-22T09:08:38.248Z	info	staff-logger	scenario/viewer.go:32	basic viewer scenario
2026-09-22T09:08:38.248Z	info	staff-logger	scenario/viewer.go:56	visit top
2026-09-22T09:08:38.248Z	info	staff-logger	scenario/viewer.go:64	get livestream
2026-09-22T09:08:38.248Z	info	staff-logger	scenario/viewer.go:83	visit livestream
2026-09-22T09:08:38.259Z	info	staff-logger	scenario/viewer.go:32	basic viewer scenario
2026-09-22T09:08:38.259Z	info	staff-logger	scenario/viewer.go:56	visit top
2026-09-22T09:08:38.259Z	info	staff-logger	scenario/viewer.go:64	get livestream
2026-09-22T09:08:38.259Z	info	staff-logger	scenario/viewer.go:83	visit livestream
2026-09-22T09:08:38.281Z	info	staff-logger	scenario/viewer.go:32	basic viewer scenario
2026-09-22T09:08:38.282Z	info	staff-logger	scenario/viewer.go:56	visit top
2026-09-22T09:08:38.282Z	info	staff-logger	scenario/viewer.go:64	get livestream
2026-09-22T09:08:38.282Z	info	staff-logger	scenario/viewer.go:83	visit livestream
2026-09-22T09:08:38.464Z	info	staff-logger	scenario/viewer.go:32	basic viewer scenario
2026-09-22T09:08:38.464Z	info	staff-logger	scenario/viewer.go:56	visit top
2026-09-22T09:08:38.464Z	info	staff-logger	scenario/viewer.go:64	get livestream
2026-09-22T09:08:38.464Z	info	staff-logger	scenario/viewer.go:83	visit livestream
2026-09-22T09:08:38.470Z	info	staff-logger	scenario/viewer.go:32	basic viewer scenario
2026-09-22T09:08:38.471Z	info	staff-logger	scenario/viewer.go:56	visit top
2026-09-22T09:08:38.471Z	info	staff-logger	scenario/viewer.go:64	get livestream
2026-09-22T09:08:38.471Z	info	staff-logger	scenario/viewer.go:83	visit livestream
2026-09-22T09:08:38.481Z	info	staff-logger	scenario/viewer.go:32	basic viewer scenario
2026-09-22T09:08:38.481Z	info	staff-logger	scenario/viewer.go:56	visit top
2026-09-22T09:08:38.481Z	info	staff-logger	scenario/viewer.go:64	get livestream
2026-09-22T09:08:38.481Z	info	staff-logger	scenario/viewer.go:83	visit livestream
2026-09-22T09:08:38.525Z	info	staff-logger	scenario/viewer.go:32	basic viewer scenario
2026-09-22T09:08:38.525Z	info	staff-logger	scenario/viewer.go:56	visit top
2026-09-22T09:08:38.525Z	info	staff-logger	scenario/viewer.go:64	get livestream
2026-09-22T09:08:38.525Z	info	staff-logger	scenario/viewer.go:83	visit livestream
2026-09-22T09:08:38.533Z	info	staff-logger	scenario/viewer.go:32	basic viewer scenario
2026-09-22T09:08:38.533Z	info	staff-logger	scenario/viewer.go:56	visit top
2026-09-22T09:08:38.533Z	info	staff-logger	scenario/viewer.go:64	get livestream
2026-09-22T09:08:38.533Z	info	staff-logger	scenario/viewer.go:83	visit livestream
2026-09-22T09:08:38.551Z	info	staff-logger	scenario/viewer.go:32	basic viewer scenario
2026-09-22T09:08:38.551Z	info	staff-logger	scenario/viewer.go:56	visit top
2026-09-22T09:08:38.551Z	info	staff-logger	scenario/viewer.go:32	basic viewer scenario
2026-09-22T09:08:38.552Z	info	staff-logger	scenario/viewer.go:56	visit top
2026-09-22T09:08:38.552Z	info	staff-logger	scenario/viewer.go:64	get livestream
2026-09-22T09:08:38.552Z	info	staff-logger	scenario/viewer.go:83	visit livestream
2026-09-22T09:08:38.569Z	info	staff-logger	scenario/viewer.go:32	basic viewer scenario
2026-09-22T09:08:38.569Z	info	staff-logger	scenario/viewer.go:56	visit top
2026-09-22T09:08:38.569Z	info	staff-logger	scenario/viewer.go:64	get livestream
2026-09-22T09:08:38.569Z	info	staff-logger	scenario/viewer.go:83	visit livestream
2026-09-22T09:08:38.660Z	info	staff-logger	scenario/viewer.go:32	basic viewer scenario
2026-09-22T09:08:38.660Z	info	staff-logger	scenario/viewer.go:56	visit top
2026-09-22T09:08:38.660Z	info	staff-logger	scenario/viewer.go:64	get livestream
2026-09-22T09:08:38.660Z	info	staff-logger	scenario/viewer.go:83	visit livestream
2026-09-22T09:08:38.668Z	info	staff-logger	scenario/viewer.go:32	basic viewer scenario
2026-09-22T09:08:38.668Z	info	staff-logger	scenario/viewer.go:56	visit top
2026-09-22T09:08:38.668Z	info	staff-logger	scenario/viewer.go:64	get livestream
2026-09-22T09:08:38.668Z	info	staff-logger	scenario/viewer.go:83	visit livestream
2026-09-22T09:08:38.718Z	info	staff-logger	scenario/viewer.go:32	basic viewer scenario
2026-09-22T09:08:38.718Z	info	staff-logger	scenario/viewer.go:56	visit top
2026-09-22T09:08:38.718Z	info	staff-logger	scenario/viewer.go:64	get livestream
2026-09-22T09:08:38.718Z	info	staff-logger	scenario/viewer.go:83	visit livestream
2026-09-22T09:08:38.751Z	info	staff-logger	scenario/streamer.go:48	change icon
2026-09-22T09:08:38.751Z	info	staff-logger	scenario/viewer.go:32	basic viewer scenario
2026-09-22T09:08:38.751Z	info	staff-logger	scenario/viewer.go:56	visit top
2026-09-22T09:08:38.751Z	info	staff-logger	scenario/viewer.go:64	get livestream
2026-09-22T09:08:38.751Z	info	staff-logger	scenario/viewer.go:83	visit livestream
2026-09-22T09:08:38.785Z	info	staff-logger	scenario/viewer.go:32	basic viewer scenario
2026-09-22T09:08:38.785Z	info	staff-logger	scenario/viewer.go:56	visit top
2026-09-22T09:08:38.785Z	info	staff-logger	scenario/viewer.go:64	get livestream
2026-09-22T09:08:38.785Z	info	staff-logger	scenario/viewer.go:83	visit livestream
2026-09-22T09:08:38.793Z	info	staff-logger	scenario/viewer.go:64	get livestream
2026-09-22T09:08:38.793Z	info	staff-logger	scenario/viewer.go:76	visit user profile
2026-09-22T09:08:38.830Z	info	staff-logger	scenario/viewer.go:90	get livestream stats
2026-09-22T09:08:38.861Z	info	staff-logger	scenario/viewer.go:32	basic viewer scenario
2026-09-22T09:08:38.861Z	info	staff-logger	scenario/viewer.go:56	visit top
2026-09-22T09:08:38.861Z	info	staff-logger	scenario/viewer.go:64	get livestream
2026-09-22T09:08:38.861Z	info	staff-logger	scenario/viewer.go:83	visit livestream
2026-09-22T09:08:38.862Z	info	staff-logger	scenario/viewer.go:32	basic viewer scenario
2026-09-22T09:08:38.862Z	info	staff-logger	scenario/viewer.go:56	visit top
2026-09-22T09:08:38.862Z	info	staff-logger	scenario/viewer.go:64	get livestream
2026-09-22T09:08:38.862Z	info	staff-logger	scenario/viewer.go:83	visit livestream
2026-09-22T09:08:38.901Z	warn	staff-logger	scenario/viewer.go:178	viewer_spam: failed to post livecomment (moderated spam): benchmark-application: [一般エラー] POST /api/livestream/7556/livecomment へのリクエストに対して、期待されたHTTPステータスコードが確認できませんでした (expected:400, actual:201)

2026-09-22T09:08:38.911Z	info	staff-logger	scenario/viewer.go:32	basic viewer scenario
2026-09-22T09:08:38.911Z	info	staff-logger	scenario/viewer.go:56	visit top
2026-09-22T09:08:38.911Z	info	staff-logger	scenario/viewer.go:64	get livestream
2026-09-22T09:08:38.911Z	info	staff-logger	scenario/viewer.go:83	visit livestream
2026-09-22T09:08:38.939Z	info	staff-logger	scenario/viewer.go:32	basic viewer scenario
2026-09-22T09:08:38.939Z	info	staff-logger	scenario/viewer.go:56	visit top
2026-09-22T09:08:38.939Z	info	staff-logger	scenario/viewer.go:64	get livestream
2026-09-22T09:08:38.939Z	info	staff-logger	scenario/viewer.go:83	visit livestream
2026-09-22T09:08:38.949Z	info	staff-logger	scenario/viewer.go:32	basic viewer scenario
2026-09-22T09:08:38.949Z	info	staff-logger	scenario/viewer.go:56	visit top
2026-09-22T09:08:38.949Z	info	staff-logger	scenario/viewer.go:64	get livestream
2026-09-22T09:08:38.949Z	info	staff-logger	scenario/viewer.go:83	visit livestream
2026-09-22T09:08:38.963Z	info	staff-logger	scenario/viewer.go:32	basic viewer scenario
2026-09-22T09:08:38.963Z	info	staff-logger	scenario/viewer.go:56	visit top
2026-09-22T09:08:38.963Z	info	staff-logger	scenario/viewer.go:64	get livestream
2026-09-22T09:08:38.963Z	info	staff-logger	scenario/viewer.go:83	visit livestream
2026-09-22T09:08:38.998Z	info	staff-logger	scenario/viewer.go:90	get livestream stats
2026-09-22T09:08:38.999Z	info	staff-logger	scenario/viewer.go:83	visit livestream
2026-09-22T09:08:39.026Z	info	staff-logger	scenario/viewer.go:32	basic viewer scenario
2026-09-22T09:08:39.026Z	info	staff-logger	scenario/viewer.go:56	visit top
2026-09-22T09:08:39.026Z	info	staff-logger	scenario/viewer.go:64	get livestream
2026-09-22T09:08:39.026Z	info	staff-logger	scenario/viewer.go:83	visit livestream
2026-09-22T09:08:39.038Z	info	staff-logger	scenario/viewer.go:90	get livestream stats
2026-09-22T09:08:39.127Z	info	staff-logger	scenario/viewer.go:32	basic viewer scenario
2026-09-22T09:08:39.127Z	info	staff-logger	scenario/viewer.go:56	visit top
2026-09-22T09:08:39.127Z	info	staff-logger	scenario/viewer.go:64	get livestream
2026-09-22T09:08:39.127Z	info	staff-logger	scenario/viewer.go:83	visit livestream
2026-09-22T09:08:39.177Z	info	staff-logger	scenario/viewer.go:32	basic viewer scenario
2026-09-22T09:08:39.177Z	info	staff-logger	scenario/viewer.go:56	visit top
2026-09-22T09:08:39.177Z	info	staff-logger	scenario/viewer.go:64	get livestream
2026-09-22T09:08:39.177Z	info	staff-logger	scenario/viewer.go:83	visit livestream
2026-09-22T09:08:39.192Z	info	staff-logger	scenario/viewer.go:32	basic viewer scenario
2026-09-22T09:08:39.192Z	info	staff-logger	scenario/viewer.go:56	visit top
2026-09-22T09:08:39.192Z	info	staff-logger	scenario/viewer.go:64	get livestream
2026-09-22T09:08:39.192Z	info	staff-logger	scenario/viewer.go:83	visit livestream
2026-09-22T09:08:39.273Z	info	staff-logger	scenario/viewer.go:32	basic viewer scenario
2026-09-22T09:08:39.273Z	info	staff-logger	scenario/viewer.go:32	basic viewer scenario
2026-09-22T09:08:39.273Z	info	staff-logger	scenario/viewer.go:56	visit top
2026-09-22T09:08:39.273Z	info	staff-logger	scenario/viewer.go:64	get livestream
2026-09-22T09:08:39.273Z	info	staff-logger	scenario/viewer.go:83	visit livestream
2026-09-22T09:08:39.273Z	info	staff-logger	scenario/viewer.go:56	visit top
2026-09-22T09:08:39.273Z	info	staff-logger	scenario/viewer.go:64	get livestream
2026-09-22T09:08:39.273Z	info	staff-logger	scenario/viewer.go:83	visit livestream
2026-09-22T09:08:39.300Z	info	staff-logger	scenario/streamer.go:48	change icon
2026-09-22T09:08:39.341Z	info	staff-logger	scenario/viewer.go:32	basic viewer scenario
2026-09-22T09:08:39.341Z	info	staff-logger	scenario/viewer.go:56	visit top
2026-09-22T09:08:39.341Z	info	staff-logger	scenario/viewer.go:32	basic viewer scenario
2026-09-22T09:08:39.341Z	info	staff-logger	scenario/viewer.go:56	visit top
2026-09-22T09:08:39.341Z	info	staff-logger	scenario/viewer.go:64	get livestream
2026-09-22T09:08:39.341Z	info	staff-logger	scenario/viewer.go:83	visit livestream
2026-09-22T09:08:39.358Z	info	staff-logger	scenario/viewer.go:32	basic viewer scenario
2026-09-22T09:08:39.358Z	info	staff-logger	scenario/viewer.go:56	visit top
2026-09-22T09:08:39.358Z	info	staff-logger	scenario/viewer.go:64	get livestream
2026-09-22T09:08:39.358Z	info	staff-logger	scenario/viewer.go:83	visit livestream
2026-09-22T09:08:39.362Z	warn	staff-logger	scenario/viewer.go:178	viewer_spam: failed to post livecomment (moderated spam): benchmark-application: [一般エラー] POST /api/livestream/7548/livecomment へのリクエストに対して、期待されたHTTPステータスコードが確認できませんでした (expected:400, actual:201)

2026-09-22T09:08:39.363Z	info	staff-logger	scenario/viewer.go:90	get livestream stats
2026-09-22T09:08:39.421Z	warn	staff-logger	scenario/viewer.go:178	viewer_spam: failed to post livecomment (moderated spam): benchmark-application: [一般エラー] POST /api/livestream/7660/livecomment へのリクエストに対して、期待されたHTTPステータスコードが確認できませんでした (expected:400, actual:201)

2026-09-22T09:08:39.432Z	info	staff-logger	scenario/viewer.go:32	basic viewer scenario
2026-09-22T09:08:39.432Z	info	staff-logger	scenario/viewer.go:56	visit top
2026-09-22T09:08:39.432Z	info	staff-logger	scenario/viewer.go:64	get livestream
2026-09-22T09:08:39.432Z	info	staff-logger	scenario/viewer.go:83	visit livestream
2026-09-22T09:08:39.440Z	info	staff-logger	scenario/viewer.go:32	basic viewer scenario
2026-09-22T09:08:39.440Z	info	staff-logger	scenario/viewer.go:56	visit top
2026-09-22T09:08:39.440Z	info	staff-logger	scenario/viewer.go:64	get livestream
2026-09-22T09:08:39.440Z	info	staff-logger	scenario/viewer.go:83	visit livestream
2026-09-22T09:08:39.463Z	info	staff-logger	scenario/viewer.go:32	basic viewer scenario
2026-09-22T09:08:39.463Z	info	staff-logger	scenario/viewer.go:56	visit top
2026-09-22T09:08:39.463Z	info	staff-logger	scenario/viewer.go:64	get livestream
2026-09-22T09:08:39.463Z	info	staff-logger	scenario/viewer.go:83	visit livestream
2026-09-22T09:08:39.472Z	warn	staff-logger	scenario/viewer.go:178	viewer_spam: failed to post livecomment (moderated spam): benchmark-application: [一般エラー] POST /api/livestream/7629/livecomment へのリクエストに対して、期待されたHTTPステータスコードが確認できませんでした (expected:400, actual:201)

2026-09-22T09:08:39.517Z	info	staff-logger	scenario/viewer.go:32	basic viewer scenario
2026-09-22T09:08:39.517Z	info	staff-logger	scenario/viewer.go:56	visit top
2026-09-22T09:08:39.517Z	info	staff-logger	scenario/viewer.go:64	get livestream
2026-09-22T09:08:39.517Z	info	staff-logger	scenario/viewer.go:83	visit livestream
2026-09-22T09:08:39.517Z	info	staff-logger	scenario/viewer.go:32	basic viewer scenario
2026-09-22T09:08:39.517Z	info	staff-logger	scenario/viewer.go:56	visit top
2026-09-22T09:08:39.517Z	info	staff-logger	scenario/viewer.go:64	get livestream
2026-09-22T09:08:39.517Z	info	staff-logger	scenario/viewer.go:83	visit livestream
2026-09-22T09:08:39.574Z	info	staff-logger	scenario/viewer.go:32	basic viewer scenario
2026-09-22T09:08:39.574Z	info	staff-logger	scenario/viewer.go:56	visit top
2026-09-22T09:08:39.574Z	info	staff-logger	scenario/viewer.go:64	get livestream
2026-09-22T09:08:39.574Z	info	staff-logger	scenario/viewer.go:83	visit livestream
2026-09-22T09:08:39.603Z	info	staff-logger	scenario/viewer.go:32	basic viewer scenario
2026-09-22T09:08:39.603Z	info	staff-logger	scenario/viewer.go:56	visit top
2026-09-22T09:08:39.603Z	info	staff-logger	scenario/viewer.go:64	get livestream
2026-09-22T09:08:39.603Z	info	staff-logger	scenario/viewer.go:83	visit livestream
2026-09-22T09:08:39.617Z	info	staff-logger	scenario/viewer.go:64	get livestream
2026-09-22T09:08:39.617Z	info	staff-logger	scenario/viewer.go:76	visit user profile
2026-09-22T09:08:39.643Z	info	staff-logger	scenario/viewer.go:32	basic viewer scenario
2026-09-22T09:08:39.643Z	info	staff-logger	scenario/viewer.go:56	visit top
2026-09-22T09:08:39.643Z	info	staff-logger	scenario/viewer.go:64	get livestream
2026-09-22T09:08:39.643Z	info	staff-logger	scenario/viewer.go:83	visit livestream
2026-09-22T09:08:39.661Z	info	staff-logger	scenario/viewer.go:32	basic viewer scenario
2026-09-22T09:08:39.661Z	info	staff-logger	scenario/viewer.go:56	visit top
2026-09-22T09:08:39.661Z	info	staff-logger	scenario/viewer.go:64	get livestream
2026-09-22T09:08:39.661Z	info	staff-logger	scenario/viewer.go:83	visit livestream
2026-09-22T09:08:39.731Z	info	staff-logger	scenario/viewer.go:32	basic viewer scenario
2026-09-22T09:08:39.731Z	info	staff-logger	scenario/viewer.go:56	visit top
2026-09-22T09:08:39.731Z	info	staff-logger	scenario/viewer.go:64	get livestream
2026-09-22T09:08:39.731Z	info	staff-logger	scenario/viewer.go:83	visit livestream
2026-09-22T09:08:39.776Z	info	staff-logger	scenario/viewer.go:32	basic viewer scenario
2026-09-22T09:08:39.776Z	info	staff-logger	scenario/viewer.go:56	visit top
2026-09-22T09:08:39.776Z	info	staff-logger	scenario/viewer.go:64	get livestream
2026-09-22T09:08:39.776Z	info	staff-logger	scenario/viewer.go:83	visit livestream
2026-09-22T09:08:39.805Z	info	staff-logger	scenario/viewer.go:32	basic viewer scenario
2026-09-22T09:08:39.805Z	info	staff-logger	scenario/viewer.go:56	visit top
2026-09-22T09:08:39.805Z	info	staff-logger	scenario/viewer.go:64	get livestream
2026-09-22T09:08:39.805Z	info	staff-logger	scenario/viewer.go:83	visit livestream
2026-09-22T09:08:39.827Z	info	staff-logger	scenario/viewer.go:83	visit livestream
2026-09-22T09:08:39.857Z	info	staff-logger	scenario/viewer.go:32	basic viewer scenario
2026-09-22T09:08:39.857Z	info	staff-logger	scenario/viewer.go:56	visit top
2026-09-22T09:08:39.857Z	info	staff-logger	scenario/viewer.go:64	get livestream
2026-09-22T09:08:39.857Z	info	staff-logger	scenario/viewer.go:83	visit livestream
2026-09-22T09:08:39.889Z	info	staff-logger	scenario/viewer.go:90	get livestream stats
2026-09-22T09:08:39.892Z	info	staff-logger	scenario/viewer.go:32	basic viewer scenario
2026-09-22T09:08:39.893Z	info	staff-logger	scenario/viewer.go:56	visit top
2026-09-22T09:08:39.893Z	info	staff-logger	scenario/viewer.go:64	get livestream
2026-09-22T09:08:39.893Z	info	staff-logger	scenario/viewer.go:83	visit livestream
2026-09-22T09:08:39.893Z	info	staff-logger	scenario/viewer.go:32	basic viewer scenario
2026-09-22T09:08:39.893Z	info	staff-logger	scenario/viewer.go:56	visit top
2026-09-22T09:08:39.893Z	info	staff-logger	scenario/viewer.go:64	get livestream
2026-09-22T09:08:39.893Z	info	staff-logger	scenario/viewer.go:83	visit livestream
2026-09-22T09:08:39.914Z	info	staff-logger	scenario/viewer.go:32	basic viewer scenario
2026-09-22T09:08:39.914Z	info	staff-logger	scenario/viewer.go:56	visit top
2026-09-22T09:08:39.914Z	info	staff-logger	scenario/viewer.go:64	get livestream
2026-09-22T09:08:39.914Z	info	staff-logger	scenario/viewer.go:83	visit livestream
2026-09-22T09:08:39.932Z	info	staff-logger	scenario/viewer.go:32	basic viewer scenario
2026-09-22T09:08:39.932Z	info	staff-logger	scenario/viewer.go:56	visit top
2026-09-22T09:08:39.932Z	info	staff-logger	scenario/viewer.go:64	get livestream
2026-09-22T09:08:39.932Z	info	staff-logger	scenario/viewer.go:83	visit livestream
2026-09-22T09:08:39.956Z	info	staff-logger	scenario/viewer.go:90	get livestream stats
2026-09-22T09:08:40.040Z	info	staff-logger	scenario/viewer.go:32	basic viewer scenario
2026-09-22T09:08:40.040Z	info	staff-logger	scenario/viewer.go:56	visit top
2026-09-22T09:08:40.040Z	info	staff-logger	scenario/viewer.go:64	get livestream
2026-09-22T09:08:40.040Z	info	staff-logger	scenario/viewer.go:83	visit livestream
2026-09-22T09:08:40.078Z	info	staff-logger	scenario/viewer.go:32	basic viewer scenario
2026-09-22T09:08:40.078Z	info	staff-logger	scenario/viewer.go:56	visit top
2026-09-22T09:08:40.078Z	info	staff-logger	scenario/viewer.go:64	get livestream
2026-09-22T09:08:40.078Z	info	staff-logger	scenario/viewer.go:83	visit livestream
2026-09-22T09:08:40.134Z	info	staff-logger	scenario/viewer.go:32	basic viewer scenario
2026-09-22T09:08:40.134Z	info	staff-logger	scenario/viewer.go:56	visit top
2026-09-22T09:08:40.134Z	info	staff-logger	scenario/viewer.go:64	get livestream
2026-09-22T09:08:40.134Z	info	staff-logger	scenario/viewer.go:83	visit livestream
2026-09-22T09:08:40.150Z	info	staff-logger	scenario/viewer.go:90	get livestream stats
2026-09-22T09:08:40.168Z	info	staff-logger	scenario/streamer.go:48	change icon
2026-09-22T09:08:40.178Z	info	staff-logger	scenario/viewer.go:32	basic viewer scenario
2026-09-22T09:08:40.178Z	info	staff-logger	scenario/viewer.go:56	visit top
2026-09-22T09:08:40.178Z	info	staff-logger	scenario/viewer.go:64	get livestream
2026-09-22T09:08:40.178Z	info	staff-logger	scenario/viewer.go:83	visit livestream
2026-09-22T09:08:40.214Z	info	staff-logger	scenario/viewer.go:32	basic viewer scenario
2026-09-22T09:08:40.214Z	info	staff-logger	scenario/viewer.go:56	visit top
2026-09-22T09:08:40.214Z	info	staff-logger	scenario/viewer.go:64	get livestream
2026-09-22T09:08:40.214Z	info	staff-logger	scenario/viewer.go:83	visit livestream
2026-09-22T09:08:40.258Z	info	staff-logger	scenario/viewer.go:32	basic viewer scenario
2026-09-22T09:08:40.258Z	info	staff-logger	scenario/viewer.go:56	visit top
2026-09-22T09:08:40.258Z	info	staff-logger	scenario/viewer.go:64	get livestream
2026-09-22T09:08:40.258Z	info	staff-logger	scenario/viewer.go:83	visit livestream
2026-09-22T09:08:40.280Z	warn	staff-logger	scenario/viewer.go:178	viewer_spam: failed to post livecomment (moderated spam): benchmark-application: [一般エラー] POST /api/livestream/7553/livecomment へのリクエストに対して、期待されたHTTPステータスコードが確認できませんでした (expected:400, actual:201)

2026-09-22T09:08:40.297Z	info	staff-logger	scenario/viewer.go:90	get livestream stats
2026-09-22T09:08:40.323Z	info	staff-logger	scenario/viewer.go:32	basic viewer scenario
2026-09-22T09:08:40.323Z	info	staff-logger	scenario/viewer.go:56	visit top
2026-09-22T09:08:40.323Z	info	staff-logger	scenario/viewer.go:64	get livestream
2026-09-22T09:08:40.323Z	info	staff-logger	scenario/viewer.go:83	visit livestream
2026-09-22T09:08:40.364Z	info	staff-logger	scenario/viewer.go:32	basic viewer scenario
2026-09-22T09:08:40.364Z	info	staff-logger	scenario/viewer.go:56	visit top
2026-09-22T09:08:40.364Z	info	staff-logger	scenario/viewer.go:64	get livestream
2026-09-22T09:08:40.364Z	info	staff-logger	scenario/viewer.go:83	visit livestream
2026-09-22T09:08:40.393Z	info	staff-logger	scenario/viewer.go:90	get livestream stats
2026-09-22T09:08:40.399Z	warn	staff-logger	scenario/viewer.go:178	viewer_spam: failed to post livecomment (moderated spam): benchmark-application: [一般エラー] POST /api/livestream/7617/livecomment へのリクエストに対して、期待されたHTTPステータスコードが確認できませんでした (expected:400, actual:201)

2026-09-22T09:08:40.455Z	info	staff-logger	scenario/viewer.go:32	basic viewer scenario
2026-09-22T09:08:40.455Z	info	staff-logger	scenario/viewer.go:56	visit top
2026-09-22T09:08:40.455Z	info	staff-logger	scenario/viewer.go:64	get livestream
2026-09-22T09:08:40.455Z	info	staff-logger	scenario/viewer.go:83	visit livestream
2026-09-22T09:08:40.465Z	info	staff-logger	scenario/viewer.go:32	basic viewer scenario
2026-09-22T09:08:40.465Z	info	staff-logger	scenario/viewer.go:56	visit top
2026-09-22T09:08:40.465Z	info	staff-logger	scenario/viewer.go:64	get livestream
2026-09-22T09:08:40.465Z	info	staff-logger	scenario/viewer.go:83	visit livestream
2026-09-22T09:08:40.484Z	info	staff-logger	scenario/viewer.go:32	basic viewer scenario
2026-09-22T09:08:40.484Z	info	staff-logger	scenario/viewer.go:56	visit top
2026-09-22T09:08:40.484Z	info	staff-logger	scenario/viewer.go:64	get livestream
2026-09-22T09:08:40.484Z	info	staff-logger	scenario/viewer.go:83	visit livestream
2026-09-22T09:08:40.526Z	info	staff-logger	scenario/viewer.go:32	basic viewer scenario
2026-09-22T09:08:40.526Z	info	staff-logger	scenario/viewer.go:56	visit top
2026-09-22T09:08:40.526Z	info	staff-logger	scenario/viewer.go:64	get livestream
2026-09-22T09:08:40.526Z	info	staff-logger	scenario/viewer.go:83	visit livestream
2026-09-22T09:08:40.620Z	info	staff-logger	scenario/viewer.go:32	basic viewer scenario
2026-09-22T09:08:40.620Z	info	staff-logger	scenario/viewer.go:56	visit top
2026-09-22T09:08:40.620Z	info	staff-logger	scenario/viewer.go:64	get livestream
2026-09-22T09:08:40.620Z	info	staff-logger	scenario/viewer.go:83	visit livestream
2026-09-22T09:08:40.692Z	info	staff-logger	scenario/viewer.go:32	basic viewer scenario
2026-09-22T09:08:40.692Z	info	staff-logger	scenario/viewer.go:56	visit top
2026-09-22T09:08:40.692Z	info	staff-logger	scenario/viewer.go:64	get livestream
2026-09-22T09:08:40.692Z	info	staff-logger	scenario/viewer.go:83	visit livestream
2026-09-22T09:08:40.716Z	warn	staff-logger	scenario/viewer.go:178	viewer_spam: failed to post livecomment (moderated spam): benchmark-application: [一般エラー] POST /api/livestream/7755/livecomment へのリクエストに対して、期待されたHTTPステータスコードが確認できませんでした (expected:400, actual:201)

2026-09-22T09:08:40.761Z	info	staff-logger	scenario/viewer.go:32	basic viewer scenario
2026-09-22T09:08:40.761Z	info	staff-logger	scenario/viewer.go:56	visit top
2026-09-22T09:08:40.800Z	info	staff-logger	scenario/viewer.go:32	basic viewer scenario
2026-09-22T09:08:40.800Z	info	staff-logger	scenario/viewer.go:56	visit top
2026-09-22T09:08:40.800Z	info	staff-logger	scenario/viewer.go:64	get livestream
2026-09-22T09:08:40.800Z	info	staff-logger	scenario/viewer.go:83	visit livestream
2026-09-22T09:08:40.817Z	info	staff-logger	scenario/viewer.go:32	basic viewer scenario
2026-09-22T09:08:40.817Z	info	staff-logger	scenario/viewer.go:56	visit top
2026-09-22T09:08:40.817Z	info	staff-logger	scenario/viewer.go:64	get livestream
2026-09-22T09:08:40.817Z	info	staff-logger	scenario/viewer.go:83	visit livestream
2026-09-22T09:08:40.830Z	info	staff-logger	scenario/viewer.go:32	basic viewer scenario
2026-09-22T09:08:40.830Z	info	staff-logger	scenario/viewer.go:56	visit top
2026-09-22T09:08:40.830Z	info	staff-logger	scenario/viewer.go:64	get livestream
2026-09-22T09:08:40.830Z	info	staff-logger	scenario/viewer.go:83	visit livestream
2026-09-22T09:08:40.846Z	info	staff-logger	scenario/viewer.go:32	basic viewer scenario
2026-09-22T09:08:40.846Z	info	staff-logger	scenario/viewer.go:56	visit top
2026-09-22T09:08:40.851Z	info	staff-logger	scenario/streamer.go:48	change icon
2026-09-22T09:08:40.881Z	info	staff-logger	scenario/viewer.go:32	basic viewer scenario
2026-09-22T09:08:40.881Z	info	staff-logger	scenario/viewer.go:56	visit top
2026-09-22T09:08:40.881Z	info	staff-logger	scenario/viewer.go:64	get livestream
2026-09-22T09:08:40.881Z	info	staff-logger	scenario/viewer.go:83	visit livestream
2026-09-22T09:08:40.889Z	info	staff-logger	scenario/viewer.go:32	basic viewer scenario
2026-09-22T09:08:40.889Z	info	staff-logger	scenario/viewer.go:56	visit top
2026-09-22T09:08:40.889Z	info	staff-logger	scenario/viewer.go:64	get livestream
2026-09-22T09:08:40.889Z	info	staff-logger	scenario/viewer.go:83	visit livestream
2026-09-22T09:08:40.921Z	info	staff-logger	scenario/viewer.go:32	basic viewer scenario
2026-09-22T09:08:40.921Z	info	staff-logger	scenario/viewer.go:56	visit top
2026-09-22T09:08:40.921Z	info	staff-logger	scenario/viewer.go:64	get livestream
2026-09-22T09:08:40.921Z	info	staff-logger	scenario/viewer.go:83	visit livestream
2026-09-22T09:08:40.983Z	info	staff-logger	scenario/viewer.go:64	get livestream
2026-09-22T09:08:40.983Z	info	staff-logger	scenario/viewer.go:76	visit user profile
2026-09-22T09:08:40.990Z	info	staff-logger	scenario/viewer.go:32	basic viewer scenario
2026-09-22T09:08:40.990Z	info	staff-logger	scenario/viewer.go:56	visit top
2026-09-22T09:08:40.990Z	info	staff-logger	scenario/viewer.go:64	get livestream
2026-09-22T09:08:40.990Z	info	staff-logger	scenario/viewer.go:83	visit livestream
2026-09-22T09:08:41.035Z	info	staff-logger	scenario/viewer.go:32	basic viewer scenario
2026-09-22T09:08:41.035Z	info	staff-logger	scenario/viewer.go:56	visit top
2026-09-22T09:08:41.035Z	info	staff-logger	scenario/viewer.go:64	get livestream
2026-09-22T09:08:41.035Z	info	staff-logger	scenario/viewer.go:83	visit livestream
2026-09-22T09:08:41.116Z	info	staff-logger	scenario/viewer.go:64	get livestream
2026-09-22T09:08:41.116Z	info	staff-logger	scenario/viewer.go:76	visit user profile
2026-09-22T09:08:41.177Z	info	staff-logger	scenario/viewer.go:32	basic viewer scenario
2026-09-22T09:08:41.177Z	info	staff-logger	scenario/viewer.go:56	visit top
2026-09-22T09:08:41.177Z	info	staff-logger	scenario/viewer.go:64	get livestream
2026-09-22T09:08:41.177Z	info	staff-logger	scenario/viewer.go:83	visit livestream
2026-09-22T09:08:41.182Z	info	staff-logger	scenario/streamer.go:48	change icon
2026-09-22T09:08:41.193Z	info	staff-logger	scenario/viewer.go:32	basic viewer scenario
2026-09-22T09:08:41.193Z	info	staff-logger	scenario/viewer.go:56	visit top
2026-09-22T09:08:41.193Z	info	staff-logger	scenario/viewer.go:64	get livestream
2026-09-22T09:08:41.194Z	info	staff-logger	scenario/viewer.go:83	visit livestream
2026-09-22T09:08:41.205Z	info	staff-logger	scenario/viewer.go:90	get livestream stats
2026-09-22T09:08:41.212Z	info	staff-logger	scenario/viewer.go:83	visit livestream
2026-09-22T09:08:41.229Z	info	staff-logger	scenario/viewer.go:32	basic viewer scenario
2026-09-22T09:08:41.229Z	info	staff-logger	scenario/viewer.go:56	visit top
2026-09-22T09:08:41.229Z	info	staff-logger	scenario/viewer.go:64	get livestream
2026-09-22T09:08:41.229Z	info	staff-logger	scenario/viewer.go:83	visit livestream
2026-09-22T09:08:41.248Z	warn	staff-logger	scenario/viewer.go:178	viewer_spam: failed to post livecomment (moderated spam): benchmark-application: [一般エラー] POST /api/livestream/7761/livecomment へのリクエストに対して、期待されたHTTPステータスコードが確認できませんでした (expected:400, actual:201)

2026-09-22T09:08:41.250Z	info	staff-logger	scenario/viewer.go:32	basic viewer scenario
2026-09-22T09:08:41.250Z	info	staff-logger	scenario/viewer.go:56	visit top
2026-09-22T09:08:41.250Z	info	staff-logger	scenario/viewer.go:64	get livestream
2026-09-22T09:08:41.250Z	info	staff-logger	scenario/viewer.go:83	visit livestream
2026-09-22T09:08:41.261Z	info	staff-logger	scenario/viewer.go:32	basic viewer scenario
2026-09-22T09:08:41.261Z	info	staff-logger	scenario/viewer.go:56	visit top
2026-09-22T09:08:41.261Z	info	staff-logger	scenario/viewer.go:64	get livestream
2026-09-22T09:08:41.261Z	info	staff-logger	scenario/viewer.go:83	visit livestream
2026-09-22T09:08:41.267Z	info	staff-logger	scenario/viewer.go:32	basic viewer scenario
2026-09-22T09:08:41.267Z	info	staff-logger	scenario/viewer.go:56	visit top
2026-09-22T09:08:41.267Z	info	staff-logger	scenario/viewer.go:64	get livestream
2026-09-22T09:08:41.267Z	info	staff-logger	scenario/viewer.go:83	visit livestream
2026-09-22T09:08:41.347Z	info	staff-logger	scenario/viewer.go:32	basic viewer scenario
2026-09-22T09:08:41.347Z	info	staff-logger	scenario/viewer.go:56	visit top
2026-09-22T09:08:41.347Z	info	staff-logger	scenario/viewer.go:64	get livestream
2026-09-22T09:08:41.347Z	info	staff-logger	scenario/viewer.go:83	visit livestream
2026-09-22T09:08:41.355Z	info	staff-logger	scenario/viewer.go:83	visit livestream
2026-09-22T09:08:41.373Z	info	staff-logger	scenario/viewer.go:90	get livestream stats
2026-09-22T09:08:41.390Z	info	staff-logger	scenario/viewer.go:32	basic viewer scenario
2026-09-22T09:08:41.390Z	info	staff-logger	scenario/viewer.go:56	visit top
2026-09-22T09:08:41.390Z	info	staff-logger	scenario/viewer.go:64	get livestream
2026-09-22T09:08:41.390Z	info	staff-logger	scenario/viewer.go:83	visit livestream
2026-09-22T09:08:41.401Z	info	staff-logger	scenario/viewer.go:32	basic viewer scenario
2026-09-22T09:08:41.401Z	info	staff-logger	scenario/viewer.go:56	visit top
2026-09-22T09:08:41.401Z	info	staff-logger	scenario/viewer.go:64	get livestream
2026-09-22T09:08:41.401Z	info	staff-logger	scenario/viewer.go:83	visit livestream
2026-09-22T09:08:41.500Z	info	staff-logger	scenario/viewer.go:32	basic viewer scenario
2026-09-22T09:08:41.500Z	info	staff-logger	scenario/viewer.go:56	visit top
2026-09-22T09:08:41.500Z	info	staff-logger	scenario/viewer.go:64	get livestream
2026-09-22T09:08:41.500Z	info	staff-logger	scenario/viewer.go:83	visit livestream
2026-09-22T09:08:41.530Z	info	staff-logger	scenario/viewer.go:32	basic viewer scenario
2026-09-22T09:08:41.530Z	info	staff-logger	scenario/viewer.go:56	visit top
2026-09-22T09:08:41.563Z	info	staff-logger	scenario/viewer.go:32	basic viewer scenario
2026-09-22T09:08:41.563Z	info	staff-logger	scenario/viewer.go:56	visit top
2026-09-22T09:08:41.563Z	info	staff-logger	scenario/viewer.go:64	get livestream
2026-09-22T09:08:41.563Z	info	staff-logger	scenario/viewer.go:83	visit livestream
2026-09-22T09:08:41.659Z	info	staff-logger	scenario/viewer.go:32	basic viewer scenario
2026-09-22T09:08:41.659Z	info	staff-logger	scenario/viewer.go:56	visit top
2026-09-22T09:08:41.659Z	info	staff-logger	scenario/viewer.go:64	get livestream
2026-09-22T09:08:41.660Z	info	staff-logger	scenario/viewer.go:83	visit livestream
2026-09-22T09:08:41.726Z	info	staff-logger	scenario/viewer.go:32	basic viewer scenario
2026-09-22T09:08:41.727Z	info	staff-logger	scenario/viewer.go:56	visit top
2026-09-22T09:08:41.727Z	info	staff-logger	scenario/viewer.go:64	get livestream
2026-09-22T09:08:41.727Z	info	staff-logger	scenario/viewer.go:83	visit livestream
2026-09-22T09:08:41.749Z	info	staff-logger	scenario/viewer.go:32	basic viewer scenario
2026-09-22T09:08:41.749Z	info	staff-logger	scenario/viewer.go:56	visit top
2026-09-22T09:08:41.749Z	info	staff-logger	scenario/viewer.go:64	get livestream
2026-09-22T09:08:41.749Z	info	staff-logger	scenario/viewer.go:83	visit livestream
2026-09-22T09:08:41.814Z	info	staff-logger	scenario/viewer.go:32	basic viewer scenario
2026-09-22T09:08:41.814Z	info	staff-logger	scenario/viewer.go:56	visit top
2026-09-22T09:08:41.814Z	info	staff-logger	scenario/viewer.go:64	get livestream
2026-09-22T09:08:41.814Z	info	staff-logger	scenario/viewer.go:83	visit livestream
2026-09-22T09:08:41.842Z	info	staff-logger	scenario/viewer.go:90	get livestream stats
2026-09-22T09:08:41.876Z	info	staff-logger	scenario/viewer.go:64	get livestream
2026-09-22T09:08:41.876Z	info	staff-logger	scenario/viewer.go:76	visit user profile
2026-09-22T09:08:41.934Z	info	staff-logger	scenario/viewer.go:32	basic viewer scenario
2026-09-22T09:08:41.934Z	info	staff-logger	scenario/viewer.go:56	visit top
2026-09-22T09:08:41.934Z	info	staff-logger	scenario/viewer.go:64	get livestream
2026-09-22T09:08:41.934Z	info	staff-logger	scenario/viewer.go:83	visit livestream
2026-09-22T09:08:41.997Z	info	staff-logger	scenario/viewer.go:32	basic viewer scenario
2026-09-22T09:08:41.997Z	info	staff-logger	scenario/viewer.go:56	visit top
2026-09-22T09:08:42.005Z	info	staff-logger	scenario/viewer.go:32	basic viewer scenario
2026-09-22T09:08:42.005Z	info	staff-logger	scenario/viewer.go:56	visit top
2026-09-22T09:08:42.005Z	info	staff-logger	scenario/viewer.go:64	get livestream
2026-09-22T09:08:42.005Z	info	staff-logger	scenario/viewer.go:83	visit livestream
2026-09-22T09:08:42.023Z	info	staff-logger	scenario/viewer.go:32	basic viewer scenario
2026-09-22T09:08:42.023Z	info	staff-logger	scenario/viewer.go:56	visit top
2026-09-22T09:08:42.023Z	info	staff-logger	scenario/viewer.go:64	get livestream
2026-09-22T09:08:42.023Z	info	staff-logger	scenario/viewer.go:83	visit livestream
2026-09-22T09:08:42.034Z	warn	staff-logger	scenario/viewer.go:178	viewer_spam: failed to post livecomment (moderated spam): benchmark-application: [一般エラー] POST /api/livestream/7770/livecomment へのリクエストに対して、期待されたHTTPステータスコードが確認できませんでした (expected:400, actual:201)

2026-09-22T09:08:42.036Z	info	staff-logger	scenario/viewer.go:83	visit livestream
2026-09-22T09:08:42.103Z	info	staff-logger	scenario/viewer.go:32	basic viewer scenario
2026-09-22T09:08:42.104Z	info	staff-logger	scenario/viewer.go:56	visit top
2026-09-22T09:08:42.104Z	info	staff-logger	scenario/viewer.go:64	get livestream
2026-09-22T09:08:42.104Z	info	staff-logger	scenario/viewer.go:83	visit livestream
2026-09-22T09:08:42.115Z	info	staff-logger	scenario/streamer.go:48	change icon
2026-09-22T09:08:42.123Z	warn	staff-logger	scenario/viewer.go:178	viewer_spam: failed to post livecomment (moderated spam): benchmark-application: [一般エラー] POST /api/livestream/7534/livecomment へのリクエストに対して、期待されたHTTPステータスコードが確認できませんでした (expected:400, actual:201)

2026-09-22T09:08:42.132Z	info	staff-logger	scenario/viewer.go:32	basic viewer scenario
2026-09-22T09:08:42.132Z	info	staff-logger	scenario/viewer.go:56	visit top
2026-09-22T09:08:42.132Z	info	staff-logger	scenario/viewer.go:64	get livestream
2026-09-22T09:08:42.132Z	info	staff-logger	scenario/viewer.go:83	visit livestream
2026-09-22T09:08:42.185Z	info	staff-logger	scenario/streamer.go:48	change icon
2026-09-22T09:08:42.239Z	info	staff-logger	scenario/streamer.go:48	change icon
2026-09-22T09:08:42.270Z	info	staff-logger	scenario/viewer.go:32	basic viewer scenario
2026-09-22T09:08:42.270Z	info	staff-logger	scenario/viewer.go:56	visit top
2026-09-22T09:08:42.270Z	info	staff-logger	scenario/viewer.go:64	get livestream
2026-09-22T09:08:42.270Z	info	staff-logger	scenario/viewer.go:83	visit livestream
2026-09-22T09:08:42.292Z	info	staff-logger	scenario/viewer.go:90	get livestream stats
2026-09-22T09:08:42.331Z	info	staff-logger	scenario/viewer.go:64	get livestream
2026-09-22T09:08:42.331Z	info	staff-logger	scenario/viewer.go:76	visit user profile
2026-09-22T09:08:42.412Z	info	staff-logger	scenario/viewer.go:32	basic viewer scenario
2026-09-22T09:08:42.412Z	info	staff-logger	scenario/viewer.go:56	visit top
2026-09-22T09:08:42.412Z	info	staff-logger	scenario/viewer.go:64	get livestream
2026-09-22T09:08:42.412Z	info	staff-logger	scenario/viewer.go:83	visit livestream
2026-09-22T09:08:42.434Z	info	staff-logger	scenario/viewer.go:32	basic viewer scenario
2026-09-22T09:08:42.434Z	info	staff-logger	scenario/viewer.go:56	visit top
2026-09-22T09:08:42.434Z	info	staff-logger	scenario/viewer.go:64	get livestream
2026-09-22T09:08:42.434Z	info	staff-logger	scenario/viewer.go:83	visit livestream
2026-09-22T09:08:42.438Z	info	staff-logger	scenario/streamer.go:48	change icon
2026-09-22T09:08:42.442Z	info	staff-logger	scenario/viewer.go:32	basic viewer scenario
2026-09-22T09:08:42.442Z	info	staff-logger	scenario/viewer.go:56	visit top
2026-09-22T09:08:42.442Z	info	staff-logger	scenario/viewer.go:64	get livestream
2026-09-22T09:08:42.442Z	info	staff-logger	scenario/viewer.go:83	visit livestream
2026-09-22T09:08:42.488Z	info	staff-logger	scenario/viewer.go:83	visit livestream
2026-09-22T09:08:42.510Z	warn	staff-logger	scenario/viewer.go:178	viewer_spam: failed to post livecomment (moderated spam): benchmark-application: [一般エラー] POST /api/livestream/7622/livecomment へのリクエストに対して、期待されたHTTPステータスコードが確認できませんでした (expected:400, actual:201)

2026-09-22T09:08:42.528Z	info	staff-logger	scenario/viewer.go:32	basic viewer scenario
2026-09-22T09:08:42.528Z	info	staff-logger	scenario/viewer.go:56	visit top
2026-09-22T09:08:42.528Z	info	staff-logger	scenario/viewer.go:64	get livestream
2026-09-22T09:08:42.528Z	info	staff-logger	scenario/viewer.go:83	visit livestream
2026-09-22T09:08:42.554Z	info	staff-logger	scenario/viewer.go:32	basic viewer scenario
2026-09-22T09:08:42.554Z	info	staff-logger	scenario/viewer.go:56	visit top
2026-09-22T09:08:42.554Z	info	staff-logger	scenario/viewer.go:64	get livestream
2026-09-22T09:08:42.554Z	info	staff-logger	scenario/viewer.go:83	visit livestream
2026-09-22T09:08:42.556Z	info	staff-logger	scenario/viewer.go:90	get livestream stats
2026-09-22T09:08:42.601Z	warn	staff-logger	scenario/viewer.go:178	viewer_spam: failed to post livecomment (moderated spam): benchmark-application: [一般エラー] POST /api/livestream/7688/livecomment へのリクエストに対して、期待されたHTTPステータスコードが確認できませんでした (expected:400, actual:201)

2026-09-22T09:08:42.650Z	info	staff-logger	scenario/viewer.go:32	basic viewer scenario
2026-09-22T09:08:42.651Z	info	staff-logger	scenario/viewer.go:56	visit top
2026-09-22T09:08:42.651Z	info	staff-logger	scenario/viewer.go:64	get livestream
2026-09-22T09:08:42.651Z	info	staff-logger	scenario/viewer.go:83	visit livestream
2026-09-22T09:08:42.683Z	info	staff-logger	scenario/viewer.go:32	basic viewer scenario
2026-09-22T09:08:42.683Z	info	staff-logger	scenario/viewer.go:56	visit top
2026-09-22T09:08:42.683Z	info	staff-logger	scenario/viewer.go:64	get livestream
2026-09-22T09:08:42.683Z	info	staff-logger	scenario/viewer.go:83	visit livestream
2026-09-22T09:08:42.735Z	warn	staff-logger	scenario/viewer.go:178	viewer_spam: failed to post livecomment (moderated spam): benchmark-application: [一般エラー] POST /api/livestream/7757/livecomment へのリクエストに対して、期待されたHTTPステータスコードが確認できませんでした (expected:400, actual:201)

2026-09-22T09:08:42.764Z	info	staff-logger	scenario/viewer.go:32	basic viewer scenario
2026-09-22T09:08:42.764Z	info	staff-logger	scenario/viewer.go:56	visit top
2026-09-22T09:08:42.764Z	info	staff-logger	scenario/viewer.go:64	get livestream
2026-09-22T09:08:42.764Z	info	staff-logger	scenario/viewer.go:83	visit livestream
2026-09-22T09:08:42.770Z	info	staff-logger	scenario/viewer.go:32	basic viewer scenario
2026-09-22T09:08:42.770Z	info	staff-logger	scenario/viewer.go:56	visit top
2026-09-22T09:08:42.770Z	info	staff-logger	scenario/viewer.go:64	get livestream
2026-09-22T09:08:42.770Z	info	staff-logger	scenario/viewer.go:83	visit livestream
2026-09-22T09:08:42.791Z	info	staff-logger	scenario/viewer.go:90	get livestream stats
2026-09-22T09:08:42.799Z	info	staff-logger	scenario/viewer.go:90	get livestream stats
2026-09-22T09:08:42.807Z	info	staff-logger	scenario/viewer.go:32	basic viewer scenario
2026-09-22T09:08:42.807Z	info	staff-logger	scenario/viewer.go:56	visit top
2026-09-22T09:08:42.813Z	info	staff-logger	scenario/viewer.go:32	basic viewer scenario
2026-09-22T09:08:42.813Z	info	staff-logger	scenario/viewer.go:56	visit top
2026-09-22T09:08:42.813Z	info	staff-logger	scenario/viewer.go:64	get livestream
2026-09-22T09:08:42.813Z	info	staff-logger	scenario/viewer.go:83	visit livestream
2026-09-22T09:08:42.825Z	info	staff-logger	scenario/viewer.go:32	basic viewer scenario
2026-09-22T09:08:42.825Z	info	staff-logger	scenario/viewer.go:56	visit top
2026-09-22T09:08:42.825Z	info	staff-logger	scenario/viewer.go:64	get livestream
2026-09-22T09:08:42.825Z	info	staff-logger	scenario/viewer.go:83	visit livestream
2026-09-22T09:08:42.895Z	info	staff-logger	scenario/viewer.go:32	basic viewer scenario
2026-09-22T09:08:42.895Z	info	staff-logger	scenario/viewer.go:56	visit top
2026-09-22T09:08:42.895Z	info	staff-logger	scenario/viewer.go:64	get livestream
2026-09-22T09:08:42.895Z	info	staff-logger	scenario/viewer.go:83	visit livestream
2026-09-22T09:08:42.921Z	info	staff-logger	scenario/viewer.go:32	basic viewer scenario
2026-09-22T09:08:42.921Z	info	staff-logger	scenario/viewer.go:56	visit top
2026-09-22T09:08:42.921Z	info	staff-logger	scenario/viewer.go:64	get livestream
2026-09-22T09:08:42.921Z	info	staff-logger	scenario/viewer.go:83	visit livestream
2026-09-22T09:08:42.925Z	info	staff-logger	scenario/viewer.go:32	basic viewer scenario
2026-09-22T09:08:42.925Z	info	staff-logger	scenario/viewer.go:56	visit top
2026-09-22T09:08:42.925Z	info	staff-logger	scenario/viewer.go:64	get livestream
2026-09-22T09:08:42.925Z	info	staff-logger	scenario/viewer.go:83	visit livestream
2026-09-22T09:08:42.942Z	warn	staff-logger	scenario/viewer.go:178	viewer_spam: failed to post livecomment (moderated spam): benchmark-application: [一般エラー] POST /api/livestream/7628/livecomment へのリクエストに対して、期待されたHTTPステータスコードが確認できませんでした (expected:400, actual:201)

2026-09-22T09:08:43.041Z	info	staff-logger	scenario/viewer.go:32	basic viewer scenario
2026-09-22T09:08:43.041Z	info	staff-logger	scenario/viewer.go:56	visit top
2026-09-22T09:08:43.041Z	info	staff-logger	scenario/viewer.go:64	get livestream
2026-09-22T09:08:43.041Z	info	staff-logger	scenario/viewer.go:83	visit livestream
2026-09-22T09:08:43.048Z	info	staff-logger	scenario/viewer.go:32	basic viewer scenario
2026-09-22T09:08:43.048Z	info	staff-logger	scenario/viewer.go:46	change icon
2026-09-22T09:08:43.071Z	info	staff-logger	scenario/viewer.go:64	get livestream
2026-09-22T09:08:43.071Z	info	staff-logger	scenario/viewer.go:76	visit user profile
2026-09-22T09:08:43.071Z	info	staff-logger	scenario/viewer.go:56	visit top
2026-09-22T09:08:43.094Z	info	staff-logger	scenario/viewer.go:32	basic viewer scenario
2026-09-22T09:08:43.094Z	info	staff-logger	scenario/viewer.go:56	visit top
2026-09-22T09:08:43.094Z	info	staff-logger	scenario/viewer.go:64	get livestream
2026-09-22T09:08:43.094Z	info	staff-logger	scenario/viewer.go:83	visit livestream
2026-09-22T09:08:43.155Z	warn	staff-logger	scenario/viewer.go:178	viewer_spam: failed to post livecomment (moderated spam): benchmark-application: [一般エラー] POST /api/livestream/7679/livecomment へのリクエストに対して、期待されたHTTPステータスコードが確認できませんでした (expected:400, actual:201)

2026-09-22T09:08:43.202Z	info	staff-logger	scenario/viewer.go:83	visit livestream
2026-09-22T09:08:43.205Z	info	staff-logger	scenario/viewer.go:32	basic viewer scenario
2026-09-22T09:08:43.205Z	info	staff-logger	scenario/viewer.go:56	visit top
2026-09-22T09:08:43.205Z	info	staff-logger	scenario/viewer.go:64	get livestream
2026-09-22T09:08:43.205Z	info	staff-logger	scenario/viewer.go:83	visit livestream
2026-09-22T09:08:43.256Z	info	staff-logger	scenario/viewer.go:32	basic viewer scenario
2026-09-22T09:08:43.256Z	info	staff-logger	scenario/viewer.go:56	visit top
2026-09-22T09:08:43.265Z	info	staff-logger	scenario/viewer.go:32	basic viewer scenario
2026-09-22T09:08:43.265Z	info	staff-logger	scenario/viewer.go:56	visit top
2026-09-22T09:08:43.265Z	info	staff-logger	scenario/viewer.go:64	get livestream
2026-09-22T09:08:43.265Z	info	staff-logger	scenario/viewer.go:83	visit livestream
2026-09-22T09:08:43.272Z	info	staff-logger	scenario/viewer.go:32	basic viewer scenario
2026-09-22T09:08:43.272Z	info	staff-logger	scenario/viewer.go:56	visit top
2026-09-22T09:08:43.273Z	info	staff-logger	scenario/viewer.go:64	get livestream
2026-09-22T09:08:43.273Z	info	staff-logger	scenario/viewer.go:83	visit livestream
2026-09-22T09:08:43.320Z	info	staff-logger	scenario/viewer.go:32	basic viewer scenario
2026-09-22T09:08:43.320Z	info	staff-logger	scenario/viewer.go:56	visit top
2026-09-22T09:08:43.320Z	info	staff-logger	scenario/viewer.go:64	get livestream
2026-09-22T09:08:43.320Z	info	staff-logger	scenario/viewer.go:83	visit livestream
2026-09-22T09:08:43.343Z	info	staff-logger	scenario/viewer.go:64	get livestream
2026-09-22T09:08:43.343Z	info	staff-logger	scenario/viewer.go:76	visit user profile
2026-09-22T09:08:43.354Z	info	staff-logger	scenario/viewer.go:32	basic viewer scenario
2026-09-22T09:08:43.354Z	info	staff-logger	scenario/viewer.go:56	visit top
2026-09-22T09:08:43.354Z	info	staff-logger	scenario/viewer.go:64	get livestream
2026-09-22T09:08:43.354Z	info	staff-logger	scenario/viewer.go:83	visit livestream
2026-09-22T09:08:43.401Z	info	staff-logger	scenario/viewer.go:32	basic viewer scenario
2026-09-22T09:08:43.401Z	info	staff-logger	scenario/viewer.go:56	visit top
2026-09-22T09:08:43.408Z	info	staff-logger	scenario/viewer.go:32	basic viewer scenario
2026-09-22T09:08:43.409Z	info	staff-logger	scenario/viewer.go:56	visit top
2026-09-22T09:08:43.409Z	info	staff-logger	scenario/viewer.go:64	get livestream
2026-09-22T09:08:43.409Z	info	staff-logger	scenario/viewer.go:83	visit livestream
2026-09-22T09:08:43.416Z	info	staff-logger	scenario/viewer.go:32	basic viewer scenario
2026-09-22T09:08:43.416Z	info	staff-logger	scenario/viewer.go:56	visit top
2026-09-22T09:08:43.473Z	info	staff-logger	scenario/viewer.go:32	basic viewer scenario
2026-09-22T09:08:43.473Z	info	staff-logger	scenario/viewer.go:56	visit top
2026-09-22T09:08:43.473Z	info	staff-logger	scenario/viewer.go:64	get livestream
2026-09-22T09:08:43.473Z	info	staff-logger	scenario/viewer.go:83	visit livestream
2026-09-22T09:08:43.473Z	info	staff-logger	scenario/viewer.go:32	basic viewer scenario
2026-09-22T09:08:43.473Z	info	staff-logger	scenario/viewer.go:56	visit top
2026-09-22T09:08:43.473Z	info	staff-logger	scenario/viewer.go:64	get livestream
2026-09-22T09:08:43.473Z	info	staff-logger	scenario/viewer.go:83	visit livestream
2026-09-22T09:08:43.479Z	info	staff-logger	scenario/viewer.go:83	visit livestream
2026-09-22T09:08:43.500Z	info	staff-logger	scenario/viewer.go:90	get livestream stats
2026-09-22T09:08:43.547Z	info	staff-logger	scenario/viewer.go:64	get livestream
2026-09-22T09:08:43.547Z	info	staff-logger	scenario/viewer.go:76	visit user profile
2026-09-22T09:08:43.603Z	info	staff-logger	scenario/viewer.go:32	basic viewer scenario
2026-09-22T09:08:43.603Z	info	staff-logger	scenario/viewer.go:56	visit top
2026-09-22T09:08:43.603Z	info	staff-logger	scenario/viewer.go:64	get livestream
2026-09-22T09:08:43.604Z	info	staff-logger	scenario/viewer.go:83	visit livestream
2026-09-22T09:08:43.619Z	info	staff-logger	scenario/viewer.go:32	basic viewer scenario
2026-09-22T09:08:43.619Z	info	staff-logger	scenario/viewer.go:56	visit top
2026-09-22T09:08:43.619Z	info	staff-logger	scenario/viewer.go:64	get livestream
2026-09-22T09:08:43.619Z	info	staff-logger	scenario/viewer.go:83	visit livestream
2026-09-22T09:08:43.697Z	info	staff-logger	scenario/viewer.go:64	get livestream
2026-09-22T09:08:43.697Z	info	staff-logger	scenario/viewer.go:76	visit user profile
2026-09-22T09:08:43.700Z	info	staff-logger	scenario/streamer.go:48	change icon
2026-09-22T09:08:43.701Z	info	staff-logger	scenario/viewer.go:83	visit livestream
2026-09-22T09:08:43.717Z	info	staff-logger	scenario/viewer.go:32	basic viewer scenario
2026-09-22T09:08:43.717Z	info	staff-logger	scenario/viewer.go:56	visit top
2026-09-22T09:08:43.717Z	info	staff-logger	scenario/viewer.go:64	get livestream
2026-09-22T09:08:43.717Z	info	staff-logger	scenario/viewer.go:83	visit livestream
2026-09-22T09:08:43.724Z	info	staff-logger	scenario/viewer.go:32	basic viewer scenario
2026-09-22T09:08:43.724Z	info	staff-logger	scenario/viewer.go:56	visit top
2026-09-22T09:08:43.740Z	info	staff-logger	scenario/viewer.go:64	get livestream
2026-09-22T09:08:43.740Z	info	staff-logger	scenario/viewer.go:76	visit user profile
2026-09-22T09:08:43.770Z	info	staff-logger	scenario/viewer.go:32	basic viewer scenario
2026-09-22T09:08:43.771Z	info	staff-logger	scenario/viewer.go:56	visit top
2026-09-22T09:08:43.771Z	info	staff-logger	scenario/viewer.go:64	get livestream
2026-09-22T09:08:43.771Z	info	staff-logger	scenario/viewer.go:83	visit livestream
2026-09-22T09:08:43.795Z	info	staff-logger	scenario/viewer.go:32	basic viewer scenario
2026-09-22T09:08:43.796Z	info	staff-logger	scenario/viewer.go:56	visit top
2026-09-22T09:08:43.796Z	info	staff-logger	scenario/viewer.go:64	get livestream
2026-09-22T09:08:43.796Z	info	staff-logger	scenario/viewer.go:83	visit livestream
2026-09-22T09:08:43.825Z	info	staff-logger	scenario/viewer.go:32	basic viewer scenario
2026-09-22T09:08:43.826Z	info	staff-logger	scenario/viewer.go:56	visit top
2026-09-22T09:08:43.826Z	info	staff-logger	scenario/viewer.go:64	get livestream
2026-09-22T09:08:43.826Z	info	staff-logger	scenario/viewer.go:83	visit livestream
2026-09-22T09:08:43.839Z	info	staff-logger	scenario/viewer.go:32	basic viewer scenario
2026-09-22T09:08:43.839Z	info	staff-logger	scenario/viewer.go:83	visit livestream
2026-09-22T09:08:43.839Z	info	staff-logger	scenario/viewer.go:56	visit top
2026-09-22T09:08:43.839Z	info	staff-logger	scenario/viewer.go:64	get livestream
2026-09-22T09:08:43.839Z	info	staff-logger	scenario/viewer.go:83	visit livestream
2026-09-22T09:08:43.856Z	warn	staff-logger	scenario/viewer.go:178	viewer_spam: failed to post livecomment (moderated spam): benchmark-application: [一般エラー] POST /api/livestream/7769/livecomment へのリクエストに対して、期待されたHTTPステータスコードが確認できませんでした (expected:400, actual:201)

2026-09-22T09:08:43.914Z	info	staff-logger	scenario/viewer.go:83	visit livestream
2026-09-22T09:08:43.931Z	info	staff-logger	scenario/viewer.go:32	basic viewer scenario
2026-09-22T09:08:43.931Z	info	staff-logger	scenario/viewer.go:56	visit top
2026-09-22T09:08:43.931Z	info	staff-logger	scenario/viewer.go:64	get livestream
2026-09-22T09:08:43.931Z	info	staff-logger	scenario/viewer.go:83	visit livestream
2026-09-22T09:08:44.035Z	info	staff-logger	scenario/viewer.go:64	get livestream
2026-09-22T09:08:44.035Z	info	staff-logger	scenario/viewer.go:76	visit user profile
2026-09-22T09:08:44.167Z	info	staff-logger	scenario/viewer.go:83	visit livestream
2026-09-22T09:08:44.170Z	info	staff-logger	scenario/viewer.go:32	basic viewer scenario
2026-09-22T09:08:44.170Z	info	staff-logger	scenario/viewer.go:56	visit top
2026-09-22T09:08:44.170Z	info	staff-logger	scenario/viewer.go:64	get livestream
2026-09-22T09:08:44.170Z	info	staff-logger	scenario/viewer.go:83	visit livestream
2026-09-22T09:08:44.202Z	info	staff-logger	scenario/viewer.go:32	basic viewer scenario
2026-09-22T09:08:44.202Z	info	staff-logger	scenario/viewer.go:56	visit top
2026-09-22T09:08:44.202Z	info	staff-logger	scenario/viewer.go:64	get livestream
2026-09-22T09:08:44.202Z	info	staff-logger	scenario/viewer.go:83	visit livestream
2026-09-22T09:08:44.212Z	info	staff-logger	scenario/viewer.go:32	basic viewer scenario
2026-09-22T09:08:44.212Z	info	staff-logger	scenario/viewer.go:56	visit top
2026-09-22T09:08:44.212Z	info	staff-logger	scenario/viewer.go:64	get livestream
2026-09-22T09:08:44.212Z	info	staff-logger	scenario/viewer.go:83	visit livestream
2026-09-22T09:08:44.229Z	info	staff-logger	scenario/viewer.go:32	basic viewer scenario
2026-09-22T09:08:44.229Z	info	staff-logger	scenario/viewer.go:56	visit top
2026-09-22T09:08:44.229Z	info	staff-logger	scenario/viewer.go:64	get livestream
2026-09-22T09:08:44.229Z	info	staff-logger	scenario/viewer.go:83	visit livestream
2026-09-22T09:08:44.229Z	info	staff-logger	scenario/viewer.go:90	get livestream stats
2026-09-22T09:08:44.292Z	info	staff-logger	scenario/viewer.go:32	basic viewer scenario
2026-09-22T09:08:44.292Z	info	staff-logger	scenario/viewer.go:56	visit top
2026-09-22T09:08:44.292Z	info	staff-logger	scenario/viewer.go:64	get livestream
2026-09-22T09:08:44.292Z	info	staff-logger	scenario/viewer.go:83	visit livestream
2026-09-22T09:08:44.364Z	info	staff-logger	scenario/viewer.go:32	basic viewer scenario
2026-09-22T09:08:44.364Z	info	staff-logger	scenario/viewer.go:56	visit top
2026-09-22T09:08:44.364Z	info	staff-logger	scenario/viewer.go:64	get livestream
2026-09-22T09:08:44.364Z	info	staff-logger	scenario/viewer.go:83	visit livestream
2026-09-22T09:08:44.374Z	info	staff-logger	scenario/viewer.go:32	basic viewer scenario
2026-09-22T09:08:44.374Z	info	staff-logger	scenario/viewer.go:56	visit top
2026-09-22T09:08:44.374Z	info	staff-logger	scenario/viewer.go:64	get livestream
2026-09-22T09:08:44.374Z	info	staff-logger	scenario/viewer.go:83	visit livestream
2026-09-22T09:08:44.389Z	info	staff-logger	scenario/viewer.go:32	basic viewer scenario
2026-09-22T09:08:44.389Z	info	staff-logger	scenario/viewer.go:56	visit top
2026-09-22T09:08:44.389Z	info	staff-logger	scenario/viewer.go:64	get livestream
2026-09-22T09:08:44.390Z	info	staff-logger	scenario/viewer.go:83	visit livestream
2026-09-22T09:08:44.446Z	info	staff-logger	scenario/viewer.go:32	basic viewer scenario
2026-09-22T09:08:44.446Z	info	staff-logger	scenario/viewer.go:56	visit top
2026-09-22T09:08:44.446Z	info	staff-logger	scenario/viewer.go:64	get livestream
2026-09-22T09:08:44.446Z	info	staff-logger	scenario/viewer.go:83	visit livestream
2026-09-22T09:08:44.459Z	info	staff-logger	scenario/viewer.go:32	basic viewer scenario
2026-09-22T09:08:44.459Z	info	staff-logger	scenario/viewer.go:56	visit top
2026-09-22T09:08:44.459Z	info	staff-logger	scenario/viewer.go:64	get livestream
2026-09-22T09:08:44.459Z	info	staff-logger	scenario/viewer.go:83	visit livestream
2026-09-22T09:08:44.483Z	info	staff-logger	scenario/viewer.go:90	get livestream stats
2026-09-22T09:08:44.526Z	info	staff-logger	scenario/viewer.go:32	basic viewer scenario
2026-09-22T09:08:44.526Z	info	staff-logger	scenario/viewer.go:56	visit top
2026-09-22T09:08:44.526Z	info	staff-logger	scenario/viewer.go:64	get livestream
2026-09-22T09:08:44.526Z	info	staff-logger	scenario/viewer.go:83	visit livestream
2026-09-22T09:08:44.611Z	warn	staff-logger	scenario/viewer.go:178	viewer_spam: failed to post livecomment (moderated spam): benchmark-application: [一般エラー] POST /api/livestream/7540/livecomment へのリクエストに対して、期待されたHTTPステータスコードが確認できませんでした (expected:400, actual:201)

2026-09-22T09:08:44.616Z	info	staff-logger	scenario/viewer.go:32	basic viewer scenario
2026-09-22T09:08:44.616Z	info	staff-logger	scenario/viewer.go:56	visit top
2026-09-22T09:08:44.616Z	info	staff-logger	scenario/viewer.go:64	get livestream
2026-09-22T09:08:44.616Z	info	staff-logger	scenario/viewer.go:83	visit livestream
2026-09-22T09:08:44.618Z	info	staff-logger	scenario/viewer.go:32	basic viewer scenario
2026-09-22T09:08:44.618Z	info	staff-logger	scenario/viewer.go:56	visit top
2026-09-22T09:08:44.618Z	info	staff-logger	scenario/viewer.go:64	get livestream
2026-09-22T09:08:44.618Z	info	staff-logger	scenario/viewer.go:83	visit livestream
2026-09-22T09:08:44.640Z	info	staff-logger	scenario/viewer.go:90	get livestream stats
2026-09-22T09:08:44.705Z	info	staff-logger	scenario/viewer.go:32	basic viewer scenario
2026-09-22T09:08:44.705Z	info	staff-logger	scenario/viewer.go:56	visit top
2026-09-22T09:08:44.705Z	info	staff-logger	scenario/viewer.go:64	get livestream
2026-09-22T09:08:44.705Z	info	staff-logger	scenario/viewer.go:83	visit livestream
2026-09-22T09:08:44.739Z	warn	staff-logger	scenario/viewer.go:178	viewer_spam: failed to post livecomment (moderated spam): benchmark-application: [一般エラー] POST /api/livestream/7757/livecomment へのリクエストに対して、期待されたHTTPステータスコードが確認できませんでした (expected:400, actual:201)

2026-09-22T09:08:44.746Z	warn	staff-logger	scenario/viewer.go:178	viewer_spam: failed to post livecomment (moderated spam): benchmark-application: [一般エラー] POST /api/livestream/7805/livecomment へのリクエストに対して、期待されたHTTPステータスコードが確認できませんでした (expected:400, actual:201)

2026-09-22T09:08:44.784Z	info	staff-logger	scenario/viewer.go:32	basic viewer scenario
2026-09-22T09:08:44.784Z	info	staff-logger	scenario/viewer.go:56	visit top
2026-09-22T09:08:44.784Z	info	staff-logger	scenario/viewer.go:64	get livestream
2026-09-22T09:08:44.785Z	info	staff-logger	scenario/viewer.go:83	visit livestream
2026-09-22T09:08:44.815Z	info	staff-logger	scenario/viewer.go:32	basic viewer scenario
2026-09-22T09:08:44.815Z	info	staff-logger	scenario/viewer.go:56	visit top
2026-09-22T09:08:44.815Z	info	staff-logger	scenario/viewer.go:64	get livestream
2026-09-22T09:08:44.815Z	info	staff-logger	scenario/viewer.go:83	visit livestream
2026-09-22T09:08:44.818Z	info	staff-logger	scenario/viewer.go:32	basic viewer scenario
2026-09-22T09:08:44.818Z	info	staff-logger	scenario/viewer.go:56	visit top
2026-09-22T09:08:44.818Z	info	staff-logger	scenario/viewer.go:64	get livestream
2026-09-22T09:08:44.818Z	info	staff-logger	scenario/viewer.go:83	visit livestream
2026-09-22T09:08:44.860Z	info	staff-logger	scenario/viewer.go:32	basic viewer scenario
2026-09-22T09:08:44.860Z	info	staff-logger	scenario/viewer.go:56	visit top
2026-09-22T09:08:44.860Z	info	staff-logger	scenario/viewer.go:64	get livestream
2026-09-22T09:08:44.860Z	info	staff-logger	scenario/viewer.go:83	visit livestream
2026-09-22T09:08:44.898Z	info	staff-logger	scenario/viewer.go:32	basic viewer scenario
2026-09-22T09:08:44.898Z	info	staff-logger	scenario/viewer.go:56	visit top
2026-09-22T09:08:44.898Z	info	staff-logger	scenario/viewer.go:64	get livestream
2026-09-22T09:08:44.898Z	info	staff-logger	scenario/viewer.go:83	visit livestream
2026-09-22T09:08:44.902Z	info	staff-logger	scenario/viewer.go:32	basic viewer scenario
2026-09-22T09:08:44.902Z	info	staff-logger	scenario/viewer.go:56	visit top
2026-09-22T09:08:44.902Z	info	staff-logger	scenario/viewer.go:64	get livestream
2026-09-22T09:08:44.902Z	info	staff-logger	scenario/viewer.go:83	visit livestream
2026-09-22T09:08:45.001Z	info	staff-logger	scenario/viewer.go:32	basic viewer scenario
2026-09-22T09:08:45.001Z	info	staff-logger	scenario/viewer.go:56	visit top
2026-09-22T09:08:45.001Z	info	staff-logger	scenario/viewer.go:64	get livestream
2026-09-22T09:08:45.002Z	info	staff-logger	scenario/viewer.go:83	visit livestream
2026-09-22T09:08:45.016Z	info	staff-logger	scenario/viewer.go:32	basic viewer scenario
2026-09-22T09:08:45.016Z	info	staff-logger	scenario/viewer.go:56	visit top
2026-09-22T09:08:45.016Z	info	staff-logger	scenario/viewer.go:64	get livestream
2026-09-22T09:08:45.016Z	info	staff-logger	scenario/viewer.go:83	visit livestream
2026-09-22T09:08:45.030Z	info	staff-logger	scenario/viewer.go:32	basic viewer scenario
2026-09-22T09:08:45.030Z	info	staff-logger	scenario/viewer.go:56	visit top
2026-09-22T09:08:45.030Z	info	staff-logger	scenario/viewer.go:64	get livestream
2026-09-22T09:08:45.030Z	info	staff-logger	scenario/viewer.go:83	visit livestream
2026-09-22T09:08:45.034Z	info	staff-logger	scenario/viewer.go:32	basic viewer scenario
2026-09-22T09:08:45.035Z	info	staff-logger	scenario/viewer.go:56	visit top
2026-09-22T09:08:45.035Z	info	staff-logger	scenario/viewer.go:64	get livestream
2026-09-22T09:08:45.035Z	info	staff-logger	scenario/viewer.go:83	visit livestream
2026-09-22T09:08:45.059Z	info	staff-logger	scenario/viewer.go:90	get livestream stats
2026-09-22T09:08:45.086Z	info	staff-logger	scenario/viewer.go:32	basic viewer scenario
2026-09-22T09:08:45.086Z	info	staff-logger	scenario/viewer.go:56	visit top
2026-09-22T09:08:45.086Z	info	staff-logger	scenario/viewer.go:64	get livestream
2026-09-22T09:08:45.086Z	info	staff-logger	scenario/viewer.go:83	visit livestream
2026-09-22T09:08:45.116Z	info	staff-logger	scenario/viewer.go:32	basic viewer scenario
2026-09-22T09:08:45.116Z	info	staff-logger	scenario/viewer.go:56	visit top
2026-09-22T09:08:45.116Z	info	staff-logger	scenario/viewer.go:64	get livestream
2026-09-22T09:08:45.116Z	info	staff-logger	scenario/viewer.go:83	visit livestream
2026-09-22T09:08:45.263Z	info	staff-logger	scenario/viewer.go:32	basic viewer scenario
2026-09-22T09:08:45.263Z	info	staff-logger	scenario/viewer.go:56	visit top
2026-09-22T09:08:45.263Z	info	staff-logger	scenario/viewer.go:64	get livestream
2026-09-22T09:08:45.263Z	info	staff-logger	scenario/viewer.go:83	visit livestream
2026-09-22T09:08:45.273Z	info	staff-logger	scenario/viewer.go:32	basic viewer scenario
2026-09-22T09:08:45.274Z	info	staff-logger	scenario/viewer.go:56	visit top
2026-09-22T09:08:45.274Z	info	staff-logger	scenario/viewer.go:64	get livestream
2026-09-22T09:08:45.274Z	info	staff-logger	scenario/viewer.go:83	visit livestream
2026-09-22T09:08:45.281Z	info	staff-logger	scenario/streamer.go:48	change icon
2026-09-22T09:08:45.353Z	info	staff-logger	scenario/viewer.go:32	basic viewer scenario
2026-09-22T09:08:45.354Z	info	staff-logger	scenario/viewer.go:56	visit top
2026-09-22T09:08:45.354Z	info	staff-logger	scenario/viewer.go:64	get livestream
2026-09-22T09:08:45.354Z	info	staff-logger	scenario/viewer.go:83	visit livestream
2026-09-22T09:08:45.358Z	info	staff-logger	scenario/viewer.go:32	basic viewer scenario
2026-09-22T09:08:45.358Z	info	staff-logger	scenario/viewer.go:56	visit top
2026-09-22T09:08:45.358Z	info	staff-logger	scenario/viewer.go:64	get livestream
2026-09-22T09:08:45.358Z	info	staff-logger	scenario/viewer.go:83	visit livestream
2026-09-22T09:08:45.616Z	info	staff-logger	scenario/viewer.go:32	basic viewer scenario
2026-09-22T09:08:45.616Z	info	staff-logger	scenario/viewer.go:56	visit top
2026-09-22T09:08:45.616Z	info	staff-logger	scenario/viewer.go:64	get livestream
2026-09-22T09:08:45.616Z	info	staff-logger	scenario/viewer.go:83	visit livestream
2026-09-22T09:08:45.627Z	info	staff-logger	scenario/viewer.go:32	basic viewer scenario
2026-09-22T09:08:45.627Z	info	staff-logger	scenario/viewer.go:56	visit top
2026-09-22T09:08:45.627Z	info	staff-logger	scenario/viewer.go:64	get livestream
2026-09-22T09:08:45.627Z	info	staff-logger	scenario/viewer.go:83	visit livestream
2026-09-22T09:08:45.633Z	info	staff-logger	scenario/viewer.go:32	basic viewer scenario
2026-09-22T09:08:45.634Z	info	staff-logger	scenario/viewer.go:56	visit top
2026-09-22T09:08:45.634Z	info	staff-logger	scenario/viewer.go:64	get livestream
2026-09-22T09:08:45.634Z	info	staff-logger	scenario/viewer.go:83	visit livestream
2026-09-22T09:08:45.659Z	warn	staff-logger	scenario/viewer.go:178	viewer_spam: failed to post livecomment (moderated spam): benchmark-application: [一般エラー] POST /api/livestream/7766/livecomment へのリクエストに対して、期待されたHTTPステータスコードが確認できませんでした (expected:400, actual:201)

2026-09-22T09:08:45.737Z	info	staff-logger	scenario/viewer.go:32	basic viewer scenario
2026-09-22T09:08:45.737Z	info	staff-logger	scenario/viewer.go:56	visit top
2026-09-22T09:08:45.770Z	info	staff-logger	scenario/viewer.go:32	basic viewer scenario
2026-09-22T09:08:45.770Z	info	staff-logger	scenario/viewer.go:56	visit top
2026-09-22T09:08:45.770Z	info	staff-logger	scenario/viewer.go:64	get livestream
2026-09-22T09:08:45.770Z	info	staff-logger	scenario/viewer.go:83	visit livestream
2026-09-22T09:08:45.794Z	info	staff-logger	scenario/viewer.go:32	basic viewer scenario
2026-09-22T09:08:45.794Z	info	staff-logger	scenario/viewer.go:56	visit top
2026-09-22T09:08:45.794Z	info	staff-logger	scenario/viewer.go:64	get livestream
2026-09-22T09:08:45.794Z	info	staff-logger	scenario/viewer.go:83	visit livestream
2026-09-22T09:08:45.796Z	info	staff-logger	scenario/viewer.go:32	basic viewer scenario
2026-09-22T09:08:45.796Z	info	staff-logger	scenario/viewer.go:56	visit top
2026-09-22T09:08:45.799Z	info	staff-logger	scenario/viewer.go:32	basic viewer scenario
2026-09-22T09:08:45.799Z	info	staff-logger	scenario/viewer.go:56	visit top
2026-09-22T09:08:45.800Z	info	staff-logger	scenario/viewer.go:64	get livestream
2026-09-22T09:08:45.800Z	info	staff-logger	scenario/viewer.go:83	visit livestream
2026-09-22T09:08:45.837Z	info	staff-logger	scenario/viewer.go:32	basic viewer scenario
2026-09-22T09:08:45.837Z	info	staff-logger	scenario/viewer.go:56	visit top
2026-09-22T09:08:45.837Z	info	staff-logger	scenario/viewer.go:64	get livestream
2026-09-22T09:08:45.837Z	info	staff-logger	scenario/viewer.go:83	visit livestream
2026-09-22T09:08:45.957Z	info	staff-logger	scenario/viewer.go:32	basic viewer scenario
2026-09-22T09:08:45.957Z	info	staff-logger	scenario/viewer.go:56	visit top
2026-09-22T09:08:45.957Z	info	staff-logger	scenario/viewer.go:64	get livestream
2026-09-22T09:08:45.957Z	info	staff-logger	scenario/viewer.go:83	visit livestream
2026-09-22T09:08:45.971Z	info	staff-logger	scenario/viewer.go:90	get livestream stats
2026-09-22T09:08:45.974Z	info	staff-logger	scenario/viewer.go:32	basic viewer scenario
2026-09-22T09:08:45.974Z	info	staff-logger	scenario/viewer.go:56	visit top
2026-09-22T09:08:46.003Z	info	staff-logger	scenario/viewer.go:32	basic viewer scenario
2026-09-22T09:08:46.003Z	info	staff-logger	scenario/viewer.go:56	visit top
2026-09-22T09:08:46.003Z	info	staff-logger	scenario/viewer.go:64	get livestream
2026-09-22T09:08:46.003Z	info	staff-logger	scenario/viewer.go:83	visit livestream
2026-09-22T09:08:46.020Z	info	staff-logger	scenario/viewer.go:32	basic viewer scenario
2026-09-22T09:08:46.020Z	info	staff-logger	scenario/viewer.go:56	visit top
2026-09-22T09:08:46.020Z	info	staff-logger	scenario/viewer.go:64	get livestream
2026-09-22T09:08:46.021Z	info	staff-logger	scenario/viewer.go:83	visit livestream
2026-09-22T09:08:46.045Z	info	staff-logger	scenario/viewer.go:90	get livestream stats
2026-09-22T09:08:46.050Z	info	staff-logger	scenario/viewer.go:32	basic viewer scenario
2026-09-22T09:08:46.050Z	info	staff-logger	scenario/viewer.go:56	visit top
2026-09-22T09:08:46.050Z	info	staff-logger	scenario/viewer.go:64	get livestream
2026-09-22T09:08:46.050Z	info	staff-logger	scenario/viewer.go:83	visit livestream
2026-09-22T09:08:46.073Z	info	staff-logger	scenario/viewer.go:64	get livestream
2026-09-22T09:08:46.073Z	info	staff-logger	scenario/viewer.go:76	visit user profile
2026-09-22T09:08:46.079Z	info	staff-logger	scenario/viewer.go:64	get livestream
2026-09-22T09:08:46.079Z	info	staff-logger	scenario/viewer.go:76	visit user profile
2026-09-22T09:08:46.158Z	info	staff-logger	scenario/viewer.go:32	basic viewer scenario
2026-09-22T09:08:46.158Z	info	staff-logger	scenario/viewer.go:56	visit top
2026-09-22T09:08:46.158Z	info	staff-logger	scenario/viewer.go:64	get livestream
2026-09-22T09:08:46.158Z	info	staff-logger	scenario/viewer.go:83	visit livestream
2026-09-22T09:08:46.194Z	info	staff-logger	scenario/viewer.go:32	basic viewer scenario
2026-09-22T09:08:46.194Z	info	staff-logger	scenario/viewer.go:56	visit top
2026-09-22T09:08:46.194Z	info	staff-logger	scenario/viewer.go:64	get livestream
2026-09-22T09:08:46.194Z	info	staff-logger	scenario/viewer.go:83	visit livestream
2026-09-22T09:08:46.223Z	info	staff-logger	scenario/viewer.go:64	get livestream
2026-09-22T09:08:46.223Z	info	staff-logger	scenario/viewer.go:76	visit user profile
2026-09-22T09:08:46.376Z	info	staff-logger	scenario/viewer.go:83	visit livestream
2026-09-22T09:08:46.419Z	info	staff-logger	scenario/viewer.go:83	visit livestream
2026-09-22T09:08:46.474Z	info	staff-logger	scenario/viewer.go:83	visit livestream
2026-09-22T09:08:46.491Z	info	staff-logger	scenario/viewer.go:32	basic viewer scenario
2026-09-22T09:08:46.491Z	info	staff-logger	scenario/viewer.go:56	visit top
2026-09-22T09:08:46.491Z	info	staff-logger	scenario/viewer.go:64	get livestream
2026-09-22T09:08:46.491Z	info	staff-logger	scenario/viewer.go:83	visit livestream
2026-09-22T09:08:46.500Z	warn	staff-logger	scenario/viewer.go:178	viewer_spam: failed to post livecomment (moderated spam): benchmark-application: [一般エラー] POST /api/livestream/7830/livecomment へのリクエストに対して、期待されたHTTPステータスコードが確認できませんでした (expected:400, actual:201)

2026-09-22T09:08:46.523Z	info	staff-logger	scenario/viewer.go:32	basic viewer scenario
2026-09-22T09:08:46.523Z	info	staff-logger	scenario/viewer.go:56	visit top
2026-09-22T09:08:46.523Z	info	staff-logger	scenario/viewer.go:64	get livestream
2026-09-22T09:08:46.523Z	info	staff-logger	scenario/viewer.go:83	visit livestream
2026-09-22T09:08:46.607Z	info	staff-logger	scenario/viewer.go:32	basic viewer scenario
2026-09-22T09:08:46.607Z	info	staff-logger	scenario/viewer.go:56	visit top
2026-09-22T09:08:46.607Z	info	staff-logger	scenario/viewer.go:64	get livestream
2026-09-22T09:08:46.607Z	info	staff-logger	scenario/viewer.go:83	visit livestream
2026-09-22T09:08:46.617Z	info	staff-logger	scenario/viewer.go:32	basic viewer scenario
2026-09-22T09:08:46.617Z	info	staff-logger	scenario/viewer.go:56	visit top
2026-09-22T09:08:46.617Z	info	staff-logger	scenario/viewer.go:64	get livestream
2026-09-22T09:08:46.617Z	info	staff-logger	scenario/viewer.go:83	visit livestream
2026-09-22T09:08:46.655Z	warn	staff-logger	scenario/viewer.go:178	viewer_spam: failed to post livecomment (moderated spam): benchmark-application: [一般エラー] POST /api/livestream/7541/livecomment へのリクエストに対して、期待されたHTTPステータスコードが確認できませんでした (expected:400, actual:201)

2026-09-22T09:08:46.667Z	info	staff-logger	scenario/viewer.go:32	basic viewer scenario
2026-09-22T09:08:46.667Z	info	staff-logger	scenario/viewer.go:56	visit top
2026-09-22T09:08:46.667Z	info	staff-logger	scenario/viewer.go:64	get livestream
2026-09-22T09:08:46.667Z	info	staff-logger	scenario/viewer.go:83	visit livestream
2026-09-22T09:08:46.683Z	info	staff-logger	scenario/viewer.go:32	basic viewer scenario
2026-09-22T09:08:46.683Z	info	staff-logger	scenario/viewer.go:56	visit top
2026-09-22T09:08:46.683Z	info	staff-logger	scenario/viewer.go:64	get livestream
2026-09-22T09:08:46.683Z	info	staff-logger	scenario/viewer.go:83	visit livestream
2026-09-22T09:08:46.706Z	info	staff-logger	scenario/viewer.go:32	basic viewer scenario
2026-09-22T09:08:46.706Z	info	staff-logger	scenario/viewer.go:56	visit top
2026-09-22T09:08:46.706Z	info	staff-logger	scenario/viewer.go:64	get livestream
2026-09-22T09:08:46.706Z	info	staff-logger	scenario/viewer.go:83	visit livestream
2026-09-22T09:08:46.716Z	info	staff-logger	scenario/viewer.go:32	basic viewer scenario
2026-09-22T09:08:46.716Z	info	staff-logger	scenario/viewer.go:56	visit top
2026-09-22T09:08:46.716Z	info	staff-logger	scenario/viewer.go:64	get livestream
2026-09-22T09:08:46.716Z	info	staff-logger	scenario/viewer.go:83	visit livestream
2026-09-22T09:08:46.738Z	info	staff-logger	scenario/viewer.go:90	get livestream stats
2026-09-22T09:08:46.822Z	info	staff-logger	scenario/viewer.go:32	basic viewer scenario
2026-09-22T09:08:46.822Z	info	staff-logger	scenario/viewer.go:56	visit top
2026-09-22T09:08:46.822Z	info	staff-logger	scenario/viewer.go:32	basic viewer scenario
2026-09-22T09:08:46.822Z	info	staff-logger	scenario/viewer.go:56	visit top
2026-09-22T09:08:46.822Z	info	staff-logger	scenario/viewer.go:64	get livestream
2026-09-22T09:08:46.822Z	info	staff-logger	scenario/viewer.go:83	visit livestream
2026-09-22T09:08:46.879Z	warn	staff-logger	scenario/viewer.go:178	viewer_spam: failed to post livecomment (moderated spam): benchmark-application: [一般エラー] POST /api/livestream/7698/livecomment へのリクエストに対して、期待されたHTTPステータスコードが確認できませんでした (expected:400, actual:201)

2026-09-22T09:08:46.983Z	info	staff-logger	scenario/viewer.go:32	basic viewer scenario
2026-09-22T09:08:46.983Z	info	staff-logger	scenario/viewer.go:56	visit top
2026-09-22T09:08:46.983Z	info	staff-logger	scenario/viewer.go:64	get livestream
2026-09-22T09:08:46.983Z	info	staff-logger	scenario/viewer.go:83	visit livestream
2026-09-22T09:08:46.985Z	info	staff-logger	scenario/viewer.go:32	basic viewer scenario
2026-09-22T09:08:46.985Z	info	staff-logger	scenario/viewer.go:56	visit top
2026-09-22T09:08:46.985Z	info	staff-logger	scenario/viewer.go:64	get livestream
2026-09-22T09:08:46.985Z	info	staff-logger	scenario/viewer.go:83	visit livestream
2026-09-22T09:08:46.990Z	info	staff-logger	scenario/viewer.go:32	basic viewer scenario
2026-09-22T09:08:46.990Z	info	staff-logger	scenario/viewer.go:56	visit top
2026-09-22T09:08:46.990Z	info	staff-logger	scenario/viewer.go:64	get livestream
2026-09-22T09:08:46.990Z	info	staff-logger	scenario/viewer.go:83	visit livestream
2026-09-22T09:08:46.997Z	info	staff-logger	scenario/streamer.go:48	change icon
2026-09-22T09:08:47.024Z	info	staff-logger	scenario/viewer.go:90	get livestream stats
2026-09-22T09:08:47.025Z	info	staff-logger	scenario/viewer.go:32	basic viewer scenario
2026-09-22T09:08:47.025Z	info	staff-logger	scenario/viewer.go:56	visit top
2026-09-22T09:08:47.025Z	info	staff-logger	scenario/viewer.go:64	get livestream
2026-09-22T09:08:47.025Z	info	staff-logger	scenario/viewer.go:83	visit livestream
2026-09-22T09:08:47.068Z	info	staff-logger	scenario/viewer.go:32	basic viewer scenario
2026-09-22T09:08:47.068Z	info	staff-logger	scenario/viewer.go:56	visit top
2026-09-22T09:08:47.068Z	info	staff-logger	scenario/viewer.go:64	get livestream
2026-09-22T09:08:47.068Z	info	staff-logger	scenario/viewer.go:83	visit livestream
2026-09-22T09:08:47.094Z	info	staff-logger	scenario/viewer.go:90	get livestream stats
2026-09-22T09:08:47.102Z	info	staff-logger	scenario/viewer.go:32	basic viewer scenario
2026-09-22T09:08:47.102Z	info	staff-logger	scenario/viewer.go:56	visit top
2026-09-22T09:08:47.102Z	info	staff-logger	scenario/viewer.go:64	get livestream
2026-09-22T09:08:47.102Z	info	staff-logger	scenario/viewer.go:83	visit livestream
2026-09-22T09:08:47.138Z	info	staff-logger	scenario/viewer.go:64	get livestream
2026-09-22T09:08:47.138Z	info	staff-logger	scenario/viewer.go:76	visit user profile
2026-09-22T09:08:47.159Z	info	staff-logger	scenario/viewer.go:32	basic viewer scenario
2026-09-22T09:08:47.159Z	info	staff-logger	scenario/viewer.go:56	visit top
2026-09-22T09:08:47.159Z	info	staff-logger	scenario/viewer.go:64	get livestream
2026-09-22T09:08:47.159Z	info	staff-logger	scenario/viewer.go:83	visit livestream
2026-09-22T09:08:47.186Z	info	staff-logger	scenario/viewer.go:32	basic viewer scenario
2026-09-22T09:08:47.186Z	info	staff-logger	scenario/viewer.go:56	visit top
2026-09-22T09:08:47.186Z	info	staff-logger	scenario/viewer.go:64	get livestream
2026-09-22T09:08:47.186Z	info	staff-logger	scenario/viewer.go:83	visit livestream
2026-09-22T09:08:47.222Z	warn	staff-logger	scenario/viewer.go:178	viewer_spam: failed to post livecomment (moderated spam): benchmark-application: [一般エラー] POST /api/livestream/7548/livecomment へのリクエストに対して、期待されたHTTPステータスコードが確認できませんでした (expected:400, actual:201)

2026-09-22T09:08:47.282Z	info	staff-logger	scenario/viewer.go:32	basic viewer scenario
2026-09-22T09:08:47.282Z	info	staff-logger	scenario/viewer.go:56	visit top
2026-09-22T09:08:47.282Z	info	staff-logger	scenario/viewer.go:64	get livestream
2026-09-22T09:08:47.282Z	info	staff-logger	scenario/viewer.go:83	visit livestream
2026-09-22T09:08:47.318Z	info	staff-logger	scenario/viewer.go:90	get livestream stats
2026-09-22T09:08:47.342Z	info	staff-logger	scenario/viewer.go:32	basic viewer scenario
2026-09-22T09:08:47.342Z	info	staff-logger	scenario/viewer.go:56	visit top
2026-09-22T09:08:47.342Z	info	staff-logger	scenario/viewer.go:64	get livestream
2026-09-22T09:08:47.342Z	info	staff-logger	scenario/viewer.go:83	visit livestream
2026-09-22T09:08:47.379Z	info	staff-logger	scenario/viewer.go:32	basic viewer scenario
2026-09-22T09:08:47.379Z	info	staff-logger	scenario/viewer.go:56	visit top
2026-09-22T09:08:47.393Z	info	staff-logger	scenario/viewer.go:83	visit livestream
2026-09-22T09:08:47.393Z	info	staff-logger	scenario/viewer.go:32	basic viewer scenario
2026-09-22T09:08:47.393Z	info	staff-logger	scenario/viewer.go:56	visit top
2026-09-22T09:08:47.394Z	info	staff-logger	scenario/viewer.go:64	get livestream
2026-09-22T09:08:47.394Z	info	staff-logger	scenario/viewer.go:83	visit livestream
2026-09-22T09:08:47.445Z	info	staff-logger	scenario/viewer.go:32	basic viewer scenario
2026-09-22T09:08:47.445Z	info	staff-logger	scenario/viewer.go:56	visit top
2026-09-22T09:08:47.445Z	info	staff-logger	scenario/viewer.go:64	get livestream
2026-09-22T09:08:47.445Z	info	staff-logger	scenario/viewer.go:83	visit livestream
2026-09-22T09:08:47.459Z	info	staff-logger	scenario/viewer.go:32	basic viewer scenario
2026-09-22T09:08:47.459Z	info	staff-logger	scenario/viewer.go:56	visit top
2026-09-22T09:08:47.459Z	info	staff-logger	scenario/viewer.go:64	get livestream
2026-09-22T09:08:47.459Z	info	staff-logger	scenario/viewer.go:83	visit livestream
2026-09-22T09:08:47.482Z	info	staff-logger	scenario/viewer.go:32	basic viewer scenario
2026-09-22T09:08:47.482Z	info	staff-logger	scenario/viewer.go:56	visit top
2026-09-22T09:08:47.482Z	info	staff-logger	scenario/viewer.go:64	get livestream
2026-09-22T09:08:47.482Z	info	staff-logger	scenario/viewer.go:83	visit livestream
2026-09-22T09:08:47.524Z	info	staff-logger	scenario/viewer.go:32	basic viewer scenario
2026-09-22T09:08:47.525Z	info	staff-logger	scenario/viewer.go:56	visit top
2026-09-22T09:08:47.525Z	info	staff-logger	scenario/viewer.go:64	get livestream
2026-09-22T09:08:47.525Z	info	staff-logger	scenario/viewer.go:83	visit livestream
2026-09-22T09:08:47.572Z	info	staff-logger	scenario/viewer.go:32	basic viewer scenario
2026-09-22T09:08:47.572Z	info	staff-logger	scenario/viewer.go:56	visit top
2026-09-22T09:08:47.572Z	info	staff-logger	scenario/viewer.go:64	get livestream
2026-09-22T09:08:47.572Z	info	staff-logger	scenario/viewer.go:83	visit livestream
2026-09-22T09:08:47.660Z	info	staff-logger	scenario/viewer.go:32	basic viewer scenario
2026-09-22T09:08:47.660Z	info	staff-logger	scenario/viewer.go:56	visit top
2026-09-22T09:08:47.662Z	info	staff-logger	scenario/viewer.go:64	get livestream
2026-09-22T09:08:47.662Z	info	staff-logger	scenario/viewer.go:83	visit livestream
2026-09-22T09:08:47.697Z	info	staff-logger	scenario/viewer.go:64	get livestream
2026-09-22T09:08:47.697Z	info	staff-logger	scenario/viewer.go:76	visit user profile
2026-09-22T09:08:47.743Z	info	staff-logger	scenario/viewer.go:32	basic viewer scenario
2026-09-22T09:08:47.743Z	info	staff-logger	scenario/viewer.go:56	visit top
2026-09-22T09:08:47.743Z	info	staff-logger	scenario/viewer.go:64	get livestream
2026-09-22T09:08:47.743Z	info	staff-logger	scenario/viewer.go:83	visit livestream
2026-09-22T09:08:47.751Z	info	staff-logger	scenario/viewer.go:32	basic viewer scenario
2026-09-22T09:08:47.751Z	info	staff-logger	scenario/viewer.go:56	visit top
2026-09-22T09:08:47.751Z	info	staff-logger	scenario/viewer.go:64	get livestream
2026-09-22T09:08:47.751Z	info	staff-logger	scenario/viewer.go:83	visit livestream
2026-09-22T09:08:47.773Z	info	staff-logger	scenario/viewer.go:32	basic viewer scenario
2026-09-22T09:08:47.773Z	info	staff-logger	scenario/viewer.go:56	visit top
2026-09-22T09:08:47.773Z	info	staff-logger	scenario/viewer.go:64	get livestream
2026-09-22T09:08:47.773Z	info	staff-logger	scenario/viewer.go:83	visit livestream
2026-09-22T09:08:47.823Z	info	staff-logger	scenario/viewer.go:83	visit livestream
2026-09-22T09:08:47.834Z	info	staff-logger	scenario/viewer.go:32	basic viewer scenario
2026-09-22T09:08:47.834Z	info	staff-logger	scenario/viewer.go:56	visit top
2026-09-22T09:08:47.834Z	info	staff-logger	scenario/viewer.go:64	get livestream
2026-09-22T09:08:47.834Z	info	staff-logger	scenario/viewer.go:83	visit livestream
2026-09-22T09:08:47.846Z	info	staff-logger	scenario/viewer.go:32	basic viewer scenario
2026-09-22T09:08:47.846Z	info	staff-logger	scenario/viewer.go:56	visit top
2026-09-22T09:08:47.846Z	info	staff-logger	scenario/viewer.go:64	get livestream
2026-09-22T09:08:47.846Z	info	staff-logger	scenario/viewer.go:83	visit livestream
2026-09-22T09:08:47.907Z	warn	staff-logger	scenario/viewer.go:178	viewer_spam: failed to post livecomment (moderated spam): benchmark-application: [一般エラー] POST /api/livestream/7747/livecomment へのリクエストに対して、期待されたHTTPステータスコードが確認できませんでした (expected:400, actual:201)

2026-09-22T09:08:47.927Z	info	staff-logger	scenario/viewer.go:32	basic viewer scenario
2026-09-22T09:08:47.927Z	info	staff-logger	scenario/viewer.go:56	visit top
2026-09-22T09:08:47.928Z	info	staff-logger	scenario/viewer.go:64	get livestream
2026-09-22T09:08:47.928Z	info	staff-logger	scenario/viewer.go:83	visit livestream
2026-09-22T09:08:47.952Z	info	staff-logger	scenario/viewer.go:90	get livestream stats
2026-09-22T09:08:48.007Z	info	staff-logger	scenario/viewer.go:32	basic viewer scenario
2026-09-22T09:08:48.007Z	info	staff-logger	scenario/viewer.go:56	visit top
2026-09-22T09:08:48.007Z	info	staff-logger	scenario/viewer.go:64	get livestream
2026-09-22T09:08:48.007Z	info	staff-logger	scenario/viewer.go:83	visit livestream
2026-09-22T09:08:48.023Z	warn	staff-logger	scenario/viewer.go:178	viewer_spam: failed to post livecomment (moderated spam): benchmark-application: [一般エラー] POST /api/livestream/7853/livecomment へのリクエストに対して、期待されたHTTPステータスコードが確認できませんでした (expected:400, actual:201)

2026-09-22T09:08:48.034Z	info	staff-logger	scenario/viewer.go:90	get livestream stats
2026-09-22T09:08:48.038Z	info	staff-logger	scenario/viewer.go:32	basic viewer scenario
2026-09-22T09:08:48.038Z	info	staff-logger	scenario/viewer.go:56	visit top
2026-09-22T09:08:48.038Z	info	staff-logger	scenario/viewer.go:64	get livestream
2026-09-22T09:08:48.038Z	info	staff-logger	scenario/viewer.go:83	visit livestream
2026-09-22T09:08:48.134Z	warn	staff-logger	scenario/viewer.go:178	viewer_spam: failed to post livecomment (moderated spam): benchmark-application: [一般エラー] POST /api/livestream/7723/livecomment へのリクエストに対して、期待されたHTTPステータスコードが確認できませんでした (expected:400, actual:201)

2026-09-22T09:08:48.146Z	info	staff-logger	scenario/viewer.go:32	basic viewer scenario
2026-09-22T09:08:48.146Z	info	staff-logger	scenario/viewer.go:56	visit top
2026-09-22T09:08:48.146Z	info	staff-logger	scenario/viewer.go:64	get livestream
2026-09-22T09:08:48.146Z	info	staff-logger	scenario/viewer.go:83	visit livestream
2026-09-22T09:08:48.165Z	info	staff-logger	scenario/viewer.go:32	basic viewer scenario
2026-09-22T09:08:48.165Z	info	staff-logger	scenario/viewer.go:56	visit top
2026-09-22T09:08:48.165Z	info	staff-logger	scenario/viewer.go:64	get livestream
2026-09-22T09:08:48.166Z	info	staff-logger	scenario/viewer.go:83	visit livestream
2026-09-22T09:08:48.191Z	info	staff-logger	scenario/viewer.go:32	basic viewer scenario
2026-09-22T09:08:48.191Z	info	staff-logger	scenario/viewer.go:56	visit top
2026-09-22T09:08:48.191Z	info	staff-logger	scenario/viewer.go:64	get livestream
2026-09-22T09:08:48.191Z	info	staff-logger	scenario/viewer.go:83	visit livestream
2026-09-22T09:08:48.200Z	info	staff-logger	scenario/viewer.go:32	basic viewer scenario
2026-09-22T09:08:48.200Z	info	staff-logger	scenario/viewer.go:56	visit top
2026-09-22T09:08:48.200Z	info	staff-logger	scenario/viewer.go:64	get livestream
2026-09-22T09:08:48.200Z	info	staff-logger	scenario/viewer.go:83	visit livestream
2026-09-22T09:08:48.217Z	info	staff-logger	scenario/viewer.go:90	get livestream stats
2026-09-22T09:08:48.232Z	info	staff-logger	scenario/viewer.go:32	basic viewer scenario
2026-09-22T09:08:48.232Z	info	staff-logger	scenario/viewer.go:56	visit top
2026-09-22T09:08:48.232Z	info	staff-logger	scenario/viewer.go:64	get livestream
2026-09-22T09:08:48.232Z	info	staff-logger	scenario/viewer.go:83	visit livestream
2026-09-22T09:08:48.292Z	info	staff-logger	scenario/viewer.go:32	basic viewer scenario
2026-09-22T09:08:48.292Z	info	staff-logger	scenario/viewer.go:56	visit top
2026-09-22T09:08:48.299Z	info	staff-logger	scenario/viewer.go:32	basic viewer scenario
2026-09-22T09:08:48.299Z	info	staff-logger	scenario/viewer.go:56	visit top
2026-09-22T09:08:48.385Z	info	staff-logger	scenario/viewer.go:32	basic viewer scenario
2026-09-22T09:08:48.385Z	info	staff-logger	scenario/viewer.go:56	visit top
2026-09-22T09:08:48.385Z	info	staff-logger	scenario/viewer.go:64	get livestream
2026-09-22T09:08:48.385Z	info	staff-logger	scenario/viewer.go:83	visit livestream
2026-09-22T09:08:48.396Z	info	staff-logger	scenario/viewer.go:32	basic viewer scenario
2026-09-22T09:08:48.396Z	info	staff-logger	scenario/viewer.go:56	visit top
2026-09-22T09:08:48.396Z	info	staff-logger	scenario/viewer.go:64	get livestream
2026-09-22T09:08:48.396Z	info	staff-logger	scenario/viewer.go:83	visit livestream
2026-09-22T09:08:48.400Z	info	staff-logger	scenario/viewer.go:32	basic viewer scenario
2026-09-22T09:08:48.400Z	info	staff-logger	scenario/viewer.go:56	visit top
2026-09-22T09:08:48.400Z	info	staff-logger	scenario/viewer.go:64	get livestream
2026-09-22T09:08:48.400Z	info	staff-logger	scenario/viewer.go:83	visit livestream
2026-09-22T09:08:48.422Z	info	staff-logger	scenario/viewer.go:90	get livestream stats
2026-09-22T09:08:48.462Z	info	staff-logger	scenario/viewer.go:32	basic viewer scenario
2026-09-22T09:08:48.462Z	info	staff-logger	scenario/viewer.go:56	visit top
2026-09-22T09:08:48.462Z	info	staff-logger	scenario/viewer.go:64	get livestream
2026-09-22T09:08:48.462Z	info	staff-logger	scenario/viewer.go:83	visit livestream
2026-09-22T09:08:48.470Z	warn	staff-logger	scenario/viewer.go:178	viewer_spam: failed to post livecomment (moderated spam): benchmark-application: [一般エラー] POST /api/livestream/7770/livecomment へのリクエストに対して、期待されたHTTPステータスコードが確認できませんでした (expected:400, actual:201)

2026-09-22T09:08:48.534Z	info	staff-logger	scenario/viewer.go:64	get livestream
2026-09-22T09:08:48.534Z	info	staff-logger	scenario/viewer.go:76	visit user profile
2026-09-22T09:08:48.536Z	info	staff-logger	scenario/viewer.go:32	basic viewer scenario
2026-09-22T09:08:48.536Z	info	staff-logger	scenario/viewer.go:56	visit top
2026-09-22T09:08:48.536Z	info	staff-logger	scenario/viewer.go:64	get livestream
2026-09-22T09:08:48.536Z	info	staff-logger	scenario/viewer.go:83	visit livestream
2026-09-22T09:08:48.549Z	info	staff-logger	scenario/viewer.go:32	basic viewer scenario
2026-09-22T09:08:48.549Z	info	staff-logger	scenario/viewer.go:56	visit top
2026-09-22T09:08:48.549Z	info	staff-logger	scenario/viewer.go:64	get livestream
2026-09-22T09:08:48.549Z	info	staff-logger	scenario/viewer.go:83	visit livestream
2026-09-22T09:08:48.556Z	info	staff-logger	scenario/viewer.go:64	get livestream
2026-09-22T09:08:48.556Z	info	staff-logger	scenario/viewer.go:76	visit user profile
2026-09-22T09:08:48.583Z	info	staff-logger	scenario/viewer.go:32	basic viewer scenario
2026-09-22T09:08:48.583Z	info	staff-logger	scenario/viewer.go:56	visit top
2026-09-22T09:08:48.583Z	info	staff-logger	scenario/viewer.go:64	get livestream
2026-09-22T09:08:48.583Z	info	staff-logger	scenario/viewer.go:83	visit livestream
2026-09-22T09:08:48.596Z	info	staff-logger	scenario/viewer.go:32	basic viewer scenario
2026-09-22T09:08:48.596Z	info	staff-logger	scenario/viewer.go:56	visit top
2026-09-22T09:08:48.596Z	info	staff-logger	scenario/viewer.go:64	get livestream
2026-09-22T09:08:48.596Z	info	staff-logger	scenario/viewer.go:83	visit livestream
2026-09-22T09:08:48.611Z	info	staff-logger	scenario/viewer.go:32	basic viewer scenario
2026-09-22T09:08:48.611Z	info	staff-logger	scenario/viewer.go:56	visit top
2026-09-22T09:08:48.611Z	info	staff-logger	scenario/viewer.go:64	get livestream
2026-09-22T09:08:48.611Z	info	staff-logger	scenario/viewer.go:83	visit livestream
2026-09-22T09:08:48.643Z	info	staff-logger	scenario/viewer.go:32	basic viewer scenario
2026-09-22T09:08:48.643Z	info	staff-logger	scenario/viewer.go:56	visit top
2026-09-22T09:08:48.643Z	info	staff-logger	scenario/viewer.go:64	get livestream
2026-09-22T09:08:48.643Z	info	staff-logger	scenario/viewer.go:83	visit livestream
2026-09-22T09:08:48.707Z	info	staff-logger	scenario/viewer.go:32	basic viewer scenario
2026-09-22T09:08:48.707Z	info	staff-logger	scenario/viewer.go:56	visit top
2026-09-22T09:08:48.720Z	info	staff-logger	scenario/viewer.go:32	basic viewer scenario
2026-09-22T09:08:48.720Z	info	staff-logger	scenario/viewer.go:56	visit top
2026-09-22T09:08:48.720Z	info	staff-logger	scenario/viewer.go:64	get livestream
2026-09-22T09:08:48.720Z	info	staff-logger	scenario/viewer.go:83	visit livestream
2026-09-22T09:08:48.729Z	info	staff-logger	scenario/viewer.go:83	visit livestream
2026-09-22T09:08:48.739Z	info	staff-logger	scenario/viewer.go:32	basic viewer scenario
2026-09-22T09:08:48.739Z	info	staff-logger	scenario/viewer.go:56	visit top
2026-09-22T09:08:48.739Z	info	staff-logger	scenario/viewer.go:64	get livestream
2026-09-22T09:08:48.739Z	info	staff-logger	scenario/viewer.go:83	visit livestream
2026-09-22T09:08:48.752Z	info	staff-logger	scenario/viewer.go:90	get livestream stats
2026-09-22T09:08:48.757Z	info	staff-logger	scenario/viewer.go:83	visit livestream
2026-09-22T09:08:48.763Z	info	staff-logger	scenario/viewer.go:32	basic viewer scenario
2026-09-22T09:08:48.763Z	info	staff-logger	scenario/viewer.go:56	visit top
2026-09-22T09:08:48.763Z	info	staff-logger	scenario/viewer.go:64	get livestream
2026-09-22T09:08:48.763Z	info	staff-logger	scenario/viewer.go:83	visit livestream
2026-09-22T09:08:48.770Z	info	staff-logger	scenario/viewer.go:32	basic viewer scenario
2026-09-22T09:08:48.770Z	info	staff-logger	scenario/viewer.go:56	visit top
2026-09-22T09:08:48.770Z	info	staff-logger	scenario/viewer.go:64	get livestream
2026-09-22T09:08:48.770Z	info	staff-logger	scenario/viewer.go:83	visit livestream
2026-09-22T09:08:48.784Z	info	staff-logger	scenario/viewer.go:90	get livestream stats
2026-09-22T09:08:48.813Z	info	staff-logger	scenario/viewer.go:32	basic viewer scenario
2026-09-22T09:08:48.813Z	info	staff-logger	scenario/viewer.go:56	visit top
2026-09-22T09:08:48.813Z	info	staff-logger	scenario/viewer.go:64	get livestream
2026-09-22T09:08:48.813Z	info	staff-logger	scenario/viewer.go:83	visit livestream
2026-09-22T09:08:48.817Z	info	staff-logger	scenario/viewer.go:32	basic viewer scenario
2026-09-22T09:08:48.817Z	info	staff-logger	scenario/viewer.go:56	visit top
2026-09-22T09:08:48.817Z	info	staff-logger	scenario/viewer.go:64	get livestream
2026-09-22T09:08:48.817Z	info	staff-logger	scenario/viewer.go:83	visit livestream
2026-09-22T09:08:48.906Z	warn	staff-logger	scenario/viewer.go:178	viewer_spam: failed to post livecomment (moderated spam): benchmark-application: [一般エラー] POST /api/livestream/7797/livecomment へのリクエストに対して、期待されたHTTPステータスコードが確認できませんでした (expected:400, actual:201)

2026-09-22T09:08:48.924Z	info	staff-logger	scenario/viewer.go:32	basic viewer scenario
2026-09-22T09:08:48.924Z	info	staff-logger	scenario/viewer.go:56	visit top
2026-09-22T09:08:48.924Z	info	staff-logger	scenario/viewer.go:64	get livestream
2026-09-22T09:08:48.924Z	info	staff-logger	scenario/viewer.go:83	visit livestream
2026-09-22T09:08:48.994Z	info	staff-logger	scenario/viewer.go:64	get livestream
2026-09-22T09:08:48.994Z	info	staff-logger	scenario/viewer.go:76	visit user profile
2026-09-22T09:08:49.101Z	info	staff-logger	scenario/viewer.go:32	basic viewer scenario
2026-09-22T09:08:49.101Z	info	staff-logger	scenario/viewer.go:56	visit top
2026-09-22T09:08:49.101Z	info	staff-logger	scenario/viewer.go:64	get livestream
2026-09-22T09:08:49.101Z	info	staff-logger	scenario/viewer.go:83	visit livestream
2026-09-22T09:08:49.106Z	info	staff-logger	scenario/viewer.go:32	basic viewer scenario
2026-09-22T09:08:49.106Z	info	staff-logger	scenario/viewer.go:56	visit top
2026-09-22T09:08:49.106Z	info	staff-logger	scenario/viewer.go:64	get livestream
2026-09-22T09:08:49.106Z	info	staff-logger	scenario/viewer.go:83	visit livestream
2026-09-22T09:08:49.141Z	info	staff-logger	scenario/viewer.go:32	basic viewer scenario
2026-09-22T09:08:49.141Z	info	staff-logger	scenario/viewer.go:56	visit top
2026-09-22T09:08:49.141Z	info	staff-logger	scenario/viewer.go:64	get livestream
2026-09-22T09:08:49.142Z	info	staff-logger	scenario/viewer.go:83	visit livestream
2026-09-22T09:08:49.156Z	info	staff-logger	scenario/viewer.go:32	basic viewer scenario
2026-09-22T09:08:49.157Z	info	staff-logger	scenario/viewer.go:56	visit top
2026-09-22T09:08:49.157Z	info	staff-logger	scenario/viewer.go:64	get livestream
2026-09-22T09:08:49.157Z	info	staff-logger	scenario/viewer.go:83	visit livestream
2026-09-22T09:08:49.161Z	info	staff-logger	scenario/viewer.go:32	basic viewer scenario
2026-09-22T09:08:49.161Z	info	staff-logger	scenario/viewer.go:56	visit top
2026-09-22T09:08:49.161Z	info	staff-logger	scenario/viewer.go:64	get livestream
2026-09-22T09:08:49.161Z	info	staff-logger	scenario/viewer.go:83	visit livestream
2026-09-22T09:08:49.179Z	info	staff-logger	scenario/viewer.go:83	visit livestream
2026-09-22T09:08:49.196Z	info	staff-logger	scenario/viewer.go:32	basic viewer scenario
2026-09-22T09:08:49.197Z	info	staff-logger	scenario/viewer.go:56	visit top
2026-09-22T09:08:49.197Z	info	staff-logger	scenario/viewer.go:64	get livestream
2026-09-22T09:08:49.197Z	info	staff-logger	scenario/viewer.go:83	visit livestream
2026-09-22T09:08:49.226Z	info	staff-logger	scenario/viewer.go:32	basic viewer scenario
2026-09-22T09:08:49.226Z	info	staff-logger	scenario/viewer.go:56	visit top
2026-09-22T09:08:49.236Z	info	staff-logger	scenario/streamer.go:48	change icon
2026-09-22T09:08:49.269Z	info	staff-logger	scenario/viewer.go:32	basic viewer scenario
2026-09-22T09:08:49.269Z	info	staff-logger	scenario/viewer.go:56	visit top
2026-09-22T09:08:49.269Z	info	staff-logger	scenario/viewer.go:64	get livestream
2026-09-22T09:08:49.269Z	info	staff-logger	scenario/viewer.go:83	visit livestream
2026-09-22T09:08:49.296Z	warn	staff-logger	scenario/viewer.go:178	viewer_spam: failed to post livecomment (moderated spam): benchmark-application: [一般エラー] POST /api/livestream/7547/livecomment へのリクエストに対して、期待されたHTTPステータスコードが確認できませんでした (expected:400, actual:201)

2026-09-22T09:08:49.327Z	info	staff-logger	scenario/viewer.go:32	basic viewer scenario
2026-09-22T09:08:49.327Z	info	staff-logger	scenario/viewer.go:56	visit top
2026-09-22T09:08:49.327Z	info	staff-logger	scenario/viewer.go:64	get livestream
2026-09-22T09:08:49.327Z	info	staff-logger	scenario/viewer.go:83	visit livestream
2026-09-22T09:08:49.416Z	info	staff-logger	scenario/viewer.go:32	basic viewer scenario
2026-09-22T09:08:49.416Z	info	staff-logger	scenario/viewer.go:56	visit top
2026-09-22T09:08:49.416Z	info	staff-logger	scenario/viewer.go:64	get livestream
2026-09-22T09:08:49.416Z	info	staff-logger	scenario/viewer.go:83	visit livestream
2026-09-22T09:08:49.445Z	info	staff-logger	scenario/viewer.go:32	basic viewer scenario
2026-09-22T09:08:49.446Z	info	staff-logger	scenario/viewer.go:56	visit top
2026-09-22T09:08:49.446Z	info	staff-logger	scenario/viewer.go:64	get livestream
2026-09-22T09:08:49.446Z	info	staff-logger	scenario/viewer.go:83	visit livestream
2026-09-22T09:08:49.465Z	info	staff-logger	scenario/viewer.go:32	basic viewer scenario
2026-09-22T09:08:49.465Z	info	staff-logger	scenario/viewer.go:56	visit top
2026-09-22T09:08:49.466Z	info	staff-logger	scenario/viewer.go:64	get livestream
2026-09-22T09:08:49.466Z	info	staff-logger	scenario/viewer.go:83	visit livestream
2026-09-22T09:08:49.473Z	info	staff-logger	scenario/viewer.go:64	get livestream
2026-09-22T09:08:49.473Z	info	staff-logger	scenario/viewer.go:76	visit user profile
2026-09-22T09:08:49.493Z	info	staff-logger	scenario/viewer.go:32	basic viewer scenario
2026-09-22T09:08:49.493Z	info	staff-logger	scenario/viewer.go:56	visit top
2026-09-22T09:08:49.493Z	info	staff-logger	scenario/viewer.go:64	get livestream
2026-09-22T09:08:49.493Z	info	staff-logger	scenario/viewer.go:83	visit livestream
2026-09-22T09:08:49.494Z	info	staff-logger	scenario/viewer.go:90	get livestream stats
2026-09-22T09:08:49.507Z	info	staff-logger	scenario/viewer.go:32	basic viewer scenario
2026-09-22T09:08:49.507Z	info	staff-logger	scenario/viewer.go:56	visit top
2026-09-22T09:08:49.508Z	info	staff-logger	scenario/viewer.go:64	get livestream
2026-09-22T09:08:49.508Z	info	staff-logger	scenario/viewer.go:83	visit livestream
2026-09-22T09:08:49.527Z	info	staff-logger	scenario/viewer.go:32	basic viewer scenario
2026-09-22T09:08:49.527Z	info	staff-logger	scenario/viewer.go:56	visit top
2026-09-22T09:08:49.527Z	info	staff-logger	scenario/viewer.go:64	get livestream
2026-09-22T09:08:49.527Z	info	staff-logger	scenario/viewer.go:83	visit livestream
2026-09-22T09:08:49.575Z	info	staff-logger	scenario/viewer.go:32	basic viewer scenario
2026-09-22T09:08:49.575Z	info	staff-logger	scenario/viewer.go:56	visit top
2026-09-22T09:08:49.575Z	info	staff-logger	scenario/viewer.go:64	get livestream
2026-09-22T09:08:49.575Z	info	staff-logger	scenario/viewer.go:83	visit livestream
2026-09-22T09:08:49.594Z	info	staff-logger	scenario/viewer.go:90	get livestream stats
2026-09-22T09:08:49.662Z	info	staff-logger	scenario/viewer.go:32	basic viewer scenario
2026-09-22T09:08:49.662Z	info	staff-logger	scenario/viewer.go:56	visit top
2026-09-22T09:08:49.662Z	info	staff-logger	scenario/viewer.go:64	get livestream
2026-09-22T09:08:49.662Z	info	staff-logger	scenario/viewer.go:83	visit livestream
2026-09-22T09:08:49.687Z	info	staff-logger	scenario/viewer.go:90	get livestream stats
2026-09-22T09:08:49.698Z	info	staff-logger	scenario/viewer.go:32	basic viewer scenario
2026-09-22T09:08:49.698Z	info	staff-logger	scenario/viewer.go:56	visit top
2026-09-22T09:08:49.738Z	info	staff-logger	scenario/viewer.go:32	basic viewer scenario
2026-09-22T09:08:49.738Z	info	staff-logger	scenario/viewer.go:56	visit top
2026-09-22T09:08:49.742Z	warn	staff-logger	scenario/viewer.go:178	viewer_spam: failed to post livecomment (moderated spam): benchmark-application: [一般エラー] POST /api/livestream/7684/livecomment へのリクエストに対して、期待されたHTTPステータスコードが確認できませんでした (expected:400, actual:201)

2026-09-22T09:08:49.765Z	warn	staff-logger	scenario/viewer.go:178	viewer_spam: failed to post livecomment (moderated spam): benchmark-application: [一般エラー] POST /api/livestream/7761/livecomment へのリクエストに対して、期待されたHTTPステータスコードが確認できませんでした (expected:400, actual:201)

2026-09-22T09:08:49.785Z	warn	staff-logger	scenario/viewer.go:178	viewer_spam: failed to post livecomment (moderated spam): benchmark-application: [一般エラー] POST /api/livestream/7811/livecomment へのリクエストに対して、期待されたHTTPステータスコードが確認できませんでした (expected:400, actual:201)

2026-09-22T09:08:49.872Z	info	staff-logger	scenario/viewer.go:32	basic viewer scenario
2026-09-22T09:08:49.872Z	info	staff-logger	scenario/viewer.go:56	visit top
2026-09-22T09:08:49.872Z	info	staff-logger	scenario/viewer.go:64	get livestream
2026-09-22T09:08:49.872Z	info	staff-logger	scenario/viewer.go:83	visit livestream
2026-09-22T09:08:49.911Z	info	staff-logger	scenario/viewer.go:32	basic viewer scenario
2026-09-22T09:08:49.911Z	info	staff-logger	scenario/viewer.go:56	visit top
2026-09-22T09:08:49.911Z	info	staff-logger	scenario/viewer.go:64	get livestream
2026-09-22T09:08:49.911Z	info	staff-logger	scenario/viewer.go:83	visit livestream
2026-09-22T09:08:49.931Z	info	staff-logger	scenario/viewer.go:90	get livestream stats
2026-09-22T09:08:49.954Z	info	staff-logger	scenario/viewer.go:83	visit livestream
2026-09-22T09:08:49.987Z	info	staff-logger	scenario/viewer.go:64	get livestream
2026-09-22T09:08:49.987Z	info	staff-logger	scenario/viewer.go:76	visit user profile
2026-09-22T09:08:50.014Z	info	staff-logger	scenario/viewer.go:64	get livestream
2026-09-22T09:08:50.014Z	info	staff-logger	scenario/viewer.go:76	visit user profile
2026-09-22T09:08:50.088Z	info	staff-logger	scenario/viewer.go:32	basic viewer scenario
2026-09-22T09:08:50.088Z	info	staff-logger	scenario/viewer.go:56	visit top
2026-09-22T09:08:50.088Z	info	staff-logger	scenario/viewer.go:64	get livestream
2026-09-22T09:08:50.088Z	info	staff-logger	scenario/viewer.go:83	visit livestream
2026-09-22T09:08:50.088Z	info	staff-logger	scenario/viewer.go:32	basic viewer scenario
2026-09-22T09:08:50.088Z	info	staff-logger	scenario/viewer.go:56	visit top
2026-09-22T09:08:50.088Z	info	staff-logger	scenario/viewer.go:64	get livestream
2026-09-22T09:08:50.088Z	info	staff-logger	scenario/viewer.go:83	visit livestream
2026-09-22T09:08:50.093Z	info	staff-logger	scenario/viewer.go:32	basic viewer scenario
2026-09-22T09:08:50.093Z	info	staff-logger	scenario/viewer.go:56	visit top
2026-09-22T09:08:50.093Z	info	staff-logger	scenario/viewer.go:64	get livestream
2026-09-22T09:08:50.093Z	info	staff-logger	scenario/viewer.go:83	visit livestream
2026-09-22T09:08:50.103Z	warn	staff-logger	scenario/viewer.go:178	viewer_spam: failed to post livecomment (moderated spam): benchmark-application: [一般エラー] POST /api/livestream/7683/livecomment へのリクエストに対して、期待されたHTTPステータスコードが確認できませんでした (expected:400, actual:201)

2026-09-22T09:08:50.122Z	warn	staff-logger	scenario/viewer.go:178	viewer_spam: failed to post livecomment (moderated spam): benchmark-application: [一般エラー] POST /api/livestream/7882/livecomment へのリクエストに対して、期待されたHTTPステータスコードが確認できませんでした (expected:400, actual:201)

2026-09-22T09:08:50.164Z	info	staff-logger	scenario/viewer.go:32	basic viewer scenario
2026-09-22T09:08:50.165Z	info	staff-logger	scenario/viewer.go:56	visit top
2026-09-22T09:08:50.165Z	info	staff-logger	scenario/viewer.go:64	get livestream
2026-09-22T09:08:50.165Z	info	staff-logger	scenario/viewer.go:83	visit livestream
2026-09-22T09:08:50.169Z	info	staff-logger	scenario/viewer.go:32	basic viewer scenario
2026-09-22T09:08:50.169Z	info	staff-logger	scenario/viewer.go:56	visit top
2026-09-22T09:08:50.169Z	info	staff-logger	scenario/viewer.go:64	get livestream
2026-09-22T09:08:50.169Z	info	staff-logger	scenario/viewer.go:83	visit livestream
2026-09-22T09:08:50.189Z	info	staff-logger	scenario/viewer.go:90	get livestream stats
2026-09-22T09:08:50.240Z	info	staff-logger	scenario/viewer.go:32	basic viewer scenario
2026-09-22T09:08:50.240Z	info	staff-logger	scenario/viewer.go:56	visit top
2026-09-22T09:08:50.240Z	info	staff-logger	scenario/viewer.go:64	get livestream
2026-09-22T09:08:50.240Z	info	staff-logger	scenario/viewer.go:83	visit livestream
2026-09-22T09:08:50.268Z	info	staff-logger	scenario/viewer.go:32	basic viewer scenario
2026-09-22T09:08:50.268Z	info	staff-logger	scenario/viewer.go:56	visit top
2026-09-22T09:08:50.268Z	info	staff-logger	scenario/viewer.go:64	get livestream
2026-09-22T09:08:50.268Z	info	staff-logger	scenario/viewer.go:83	visit livestream
2026-09-22T09:08:50.286Z	info	staff-logger	scenario/viewer.go:32	basic viewer scenario
2026-09-22T09:08:50.286Z	info	staff-logger	scenario/viewer.go:56	visit top
2026-09-22T09:08:50.286Z	info	staff-logger	scenario/viewer.go:64	get livestream
2026-09-22T09:08:50.286Z	info	staff-logger	scenario/viewer.go:83	visit livestream
2026-09-22T09:08:50.310Z	info	staff-logger	scenario/viewer.go:90	get livestream stats
2026-09-22T09:08:50.341Z	info	staff-logger	scenario/viewer.go:32	basic viewer scenario
2026-09-22T09:08:50.341Z	info	staff-logger	scenario/viewer.go:56	visit top
2026-09-22T09:08:50.341Z	info	staff-logger	scenario/viewer.go:64	get livestream
2026-09-22T09:08:50.341Z	info	staff-logger	scenario/viewer.go:83	visit livestream
2026-09-22T09:08:50.360Z	info	staff-logger	scenario/viewer.go:83	visit livestream
2026-09-22T09:08:50.369Z	info	staff-logger	scenario/viewer.go:83	visit livestream
2026-09-22T09:08:50.443Z	info	staff-logger	scenario/viewer.go:32	basic viewer scenario
2026-09-22T09:08:50.443Z	info	staff-logger	scenario/viewer.go:56	visit top
2026-09-22T09:08:50.443Z	info	staff-logger	scenario/viewer.go:64	get livestream
2026-09-22T09:08:50.443Z	info	staff-logger	scenario/viewer.go:83	visit livestream
2026-09-22T09:08:50.518Z	info	staff-logger	scenario/viewer.go:32	basic viewer scenario
2026-09-22T09:08:50.518Z	info	staff-logger	scenario/viewer.go:56	visit top
2026-09-22T09:08:50.518Z	info	staff-logger	scenario/viewer.go:64	get livestream
2026-09-22T09:08:50.518Z	info	staff-logger	scenario/viewer.go:83	visit livestream
2026-09-22T09:08:50.541Z	info	staff-logger	scenario/viewer.go:90	get livestream stats
2026-09-22T09:08:50.597Z	info	staff-logger	scenario/viewer.go:32	basic viewer scenario
2026-09-22T09:08:50.597Z	info	staff-logger	scenario/viewer.go:56	visit top
2026-09-22T09:08:50.597Z	info	staff-logger	scenario/viewer.go:64	get livestream
2026-09-22T09:08:50.598Z	info	staff-logger	scenario/viewer.go:83	visit livestream
2026-09-22T09:08:50.608Z	info	staff-logger	scenario/viewer.go:32	basic viewer scenario
2026-09-22T09:08:50.608Z	info	staff-logger	scenario/viewer.go:56	visit top
2026-09-22T09:08:50.608Z	info	staff-logger	scenario/viewer.go:64	get livestream
2026-09-22T09:08:50.608Z	info	staff-logger	scenario/viewer.go:83	visit livestream
2026-09-22T09:08:50.674Z	info	staff-logger	scenario/viewer.go:32	basic viewer scenario
2026-09-22T09:08:50.674Z	info	staff-logger	scenario/viewer.go:56	visit top
2026-09-22T09:08:50.736Z	warn	staff-logger	scenario/viewer.go:178	viewer_spam: failed to post livecomment (moderated spam): benchmark-application: [一般エラー] POST /api/livestream/7523/livecomment へのリクエストに対して、期待されたHTTPステータスコードが確認できませんでした (expected:400, actual:201)

2026-09-22T09:08:50.754Z	info	staff-logger	scenario/viewer.go:32	basic viewer scenario
2026-09-22T09:08:50.754Z	info	staff-logger	scenario/viewer.go:56	visit top
2026-09-22T09:08:50.754Z	info	staff-logger	scenario/viewer.go:64	get livestream
2026-09-22T09:08:50.754Z	info	staff-logger	scenario/viewer.go:83	visit livestream
2026-09-22T09:08:50.773Z	info	staff-logger	scenario/viewer.go:90	get livestream stats
2026-09-22T09:08:50.820Z	info	staff-logger	scenario/viewer.go:32	basic viewer scenario
2026-09-22T09:08:50.820Z	info	staff-logger	scenario/viewer.go:56	visit top
2026-09-22T09:08:50.820Z	info	staff-logger	scenario/viewer.go:64	get livestream
2026-09-22T09:08:50.820Z	info	staff-logger	scenario/viewer.go:83	visit livestream
2026-09-22T09:08:50.920Z	warn	staff-logger	scenario/viewer.go:178	viewer_spam: failed to post livecomment (moderated spam): benchmark-application: [一般エラー] POST /api/livestream/7564/livecomment へのリクエストに対して、期待されたHTTPステータスコードが確認できませんでした (expected:400, actual:201)

2026-09-22T09:08:50.939Z	info	staff-logger	scenario/viewer.go:32	basic viewer scenario
2026-09-22T09:08:50.940Z	info	staff-logger	scenario/viewer.go:56	visit top
2026-09-22T09:08:50.940Z	info	staff-logger	scenario/viewer.go:64	get livestream
2026-09-22T09:08:50.940Z	info	staff-logger	scenario/viewer.go:83	visit livestream
2026-09-22T09:08:50.983Z	info	staff-logger	scenario/viewer.go:64	get livestream
2026-09-22T09:08:50.983Z	info	staff-logger	scenario/viewer.go:76	visit user profile
2026-09-22T09:08:50.985Z	info	staff-logger	scenario/viewer.go:32	basic viewer scenario
2026-09-22T09:08:50.986Z	info	staff-logger	scenario/viewer.go:56	visit top
2026-09-22T09:08:50.986Z	info	staff-logger	scenario/viewer.go:64	get livestream
2026-09-22T09:08:50.986Z	info	staff-logger	scenario/viewer.go:83	visit livestream
2026-09-22T09:08:51.003Z	warn	staff-logger	scenario/viewer.go:178	viewer_spam: failed to post livecomment (moderated spam): benchmark-application: [一般エラー] POST /api/livestream/7823/livecomment へのリクエストに対して、期待されたHTTPステータスコードが確認できませんでした (expected:400, actual:201)

2026-09-22T09:08:51.014Z	info	staff-logger	scenario/viewer.go:32	basic viewer scenario
2026-09-22T09:08:51.014Z	info	staff-logger	scenario/viewer.go:56	visit top
2026-09-22T09:08:51.023Z	info	staff-logger	scenario/viewer.go:32	basic viewer scenario
2026-09-22T09:08:51.023Z	info	staff-logger	scenario/viewer.go:56	visit top
2026-09-22T09:08:51.063Z	info	staff-logger	scenario/viewer.go:32	basic viewer scenario
2026-09-22T09:08:51.063Z	info	staff-logger	scenario/viewer.go:56	visit top
2026-09-22T09:08:51.063Z	info	staff-logger	scenario/viewer.go:64	get livestream
2026-09-22T09:08:51.064Z	info	staff-logger	scenario/viewer.go:83	visit livestream
2026-09-22T09:08:51.073Z	info	staff-logger	scenario/viewer.go:32	basic viewer scenario
2026-09-22T09:08:51.073Z	info	staff-logger	scenario/viewer.go:56	visit top
2026-09-22T09:08:51.073Z	info	staff-logger	scenario/viewer.go:64	get livestream
2026-09-22T09:08:51.073Z	info	staff-logger	scenario/viewer.go:83	visit livestream
2026-09-22T09:08:51.075Z	warn	staff-logger	scenario/viewer.go:178	viewer_spam: failed to post livecomment (moderated spam): benchmark-application: [一般エラー] POST /api/livestream/7542/livecomment へのリクエストに対して、期待されたHTTPステータスコードが確認できませんでした (expected:400, actual:201)

2026-09-22T09:08:51.092Z	info	staff-logger	scenario/viewer.go:90	get livestream stats
2026-09-22T09:08:51.133Z	info	staff-logger	scenario/viewer.go:32	basic viewer scenario
2026-09-22T09:08:51.133Z	info	staff-logger	scenario/viewer.go:56	visit top
2026-09-22T09:08:51.133Z	info	staff-logger	scenario/viewer.go:64	get livestream
2026-09-22T09:08:51.133Z	info	staff-logger	scenario/viewer.go:83	visit livestream
2026-09-22T09:08:51.155Z	info	staff-logger	scenario/viewer.go:32	basic viewer scenario
2026-09-22T09:08:51.155Z	info	staff-logger	scenario/viewer.go:56	visit top
2026-09-22T09:08:51.155Z	info	staff-logger	scenario/viewer.go:64	get livestream
2026-09-22T09:08:51.155Z	info	staff-logger	scenario/viewer.go:83	visit livestream
2026-09-22T09:08:51.161Z	info	staff-logger	scenario/viewer.go:90	get livestream stats
2026-09-22T09:08:51.227Z	info	staff-logger	scenario/viewer.go:32	basic viewer scenario
2026-09-22T09:08:51.228Z	info	staff-logger	scenario/viewer.go:56	visit top
2026-09-22T09:08:51.248Z	info	staff-logger	scenario/streamer.go:48	change icon
2026-09-22T09:08:51.273Z	info	staff-logger	scenario/viewer.go:32	basic viewer scenario
2026-09-22T09:08:51.273Z	info	staff-logger	scenario/viewer.go:56	visit top
2026-09-22T09:08:51.311Z	info	staff-logger	scenario/viewer.go:64	get livestream
2026-09-22T09:08:51.311Z	info	staff-logger	scenario/viewer.go:76	visit user profile
2026-09-22T09:08:51.330Z	info	staff-logger	scenario/viewer.go:64	get livestream
2026-09-22T09:08:51.330Z	info	staff-logger	scenario/viewer.go:76	visit user profile
2026-09-22T09:08:51.407Z	info	staff-logger	scenario/streamer.go:48	change icon
2026-09-22T09:08:51.415Z	info	staff-logger	scenario/viewer.go:83	visit livestream
2026-09-22T09:08:51.429Z	info	staff-logger	scenario/viewer.go:32	basic viewer scenario
2026-09-22T09:08:51.429Z	info	staff-logger	scenario/viewer.go:56	visit top
2026-09-22T09:08:51.429Z	info	staff-logger	scenario/viewer.go:64	get livestream
2026-09-22T09:08:51.429Z	info	staff-logger	scenario/viewer.go:83	visit livestream
2026-09-22T09:08:51.475Z	warn	staff-logger	scenario/viewer.go:178	viewer_spam: failed to post livecomment (moderated spam): benchmark-application: [一般エラー] POST /api/livestream/7593/livecomment へのリクエストに対して、期待されたHTTPステータスコードが確認できませんでした (expected:400, actual:201)

2026-09-22T09:08:51.498Z	info	staff-logger	scenario/viewer.go:64	get livestream
2026-09-22T09:08:51.499Z	info	staff-logger	scenario/viewer.go:76	visit user profile
2026-09-22T09:08:51.592Z	info	staff-logger	scenario/viewer.go:64	get livestream
2026-09-22T09:08:51.592Z	info	staff-logger	scenario/viewer.go:76	visit user profile
2026-09-22T09:08:51.689Z	info	staff-logger	scenario/viewer.go:32	basic viewer scenario
2026-09-22T09:08:51.689Z	info	staff-logger	scenario/viewer.go:56	visit top
2026-09-22T09:08:51.689Z	info	staff-logger	scenario/viewer.go:64	get livestream
2026-09-22T09:08:51.689Z	info	staff-logger	scenario/viewer.go:83	visit livestream
2026-09-22T09:08:51.693Z	info	staff-logger	scenario/viewer.go:83	visit livestream
2026-09-22T09:08:51.694Z	warn	staff-logger	scenario/viewer.go:178	viewer_spam: failed to post livecomment (moderated spam): benchmark-application: [一般エラー] POST /api/livestream/7900/livecomment へのリクエストに対して、期待されたHTTPステータスコードが確認できませんでした (expected:400, actual:201)

2026-09-22T09:08:51.700Z	info	staff-logger	scenario/viewer.go:83	visit livestream
2026-09-22T09:08:51.722Z	info	staff-logger	scenario/streamer.go:48	change icon
2026-09-22T09:08:51.733Z	info	staff-logger	scenario/viewer.go:32	basic viewer scenario
2026-09-22T09:08:51.733Z	info	staff-logger	scenario/viewer.go:56	visit top
2026-09-22T09:08:51.733Z	info	staff-logger	scenario/viewer.go:64	get livestream
2026-09-22T09:08:51.733Z	info	staff-logger	scenario/viewer.go:83	visit livestream
2026-09-22T09:08:51.744Z	info	staff-logger	scenario/viewer.go:32	basic viewer scenario
2026-09-22T09:08:51.744Z	info	staff-logger	scenario/viewer.go:56	visit top
2026-09-22T09:08:51.744Z	info	staff-logger	scenario/viewer.go:64	get livestream
2026-09-22T09:08:51.744Z	info	staff-logger	scenario/viewer.go:83	visit livestream
2026-09-22T09:08:51.756Z	info	staff-logger	scenario/viewer.go:32	basic viewer scenario
2026-09-22T09:08:51.756Z	info	staff-logger	scenario/viewer.go:56	visit top
2026-09-22T09:08:51.756Z	info	staff-logger	scenario/viewer.go:64	get livestream
2026-09-22T09:08:51.756Z	info	staff-logger	scenario/viewer.go:83	visit livestream
2026-09-22T09:08:51.761Z	info	staff-logger	scenario/viewer.go:32	basic viewer scenario
2026-09-22T09:08:51.761Z	info	staff-logger	scenario/viewer.go:56	visit top
2026-09-22T09:08:51.761Z	info	staff-logger	scenario/viewer.go:64	get livestream
2026-09-22T09:08:51.761Z	info	staff-logger	scenario/viewer.go:83	visit livestream
2026-09-22T09:08:51.814Z	info	staff-logger	scenario/viewer.go:83	visit livestream
2026-09-22T09:08:51.891Z	info	staff-logger	scenario/viewer.go:83	visit livestream
2026-09-22T09:08:51.998Z	info	staff-logger	scenario/viewer.go:32	basic viewer scenario
2026-09-22T09:08:51.998Z	info	staff-logger	scenario/viewer.go:56	visit top
2026-09-22T09:08:52.054Z	info	staff-logger	scenario/viewer.go:32	basic viewer scenario
2026-09-22T09:08:52.054Z	info	staff-logger	scenario/viewer.go:56	visit top
2026-09-22T09:08:52.054Z	info	staff-logger	scenario/viewer.go:64	get livestream
2026-09-22T09:08:52.054Z	info	staff-logger	scenario/viewer.go:83	visit livestream
2026-09-22T09:08:52.060Z	info	staff-logger	scenario/viewer.go:32	basic viewer scenario
2026-09-22T09:08:52.060Z	info	staff-logger	scenario/viewer.go:56	visit top
2026-09-22T09:08:52.060Z	info	staff-logger	scenario/viewer.go:64	get livestream
2026-09-22T09:08:52.060Z	info	staff-logger	scenario/viewer.go:83	visit livestream
2026-09-22T09:08:52.082Z	info	staff-logger	scenario/viewer.go:32	basic viewer scenario
2026-09-22T09:08:52.082Z	info	staff-logger	scenario/viewer.go:56	visit top
2026-09-22T09:08:52.082Z	info	staff-logger	scenario/viewer.go:64	get livestream
2026-09-22T09:08:52.082Z	info	staff-logger	scenario/viewer.go:83	visit livestream
2026-09-22T09:08:52.089Z	info	staff-logger	scenario/streamer.go:48	change icon
2026-09-22T09:08:52.141Z	warn	staff-logger	scenario/viewer.go:178	viewer_spam: failed to post livecomment (moderated spam): benchmark-application: [一般エラー] POST /api/livestream/7603/livecomment へのリクエストに対して、期待されたHTTPステータスコードが確認できませんでした (expected:400, actual:201)

2026-09-22T09:08:52.204Z	warn	staff-logger	scenario/viewer.go:178	viewer_spam: failed to post livecomment (moderated spam): benchmark-application: [一般エラー] POST /api/livestream/7806/livecomment へのリクエストに対して、期待されたHTTPステータスコードが確認できませんでした (expected:400, actual:201)

2026-09-22T09:08:52.260Z	info	staff-logger	scenario/viewer.go:32	basic viewer scenario
2026-09-22T09:08:52.260Z	info	staff-logger	scenario/viewer.go:56	visit top
2026-09-22T09:08:52.260Z	info	staff-logger	scenario/viewer.go:64	get livestream
2026-09-22T09:08:52.260Z	info	staff-logger	scenario/viewer.go:83	visit livestream
2026-09-22T09:08:52.272Z	info	staff-logger	scenario/viewer.go:64	get livestream
2026-09-22T09:08:52.272Z	info	staff-logger	scenario/viewer.go:76	visit user profile
2026-09-22T09:08:52.302Z	warn	staff-logger	scenario/viewer.go:178	viewer_spam: failed to post livecomment (moderated spam): benchmark-application: [一般エラー] POST /api/livestream/7738/livecomment へのリクエストに対して、期待されたHTTPステータスコードが確認できませんでした (expected:400, actual:201)

2026-09-22T09:08:52.304Z	info	staff-logger	scenario/viewer.go:32	basic viewer scenario
2026-09-22T09:08:52.304Z	info	staff-logger	scenario/viewer.go:56	visit top
2026-09-22T09:08:52.304Z	info	staff-logger	scenario/viewer.go:64	get livestream
2026-09-22T09:08:52.304Z	info	staff-logger	scenario/viewer.go:83	visit livestream
2026-09-22T09:08:52.353Z	info	staff-logger	scenario/viewer.go:32	basic viewer scenario
2026-09-22T09:08:52.353Z	info	staff-logger	scenario/viewer.go:56	visit top
2026-09-22T09:08:52.353Z	info	staff-logger	scenario/viewer.go:64	get livestream
2026-09-22T09:08:52.353Z	info	staff-logger	scenario/viewer.go:83	visit livestream
2026-09-22T09:08:52.380Z	info	staff-logger	scenario/viewer.go:32	basic viewer scenario
2026-09-22T09:08:52.380Z	info	staff-logger	scenario/viewer.go:56	visit top
2026-09-22T09:08:52.380Z	info	staff-logger	scenario/viewer.go:64	get livestream
2026-09-22T09:08:52.380Z	info	staff-logger	scenario/viewer.go:83	visit livestream
2026-09-22T09:08:52.407Z	info	staff-logger	scenario/viewer.go:32	basic viewer scenario
2026-09-22T09:08:52.407Z	info	staff-logger	scenario/viewer.go:56	visit top
2026-09-22T09:08:52.407Z	info	staff-logger	scenario/viewer.go:64	get livestream
2026-09-22T09:08:52.407Z	info	staff-logger	scenario/viewer.go:83	visit livestream
2026-09-22T09:08:52.421Z	info	staff-logger	scenario/viewer.go:90	get livestream stats
2026-09-22T09:08:52.427Z	info	staff-logger	scenario/viewer.go:83	visit livestream
2026-09-22T09:08:52.457Z	info	staff-logger	scenario/viewer.go:32	basic viewer scenario
2026-09-22T09:08:52.457Z	info	staff-logger	scenario/viewer.go:56	visit top
2026-09-22T09:08:52.457Z	info	staff-logger	scenario/viewer.go:64	get livestream
2026-09-22T09:08:52.457Z	info	staff-logger	scenario/viewer.go:83	visit livestream
2026-09-22T09:08:52.465Z	info	staff-logger	scenario/viewer.go:32	basic viewer scenario
2026-09-22T09:08:52.465Z	info	staff-logger	scenario/viewer.go:56	visit top
2026-09-22T09:08:52.465Z	info	staff-logger	scenario/viewer.go:64	get livestream
2026-09-22T09:08:52.465Z	info	staff-logger	scenario/viewer.go:83	visit livestream
2026-09-22T09:08:52.528Z	info	staff-logger	scenario/viewer.go:32	basic viewer scenario
2026-09-22T09:08:52.528Z	info	staff-logger	scenario/viewer.go:56	visit top
2026-09-22T09:08:52.528Z	info	staff-logger	scenario/viewer.go:64	get livestream
2026-09-22T09:08:52.528Z	info	staff-logger	scenario/viewer.go:83	visit livestream
2026-09-22T09:08:52.602Z	info	staff-logger	scenario/viewer.go:32	basic viewer scenario
2026-09-22T09:08:52.602Z	info	staff-logger	scenario/viewer.go:56	visit top
2026-09-22T09:08:52.602Z	info	staff-logger	scenario/viewer.go:64	get livestream
2026-09-22T09:08:52.602Z	info	staff-logger	scenario/viewer.go:83	visit livestream
2026-09-22T09:08:52.614Z	warn	staff-logger	scenario/viewer.go:178	viewer_spam: failed to post livecomment (moderated spam): benchmark-application: [一般エラー] POST /api/livestream/7568/livecomment へのリクエストに対して、期待されたHTTPステータスコードが確認できませんでした (expected:400, actual:201)

2026-09-22T09:08:52.628Z	info	staff-logger	scenario/viewer.go:32	basic viewer scenario
2026-09-22T09:08:52.628Z	info	staff-logger	scenario/viewer.go:56	visit top
2026-09-22T09:08:52.628Z	info	staff-logger	scenario/viewer.go:64	get livestream
2026-09-22T09:08:52.628Z	info	staff-logger	scenario/viewer.go:83	visit livestream
2026-09-22T09:08:52.647Z	info	staff-logger	scenario/viewer.go:32	basic viewer scenario
2026-09-22T09:08:52.647Z	info	staff-logger	scenario/viewer.go:56	visit top
2026-09-22T09:08:52.647Z	info	staff-logger	scenario/viewer.go:64	get livestream
2026-09-22T09:08:52.647Z	info	staff-logger	scenario/viewer.go:83	visit livestream
2026-09-22T09:08:52.652Z	info	staff-logger	scenario/viewer.go:32	basic viewer scenario
2026-09-22T09:08:52.652Z	info	staff-logger	scenario/viewer.go:56	visit top
2026-09-22T09:08:52.652Z	info	staff-logger	scenario/viewer.go:64	get livestream
2026-09-22T09:08:52.652Z	info	staff-logger	scenario/viewer.go:83	visit livestream
2026-09-22T09:08:52.708Z	info	staff-logger	scenario/viewer.go:32	basic viewer scenario
2026-09-22T09:08:52.708Z	info	staff-logger	scenario/viewer.go:56	visit top
2026-09-22T09:08:52.708Z	info	staff-logger	scenario/viewer.go:64	get livestream
2026-09-22T09:08:52.708Z	info	staff-logger	scenario/viewer.go:83	visit livestream
2026-09-22T09:08:52.723Z	info	staff-logger	scenario/viewer.go:32	basic viewer scenario
2026-09-22T09:08:52.723Z	info	staff-logger	scenario/viewer.go:56	visit top
2026-09-22T09:08:52.723Z	info	staff-logger	scenario/viewer.go:64	get livestream
2026-09-22T09:08:52.723Z	info	staff-logger	scenario/viewer.go:83	visit livestream
2026-09-22T09:08:52.725Z	info	staff-logger	scenario/viewer.go:32	basic viewer scenario
2026-09-22T09:08:52.725Z	info	staff-logger	scenario/viewer.go:46	change icon
2026-09-22T09:08:52.725Z	info	staff-logger	scenario/streamer.go:48	change icon
2026-09-22T09:08:52.742Z	info	staff-logger	scenario/viewer.go:32	basic viewer scenario
2026-09-22T09:08:52.743Z	info	staff-logger	scenario/viewer.go:56	visit top
2026-09-22T09:08:52.743Z	info	staff-logger	scenario/viewer.go:64	get livestream
2026-09-22T09:08:52.743Z	info	staff-logger	scenario/viewer.go:83	visit livestream
2026-09-22T09:08:52.752Z	info	staff-logger	scenario/viewer.go:56	visit top
2026-09-22T09:08:52.760Z	info	staff-logger	scenario/viewer.go:90	get livestream stats
2026-09-22T09:08:52.766Z	warn	staff-logger	scenario/viewer.go:178	viewer_spam: failed to post livecomment (moderated spam): benchmark-application: [一般エラー] POST /api/livestream/7911/livecomment へのリクエストに対して、期待されたHTTPステータスコードが確認できませんでした (expected:400, actual:201)

2026-09-22T09:08:52.792Z	info	staff-logger	scenario/viewer.go:32	basic viewer scenario
2026-09-22T09:08:52.792Z	info	staff-logger	scenario/viewer.go:56	visit top
2026-09-22T09:08:52.792Z	info	staff-logger	scenario/viewer.go:64	get livestream
2026-09-22T09:08:52.792Z	info	staff-logger	scenario/viewer.go:83	visit livestream
2026-09-22T09:08:52.841Z	info	staff-logger	scenario/viewer.go:32	basic viewer scenario
2026-09-22T09:08:52.841Z	info	staff-logger	scenario/viewer.go:56	visit top
2026-09-22T09:08:52.882Z	info	staff-logger	scenario/viewer.go:32	basic viewer scenario
2026-09-22T09:08:52.882Z	info	staff-logger	scenario/viewer.go:56	visit top
2026-09-22T09:08:52.882Z	info	staff-logger	scenario/viewer.go:64	get livestream
2026-09-22T09:08:52.882Z	info	staff-logger	scenario/viewer.go:83	visit livestream
2026-09-22T09:08:52.953Z	info	staff-logger	scenario/viewer.go:32	basic viewer scenario
2026-09-22T09:08:52.954Z	info	staff-logger	scenario/viewer.go:56	visit top
2026-09-22T09:08:52.954Z	info	staff-logger	scenario/viewer.go:64	get livestream
2026-09-22T09:08:52.954Z	info	staff-logger	scenario/viewer.go:83	visit livestream
2026-09-22T09:08:52.958Z	info	staff-logger	scenario/viewer.go:32	basic viewer scenario
2026-09-22T09:08:52.958Z	info	staff-logger	scenario/viewer.go:56	visit top
2026-09-22T09:08:52.958Z	info	staff-logger	scenario/viewer.go:64	get livestream
2026-09-22T09:08:52.958Z	info	staff-logger	scenario/viewer.go:83	visit livestream
2026-09-22T09:08:53.052Z	info	staff-logger	scenario/viewer.go:64	get livestream
2026-09-22T09:08:53.052Z	info	staff-logger	scenario/viewer.go:76	visit user profile
2026-09-22T09:08:53.076Z	info	staff-logger	scenario/viewer.go:32	basic viewer scenario
2026-09-22T09:08:53.077Z	info	staff-logger	scenario/viewer.go:56	visit top
2026-09-22T09:08:53.077Z	info	staff-logger	scenario/viewer.go:64	get livestream
2026-09-22T09:08:53.077Z	info	staff-logger	scenario/viewer.go:83	visit livestream
2026-09-22T09:08:53.097Z	info	staff-logger	scenario/viewer.go:64	get livestream
2026-09-22T09:08:53.097Z	info	staff-logger	scenario/viewer.go:76	visit user profile
2026-09-22T09:08:53.101Z	info	staff-logger	scenario/viewer.go:90	get livestream stats
2026-09-22T09:08:53.122Z	info	staff-logger	scenario/viewer.go:32	basic viewer scenario
2026-09-22T09:08:53.122Z	info	staff-logger	scenario/viewer.go:56	visit top
2026-09-22T09:08:53.122Z	info	staff-logger	scenario/viewer.go:64	get livestream
2026-09-22T09:08:53.122Z	info	staff-logger	scenario/viewer.go:83	visit livestream
2026-09-22T09:08:53.276Z	info	staff-logger	scenario/viewer.go:32	basic viewer scenario
2026-09-22T09:08:53.276Z	info	staff-logger	scenario/viewer.go:56	visit top
2026-09-22T09:08:53.276Z	info	staff-logger	scenario/viewer.go:64	get livestream
2026-09-22T09:08:53.276Z	info	staff-logger	scenario/viewer.go:83	visit livestream
2026-09-22T09:08:53.321Z	info	staff-logger	scenario/viewer.go:83	visit livestream
2026-09-22T09:08:53.344Z	info	staff-logger	scenario/viewer.go:32	basic viewer scenario
2026-09-22T09:08:53.344Z	info	staff-logger	scenario/viewer.go:56	visit top
2026-09-22T09:08:53.344Z	info	staff-logger	scenario/viewer.go:64	get livestream
2026-09-22T09:08:53.345Z	info	staff-logger	scenario/viewer.go:83	visit livestream
2026-09-22T09:08:53.390Z	info	staff-logger	scenario/viewer.go:83	visit livestream
2026-09-22T09:08:53.411Z	info	staff-logger	scenario/viewer.go:32	basic viewer scenario
2026-09-22T09:08:53.411Z	info	staff-logger	scenario/viewer.go:56	visit top
2026-09-22T09:08:53.411Z	info	staff-logger	scenario/viewer.go:64	get livestream
2026-09-22T09:08:53.411Z	info	staff-logger	scenario/viewer.go:83	visit livestream
2026-09-22T09:08:53.431Z	info	staff-logger	scenario/viewer.go:32	basic viewer scenario
2026-09-22T09:08:53.431Z	info	staff-logger	scenario/viewer.go:56	visit top
2026-09-22T09:08:53.431Z	info	staff-logger	scenario/viewer.go:64	get livestream
2026-09-22T09:08:53.431Z	info	staff-logger	scenario/viewer.go:83	visit livestream
2026-09-22T09:08:53.443Z	info	staff-logger	scenario/viewer.go:32	basic viewer scenario
2026-09-22T09:08:53.443Z	info	staff-logger	scenario/viewer.go:56	visit top
2026-09-22T09:08:53.443Z	info	staff-logger	scenario/viewer.go:64	get livestream
2026-09-22T09:08:53.443Z	info	staff-logger	scenario/viewer.go:83	visit livestream
2026-09-22T09:08:53.581Z	info	staff-logger	scenario/viewer.go:32	basic viewer scenario
2026-09-22T09:08:53.581Z	info	staff-logger	scenario/viewer.go:56	visit top
2026-09-22T09:08:53.581Z	info	staff-logger	scenario/viewer.go:64	get livestream
2026-09-22T09:08:53.582Z	info	staff-logger	scenario/viewer.go:83	visit livestream
2026-09-22T09:08:53.586Z	info	staff-logger	scenario/viewer.go:32	basic viewer scenario
2026-09-22T09:08:53.586Z	info	staff-logger	scenario/viewer.go:56	visit top
2026-09-22T09:08:53.586Z	info	staff-logger	scenario/viewer.go:64	get livestream
2026-09-22T09:08:53.586Z	info	staff-logger	scenario/viewer.go:83	visit livestream
2026-09-22T09:08:53.590Z	info	staff-logger	scenario/viewer.go:32	basic viewer scenario
2026-09-22T09:08:53.590Z	info	staff-logger	scenario/viewer.go:56	visit top
2026-09-22T09:08:53.590Z	info	staff-logger	scenario/viewer.go:64	get livestream
2026-09-22T09:08:53.590Z	info	staff-logger	scenario/viewer.go:83	visit livestream
2026-09-22T09:08:53.621Z	info	staff-logger	scenario/viewer.go:90	get livestream stats
2026-09-22T09:08:53.645Z	info	staff-logger	scenario/viewer.go:32	basic viewer scenario
2026-09-22T09:08:53.645Z	info	staff-logger	scenario/viewer.go:56	visit top
2026-09-22T09:08:53.645Z	info	staff-logger	scenario/viewer.go:64	get livestream
2026-09-22T09:08:53.645Z	info	staff-logger	scenario/viewer.go:83	visit livestream
2026-09-22T09:08:53.654Z	info	staff-logger	scenario/viewer.go:32	basic viewer scenario
2026-09-22T09:08:53.654Z	info	staff-logger	scenario/viewer.go:56	visit top
2026-09-22T09:08:53.654Z	info	staff-logger	scenario/viewer.go:64	get livestream
2026-09-22T09:08:53.654Z	info	staff-logger	scenario/viewer.go:83	visit livestream
2026-09-22T09:08:53.674Z	info	staff-logger	scenario/viewer.go:32	basic viewer scenario
2026-09-22T09:08:53.674Z	info	staff-logger	scenario/viewer.go:56	visit top
2026-09-22T09:08:53.674Z	info	staff-logger	scenario/viewer.go:64	get livestream
2026-09-22T09:08:53.674Z	info	staff-logger	scenario/viewer.go:83	visit livestream
2026-09-22T09:08:53.684Z	info	staff-logger	scenario/viewer.go:32	basic viewer scenario
2026-09-22T09:08:53.684Z	info	staff-logger	scenario/viewer.go:56	visit top
2026-09-22T09:08:53.684Z	info	staff-logger	scenario/viewer.go:64	get livestream
2026-09-22T09:08:53.684Z	info	staff-logger	scenario/viewer.go:83	visit livestream
2026-09-22T09:08:53.708Z	info	staff-logger	scenario/viewer.go:32	basic viewer scenario
2026-09-22T09:08:53.708Z	info	staff-logger	scenario/viewer.go:56	visit top
2026-09-22T09:08:53.708Z	info	staff-logger	scenario/viewer.go:64	get livestream
2026-09-22T09:08:53.708Z	info	staff-logger	scenario/viewer.go:83	visit livestream
2026-09-22T09:08:53.709Z	info	staff-logger	scenario/viewer.go:32	basic viewer scenario
2026-09-22T09:08:53.709Z	info	staff-logger	scenario/viewer.go:56	visit top
2026-09-22T09:08:53.709Z	info	staff-logger	scenario/viewer.go:64	get livestream
2026-09-22T09:08:53.709Z	info	staff-logger	scenario/viewer.go:83	visit livestream
2026-09-22T09:08:53.712Z	warn	staff-logger	scenario/viewer.go:178	viewer_spam: failed to post livecomment (moderated spam): benchmark-application: [一般エラー] POST /api/livestream/7789/livecomment へのリクエストに対して、期待されたHTTPステータスコードが確認できませんでした (expected:400, actual:201)

2026-09-22T09:08:53.726Z	info	staff-logger	scenario/viewer.go:90	get livestream stats
2026-09-22T09:08:53.742Z	info	staff-logger	scenario/viewer.go:32	basic viewer scenario
2026-09-22T09:08:53.742Z	info	staff-logger	scenario/viewer.go:56	visit top
2026-09-22T09:08:53.742Z	info	staff-logger	scenario/viewer.go:64	get livestream
2026-09-22T09:08:53.742Z	info	staff-logger	scenario/viewer.go:83	visit livestream
2026-09-22T09:08:53.760Z	info	staff-logger	scenario/viewer.go:32	basic viewer scenario
2026-09-22T09:08:53.760Z	info	staff-logger	scenario/viewer.go:56	visit top
2026-09-22T09:08:53.760Z	info	staff-logger	scenario/viewer.go:64	get livestream
2026-09-22T09:08:53.760Z	info	staff-logger	scenario/viewer.go:83	visit livestream
2026-09-22T09:08:53.782Z	info	staff-logger	scenario/viewer.go:90	get livestream stats
2026-09-22T09:08:53.790Z	info	staff-logger	scenario/viewer.go:32	basic viewer scenario
2026-09-22T09:08:53.790Z	info	staff-logger	scenario/viewer.go:56	visit top
2026-09-22T09:08:53.790Z	info	staff-logger	scenario/viewer.go:64	get livestream
2026-09-22T09:08:53.790Z	info	staff-logger	scenario/viewer.go:83	visit livestream
2026-09-22T09:08:53.831Z	info	staff-logger	scenario/streamer.go:48	change icon
2026-09-22T09:08:53.882Z	info	staff-logger	scenario/viewer.go:32	basic viewer scenario
2026-09-22T09:08:53.882Z	info	staff-logger	scenario/viewer.go:56	visit top
2026-09-22T09:08:53.882Z	info	staff-logger	scenario/viewer.go:64	get livestream
2026-09-22T09:08:53.882Z	info	staff-logger	scenario/viewer.go:83	visit livestream
2026-09-22T09:08:53.935Z	warn	staff-logger	scenario/viewer.go:178	viewer_spam: failed to post livecomment (moderated spam): benchmark-application: [一般エラー] POST /api/livestream/7765/livecomment へのリクエストに対して、期待されたHTTPステータスコードが確認できませんでした (expected:400, actual:201)

2026-09-22T09:08:53.980Z	warn	staff-logger	scenario/viewer.go:178	viewer_spam: failed to post livecomment (moderated spam): benchmark-application: [一般エラー] POST /api/livestream/7608/livecomment へのリクエストに対して、期待されたHTTPステータスコードが確認できませんでした (expected:400, actual:201)

2026-09-22T09:08:53.989Z	info	staff-logger	scenario/viewer.go:32	basic viewer scenario
2026-09-22T09:08:53.989Z	info	staff-logger	scenario/viewer.go:56	visit top
2026-09-22T09:08:53.989Z	info	staff-logger	scenario/viewer.go:64	get livestream
2026-09-22T09:08:53.989Z	info	staff-logger	scenario/viewer.go:83	visit livestream
2026-09-22T09:08:54.016Z	info	staff-logger	scenario/viewer.go:32	basic viewer scenario
2026-09-22T09:08:54.016Z	info	staff-logger	scenario/viewer.go:56	visit top
2026-09-22T09:08:54.016Z	info	staff-logger	scenario/viewer.go:64	get livestream
2026-09-22T09:08:54.016Z	info	staff-logger	scenario/viewer.go:83	visit livestream
2026-09-22T09:08:54.095Z	info	staff-logger	scenario/viewer.go:32	basic viewer scenario
2026-09-22T09:08:54.095Z	info	staff-logger	scenario/viewer.go:56	visit top
2026-09-22T09:08:54.095Z	info	staff-logger	scenario/viewer.go:64	get livestream
2026-09-22T09:08:54.096Z	info	staff-logger	scenario/viewer.go:83	visit livestream
2026-09-22T09:08:54.113Z	info	staff-logger	scenario/viewer.go:32	basic viewer scenario
2026-09-22T09:08:54.113Z	info	staff-logger	scenario/viewer.go:56	visit top
2026-09-22T09:08:54.113Z	info	staff-logger	scenario/viewer.go:64	get livestream
2026-09-22T09:08:54.113Z	info	staff-logger	scenario/viewer.go:83	visit livestream
2026-09-22T09:08:54.117Z	info	staff-logger	scenario/viewer.go:32	basic viewer scenario
2026-09-22T09:08:54.117Z	info	staff-logger	scenario/viewer.go:56	visit top
2026-09-22T09:08:54.117Z	info	staff-logger	scenario/viewer.go:64	get livestream
2026-09-22T09:08:54.117Z	info	staff-logger	scenario/viewer.go:83	visit livestream
2026-09-22T09:08:54.145Z	info	staff-logger	scenario/viewer.go:32	basic viewer scenario
2026-09-22T09:08:54.145Z	info	staff-logger	scenario/viewer.go:56	visit top
2026-09-22T09:08:54.145Z	info	staff-logger	scenario/viewer.go:64	get livestream
2026-09-22T09:08:54.145Z	info	staff-logger	scenario/viewer.go:83	visit livestream
2026-09-22T09:08:54.174Z	info	staff-logger	scenario/viewer.go:90	get livestream stats
2026-09-22T09:08:54.220Z	info	staff-logger	scenario/viewer.go:32	basic viewer scenario
2026-09-22T09:08:54.220Z	info	staff-logger	scenario/viewer.go:56	visit top
2026-09-22T09:08:54.220Z	info	staff-logger	scenario/viewer.go:64	get livestream
2026-09-22T09:08:54.220Z	info	staff-logger	scenario/viewer.go:83	visit livestream
2026-09-22T09:08:54.278Z	info	staff-logger	scenario/viewer.go:32	basic viewer scenario
2026-09-22T09:08:54.278Z	info	staff-logger	scenario/viewer.go:56	visit top
2026-09-22T09:08:54.278Z	info	staff-logger	scenario/viewer.go:64	get livestream
2026-09-22T09:08:54.278Z	info	staff-logger	scenario/viewer.go:83	visit livestream
2026-09-22T09:08:54.321Z	info	staff-logger	scenario/viewer.go:32	basic viewer scenario
2026-09-22T09:08:54.321Z	info	staff-logger	scenario/viewer.go:56	visit top
2026-09-22T09:08:54.321Z	info	staff-logger	scenario/viewer.go:64	get livestream
2026-09-22T09:08:54.321Z	info	staff-logger	scenario/viewer.go:83	visit livestream
2026-09-22T09:08:54.327Z	info	staff-logger	scenario/viewer.go:32	basic viewer scenario
2026-09-22T09:08:54.327Z	info	staff-logger	scenario/viewer.go:56	visit top
2026-09-22T09:08:54.327Z	info	staff-logger	scenario/viewer.go:64	get livestream
2026-09-22T09:08:54.327Z	info	staff-logger	scenario/viewer.go:83	visit livestream
2026-09-22T09:08:54.355Z	info	staff-logger	scenario/viewer.go:32	basic viewer scenario
2026-09-22T09:08:54.355Z	info	staff-logger	scenario/viewer.go:56	visit top
2026-09-22T09:08:54.355Z	info	staff-logger	scenario/viewer.go:64	get livestream
2026-09-22T09:08:54.355Z	info	staff-logger	scenario/viewer.go:83	visit livestream
2026-09-22T09:08:54.368Z	info	staff-logger	scenario/viewer.go:32	basic viewer scenario
2026-09-22T09:08:54.368Z	info	staff-logger	scenario/viewer.go:56	visit top
2026-09-22T09:08:54.368Z	info	staff-logger	scenario/viewer.go:64	get livestream
2026-09-22T09:08:54.368Z	info	staff-logger	scenario/viewer.go:83	visit livestream
2026-09-22T09:08:54.500Z	info	staff-logger	scenario/viewer.go:32	basic viewer scenario
2026-09-22T09:08:54.500Z	info	staff-logger	scenario/viewer.go:56	visit top
2026-09-22T09:08:54.500Z	info	staff-logger	scenario/viewer.go:64	get livestream
2026-09-22T09:08:54.500Z	info	staff-logger	scenario/viewer.go:83	visit livestream
2026-09-22T09:08:54.507Z	info	staff-logger	scenario/viewer.go:32	basic viewer scenario
2026-09-22T09:08:54.507Z	info	staff-logger	scenario/viewer.go:56	visit top
2026-09-22T09:08:54.507Z	info	staff-logger	scenario/viewer.go:64	get livestream
2026-09-22T09:08:54.507Z	info	staff-logger	scenario/viewer.go:83	visit livestream
2026-09-22T09:08:54.541Z	info	staff-logger	scenario/viewer.go:32	basic viewer scenario
2026-09-22T09:08:54.541Z	info	staff-logger	scenario/viewer.go:56	visit top
2026-09-22T09:08:54.541Z	info	staff-logger	scenario/viewer.go:64	get livestream
2026-09-22T09:08:54.541Z	info	staff-logger	scenario/viewer.go:83	visit livestream
2026-09-22T09:08:54.648Z	info	staff-logger	scenario/viewer.go:32	basic viewer scenario
2026-09-22T09:08:54.648Z	info	staff-logger	scenario/viewer.go:56	visit top
2026-09-22T09:08:54.662Z	info	staff-logger	scenario/streamer.go:48	change icon
2026-09-22T09:08:54.698Z	info	staff-logger	scenario/viewer.go:32	basic viewer scenario
2026-09-22T09:08:54.698Z	info	staff-logger	scenario/viewer.go:56	visit top
2026-09-22T09:08:54.698Z	info	staff-logger	scenario/viewer.go:64	get livestream
2026-09-22T09:08:54.698Z	info	staff-logger	scenario/viewer.go:83	visit livestream
2026-09-22T09:08:54.701Z	info	staff-logger	scenario/viewer.go:32	basic viewer scenario
2026-09-22T09:08:54.701Z	info	staff-logger	scenario/viewer.go:56	visit top
2026-09-22T09:08:54.701Z	info	staff-logger	scenario/viewer.go:64	get livestream
2026-09-22T09:08:54.701Z	info	staff-logger	scenario/viewer.go:83	visit livestream
2026-09-22T09:08:54.707Z	info	staff-logger	scenario/viewer.go:32	basic viewer scenario
2026-09-22T09:08:54.707Z	info	staff-logger	scenario/viewer.go:56	visit top
2026-09-22T09:08:54.707Z	info	staff-logger	scenario/viewer.go:64	get livestream
2026-09-22T09:08:54.707Z	info	staff-logger	scenario/viewer.go:83	visit livestream
2026-09-22T09:08:54.747Z	info	staff-logger	scenario/viewer.go:32	basic viewer scenario
2026-09-22T09:08:54.747Z	info	staff-logger	scenario/viewer.go:56	visit top
2026-09-22T09:08:54.747Z	info	staff-logger	scenario/viewer.go:64	get livestream
2026-09-22T09:08:54.747Z	info	staff-logger	scenario/viewer.go:83	visit livestream
2026-09-22T09:08:54.786Z	info	staff-logger	scenario/viewer.go:32	basic viewer scenario
2026-09-22T09:08:54.786Z	info	staff-logger	scenario/viewer.go:56	visit top
2026-09-22T09:08:54.786Z	info	staff-logger	scenario/viewer.go:64	get livestream
2026-09-22T09:08:54.786Z	info	staff-logger	scenario/viewer.go:83	visit livestream
2026-09-22T09:08:54.787Z	warn	staff-logger	scenario/viewer.go:178	viewer_spam: failed to post livecomment (moderated spam): benchmark-application: [一般エラー] POST /api/livestream/7729/livecomment へのリクエストに対して、期待されたHTTPステータスコードが確認できませんでした (expected:400, actual:201)

2026-09-22T09:08:54.793Z	info	staff-logger	scenario/viewer.go:32	basic viewer scenario
2026-09-22T09:08:54.793Z	info	staff-logger	scenario/viewer.go:56	visit top
2026-09-22T09:08:54.793Z	info	staff-logger	scenario/viewer.go:64	get livestream
2026-09-22T09:08:54.794Z	info	staff-logger	scenario/viewer.go:83	visit livestream
2026-09-22T09:08:54.838Z	info	staff-logger	scenario/viewer.go:32	basic viewer scenario
2026-09-22T09:08:54.838Z	info	staff-logger	scenario/viewer.go:56	visit top
2026-09-22T09:08:54.838Z	info	staff-logger	scenario/viewer.go:64	get livestream
2026-09-22T09:08:54.838Z	info	staff-logger	scenario/viewer.go:83	visit livestream
2026-09-22T09:08:54.934Z	info	staff-logger	scenario/streamer.go:48	change icon
2026-09-22T09:08:54.980Z	info	staff-logger	scenario/viewer.go:32	basic viewer scenario
2026-09-22T09:08:54.980Z	info	staff-logger	scenario/viewer.go:56	visit top
2026-09-22T09:08:55.005Z	info	staff-logger	scenario/viewer.go:64	get livestream
2026-09-22T09:08:55.005Z	info	staff-logger	scenario/viewer.go:76	visit user profile
2026-09-22T09:08:55.011Z	info	staff-logger	scenario/viewer.go:32	basic viewer scenario
2026-09-22T09:08:55.011Z	info	staff-logger	scenario/viewer.go:56	visit top
2026-09-22T09:08:55.011Z	info	staff-logger	scenario/viewer.go:64	get livestream
2026-09-22T09:08:55.011Z	info	staff-logger	scenario/viewer.go:83	visit livestream
2026-09-22T09:08:55.066Z	info	staff-logger	scenario/viewer.go:32	basic viewer scenario
2026-09-22T09:08:55.066Z	info	staff-logger	scenario/viewer.go:56	visit top
2026-09-22T09:08:55.066Z	info	staff-logger	scenario/viewer.go:64	get livestream
2026-09-22T09:08:55.066Z	info	staff-logger	scenario/viewer.go:83	visit livestream
2026-09-22T09:08:55.091Z	info	staff-logger	scenario/viewer.go:32	basic viewer scenario
2026-09-22T09:08:55.091Z	info	staff-logger	scenario/viewer.go:56	visit top
2026-09-22T09:08:55.091Z	info	staff-logger	scenario/viewer.go:64	get livestream
2026-09-22T09:08:55.091Z	info	staff-logger	scenario/viewer.go:83	visit livestream
2026-09-22T09:08:55.091Z	info	staff-logger	scenario/viewer.go:90	get livestream stats
2026-09-22T09:08:55.121Z	info	staff-logger	scenario/viewer.go:32	basic viewer scenario
2026-09-22T09:08:55.121Z	info	staff-logger	scenario/viewer.go:56	visit top
2026-09-22T09:08:55.121Z	info	staff-logger	scenario/viewer.go:64	get livestream
2026-09-22T09:08:55.121Z	info	staff-logger	scenario/viewer.go:83	visit livestream
2026-09-22T09:08:55.129Z	info	staff-logger	scenario/viewer.go:32	basic viewer scenario
2026-09-22T09:08:55.129Z	info	staff-logger	scenario/viewer.go:56	visit top
2026-09-22T09:08:55.129Z	info	staff-logger	scenario/viewer.go:64	get livestream
2026-09-22T09:08:55.129Z	info	staff-logger	scenario/viewer.go:83	visit livestream
2026-09-22T09:08:55.164Z	info	staff-logger	scenario/viewer.go:32	basic viewer scenario
2026-09-22T09:08:55.164Z	info	staff-logger	scenario/viewer.go:56	visit top
2026-09-22T09:08:55.164Z	info	staff-logger	scenario/viewer.go:64	get livestream
2026-09-22T09:08:55.164Z	info	staff-logger	scenario/viewer.go:83	visit livestream
2026-09-22T09:08:55.202Z	info	staff-logger	scenario/viewer.go:32	basic viewer scenario
2026-09-22T09:08:55.202Z	info	staff-logger	scenario/viewer.go:56	visit top
2026-09-22T09:08:55.202Z	info	staff-logger	scenario/viewer.go:64	get livestream
2026-09-22T09:08:55.202Z	info	staff-logger	scenario/viewer.go:83	visit livestream
2026-09-22T09:08:55.237Z	info	staff-logger	scenario/viewer.go:83	visit livestream
2026-09-22T09:08:55.270Z	info	staff-logger	scenario/viewer.go:64	get livestream
2026-09-22T09:08:55.270Z	info	staff-logger	scenario/viewer.go:76	visit user profile
2026-09-22T09:08:55.353Z	info	staff-logger	scenario/viewer.go:32	basic viewer scenario
2026-09-22T09:08:55.353Z	info	staff-logger	scenario/viewer.go:56	visit top
2026-09-22T09:08:55.353Z	info	staff-logger	scenario/viewer.go:64	get livestream
2026-09-22T09:08:55.353Z	info	staff-logger	scenario/viewer.go:83	visit livestream
2026-09-22T09:08:55.368Z	warn	staff-logger	scenario/viewer.go:178	viewer_spam: failed to post livecomment (moderated spam): benchmark-application: [一般エラー] POST /api/livestream/7639/livecomment へのリクエストに対して、期待されたHTTPステータスコードが確認できませんでした (expected:400, actual:201)

2026-09-22T09:08:55.410Z	info	staff-logger	scenario/viewer.go:32	basic viewer scenario
2026-09-22T09:08:55.411Z	info	staff-logger	scenario/viewer.go:56	visit top
2026-09-22T09:08:55.411Z	info	staff-logger	scenario/viewer.go:64	get livestream
2026-09-22T09:08:55.411Z	info	staff-logger	scenario/viewer.go:83	visit livestream
2026-09-22T09:08:55.462Z	info	staff-logger	scenario/viewer.go:32	basic viewer scenario
2026-09-22T09:08:55.462Z	info	staff-logger	scenario/viewer.go:56	visit top
2026-09-22T09:08:55.462Z	info	staff-logger	scenario/viewer.go:64	get livestream
2026-09-22T09:08:55.462Z	info	staff-logger	scenario/viewer.go:83	visit livestream
2026-09-22T09:08:55.473Z	info	staff-logger	scenario/viewer.go:32	basic viewer scenario
2026-09-22T09:08:55.473Z	info	staff-logger	scenario/viewer.go:56	visit top
2026-09-22T09:08:55.498Z	info	staff-logger	scenario/viewer.go:83	visit livestream
2026-09-22T09:08:55.543Z	info	staff-logger	scenario/viewer.go:32	basic viewer scenario
2026-09-22T09:08:55.543Z	info	staff-logger	scenario/viewer.go:56	visit top
2026-09-22T09:08:55.543Z	info	staff-logger	scenario/viewer.go:64	get livestream
2026-09-22T09:08:55.543Z	info	staff-logger	scenario/viewer.go:83	visit livestream
2026-09-22T09:08:55.561Z	info	staff-logger	scenario/viewer.go:32	basic viewer scenario
2026-09-22T09:08:55.561Z	info	staff-logger	scenario/viewer.go:56	visit top
2026-09-22T09:08:55.561Z	info	staff-logger	scenario/viewer.go:64	get livestream
2026-09-22T09:08:55.561Z	info	staff-logger	scenario/viewer.go:83	visit livestream
2026-09-22T09:08:55.565Z	info	staff-logger	scenario/viewer.go:32	basic viewer scenario
2026-09-22T09:08:55.565Z	info	staff-logger	scenario/viewer.go:56	visit top
2026-09-22T09:08:55.602Z	info	staff-logger	scenario/viewer.go:32	basic viewer scenario
2026-09-22T09:08:55.602Z	info	staff-logger	scenario/viewer.go:56	visit top
2026-09-22T09:08:55.602Z	info	staff-logger	scenario/viewer.go:64	get livestream
2026-09-22T09:08:55.602Z	info	staff-logger	scenario/viewer.go:83	visit livestream
2026-09-22T09:08:55.605Z	info	staff-logger	scenario/viewer.go:32	basic viewer scenario
2026-09-22T09:08:55.605Z	info	staff-logger	scenario/viewer.go:56	visit top
2026-09-22T09:08:55.605Z	info	staff-logger	scenario/viewer.go:64	get livestream
2026-09-22T09:08:55.605Z	info	staff-logger	scenario/viewer.go:83	visit livestream
2026-09-22T09:08:55.686Z	info	staff-logger	scenario/viewer.go:32	basic viewer scenario
2026-09-22T09:08:55.686Z	info	staff-logger	scenario/viewer.go:56	visit top
2026-09-22T09:08:55.686Z	info	staff-logger	scenario/viewer.go:64	get livestream
2026-09-22T09:08:55.686Z	info	staff-logger	scenario/viewer.go:83	visit livestream
2026-09-22T09:08:55.773Z	info	staff-logger	scenario/viewer.go:32	basic viewer scenario
2026-09-22T09:08:55.773Z	info	staff-logger	scenario/viewer.go:56	visit top
2026-09-22T09:08:55.773Z	info	staff-logger	scenario/viewer.go:64	get livestream
2026-09-22T09:08:55.773Z	info	staff-logger	scenario/viewer.go:83	visit livestream
2026-09-22T09:08:55.806Z	warn	staff-logger	scenario/viewer.go:178	viewer_spam: failed to post livecomment (moderated spam): benchmark-application: [一般エラー] POST /api/livestream/7911/livecomment へのリクエストに対して、期待されたHTTPステータスコードが確認できませんでした (expected:400, actual:201)

2026-09-22T09:08:55.821Z	info	staff-logger	scenario/viewer.go:64	get livestream
2026-09-22T09:08:55.821Z	info	staff-logger	scenario/viewer.go:76	visit user profile
2026-09-22T09:08:55.847Z	info	staff-logger	scenario/viewer.go:32	basic viewer scenario
2026-09-22T09:08:55.847Z	info	staff-logger	scenario/viewer.go:56	visit top
2026-09-22T09:08:55.847Z	info	staff-logger	scenario/viewer.go:64	get livestream
2026-09-22T09:08:55.847Z	info	staff-logger	scenario/viewer.go:83	visit livestream
2026-09-22T09:08:55.870Z	info	staff-logger	scenario/viewer.go:90	get livestream stats
2026-09-22T09:08:55.879Z	warn	staff-logger	scenario/viewer.go:178	viewer_spam: failed to post livecomment (moderated spam): benchmark-application: [一般エラー] POST /api/livestream/7621/livecomment へのリクエストに対して、期待されたHTTPステータスコードが確認できませんでした (expected:400, actual:201)

2026-09-22T09:08:55.880Z	info	staff-logger	scenario/viewer.go:32	basic viewer scenario
2026-09-22T09:08:55.880Z	info	staff-logger	scenario/viewer.go:56	visit top
2026-09-22T09:08:55.880Z	info	staff-logger	scenario/viewer.go:64	get livestream
2026-09-22T09:08:55.880Z	info	staff-logger	scenario/viewer.go:83	visit livestream
2026-09-22T09:08:55.911Z	info	staff-logger	scenario/viewer.go:64	get livestream
2026-09-22T09:08:55.911Z	info	staff-logger	scenario/viewer.go:76	visit user profile
2026-09-22T09:08:55.924Z	info	staff-logger	scenario/viewer.go:32	basic viewer scenario
2026-09-22T09:08:55.925Z	info	staff-logger	scenario/viewer.go:56	visit top
2026-09-22T09:08:55.925Z	info	staff-logger	scenario/viewer.go:64	get livestream
2026-09-22T09:08:55.925Z	info	staff-logger	scenario/viewer.go:83	visit livestream
2026-09-22T09:08:55.987Z	info	staff-logger	scenario/viewer.go:32	basic viewer scenario
2026-09-22T09:08:55.987Z	info	staff-logger	scenario/viewer.go:46	change icon
2026-09-22T09:08:56.009Z	info	staff-logger	scenario/viewer.go:32	basic viewer scenario
2026-09-22T09:08:56.009Z	info	staff-logger	scenario/viewer.go:56	visit top
2026-09-22T09:08:56.038Z	info	staff-logger	scenario/viewer.go:56	visit top
2026-09-22T09:08:56.071Z	info	staff-logger	scenario/viewer.go:32	basic viewer scenario
2026-09-22T09:08:56.071Z	info	staff-logger	scenario/viewer.go:56	visit top
2026-09-22T09:08:56.071Z	info	staff-logger	scenario/viewer.go:64	get livestream
2026-09-22T09:08:56.071Z	info	staff-logger	scenario/viewer.go:83	visit livestream
2026-09-22T09:08:56.115Z	info	staff-logger	scenario/streamer.go:48	change icon
2026-09-22T09:08:56.151Z	warn	staff-logger	scenario/viewer.go:178	viewer_spam: failed to post livecomment (moderated spam): benchmark-application: [一般エラー] POST /api/livestream/7746/livecomment へのリクエストに対して、期待されたHTTPステータスコードが確認できませんでした (expected:400, actual:201)

2026-09-22T09:08:56.156Z	info	staff-logger	scenario/viewer.go:83	visit livestream
2026-09-22T09:08:56.176Z	info	staff-logger	scenario/viewer.go:32	basic viewer scenario
2026-09-22T09:08:56.177Z	info	staff-logger	scenario/viewer.go:56	visit top
2026-09-22T09:08:56.177Z	info	staff-logger	scenario/viewer.go:64	get livestream
2026-09-22T09:08:56.177Z	info	staff-logger	scenario/viewer.go:83	visit livestream
2026-09-22T09:08:56.220Z	info	staff-logger	scenario/viewer.go:83	visit livestream
2026-09-22T09:08:56.235Z	info	staff-logger	scenario/viewer.go:32	basic viewer scenario
2026-09-22T09:08:56.235Z	info	staff-logger	scenario/viewer.go:56	visit top
2026-09-22T09:08:56.235Z	info	staff-logger	scenario/viewer.go:64	get livestream
2026-09-22T09:08:56.235Z	info	staff-logger	scenario/viewer.go:83	visit livestream
2026-09-22T09:08:56.264Z	info	staff-logger	scenario/viewer.go:32	basic viewer scenario
2026-09-22T09:08:56.264Z	info	staff-logger	scenario/viewer.go:56	visit top
2026-09-22T09:08:56.264Z	info	staff-logger	scenario/viewer.go:64	get livestream
2026-09-22T09:08:56.264Z	info	staff-logger	scenario/viewer.go:83	visit livestream
2026-09-22T09:08:56.270Z	info	staff-logger	scenario/viewer.go:90	get livestream stats
2026-09-22T09:08:56.328Z	info	staff-logger	scenario/viewer.go:32	basic viewer scenario
2026-09-22T09:08:56.328Z	info	staff-logger	scenario/viewer.go:56	visit top
2026-09-22T09:08:56.328Z	info	staff-logger	scenario/viewer.go:64	get livestream
2026-09-22T09:08:56.328Z	info	staff-logger	scenario/viewer.go:83	visit livestream
2026-09-22T09:08:56.335Z	info	staff-logger	scenario/viewer.go:64	get livestream
2026-09-22T09:08:56.335Z	info	staff-logger	scenario/viewer.go:76	visit user profile
2026-09-22T09:08:56.345Z	info	staff-logger	scenario/viewer.go:64	get livestream
2026-09-22T09:08:56.346Z	info	staff-logger	scenario/viewer.go:76	visit user profile
2026-09-22T09:08:56.350Z	info	staff-logger	scenario/viewer.go:32	basic viewer scenario
2026-09-22T09:08:56.351Z	info	staff-logger	scenario/viewer.go:56	visit top
2026-09-22T09:08:56.351Z	info	staff-logger	scenario/viewer.go:64	get livestream
2026-09-22T09:08:56.351Z	info	staff-logger	scenario/viewer.go:83	visit livestream
2026-09-22T09:08:56.397Z	info	staff-logger	scenario/viewer.go:32	basic viewer scenario
2026-09-22T09:08:56.397Z	info	staff-logger	scenario/viewer.go:56	visit top
2026-09-22T09:08:56.397Z	info	staff-logger	scenario/viewer.go:64	get livestream
2026-09-22T09:08:56.397Z	info	staff-logger	scenario/viewer.go:83	visit livestream
2026-09-22T09:08:56.426Z	info	staff-logger	scenario/viewer.go:32	basic viewer scenario
2026-09-22T09:08:56.427Z	info	staff-logger	scenario/viewer.go:56	visit top
2026-09-22T09:08:56.427Z	info	staff-logger	scenario/viewer.go:64	get livestream
2026-09-22T09:08:56.427Z	info	staff-logger	scenario/viewer.go:83	visit livestream
2026-09-22T09:08:56.453Z	info	staff-logger	scenario/viewer.go:32	basic viewer scenario
2026-09-22T09:08:56.453Z	info	staff-logger	scenario/viewer.go:56	visit top
2026-09-22T09:08:56.453Z	info	staff-logger	scenario/viewer.go:64	get livestream
2026-09-22T09:08:56.453Z	info	staff-logger	scenario/viewer.go:83	visit livestream
2026-09-22T09:08:56.541Z	info	staff-logger	scenario/viewer.go:32	basic viewer scenario
2026-09-22T09:08:56.541Z	info	staff-logger	scenario/viewer.go:56	visit top
2026-09-22T09:08:56.541Z	info	staff-logger	scenario/viewer.go:64	get livestream
2026-09-22T09:08:56.541Z	info	staff-logger	scenario/viewer.go:83	visit livestream
2026-09-22T09:08:56.564Z	info	staff-logger	scenario/viewer.go:90	get livestream stats
2026-09-22T09:08:56.607Z	info	staff-logger	scenario/viewer.go:32	basic viewer scenario
2026-09-22T09:08:56.607Z	info	staff-logger	scenario/viewer.go:56	visit top
2026-09-22T09:08:56.607Z	info	staff-logger	scenario/viewer.go:64	get livestream
2026-09-22T09:08:56.607Z	info	staff-logger	scenario/viewer.go:83	visit livestream
2026-09-22T09:08:56.622Z	info	staff-logger	scenario/viewer.go:83	visit livestream
2026-09-22T09:08:56.664Z	info	staff-logger	scenario/viewer.go:32	basic viewer scenario
2026-09-22T09:08:56.664Z	info	staff-logger	scenario/viewer.go:56	visit top
2026-09-22T09:08:56.664Z	info	staff-logger	scenario/viewer.go:64	get livestream
2026-09-22T09:08:56.664Z	info	staff-logger	scenario/viewer.go:83	visit livestream
2026-09-22T09:08:56.681Z	info	staff-logger	scenario/viewer.go:83	visit livestream
2026-09-22T09:08:56.692Z	info	staff-logger	scenario/viewer.go:32	basic viewer scenario
2026-09-22T09:08:56.692Z	info	staff-logger	scenario/viewer.go:56	visit top
2026-09-22T09:08:56.692Z	info	staff-logger	scenario/viewer.go:64	get livestream
2026-09-22T09:08:56.692Z	info	staff-logger	scenario/viewer.go:83	visit livestream
2026-09-22T09:08:56.733Z	info	staff-logger	scenario/viewer.go:32	basic viewer scenario
2026-09-22T09:08:56.733Z	info	staff-logger	scenario/viewer.go:56	visit top
2026-09-22T09:08:56.733Z	info	staff-logger	scenario/viewer.go:64	get livestream
2026-09-22T09:08:56.733Z	info	staff-logger	scenario/viewer.go:83	visit livestream
2026-09-22T09:08:56.737Z	info	staff-logger	scenario/viewer.go:32	basic viewer scenario
2026-09-22T09:08:56.737Z	info	staff-logger	scenario/viewer.go:56	visit top
2026-09-22T09:08:56.737Z	info	staff-logger	scenario/viewer.go:64	get livestream
2026-09-22T09:08:56.737Z	info	staff-logger	scenario/viewer.go:83	visit livestream
2026-09-22T09:08:56.737Z	info	staff-logger	scenario/viewer.go:32	basic viewer scenario
2026-09-22T09:08:56.737Z	info	staff-logger	scenario/viewer.go:56	visit top
2026-09-22T09:08:56.737Z	info	staff-logger	scenario/viewer.go:64	get livestream
2026-09-22T09:08:56.737Z	info	staff-logger	scenario/viewer.go:83	visit livestream
2026-09-22T09:08:56.832Z	info	staff-logger	scenario/viewer.go:32	basic viewer scenario
2026-09-22T09:08:56.832Z	info	staff-logger	scenario/viewer.go:56	visit top
2026-09-22T09:08:56.832Z	info	staff-logger	scenario/viewer.go:64	get livestream
2026-09-22T09:08:56.832Z	info	staff-logger	scenario/viewer.go:83	visit livestream
2026-09-22T09:08:56.900Z	info	staff-logger	scenario/viewer.go:32	basic viewer scenario
2026-09-22T09:08:56.901Z	info	staff-logger	scenario/viewer.go:56	visit top
2026-09-22T09:08:56.901Z	info	staff-logger	scenario/viewer.go:64	get livestream
2026-09-22T09:08:56.901Z	info	staff-logger	scenario/viewer.go:83	visit livestream
2026-09-22T09:08:56.905Z	info	staff-logger	scenario/streamer.go:48	change icon
2026-09-22T09:08:56.960Z	info	staff-logger	scenario/viewer.go:32	basic viewer scenario
2026-09-22T09:08:56.960Z	info	staff-logger	scenario/viewer.go:56	visit top
2026-09-22T09:08:56.980Z	info	staff-logger	scenario/viewer.go:32	basic viewer scenario
2026-09-22T09:08:56.980Z	info	staff-logger	scenario/viewer.go:56	visit top
2026-09-22T09:08:57.074Z	info	staff-logger	scenario/streamer.go:48	change icon
2026-09-22T09:08:57.111Z	info	staff-logger	scenario/viewer.go:32	basic viewer scenario
2026-09-22T09:08:57.111Z	info	staff-logger	scenario/viewer.go:56	visit top
2026-09-22T09:08:57.152Z	info	staff-logger	scenario/viewer.go:32	basic viewer scenario
2026-09-22T09:08:57.152Z	info	staff-logger	scenario/viewer.go:56	visit top
2026-09-22T09:08:57.152Z	info	staff-logger	scenario/viewer.go:64	get livestream
2026-09-22T09:08:57.152Z	info	staff-logger	scenario/viewer.go:83	visit livestream
2026-09-22T09:08:57.174Z	info	staff-logger	scenario/viewer.go:32	basic viewer scenario
2026-09-22T09:08:57.174Z	info	staff-logger	scenario/viewer.go:56	visit top
2026-09-22T09:08:57.174Z	info	staff-logger	scenario/viewer.go:64	get livestream
2026-09-22T09:08:57.174Z	info	staff-logger	scenario/viewer.go:83	visit livestream
2026-09-22T09:08:57.180Z	info	staff-logger	scenario/viewer.go:32	basic viewer scenario
2026-09-22T09:08:57.180Z	info	staff-logger	scenario/viewer.go:56	visit top
2026-09-22T09:08:57.180Z	info	staff-logger	scenario/viewer.go:64	get livestream
2026-09-22T09:08:57.180Z	info	staff-logger	scenario/viewer.go:83	visit livestream
2026-09-22T09:08:57.199Z	info	staff-logger	scenario/viewer.go:32	basic viewer scenario
2026-09-22T09:08:57.199Z	info	staff-logger	scenario/viewer.go:56	visit top
2026-09-22T09:08:57.199Z	info	staff-logger	scenario/viewer.go:64	get livestream
2026-09-22T09:08:57.199Z	info	staff-logger	scenario/viewer.go:83	visit livestream
2026-09-22T09:08:57.254Z	info	staff-logger	scenario/viewer.go:64	get livestream
2026-09-22T09:08:57.255Z	info	staff-logger	scenario/viewer.go:76	visit user profile
2026-09-22T09:08:57.263Z	info	staff-logger	scenario/viewer.go:64	get livestream
2026-09-22T09:08:57.263Z	info	staff-logger	scenario/viewer.go:76	visit user profile
2026-09-22T09:08:57.263Z	warn	staff-logger	scenario/viewer.go:178	viewer_spam: failed to post livecomment (moderated spam): benchmark-application: [一般エラー] POST /api/livestream/7598/livecomment へのリクエストに対して、期待されたHTTPステータスコードが確認できませんでした (expected:400, actual:201)

2026-09-22T09:08:57.321Z	warn	staff-logger	scenario/viewer.go:178	viewer_spam: failed to post livecomment (moderated spam): benchmark-application: [一般エラー] POST /api/livestream/7525/livecomment へのリクエストに対して、期待されたHTTPステータスコードが確認できませんでした (expected:400, actual:201)

2026-09-22T09:08:57.359Z	info	staff-logger	scenario/viewer.go:32	basic viewer scenario
2026-09-22T09:08:57.359Z	info	staff-logger	scenario/viewer.go:56	visit top
2026-09-22T09:08:57.359Z	info	staff-logger	scenario/viewer.go:64	get livestream
2026-09-22T09:08:57.359Z	info	staff-logger	scenario/viewer.go:83	visit livestream
2026-09-22T09:08:57.401Z	info	staff-logger	scenario/viewer.go:32	basic viewer scenario
2026-09-22T09:08:57.401Z	info	staff-logger	scenario/viewer.go:56	visit top
2026-09-22T09:08:57.401Z	info	staff-logger	scenario/viewer.go:64	get livestream
2026-09-22T09:08:57.401Z	info	staff-logger	scenario/viewer.go:83	visit livestream
2026-09-22T09:08:57.467Z	info	staff-logger	scenario/viewer.go:64	get livestream
2026-09-22T09:08:57.467Z	info	staff-logger	scenario/viewer.go:76	visit user profile
2026-09-22T09:08:57.489Z	info	staff-logger	scenario/streamer.go:48	change icon
2026-09-22T09:08:57.520Z	info	staff-logger	scenario/viewer.go:83	visit livestream
2026-09-22T09:08:57.523Z	info	staff-logger	scenario/viewer.go:83	visit livestream
2026-09-22T09:08:57.525Z	info	staff-logger	scenario/viewer.go:32	basic viewer scenario
2026-09-22T09:08:57.525Z	info	staff-logger	scenario/viewer.go:56	visit top
2026-09-22T09:08:57.525Z	info	staff-logger	scenario/viewer.go:64	get livestream
2026-09-22T09:08:57.525Z	info	staff-logger	scenario/viewer.go:83	visit livestream
2026-09-22T09:08:57.537Z	info	staff-logger	scenario/viewer.go:90	get livestream stats
2026-09-22T09:08:57.559Z	warn	staff-logger	scenario/viewer.go:178	viewer_spam: failed to post livecomment (moderated spam): benchmark-application: [一般エラー] POST /api/livestream/7798/livecomment へのリクエストに対して、期待されたHTTPステータスコードが確認できませんでした (expected:400, actual:201)

2026-09-22T09:08:57.591Z	info	staff-logger	scenario/viewer.go:32	basic viewer scenario
2026-09-22T09:08:57.591Z	info	staff-logger	scenario/viewer.go:56	visit top
2026-09-22T09:08:57.591Z	info	staff-logger	scenario/viewer.go:64	get livestream
2026-09-22T09:08:57.591Z	info	staff-logger	scenario/viewer.go:83	visit livestream
2026-09-22T09:08:57.610Z	info	staff-logger	scenario/viewer.go:32	basic viewer scenario
2026-09-22T09:08:57.610Z	info	staff-logger	scenario/viewer.go:56	visit top
2026-09-22T09:08:57.610Z	info	staff-logger	scenario/viewer.go:64	get livestream
2026-09-22T09:08:57.610Z	info	staff-logger	scenario/viewer.go:83	visit livestream
2026-09-22T09:08:57.704Z	info	staff-logger	scenario/viewer.go:83	visit livestream
2026-09-22T09:08:57.713Z	info	staff-logger	scenario/viewer.go:32	basic viewer scenario
2026-09-22T09:08:57.713Z	info	staff-logger	scenario/viewer.go:56	visit top
2026-09-22T09:08:57.713Z	info	staff-logger	scenario/viewer.go:64	get livestream
2026-09-22T09:08:57.713Z	info	staff-logger	scenario/viewer.go:83	visit livestream
2026-09-22T09:08:57.765Z	info	staff-logger	scenario/streamer.go:48	change icon
2026-09-22T09:08:57.859Z	info	staff-logger	scenario/viewer.go:32	basic viewer scenario
2026-09-22T09:08:57.860Z	info	staff-logger	scenario/viewer.go:56	visit top
2026-09-22T09:08:57.860Z	info	staff-logger	scenario/viewer.go:64	get livestream
2026-09-22T09:08:57.860Z	info	staff-logger	scenario/viewer.go:83	visit livestream
2026-09-22T09:08:57.878Z	info	staff-logger	scenario/viewer.go:90	get livestream stats
2026-09-22T09:08:57.883Z	info	staff-logger	scenario/viewer.go:32	basic viewer scenario
2026-09-22T09:08:57.884Z	info	staff-logger	scenario/viewer.go:56	visit top
2026-09-22T09:08:57.884Z	info	staff-logger	scenario/viewer.go:64	get livestream
2026-09-22T09:08:57.884Z	info	staff-logger	scenario/viewer.go:83	visit livestream
2026-09-22T09:08:57.910Z	info	staff-logger	scenario/viewer.go:32	basic viewer scenario
2026-09-22T09:08:57.910Z	info	staff-logger	scenario/viewer.go:56	visit top
2026-09-22T09:08:57.912Z	info	staff-logger	scenario/viewer.go:32	basic viewer scenario
2026-09-22T09:08:57.912Z	info	staff-logger	scenario/viewer.go:56	visit top
2026-09-22T09:08:57.917Z	info	staff-logger	scenario/viewer.go:32	basic viewer scenario
2026-09-22T09:08:57.917Z	info	staff-logger	scenario/viewer.go:56	visit top
2026-09-22T09:08:57.917Z	info	staff-logger	scenario/viewer.go:64	get livestream
2026-09-22T09:08:57.917Z	info	staff-logger	scenario/viewer.go:83	visit livestream
2026-09-22T09:08:57.948Z	info	staff-logger	scenario/viewer.go:32	basic viewer scenario
2026-09-22T09:08:57.948Z	info	staff-logger	scenario/viewer.go:56	visit top
2026-09-22T09:08:57.948Z	info	staff-logger	scenario/viewer.go:64	get livestream
2026-09-22T09:08:57.948Z	info	staff-logger	scenario/viewer.go:83	visit livestream
2026-09-22T09:08:57.966Z	info	staff-logger	scenario/viewer.go:32	basic viewer scenario
2026-09-22T09:08:57.966Z	info	staff-logger	scenario/viewer.go:56	visit top
2026-09-22T09:08:57.966Z	info	staff-logger	scenario/viewer.go:64	get livestream
2026-09-22T09:08:57.966Z	info	staff-logger	scenario/viewer.go:83	visit livestream
2026-09-22T09:08:57.980Z	info	staff-logger	scenario/viewer.go:90	get livestream stats
2026-09-22T09:08:57.985Z	info	staff-logger	scenario/viewer.go:32	basic viewer scenario
2026-09-22T09:08:57.985Z	info	staff-logger	scenario/viewer.go:56	visit top
2026-09-22T09:08:57.985Z	info	staff-logger	scenario/viewer.go:64	get livestream
2026-09-22T09:08:57.985Z	info	staff-logger	scenario/viewer.go:83	visit livestream
2026-09-22T09:08:58.047Z	info	staff-logger	scenario/viewer.go:32	basic viewer scenario
2026-09-22T09:08:58.047Z	info	staff-logger	scenario/viewer.go:56	visit top
2026-09-22T09:08:58.047Z	info	staff-logger	scenario/viewer.go:64	get livestream
2026-09-22T09:08:58.047Z	info	staff-logger	scenario/viewer.go:83	visit livestream
2026-09-22T09:08:58.084Z	info	staff-logger	scenario/viewer.go:32	basic viewer scenario
2026-09-22T09:08:58.084Z	info	staff-logger	scenario/viewer.go:56	visit top
2026-09-22T09:08:58.084Z	info	staff-logger	scenario/viewer.go:64	get livestream
2026-09-22T09:08:58.084Z	info	staff-logger	scenario/viewer.go:83	visit livestream
2026-09-22T09:08:58.109Z	warn	staff-logger	scenario/viewer.go:178	viewer_spam: failed to post livecomment (moderated spam): benchmark-application: [一般エラー] POST /api/livestream/7973/livecomment へのリクエストに対して、期待されたHTTPステータスコードが確認できませんでした (expected:400, actual:201)

2026-09-22T09:08:58.162Z	info	staff-logger	scenario/viewer.go:32	basic viewer scenario
2026-09-22T09:08:58.162Z	info	staff-logger	scenario/viewer.go:56	visit top
2026-09-22T09:08:58.162Z	info	staff-logger	scenario/viewer.go:64	get livestream
2026-09-22T09:08:58.162Z	info	staff-logger	scenario/viewer.go:83	visit livestream
2026-09-22T09:08:58.204Z	info	staff-logger	scenario/viewer.go:32	basic viewer scenario
2026-09-22T09:08:58.204Z	info	staff-logger	scenario/viewer.go:56	visit top
2026-09-22T09:08:58.204Z	info	staff-logger	scenario/viewer.go:64	get livestream
2026-09-22T09:08:58.204Z	info	staff-logger	scenario/viewer.go:83	visit livestream
2026-09-22T09:08:58.205Z	info	staff-logger	scenario/viewer.go:64	get livestream
2026-09-22T09:08:58.205Z	info	staff-logger	scenario/viewer.go:76	visit user profile
2026-09-22T09:08:58.212Z	warn	staff-logger	scenario/viewer.go:178	viewer_spam: failed to post livecomment (moderated spam): benchmark-application: [一般エラー] POST /api/livestream/7975/livecomment へのリクエストに対して、期待されたHTTPステータスコードが確認できませんでした (expected:400, actual:201)

2026-09-22T09:08:58.223Z	info	staff-logger	scenario/viewer.go:64	get livestream
2026-09-22T09:08:58.223Z	info	staff-logger	scenario/viewer.go:76	visit user profile
2026-09-22T09:08:58.223Z	info	staff-logger	scenario/viewer.go:32	basic viewer scenario
2026-09-22T09:08:58.223Z	info	staff-logger	scenario/viewer.go:56	visit top
2026-09-22T09:08:58.223Z	info	staff-logger	scenario/viewer.go:64	get livestream
2026-09-22T09:08:58.223Z	warn	staff-logger	scenario/viewer.go:178	viewer_spam: failed to post livecomment (moderated spam): benchmark-application: [一般エラー] POST /api/livestream/7708/livecomment へのリクエストに対して、期待されたHTTPステータスコードが確認できませんでした (expected:400, actual:201)

2026-09-22T09:08:58.223Z	info	staff-logger	scenario/viewer.go:83	visit livestream
2026-09-22T09:08:58.289Z	info	staff-logger	scenario/viewer.go:32	basic viewer scenario
2026-09-22T09:08:58.289Z	info	staff-logger	scenario/viewer.go:56	visit top
2026-09-22T09:08:58.289Z	info	staff-logger	scenario/viewer.go:64	get livestream
2026-09-22T09:08:58.289Z	info	staff-logger	scenario/viewer.go:83	visit livestream
2026-09-22T09:08:58.315Z	warn	staff-logger	scenario/viewer.go:178	viewer_spam: failed to post livecomment (moderated spam): benchmark-application: [一般エラー] POST /api/livestream/7933/livecomment へのリクエストに対して、期待されたHTTPステータスコードが確認できませんでした (expected:400, actual:201)

2026-09-22T09:08:58.439Z	info	staff-logger	scenario/viewer.go:83	visit livestream
2026-09-22T09:08:58.440Z	info	staff-logger	scenario/streamer.go:48	change icon
2026-09-22T09:08:58.460Z	warn	staff-logger	scenario/viewer.go:178	viewer_spam: failed to post livecomment (moderated spam): benchmark-application: [一般エラー] POST /api/livestream/7666/livecomment へのリクエストに対して、期待されたHTTPステータスコードが確認できませんでした (expected:400, actual:201)

2026-09-22T09:08:58.462Z	info	staff-logger	scenario/viewer.go:32	basic viewer scenario
2026-09-22T09:08:58.462Z	info	staff-logger	scenario/viewer.go:56	visit top
2026-09-22T09:08:58.462Z	info	staff-logger	scenario/viewer.go:64	get livestream
2026-09-22T09:08:58.462Z	info	staff-logger	scenario/viewer.go:83	visit livestream
2026-09-22T09:08:58.490Z	info	staff-logger	scenario/viewer.go:83	visit livestream
2026-09-22T09:08:58.527Z	info	staff-logger	scenario/viewer.go:32	basic viewer scenario
2026-09-22T09:08:58.527Z	info	staff-logger	scenario/viewer.go:56	visit top
2026-09-22T09:08:58.527Z	info	staff-logger	scenario/viewer.go:64	get livestream
2026-09-22T09:08:58.527Z	info	staff-logger	scenario/viewer.go:83	visit livestream
2026-09-22T09:08:58.577Z	info	staff-logger	scenario/viewer.go:32	basic viewer scenario
2026-09-22T09:08:58.577Z	info	staff-logger	scenario/viewer.go:56	visit top
2026-09-22T09:08:58.577Z	info	staff-logger	scenario/viewer.go:64	get livestream
2026-09-22T09:08:58.577Z	info	staff-logger	scenario/viewer.go:83	visit livestream
2026-09-22T09:08:58.607Z	info	staff-logger	scenario/streamer.go:48	change icon
2026-09-22T09:08:58.617Z	info	staff-logger	scenario/viewer.go:32	basic viewer scenario
2026-09-22T09:08:58.617Z	info	staff-logger	scenario/viewer.go:56	visit top
2026-09-22T09:08:58.617Z	info	staff-logger	scenario/viewer.go:64	get livestream
2026-09-22T09:08:58.617Z	info	staff-logger	scenario/viewer.go:83	visit livestream
2026-09-22T09:08:58.635Z	info	staff-logger	scenario/viewer.go:32	basic viewer scenario
2026-09-22T09:08:58.635Z	info	staff-logger	scenario/viewer.go:56	visit top
2026-09-22T09:08:58.635Z	info	staff-logger	scenario/viewer.go:64	get livestream
2026-09-22T09:08:58.635Z	info	staff-logger	scenario/viewer.go:83	visit livestream
2026-09-22T09:08:58.673Z	info	staff-logger	scenario/viewer.go:32	basic viewer scenario
2026-09-22T09:08:58.673Z	info	staff-logger	scenario/viewer.go:56	visit top
2026-09-22T09:08:58.701Z	info	staff-logger	scenario/viewer.go:32	basic viewer scenario
2026-09-22T09:08:58.701Z	info	staff-logger	scenario/viewer.go:56	visit top
2026-09-22T09:08:58.701Z	info	staff-logger	scenario/viewer.go:64	get livestream
2026-09-22T09:08:58.701Z	info	staff-logger	scenario/viewer.go:83	visit livestream
2026-09-22T09:08:58.737Z	info	staff-logger	scenario/viewer.go:32	basic viewer scenario
2026-09-22T09:08:58.738Z	info	staff-logger	scenario/viewer.go:56	visit top
2026-09-22T09:08:58.738Z	info	staff-logger	scenario/viewer.go:64	get livestream
2026-09-22T09:08:58.738Z	info	staff-logger	scenario/viewer.go:83	visit livestream
2026-09-22T09:08:58.814Z	info	staff-logger	scenario/viewer.go:32	basic viewer scenario
2026-09-22T09:08:58.814Z	info	staff-logger	scenario/viewer.go:56	visit top
2026-09-22T09:08:58.814Z	info	staff-logger	scenario/viewer.go:64	get livestream
2026-09-22T09:08:58.814Z	info	staff-logger	scenario/viewer.go:83	visit livestream
2026-09-22T09:08:58.858Z	info	staff-logger	scenario/viewer.go:32	basic viewer scenario
2026-09-22T09:08:58.858Z	info	staff-logger	scenario/viewer.go:56	visit top
2026-09-22T09:08:58.858Z	info	staff-logger	scenario/viewer.go:64	get livestream
2026-09-22T09:08:58.858Z	info	staff-logger	scenario/viewer.go:83	visit livestream
2026-09-22T09:08:58.892Z	info	staff-logger	scenario/viewer.go:32	basic viewer scenario
2026-09-22T09:08:58.892Z	info	staff-logger	scenario/viewer.go:56	visit top
2026-09-22T09:08:58.892Z	info	staff-logger	scenario/viewer.go:64	get livestream
2026-09-22T09:08:58.892Z	info	staff-logger	scenario/viewer.go:83	visit livestream
2026-09-22T09:08:58.988Z	info	staff-logger	scenario/viewer.go:64	get livestream
2026-09-22T09:08:58.988Z	info	staff-logger	scenario/viewer.go:76	visit user profile
2026-09-22T09:08:59.018Z	info	staff-logger	scenario/viewer.go:32	basic viewer scenario
2026-09-22T09:08:59.018Z	info	staff-logger	scenario/viewer.go:56	visit top
2026-09-22T09:08:59.018Z	info	staff-logger	scenario/viewer.go:64	get livestream
2026-09-22T09:08:59.018Z	info	staff-logger	scenario/viewer.go:83	visit livestream
2026-09-22T09:08:59.046Z	warn	staff-logger	scenario/viewer.go:178	viewer_spam: failed to post livecomment (moderated spam): benchmark-application: [一般エラー] POST /api/livestream/7694/livecomment へのリクエストに対して、期待されたHTTPステータスコードが確認できませんでした (expected:400, actual:201)

2026-09-22T09:08:59.048Z	info	staff-logger	scenario/viewer.go:32	basic viewer scenario
2026-09-22T09:08:59.048Z	info	staff-logger	scenario/viewer.go:56	visit top
2026-09-22T09:08:59.048Z	info	staff-logger	scenario/viewer.go:64	get livestream
2026-09-22T09:08:59.048Z	info	staff-logger	scenario/viewer.go:83	visit livestream
2026-09-22T09:08:59.055Z	info	staff-logger	scenario/viewer.go:32	basic viewer scenario
2026-09-22T09:08:59.055Z	info	staff-logger	scenario/viewer.go:56	visit top
2026-09-22T09:08:59.055Z	info	staff-logger	scenario/viewer.go:64	get livestream
2026-09-22T09:08:59.055Z	info	staff-logger	scenario/viewer.go:83	visit livestream
2026-09-22T09:08:59.060Z	info	staff-logger	scenario/viewer.go:32	basic viewer scenario
2026-09-22T09:08:59.060Z	info	staff-logger	scenario/viewer.go:56	visit top
2026-09-22T09:08:59.060Z	info	staff-logger	scenario/viewer.go:64	get livestream
2026-09-22T09:08:59.060Z	info	staff-logger	scenario/viewer.go:83	visit livestream
2026-09-22T09:08:59.095Z	info	staff-logger	scenario/viewer.go:32	basic viewer scenario
2026-09-22T09:08:59.095Z	info	staff-logger	scenario/viewer.go:56	visit top
2026-09-22T09:08:59.095Z	info	staff-logger	scenario/viewer.go:64	get livestream
2026-09-22T09:08:59.095Z	info	staff-logger	scenario/viewer.go:83	visit livestream
2026-09-22T09:08:59.101Z	info	staff-logger	scenario/viewer.go:32	basic viewer scenario
2026-09-22T09:08:59.101Z	info	staff-logger	scenario/viewer.go:56	visit top
2026-09-22T09:08:59.118Z	warn	staff-logger	scenario/viewer.go:178	viewer_spam: failed to post livecomment (moderated spam): benchmark-application: [一般エラー] POST /api/livestream/7943/livecomment へのリクエストに対して、期待されたHTTPステータスコードが確認できませんでした (expected:400, actual:201)

2026-09-22T09:08:59.136Z	info	staff-logger	scenario/viewer.go:32	basic viewer scenario
2026-09-22T09:08:59.136Z	info	staff-logger	scenario/viewer.go:56	visit top
2026-09-22T09:08:59.136Z	info	staff-logger	scenario/viewer.go:64	get livestream
2026-09-22T09:08:59.136Z	info	staff-logger	scenario/viewer.go:83	visit livestream
2026-09-22T09:08:59.175Z	info	staff-logger	scenario/viewer.go:32	basic viewer scenario
2026-09-22T09:08:59.175Z	info	staff-logger	scenario/viewer.go:56	visit top
2026-09-22T09:08:59.175Z	info	staff-logger	scenario/viewer.go:64	get livestream
2026-09-22T09:08:59.175Z	info	staff-logger	scenario/viewer.go:83	visit livestream
2026-09-22T09:08:59.186Z	info	staff-logger	scenario/viewer.go:32	basic viewer scenario
2026-09-22T09:08:59.187Z	info	staff-logger	scenario/viewer.go:56	visit top
2026-09-22T09:08:59.187Z	info	staff-logger	scenario/viewer.go:64	get livestream
2026-09-22T09:08:59.187Z	info	staff-logger	scenario/viewer.go:83	visit livestream
2026-09-22T09:08:59.204Z	info	staff-logger	scenario/viewer.go:90	get livestream stats
2026-09-22T09:08:59.261Z	info	staff-logger	scenario/viewer.go:32	basic viewer scenario
2026-09-22T09:08:59.261Z	info	staff-logger	scenario/viewer.go:56	visit top
2026-09-22T09:08:59.261Z	info	staff-logger	scenario/viewer.go:64	get livestream
2026-09-22T09:08:59.261Z	info	staff-logger	scenario/viewer.go:83	visit livestream
2026-09-22T09:08:59.272Z	info	staff-logger	scenario/viewer.go:83	visit livestream
2026-09-22T09:08:59.278Z	warn	staff-logger	scenario/viewer.go:178	viewer_spam: failed to post livecomment (moderated spam): benchmark-application: [一般エラー] POST /api/livestream/7813/livecomment へのリクエストに対して、期待されたHTTPステータスコードが確認できませんでした (expected:400, actual:201)

2026-09-22T09:08:59.331Z	info	staff-logger	scenario/viewer.go:32	basic viewer scenario
2026-09-22T09:08:59.331Z	info	staff-logger	scenario/viewer.go:56	visit top
2026-09-22T09:08:59.331Z	info	staff-logger	scenario/viewer.go:64	get livestream
2026-09-22T09:08:59.331Z	info	staff-logger	scenario/viewer.go:83	visit livestream
2026-09-22T09:08:59.371Z	warn	staff-logger	scenario/viewer.go:178	viewer_spam: failed to post livecomment (moderated spam): benchmark-application: [一般エラー] POST /api/livestream/7606/livecomment へのリクエストに対して、期待されたHTTPステータスコードが確認できませんでした (expected:400, actual:201)

2026-09-22T09:08:59.388Z	info	staff-logger	scenario/viewer.go:64	get livestream
2026-09-22T09:08:59.388Z	info	staff-logger	scenario/viewer.go:76	visit user profile
2026-09-22T09:08:59.480Z	info	staff-logger	scenario/viewer.go:32	basic viewer scenario
2026-09-22T09:08:59.480Z	info	staff-logger	scenario/viewer.go:56	visit top
2026-09-22T09:08:59.480Z	info	staff-logger	scenario/viewer.go:64	get livestream
2026-09-22T09:08:59.480Z	info	staff-logger	scenario/viewer.go:83	visit livestream
2026-09-22T09:08:59.573Z	info	staff-logger	scenario/viewer.go:32	basic viewer scenario
2026-09-22T09:08:59.573Z	info	staff-logger	scenario/viewer.go:56	visit top
2026-09-22T09:08:59.573Z	info	staff-logger	scenario/viewer.go:64	get livestream
2026-09-22T09:08:59.573Z	info	staff-logger	scenario/viewer.go:83	visit livestream
2026-09-22T09:08:59.602Z	warn	staff-logger	scenario/viewer.go:178	viewer_spam: failed to post livecomment (moderated spam): benchmark-application: [一般エラー] POST /api/livestream/7594/livecomment へのリクエストに対して、期待されたHTTPステータスコードが確認できませんでした (expected:400, actual:201)

2026-09-22T09:08:59.613Z	info	staff-logger	scenario/viewer.go:32	basic viewer scenario
2026-09-22T09:08:59.613Z	info	staff-logger	scenario/viewer.go:56	visit top
2026-09-22T09:08:59.613Z	info	staff-logger	scenario/viewer.go:64	get livestream
2026-09-22T09:08:59.613Z	info	staff-logger	scenario/viewer.go:83	visit livestream
2026-09-22T09:08:59.699Z	info	staff-logger	scenario/viewer.go:32	basic viewer scenario
2026-09-22T09:08:59.699Z	info	staff-logger	scenario/viewer.go:56	visit top
2026-09-22T09:08:59.699Z	info	staff-logger	scenario/viewer.go:64	get livestream
2026-09-22T09:08:59.699Z	info	staff-logger	scenario/viewer.go:83	visit livestream
2026-09-22T09:08:59.711Z	info	staff-logger	scenario/viewer.go:32	basic viewer scenario
2026-09-22T09:08:59.711Z	info	staff-logger	scenario/viewer.go:56	visit top
2026-09-22T09:08:59.711Z	info	staff-logger	scenario/viewer.go:64	get livestream
2026-09-22T09:08:59.711Z	info	staff-logger	scenario/viewer.go:83	visit livestream
2026-09-22T09:08:59.723Z	info	staff-logger	scenario/viewer.go:83	visit livestream
2026-09-22T09:08:59.756Z	info	staff-logger	scenario/viewer.go:32	basic viewer scenario
2026-09-22T09:08:59.756Z	info	staff-logger	scenario/viewer.go:56	visit top
2026-09-22T09:08:59.756Z	info	staff-logger	scenario/viewer.go:64	get livestream
2026-09-22T09:08:59.756Z	info	staff-logger	scenario/viewer.go:83	visit livestream
2026-09-22T09:08:59.763Z	info	staff-logger	scenario/viewer.go:32	basic viewer scenario
2026-09-22T09:08:59.763Z	info	staff-logger	scenario/viewer.go:56	visit top
2026-09-22T09:08:59.763Z	info	staff-logger	scenario/viewer.go:64	get livestream
2026-09-22T09:08:59.763Z	info	staff-logger	scenario/viewer.go:83	visit livestream
2026-09-22T09:08:59.795Z	info	staff-logger	scenario/viewer.go:90	get livestream stats
2026-09-22T09:08:59.840Z	info	staff-logger	scenario/viewer.go:32	basic viewer scenario
2026-09-22T09:08:59.840Z	info	staff-logger	scenario/viewer.go:56	visit top
2026-09-22T09:08:59.928Z	info	staff-logger	scenario/viewer.go:32	basic viewer scenario
2026-09-22T09:08:59.928Z	info	staff-logger	scenario/viewer.go:56	visit top
2026-09-22T09:08:59.928Z	info	staff-logger	scenario/viewer.go:64	get livestream
2026-09-22T09:08:59.928Z	info	staff-logger	scenario/viewer.go:83	visit livestream
2026-09-22T09:08:59.950Z	info	staff-logger	scenario/viewer.go:32	basic viewer scenario
2026-09-22T09:08:59.950Z	info	staff-logger	scenario/viewer.go:56	visit top
2026-09-22T09:08:59.950Z	info	staff-logger	scenario/viewer.go:64	get livestream
2026-09-22T09:08:59.950Z	info	staff-logger	scenario/viewer.go:83	visit livestream
2026-09-22T09:09:00.004Z	info	staff-logger	scenario/viewer.go:32	basic viewer scenario
2026-09-22T09:09:00.004Z	info	staff-logger	scenario/viewer.go:56	visit top
2026-09-22T09:09:00.004Z	info	staff-logger	scenario/viewer.go:64	get livestream
2026-09-22T09:09:00.004Z	info	staff-logger	scenario/viewer.go:83	visit livestream
2026-09-22T09:09:00.015Z	info	staff-logger	scenario/viewer.go:32	basic viewer scenario
2026-09-22T09:09:00.015Z	info	staff-logger	scenario/viewer.go:56	visit top
2026-09-22T09:09:00.015Z	info	staff-logger	scenario/viewer.go:64	get livestream
2026-09-22T09:09:00.015Z	info	staff-logger	scenario/viewer.go:83	visit livestream
2026-09-22T09:09:00.051Z	info	staff-logger	scenario/viewer.go:32	basic viewer scenario
2026-09-22T09:09:00.051Z	info	staff-logger	scenario/viewer.go:56	visit top
2026-09-22T09:09:00.051Z	info	staff-logger	scenario/viewer.go:64	get livestream
2026-09-22T09:09:00.051Z	info	staff-logger	scenario/viewer.go:83	visit livestream
2026-09-22T09:09:00.077Z	info	staff-logger	scenario/viewer.go:32	basic viewer scenario
2026-09-22T09:09:00.077Z	info	staff-logger	scenario/viewer.go:56	visit top
2026-09-22T09:09:00.078Z	info	staff-logger	scenario/viewer.go:64	get livestream
2026-09-22T09:09:00.078Z	info	staff-logger	scenario/viewer.go:83	visit livestream
2026-09-22T09:09:00.117Z	info	staff-logger	scenario/viewer.go:64	get livestream
2026-09-22T09:09:00.117Z	info	staff-logger	scenario/viewer.go:76	visit user profile
2026-09-22T09:09:00.141Z	warn	staff-logger	scenario/viewer.go:178	viewer_spam: failed to post livecomment (moderated spam): benchmark-application: [一般エラー] POST /api/livestream/7533/livecomment へのリクエストに対して、期待されたHTTPステータスコードが確認できませんでした (expected:400, actual:201)

2026-09-22T09:09:00.143Z	info	staff-logger	scenario/viewer.go:32	basic viewer scenario
2026-09-22T09:09:00.143Z	info	staff-logger	scenario/viewer.go:56	visit top
2026-09-22T09:09:00.143Z	info	staff-logger	scenario/viewer.go:64	get livestream
2026-09-22T09:09:00.143Z	info	staff-logger	scenario/viewer.go:83	visit livestream
2026-09-22T09:09:00.184Z	info	staff-logger	scenario/viewer.go:32	basic viewer scenario
2026-09-22T09:09:00.184Z	info	staff-logger	scenario/viewer.go:56	visit top
2026-09-22T09:09:00.184Z	info	staff-logger	scenario/viewer.go:64	get livestream
2026-09-22T09:09:00.184Z	info	staff-logger	scenario/viewer.go:83	visit livestream
2026-09-22T09:09:00.209Z	info	staff-logger	scenario/viewer.go:32	basic viewer scenario
2026-09-22T09:09:00.209Z	info	staff-logger	scenario/viewer.go:56	visit top
2026-09-22T09:09:00.209Z	info	staff-logger	scenario/viewer.go:64	get livestream
2026-09-22T09:09:00.210Z	info	staff-logger	scenario/viewer.go:83	visit livestream
2026-09-22T09:09:00.220Z	warn	staff-logger	scenario/viewer.go:178	viewer_spam: failed to post livecomment (moderated spam): benchmark-application: [一般エラー] POST /api/livestream/7916/livecomment へのリクエストに対して、期待されたHTTPステータスコードが確認できませんでした (expected:400, actual:201)

2026-09-22T09:09:00.232Z	info	staff-logger	scenario/viewer.go:32	basic viewer scenario
2026-09-22T09:09:00.232Z	info	staff-logger	scenario/viewer.go:56	visit top
2026-09-22T09:09:00.232Z	info	staff-logger	scenario/viewer.go:64	get livestream
2026-09-22T09:09:00.232Z	info	staff-logger	scenario/viewer.go:83	visit livestream
2026-09-22T09:09:00.266Z	info	staff-logger	scenario/viewer.go:32	basic viewer scenario
2026-09-22T09:09:00.266Z	info	staff-logger	scenario/viewer.go:56	visit top
2026-09-22T09:09:00.266Z	info	staff-logger	scenario/viewer.go:64	get livestream
2026-09-22T09:09:00.266Z	info	staff-logger	scenario/viewer.go:83	visit livestream
2026-09-22T09:09:00.282Z	warn	staff-logger	scenario/viewer.go:178	viewer_spam: failed to post livecomment (moderated spam): benchmark-application: [一般エラー] POST /api/livestream/7890/livecomment へのリクエストに対して、期待されたHTTPステータスコードが確認できませんでした (expected:400, actual:201)

2026-09-22T09:09:00.364Z	info	staff-logger	scenario/viewer.go:32	basic viewer scenario
2026-09-22T09:09:00.365Z	info	staff-logger	scenario/viewer.go:56	visit top
2026-09-22T09:09:00.365Z	info	staff-logger	scenario/viewer.go:64	get livestream
2026-09-22T09:09:00.365Z	info	staff-logger	scenario/viewer.go:83	visit livestream
2026-09-22T09:09:00.371Z	info	staff-logger	scenario/viewer.go:32	basic viewer scenario
2026-09-22T09:09:00.371Z	info	staff-logger	scenario/viewer.go:56	visit top
2026-09-22T09:09:00.371Z	info	staff-logger	scenario/viewer.go:64	get livestream
2026-09-22T09:09:00.371Z	info	staff-logger	scenario/viewer.go:83	visit livestream
2026-09-22T09:09:00.444Z	info	staff-logger	scenario/viewer.go:83	visit livestream
2026-09-22T09:09:00.522Z	info	staff-logger	scenario/viewer.go:32	basic viewer scenario
2026-09-22T09:09:00.522Z	info	staff-logger	scenario/viewer.go:56	visit top
2026-09-22T09:09:00.522Z	info	staff-logger	scenario/viewer.go:64	get livestream
2026-09-22T09:09:00.522Z	info	staff-logger	scenario/viewer.go:83	visit livestream
2026-09-22T09:09:00.553Z	info	staff-logger	scenario/viewer.go:90	get livestream stats
2026-09-22T09:09:00.588Z	warn	staff-logger	scenario/viewer.go:178	viewer_spam: failed to post livecomment (moderated spam): benchmark-application: [一般エラー] POST /api/livestream/7923/livecomment へのリクエストに対して、期待されたHTTPステータスコードが確認できませんでした (expected:400, actual:201)

2026-09-22T09:09:00.625Z	info	staff-logger	scenario/viewer.go:32	basic viewer scenario
2026-09-22T09:09:00.625Z	info	staff-logger	scenario/viewer.go:56	visit top
2026-09-22T09:09:00.625Z	info	staff-logger	scenario/viewer.go:64	get livestream
2026-09-22T09:09:00.625Z	info	staff-logger	scenario/viewer.go:83	visit livestream
2026-09-22T09:09:00.626Z	info	staff-logger	scenario/viewer.go:32	basic viewer scenario
2026-09-22T09:09:00.626Z	info	staff-logger	scenario/viewer.go:56	visit top
2026-09-22T09:09:00.626Z	info	staff-logger	scenario/viewer.go:64	get livestream
2026-09-22T09:09:00.626Z	info	staff-logger	scenario/viewer.go:83	visit livestream
2026-09-22T09:09:00.629Z	info	staff-logger	scenario/viewer.go:32	basic viewer scenario
2026-09-22T09:09:00.629Z	info	staff-logger	scenario/viewer.go:56	visit top
2026-09-22T09:09:00.629Z	info	staff-logger	scenario/viewer.go:64	get livestream
2026-09-22T09:09:00.629Z	info	staff-logger	scenario/viewer.go:83	visit livestream
2026-09-22T09:09:00.630Z	info	staff-logger	scenario/viewer.go:32	basic viewer scenario
2026-09-22T09:09:00.630Z	info	staff-logger	scenario/viewer.go:56	visit top
2026-09-22T09:09:00.630Z	info	staff-logger	scenario/viewer.go:64	get livestream
2026-09-22T09:09:00.630Z	info	staff-logger	scenario/viewer.go:83	visit livestream
2026-09-22T09:09:00.647Z	info	staff-logger	scenario/viewer.go:90	get livestream stats
2026-09-22T09:09:00.680Z	info	staff-logger	scenario/viewer.go:32	basic viewer scenario
2026-09-22T09:09:00.680Z	info	staff-logger	scenario/viewer.go:56	visit top
2026-09-22T09:09:00.680Z	info	staff-logger	scenario/viewer.go:64	get livestream
2026-09-22T09:09:00.680Z	info	staff-logger	scenario/viewer.go:83	visit livestream
2026-09-22T09:09:00.706Z	info	staff-logger	scenario/viewer.go:32	basic viewer scenario
2026-09-22T09:09:00.706Z	info	staff-logger	scenario/viewer.go:56	visit top
2026-09-22T09:09:00.706Z	info	staff-logger	scenario/viewer.go:64	get livestream
2026-09-22T09:09:00.706Z	info	staff-logger	scenario/viewer.go:83	visit livestream
2026-09-22T09:09:00.753Z	info	staff-logger	scenario/viewer.go:32	basic viewer scenario
2026-09-22T09:09:00.754Z	info	staff-logger	scenario/viewer.go:56	visit top
2026-09-22T09:09:00.754Z	info	staff-logger	scenario/viewer.go:64	get livestream
2026-09-22T09:09:00.754Z	info	staff-logger	scenario/viewer.go:83	visit livestream
2026-09-22T09:09:00.780Z	info	staff-logger	scenario/viewer.go:32	basic viewer scenario
2026-09-22T09:09:00.780Z	info	staff-logger	scenario/viewer.go:56	visit top
2026-09-22T09:09:00.780Z	info	staff-logger	scenario/viewer.go:64	get livestream
2026-09-22T09:09:00.780Z	info	staff-logger	scenario/viewer.go:83	visit livestream
2026-09-22T09:09:00.783Z	info	staff-logger	scenario/viewer.go:90	get livestream stats
2026-09-22T09:09:00.823Z	info	staff-logger	scenario/viewer.go:32	basic viewer scenario
2026-09-22T09:09:00.823Z	info	staff-logger	scenario/viewer.go:56	visit top
2026-09-22T09:09:00.957Z	info	staff-logger	scenario/viewer.go:32	basic viewer scenario
2026-09-22T09:09:00.957Z	info	staff-logger	scenario/viewer.go:56	visit top
2026-09-22T09:09:00.957Z	info	staff-logger	scenario/viewer.go:64	get livestream
2026-09-22T09:09:00.957Z	info	staff-logger	scenario/viewer.go:83	visit livestream
2026-09-22T09:09:00.987Z	info	staff-logger	scenario/viewer.go:32	basic viewer scenario
2026-09-22T09:09:00.987Z	info	staff-logger	scenario/viewer.go:56	visit top
2026-09-22T09:09:00.987Z	info	staff-logger	scenario/viewer.go:64	get livestream
2026-09-22T09:09:00.987Z	info	staff-logger	scenario/viewer.go:83	visit livestream
2026-09-22T09:09:01.067Z	info	staff-logger	scenario/viewer.go:32	basic viewer scenario
2026-09-22T09:09:01.067Z	info	staff-logger	scenario/viewer.go:56	visit top
2026-09-22T09:09:01.119Z	info	staff-logger	scenario/viewer.go:32	basic viewer scenario
2026-09-22T09:09:01.119Z	info	staff-logger	scenario/viewer.go:56	visit top
2026-09-22T09:09:01.119Z	info	staff-logger	scenario/viewer.go:64	get livestream
2026-09-22T09:09:01.119Z	info	staff-logger	scenario/viewer.go:83	visit livestream
2026-09-22T09:09:01.127Z	info	staff-logger	scenario/viewer.go:64	get livestream
2026-09-22T09:09:01.127Z	info	staff-logger	scenario/viewer.go:76	visit user profile
2026-09-22T09:09:01.131Z	info	staff-logger	scenario/viewer.go:32	basic viewer scenario
2026-09-22T09:09:01.131Z	info	staff-logger	scenario/viewer.go:56	visit top
2026-09-22T09:09:01.131Z	info	staff-logger	scenario/viewer.go:64	get livestream
2026-09-22T09:09:01.131Z	info	staff-logger	scenario/viewer.go:83	visit livestream
2026-09-22T09:09:01.137Z	info	staff-logger	scenario/viewer.go:32	basic viewer scenario
2026-09-22T09:09:01.137Z	info	staff-logger	scenario/viewer.go:56	visit top
2026-09-22T09:09:01.137Z	info	staff-logger	scenario/viewer.go:64	get livestream
2026-09-22T09:09:01.137Z	info	staff-logger	scenario/viewer.go:83	visit livestream
2026-09-22T09:09:01.175Z	info	staff-logger	scenario/viewer.go:32	basic viewer scenario
2026-09-22T09:09:01.175Z	info	staff-logger	scenario/viewer.go:56	visit top
2026-09-22T09:09:01.175Z	info	staff-logger	scenario/viewer.go:64	get livestream
2026-09-22T09:09:01.175Z	info	staff-logger	scenario/viewer.go:83	visit livestream
2026-09-22T09:09:01.187Z	info	staff-logger	scenario/viewer.go:32	basic viewer scenario
2026-09-22T09:09:01.187Z	info	staff-logger	scenario/viewer.go:56	visit top
2026-09-22T09:09:01.187Z	info	staff-logger	scenario/viewer.go:64	get livestream
2026-09-22T09:09:01.187Z	info	staff-logger	scenario/viewer.go:83	visit livestream
2026-09-22T09:09:01.260Z	info	staff-logger	scenario/viewer.go:32	basic viewer scenario
2026-09-22T09:09:01.260Z	info	staff-logger	scenario/viewer.go:56	visit top
2026-09-22T09:09:01.260Z	info	staff-logger	scenario/viewer.go:64	get livestream
2026-09-22T09:09:01.260Z	info	staff-logger	scenario/viewer.go:83	visit livestream
2026-09-22T09:09:01.307Z	info	staff-logger	scenario/viewer.go:32	basic viewer scenario
2026-09-22T09:09:01.307Z	info	staff-logger	scenario/viewer.go:56	visit top
2026-09-22T09:09:01.307Z	info	staff-logger	scenario/viewer.go:64	get livestream
2026-09-22T09:09:01.307Z	info	staff-logger	scenario/viewer.go:83	visit livestream
2026-09-22T09:09:01.332Z	info	staff-logger	scenario/viewer.go:32	basic viewer scenario
2026-09-22T09:09:01.332Z	info	staff-logger	scenario/viewer.go:56	visit top
2026-09-22T09:09:01.332Z	info	staff-logger	scenario/viewer.go:64	get livestream
2026-09-22T09:09:01.332Z	info	staff-logger	scenario/viewer.go:83	visit livestream
2026-09-22T09:09:01.338Z	info	staff-logger	scenario/viewer.go:64	get livestream
2026-09-22T09:09:01.338Z	info	staff-logger	scenario/viewer.go:76	visit user profile
2026-09-22T09:09:01.359Z	info	staff-logger	scenario/viewer.go:32	basic viewer scenario
2026-09-22T09:09:01.359Z	info	staff-logger	scenario/viewer.go:56	visit top
2026-09-22T09:09:01.359Z	info	staff-logger	scenario/viewer.go:64	get livestream
2026-09-22T09:09:01.359Z	info	staff-logger	scenario/viewer.go:83	visit livestream
2026-09-22T09:09:01.398Z	info	staff-logger	scenario/viewer.go:32	basic viewer scenario
2026-09-22T09:09:01.398Z	info	staff-logger	scenario/viewer.go:56	visit top
2026-09-22T09:09:01.398Z	info	staff-logger	scenario/viewer.go:64	get livestream
2026-09-22T09:09:01.398Z	info	staff-logger	scenario/viewer.go:83	visit livestream
2026-09-22T09:09:01.437Z	info	staff-logger	scenario/viewer.go:83	visit livestream
2026-09-22T09:09:01.512Z	warn	staff-logger	scenario/viewer.go:178	viewer_spam: failed to post livecomment (moderated spam): benchmark-application: [一般エラー] POST /api/livestream/7719/livecomment へのリクエストに対して、期待されたHTTPステータスコードが確認できませんでした (expected:400, actual:201)

2026-09-22T09:09:01.515Z	info	staff-logger	scenario/viewer.go:32	basic viewer scenario
2026-09-22T09:09:01.516Z	info	staff-logger	scenario/viewer.go:56	visit top
2026-09-22T09:09:01.516Z	info	staff-logger	scenario/viewer.go:64	get livestream
2026-09-22T09:09:01.516Z	info	staff-logger	scenario/viewer.go:83	visit livestream
2026-09-22T09:09:01.516Z	info	staff-logger	scenario/viewer.go:32	basic viewer scenario
2026-09-22T09:09:01.516Z	info	staff-logger	scenario/viewer.go:56	visit top
2026-09-22T09:09:01.516Z	info	staff-logger	scenario/viewer.go:64	get livestream
2026-09-22T09:09:01.516Z	info	staff-logger	scenario/viewer.go:83	visit livestream
2026-09-22T09:09:01.654Z	info	staff-logger	scenario/viewer.go:32	basic viewer scenario
2026-09-22T09:09:01.654Z	info	staff-logger	scenario/viewer.go:56	visit top
2026-09-22T09:09:01.654Z	info	staff-logger	scenario/viewer.go:64	get livestream
2026-09-22T09:09:01.654Z	info	staff-logger	scenario/viewer.go:83	visit livestream
2026-09-22T09:09:01.726Z	info	staff-logger	scenario/viewer.go:83	visit livestream
2026-09-22T09:09:01.746Z	info	staff-logger	scenario/viewer.go:32	basic viewer scenario
2026-09-22T09:09:01.746Z	info	staff-logger	scenario/viewer.go:56	visit top
2026-09-22T09:09:01.747Z	info	staff-logger	scenario/viewer.go:64	get livestream
2026-09-22T09:09:01.747Z	info	staff-logger	scenario/viewer.go:83	visit livestream
2026-09-22T09:09:01.780Z	info	staff-logger	scenario/viewer.go:32	basic viewer scenario
2026-09-22T09:09:01.780Z	info	staff-logger	scenario/viewer.go:56	visit top
2026-09-22T09:09:01.780Z	info	staff-logger	scenario/viewer.go:64	get livestream
2026-09-22T09:09:01.780Z	info	staff-logger	scenario/viewer.go:83	visit livestream
2026-09-22T09:09:01.781Z	info	staff-logger	scenario/viewer.go:32	basic viewer scenario
2026-09-22T09:09:01.781Z	info	staff-logger	scenario/viewer.go:56	visit top
2026-09-22T09:09:01.781Z	info	staff-logger	scenario/viewer.go:64	get livestream
2026-09-22T09:09:01.781Z	info	staff-logger	scenario/viewer.go:83	visit livestream
2026-09-22T09:09:01.831Z	info	staff-logger	scenario/viewer.go:32	basic viewer scenario
2026-09-22T09:09:01.831Z	info	staff-logger	scenario/viewer.go:56	visit top
2026-09-22T09:09:01.857Z	info	staff-logger	scenario/viewer.go:32	basic viewer scenario
2026-09-22T09:09:01.857Z	info	staff-logger	scenario/viewer.go:56	visit top
2026-09-22T09:09:01.857Z	info	staff-logger	scenario/viewer.go:64	get livestream
2026-09-22T09:09:01.857Z	info	staff-logger	scenario/viewer.go:83	visit livestream
2026-09-22T09:09:01.862Z	info	staff-logger	scenario/viewer.go:32	basic viewer scenario
2026-09-22T09:09:01.863Z	info	staff-logger	scenario/viewer.go:56	visit top
2026-09-22T09:09:01.863Z	info	staff-logger	scenario/viewer.go:64	get livestream
2026-09-22T09:09:01.863Z	info	staff-logger	scenario/viewer.go:83	visit livestream
2026-09-22T09:09:01.872Z	info	staff-logger	scenario/streamer.go:48	change icon
2026-09-22T09:09:01.899Z	info	staff-logger	scenario/viewer.go:32	basic viewer scenario
2026-09-22T09:09:01.899Z	info	staff-logger	scenario/viewer.go:56	visit top
2026-09-22T09:09:01.899Z	info	staff-logger	scenario/viewer.go:64	get livestream
2026-09-22T09:09:01.899Z	info	staff-logger	scenario/viewer.go:83	visit livestream
2026-09-22T09:09:01.923Z	info	staff-logger	scenario/viewer.go:32	basic viewer scenario
2026-09-22T09:09:01.923Z	info	staff-logger	scenario/viewer.go:56	visit top
2026-09-22T09:09:01.923Z	info	staff-logger	scenario/viewer.go:64	get livestream
2026-09-22T09:09:01.923Z	info	staff-logger	scenario/viewer.go:83	visit livestream
2026-09-22T09:09:01.932Z	info	staff-logger	scenario/viewer.go:32	basic viewer scenario
2026-09-22T09:09:01.932Z	info	staff-logger	scenario/viewer.go:56	visit top
2026-09-22T09:09:01.932Z	info	staff-logger	scenario/viewer.go:64	get livestream
2026-09-22T09:09:01.932Z	info	staff-logger	scenario/viewer.go:83	visit livestream
2026-09-22T09:09:01.981Z	info	staff-logger	scenario/viewer.go:32	basic viewer scenario
2026-09-22T09:09:01.981Z	info	staff-logger	scenario/viewer.go:56	visit top
2026-09-22T09:09:01.981Z	info	staff-logger	scenario/viewer.go:64	get livestream
2026-09-22T09:09:01.981Z	info	staff-logger	scenario/viewer.go:83	visit livestream
2026-09-22T09:09:01.983Z	info	staff-logger	scenario/viewer.go:32	basic viewer scenario
2026-09-22T09:09:01.983Z	info	staff-logger	scenario/viewer.go:56	visit top
2026-09-22T09:09:02.040Z	info	staff-logger	scenario/viewer.go:32	basic viewer scenario
2026-09-22T09:09:02.040Z	info	staff-logger	scenario/viewer.go:56	visit top
2026-09-22T09:09:02.040Z	info	staff-logger	scenario/viewer.go:64	get livestream
2026-09-22T09:09:02.040Z	info	staff-logger	scenario/viewer.go:83	visit livestream
2026-09-22T09:09:02.076Z	info	staff-logger	scenario/viewer.go:64	get livestream
2026-09-22T09:09:02.076Z	info	staff-logger	scenario/viewer.go:76	visit user profile
2026-09-22T09:09:02.102Z	info	staff-logger	scenario/viewer.go:32	basic viewer scenario
2026-09-22T09:09:02.102Z	info	staff-logger	scenario/viewer.go:56	visit top
2026-09-22T09:09:02.102Z	info	staff-logger	scenario/viewer.go:64	get livestream
2026-09-22T09:09:02.102Z	info	staff-logger	scenario/viewer.go:83	visit livestream
2026-09-22T09:09:02.116Z	warn	staff-logger	scenario/viewer.go:178	viewer_spam: failed to post livecomment (moderated spam): benchmark-application: [一般エラー] POST /api/livestream/7873/livecomment へのリクエストに対して、期待されたHTTPステータスコードが確認できませんでした (expected:400, actual:201)

2026-09-22T09:09:02.149Z	info	staff-logger	scenario/viewer.go:32	basic viewer scenario
2026-09-22T09:09:02.149Z	info	staff-logger	scenario/viewer.go:56	visit top
2026-09-22T09:09:02.149Z	info	staff-logger	scenario/viewer.go:64	get livestream
2026-09-22T09:09:02.149Z	info	staff-logger	scenario/viewer.go:83	visit livestream
2026-09-22T09:09:02.167Z	info	staff-logger	scenario/viewer.go:32	basic viewer scenario
2026-09-22T09:09:02.167Z	info	staff-logger	scenario/viewer.go:56	visit top
2026-09-22T09:09:02.167Z	info	staff-logger	scenario/viewer.go:64	get livestream
2026-09-22T09:09:02.167Z	info	staff-logger	scenario/viewer.go:83	visit livestream
2026-09-22T09:09:02.175Z	info	staff-logger	scenario/viewer.go:90	get livestream stats
2026-09-22T09:09:02.190Z	info	staff-logger	scenario/viewer.go:90	get livestream stats
2026-09-22T09:09:02.210Z	info	staff-logger	scenario/viewer.go:32	basic viewer scenario
2026-09-22T09:09:02.210Z	info	staff-logger	scenario/viewer.go:56	visit top
2026-09-22T09:09:02.210Z	info	staff-logger	scenario/viewer.go:64	get livestream
2026-09-22T09:09:02.210Z	info	staff-logger	scenario/viewer.go:83	visit livestream
2026-09-22T09:09:02.299Z	info	staff-logger	scenario/viewer.go:64	get livestream
2026-09-22T09:09:02.299Z	info	staff-logger	scenario/viewer.go:76	visit user profile
2026-09-22T09:09:02.303Z	info	staff-logger	scenario/viewer.go:32	basic viewer scenario
2026-09-22T09:09:02.303Z	info	staff-logger	scenario/viewer.go:56	visit top
2026-09-22T09:09:02.303Z	info	staff-logger	scenario/viewer.go:64	get livestream
2026-09-22T09:09:02.303Z	info	staff-logger	scenario/viewer.go:83	visit livestream
2026-09-22T09:09:02.361Z	info	staff-logger	scenario/streamer.go:48	change icon
2026-09-22T09:09:02.395Z	info	staff-logger	scenario/viewer.go:32	basic viewer scenario
2026-09-22T09:09:02.395Z	info	staff-logger	scenario/viewer.go:56	visit top
2026-09-22T09:09:02.414Z	info	staff-logger	scenario/viewer.go:32	basic viewer scenario
2026-09-22T09:09:02.414Z	info	staff-logger	scenario/viewer.go:56	visit top
2026-09-22T09:09:02.439Z	info	staff-logger	scenario/viewer.go:32	basic viewer scenario
2026-09-22T09:09:02.439Z	info	staff-logger	scenario/viewer.go:56	visit top
2026-09-22T09:09:02.439Z	info	staff-logger	scenario/viewer.go:64	get livestream
2026-09-22T09:09:02.439Z	info	staff-logger	scenario/viewer.go:83	visit livestream
2026-09-22T09:09:02.443Z	info	staff-logger	scenario/viewer.go:32	basic viewer scenario
2026-09-22T09:09:02.443Z	info	staff-logger	scenario/viewer.go:56	visit top
2026-09-22T09:09:02.443Z	info	staff-logger	scenario/viewer.go:64	get livestream
2026-09-22T09:09:02.443Z	info	staff-logger	scenario/viewer.go:83	visit livestream
2026-09-22T09:09:02.586Z	info	staff-logger	scenario/viewer.go:32	basic viewer scenario
2026-09-22T09:09:02.586Z	info	staff-logger	scenario/viewer.go:56	visit top
2026-09-22T09:09:02.586Z	info	staff-logger	scenario/viewer.go:64	get livestream
2026-09-22T09:09:02.586Z	info	staff-logger	scenario/viewer.go:83	visit livestream
2026-09-22T09:09:02.607Z	info	staff-logger	scenario/viewer.go:32	basic viewer scenario
2026-09-22T09:09:02.607Z	info	staff-logger	scenario/viewer.go:56	visit top
2026-09-22T09:09:02.607Z	info	staff-logger	scenario/viewer.go:64	get livestream
2026-09-22T09:09:02.607Z	info	staff-logger	scenario/viewer.go:83	visit livestream
2026-09-22T09:09:02.607Z	info	staff-logger	scenario/viewer.go:83	visit livestream
2026-09-22T09:09:02.628Z	info	staff-logger	scenario/streamer.go:48	change icon
2026-09-22T09:09:02.651Z	info	staff-logger	scenario/viewer.go:64	get livestream
2026-09-22T09:09:02.651Z	info	staff-logger	scenario/viewer.go:76	visit user profile
2026-09-22T09:09:02.669Z	info	staff-logger	scenario/viewer.go:64	get livestream
2026-09-22T09:09:02.669Z	info	staff-logger	scenario/viewer.go:76	visit user profile
2026-09-22T09:09:02.699Z	info	staff-logger	scenario/viewer.go:83	visit livestream
2026-09-22T09:09:02.722Z	info	staff-logger	scenario/viewer.go:32	basic viewer scenario
2026-09-22T09:09:02.722Z	info	staff-logger	scenario/viewer.go:56	visit top
2026-09-22T09:09:02.722Z	info	staff-logger	scenario/viewer.go:64	get livestream
2026-09-22T09:09:02.722Z	info	staff-logger	scenario/viewer.go:83	visit livestream
2026-09-22T09:09:02.724Z	info	staff-logger	scenario/viewer.go:32	basic viewer scenario
2026-09-22T09:09:02.724Z	info	staff-logger	scenario/viewer.go:56	visit top
2026-09-22T09:09:02.725Z	info	staff-logger	scenario/viewer.go:64	get livestream
2026-09-22T09:09:02.725Z	info	staff-logger	scenario/viewer.go:83	visit livestream
2026-09-22T09:09:02.779Z	info	staff-logger	scenario/viewer.go:32	basic viewer scenario
2026-09-22T09:09:02.779Z	info	staff-logger	scenario/viewer.go:56	visit top
2026-09-22T09:09:02.779Z	info	staff-logger	scenario/viewer.go:64	get livestream
2026-09-22T09:09:02.779Z	info	staff-logger	scenario/viewer.go:83	visit livestream
2026-09-22T09:09:02.793Z	info	staff-logger	scenario/viewer.go:32	basic viewer scenario
2026-09-22T09:09:02.793Z	info	staff-logger	scenario/viewer.go:56	visit top
2026-09-22T09:09:02.793Z	info	staff-logger	scenario/viewer.go:64	get livestream
2026-09-22T09:09:02.793Z	info	staff-logger	scenario/viewer.go:83	visit livestream
2026-09-22T09:09:02.807Z	info	staff-logger	scenario/viewer.go:90	get livestream stats
2026-09-22T09:09:02.819Z	warn	staff-logger	scenario/viewer.go:178	viewer_spam: failed to post livecomment (moderated spam): benchmark-application: [一般エラー] POST /api/livestream/7700/livecomment へのリクエストに対して、期待されたHTTPステータスコードが確認できませんでした (expected:400, actual:201)

2026-09-22T09:09:02.867Z	info	staff-logger	scenario/viewer.go:32	basic viewer scenario
2026-09-22T09:09:02.867Z	info	staff-logger	scenario/viewer.go:56	visit top
2026-09-22T09:09:02.867Z	info	staff-logger	scenario/viewer.go:64	get livestream
2026-09-22T09:09:02.867Z	info	staff-logger	scenario/viewer.go:83	visit livestream
2026-09-22T09:09:02.927Z	info	staff-logger	scenario/viewer.go:32	basic viewer scenario
2026-09-22T09:09:02.927Z	info	staff-logger	scenario/viewer.go:56	visit top
2026-09-22T09:09:02.927Z	info	staff-logger	scenario/viewer.go:64	get livestream
2026-09-22T09:09:02.927Z	info	staff-logger	scenario/viewer.go:83	visit livestream
2026-09-22T09:09:02.933Z	info	staff-logger	scenario/viewer.go:32	basic viewer scenario
2026-09-22T09:09:02.933Z	info	staff-logger	scenario/viewer.go:56	visit top
2026-09-22T09:09:02.933Z	info	staff-logger	scenario/viewer.go:64	get livestream
2026-09-22T09:09:02.933Z	info	staff-logger	scenario/viewer.go:83	visit livestream
2026-09-22T09:09:02.955Z	info	staff-logger	scenario/viewer.go:83	visit livestream
2026-09-22T09:09:02.973Z	info	staff-logger	scenario/viewer.go:32	basic viewer scenario
2026-09-22T09:09:02.973Z	info	staff-logger	scenario/viewer.go:56	visit top
2026-09-22T09:09:02.973Z	info	staff-logger	scenario/viewer.go:64	get livestream
2026-09-22T09:09:02.973Z	info	staff-logger	scenario/viewer.go:83	visit livestream
2026-09-22T09:09:02.998Z	info	staff-logger	scenario/viewer.go:90	get livestream stats
2026-09-22T09:09:03.007Z	info	staff-logger	scenario/viewer.go:32	basic viewer scenario
2026-09-22T09:09:03.007Z	info	staff-logger	scenario/viewer.go:56	visit top
2026-09-22T09:09:03.007Z	info	staff-logger	scenario/viewer.go:64	get livestream
2026-09-22T09:09:03.007Z	info	staff-logger	scenario/viewer.go:83	visit livestream
2026-09-22T09:09:03.027Z	warn	staff-logger	scenario/viewer.go:178	viewer_spam: failed to post livecomment (moderated spam): benchmark-application: [一般エラー] POST /api/livestream/7545/livecomment へのリクエストに対して、期待されたHTTPステータスコードが確認できませんでした (expected:400, actual:201)

2026-09-22T09:09:03.047Z	info	staff-logger	scenario/viewer.go:32	basic viewer scenario
2026-09-22T09:09:03.047Z	info	staff-logger	scenario/viewer.go:56	visit top
2026-09-22T09:09:03.048Z	info	staff-logger	scenario/viewer.go:64	get livestream
2026-09-22T09:09:03.048Z	info	staff-logger	scenario/viewer.go:83	visit livestream
2026-09-22T09:09:03.060Z	info	staff-logger	scenario/viewer.go:32	basic viewer scenario
2026-09-22T09:09:03.060Z	info	staff-logger	scenario/viewer.go:56	visit top
2026-09-22T09:09:03.060Z	info	staff-logger	scenario/viewer.go:64	get livestream
2026-09-22T09:09:03.060Z	info	staff-logger	scenario/viewer.go:83	visit livestream
2026-09-22T09:09:03.099Z	info	staff-logger	scenario/viewer.go:32	basic viewer scenario
2026-09-22T09:09:03.099Z	info	staff-logger	scenario/viewer.go:56	visit top
2026-09-22T09:09:03.099Z	info	staff-logger	scenario/viewer.go:64	get livestream
2026-09-22T09:09:03.099Z	info	staff-logger	scenario/viewer.go:83	visit livestream
2026-09-22T09:09:03.117Z	info	staff-logger	scenario/viewer.go:32	basic viewer scenario
2026-09-22T09:09:03.117Z	info	staff-logger	scenario/viewer.go:56	visit top
2026-09-22T09:09:03.117Z	info	staff-logger	scenario/viewer.go:64	get livestream
2026-09-22T09:09:03.117Z	info	staff-logger	scenario/viewer.go:83	visit livestream
2026-09-22T09:09:03.137Z	info	staff-logger	scenario/viewer.go:90	get livestream stats
2026-09-22T09:09:03.223Z	info	staff-logger	scenario/viewer.go:83	visit livestream
2026-09-22T09:09:03.256Z	info	staff-logger	scenario/streamer.go:48	change icon
2026-09-22T09:09:03.283Z	info	staff-logger	scenario/viewer.go:32	basic viewer scenario
2026-09-22T09:09:03.283Z	info	staff-logger	scenario/viewer.go:56	visit top
2026-09-22T09:09:03.283Z	info	staff-logger	scenario/viewer.go:64	get livestream
2026-09-22T09:09:03.283Z	info	staff-logger	scenario/viewer.go:83	visit livestream
2026-09-22T09:09:03.306Z	warn	staff-logger	scenario/viewer.go:178	viewer_spam: failed to post livecomment (moderated spam): benchmark-application: [一般エラー] POST /api/livestream/7534/livecomment へのリクエストに対して、期待されたHTTPステータスコードが確認できませんでした (expected:400, actual:201)

2026-09-22T09:09:03.429Z	info	staff-logger	scenario/viewer.go:32	basic viewer scenario
2026-09-22T09:09:03.429Z	info	staff-logger	scenario/viewer.go:56	visit top
2026-09-22T09:09:03.429Z	info	staff-logger	scenario/viewer.go:64	get livestream
2026-09-22T09:09:03.429Z	info	staff-logger	scenario/viewer.go:83	visit livestream
2026-09-22T09:09:03.433Z	info	staff-logger	scenario/viewer.go:32	basic viewer scenario
2026-09-22T09:09:03.433Z	info	staff-logger	scenario/viewer.go:56	visit top
2026-09-22T09:09:03.433Z	info	staff-logger	scenario/viewer.go:64	get livestream
2026-09-22T09:09:03.433Z	info	staff-logger	scenario/viewer.go:83	visit livestream
2026-09-22T09:09:03.520Z	info	staff-logger	scenario/viewer.go:32	basic viewer scenario
2026-09-22T09:09:03.520Z	info	staff-logger	scenario/viewer.go:56	visit top
2026-09-22T09:09:03.520Z	info	staff-logger	scenario/viewer.go:64	get livestream
2026-09-22T09:09:03.520Z	info	staff-logger	scenario/viewer.go:83	visit livestream
2026-09-22T09:09:03.522Z	info	staff-logger	scenario/viewer.go:32	basic viewer scenario
2026-09-22T09:09:03.522Z	info	staff-logger	scenario/viewer.go:56	visit top
2026-09-22T09:09:03.522Z	info	staff-logger	scenario/viewer.go:64	get livestream
2026-09-22T09:09:03.522Z	info	staff-logger	scenario/viewer.go:83	visit livestream
2026-09-22T09:09:03.524Z	info	staff-logger	scenario/viewer.go:32	basic viewer scenario
2026-09-22T09:09:03.524Z	info	staff-logger	scenario/viewer.go:56	visit top
2026-09-22T09:09:03.524Z	info	staff-logger	scenario/viewer.go:64	get livestream
2026-09-22T09:09:03.524Z	info	staff-logger	scenario/viewer.go:83	visit livestream
2026-09-22T09:09:03.616Z	info	staff-logger	scenario/viewer.go:32	basic viewer scenario
2026-09-22T09:09:03.616Z	info	staff-logger	scenario/viewer.go:56	visit top
2026-09-22T09:09:03.616Z	info	staff-logger	scenario/viewer.go:64	get livestream
2026-09-22T09:09:03.616Z	info	staff-logger	scenario/viewer.go:83	visit livestream
2026-09-22T09:09:03.626Z	info	staff-logger	scenario/viewer.go:32	basic viewer scenario
2026-09-22T09:09:03.626Z	info	staff-logger	scenario/viewer.go:56	visit top
2026-09-22T09:09:03.626Z	info	staff-logger	scenario/viewer.go:64	get livestream
2026-09-22T09:09:03.626Z	info	staff-logger	scenario/viewer.go:83	visit livestream
2026-09-22T09:09:03.653Z	warn	staff-logger	scenario/viewer.go:178	viewer_spam: failed to post livecomment (moderated spam): benchmark-application: [一般エラー] POST /api/livestream/7667/livecomment へのリクエストに対して、期待されたHTTPステータスコードが確認できませんでした (expected:400, actual:201)

2026-09-22T09:09:03.672Z	info	staff-logger	scenario/viewer.go:32	basic viewer scenario
2026-09-22T09:09:03.672Z	info	staff-logger	scenario/viewer.go:56	visit top
2026-09-22T09:09:03.678Z	info	staff-logger	scenario/viewer.go:32	basic viewer scenario
2026-09-22T09:09:03.678Z	info	staff-logger	scenario/viewer.go:46	change icon
2026-09-22T09:09:03.708Z	info	staff-logger	scenario/viewer.go:56	visit top
2026-09-22T09:09:03.709Z	info	staff-logger	scenario/viewer.go:32	basic viewer scenario
2026-09-22T09:09:03.709Z	info	staff-logger	scenario/viewer.go:56	visit top
2026-09-22T09:09:03.709Z	info	staff-logger	scenario/viewer.go:64	get livestream
2026-09-22T09:09:03.709Z	info	staff-logger	scenario/viewer.go:83	visit livestream
2026-09-22T09:09:03.720Z	warn	staff-logger	scenario/viewer.go:178	viewer_spam: failed to post livecomment (moderated spam): benchmark-application: [一般エラー] POST /api/livestream/7951/livecomment へのリクエストに対して、期待されたHTTPステータスコードが確認できませんでした (expected:400, actual:201)

2026-09-22T09:09:03.736Z	info	staff-logger	scenario/viewer.go:32	basic viewer scenario
2026-09-22T09:09:03.736Z	info	staff-logger	scenario/viewer.go:56	visit top
2026-09-22T09:09:03.736Z	info	staff-logger	scenario/viewer.go:64	get livestream
2026-09-22T09:09:03.736Z	info	staff-logger	scenario/viewer.go:83	visit livestream
2026-09-22T09:09:03.746Z	info	staff-logger	scenario/viewer.go:32	basic viewer scenario
2026-09-22T09:09:03.746Z	info	staff-logger	scenario/viewer.go:56	visit top
2026-09-22T09:09:03.826Z	info	staff-logger	scenario/viewer.go:32	basic viewer scenario
2026-09-22T09:09:03.826Z	info	staff-logger	scenario/viewer.go:56	visit top
2026-09-22T09:09:03.826Z	info	staff-logger	scenario/viewer.go:64	get livestream
2026-09-22T09:09:03.826Z	info	staff-logger	scenario/viewer.go:83	visit livestream
2026-09-22T09:09:03.873Z	info	staff-logger	scenario/viewer.go:32	basic viewer scenario
2026-09-22T09:09:03.873Z	info	staff-logger	scenario/viewer.go:56	visit top
2026-09-22T09:09:03.873Z	info	staff-logger	scenario/viewer.go:64	get livestream
2026-09-22T09:09:03.873Z	info	staff-logger	scenario/viewer.go:83	visit livestream
2026-09-22T09:09:03.921Z	info	staff-logger	scenario/viewer.go:32	basic viewer scenario
2026-09-22T09:09:03.921Z	info	staff-logger	scenario/viewer.go:56	visit top
2026-09-22T09:09:03.921Z	info	staff-logger	scenario/viewer.go:64	get livestream
2026-09-22T09:09:03.921Z	info	staff-logger	scenario/viewer.go:83	visit livestream
2026-09-22T09:09:03.925Z	info	staff-logger	scenario/viewer.go:64	get livestream
2026-09-22T09:09:03.925Z	info	staff-logger	scenario/viewer.go:76	visit user profile
2026-09-22T09:09:03.926Z	warn	staff-logger	scenario/viewer.go:178	viewer_spam: failed to post livecomment (moderated spam): benchmark-application: [一般エラー] POST /api/livestream/7643/livecomment へのリクエストに対して、期待されたHTTPステータスコードが確認できませんでした (expected:400, actual:201)

2026-09-22T09:09:03.997Z	info	staff-logger	scenario/viewer.go:64	get livestream
2026-09-22T09:09:03.997Z	info	staff-logger	scenario/viewer.go:76	visit user profile
2026-09-22T09:09:04.018Z	info	staff-logger	scenario/viewer.go:32	basic viewer scenario
2026-09-22T09:09:04.018Z	info	staff-logger	scenario/viewer.go:56	visit top
2026-09-22T09:09:04.018Z	info	staff-logger	scenario/viewer.go:64	get livestream
2026-09-22T09:09:04.018Z	info	staff-logger	scenario/viewer.go:83	visit livestream
2026-09-22T09:09:04.035Z	info	staff-logger	scenario/viewer.go:64	get livestream
2026-09-22T09:09:04.035Z	info	staff-logger	scenario/viewer.go:76	visit user profile
2026-09-22T09:09:04.041Z	info	staff-logger	scenario/viewer.go:90	get livestream stats
2026-09-22T09:09:04.057Z	info	staff-logger	scenario/viewer.go:32	basic viewer scenario
2026-09-22T09:09:04.057Z	info	staff-logger	scenario/viewer.go:56	visit top
2026-09-22T09:09:04.057Z	info	staff-logger	scenario/viewer.go:64	get livestream
2026-09-22T09:09:04.057Z	info	staff-logger	scenario/viewer.go:83	visit livestream
2026-09-22T09:09:04.134Z	info	staff-logger	scenario/viewer.go:32	basic viewer scenario
2026-09-22T09:09:04.134Z	info	staff-logger	scenario/viewer.go:56	visit top
2026-09-22T09:09:04.134Z	info	staff-logger	scenario/viewer.go:64	get livestream
2026-09-22T09:09:04.134Z	info	staff-logger	scenario/viewer.go:83	visit livestream
2026-09-22T09:09:04.256Z	info	staff-logger	scenario/viewer.go:32	basic viewer scenario
2026-09-22T09:09:04.257Z	info	staff-logger	scenario/viewer.go:56	visit top
2026-09-22T09:09:04.257Z	info	staff-logger	scenario/viewer.go:64	get livestream
2026-09-22T09:09:04.257Z	info	staff-logger	scenario/viewer.go:83	visit livestream
2026-09-22T09:09:04.262Z	info	staff-logger	scenario/viewer.go:32	basic viewer scenario
2026-09-22T09:09:04.262Z	info	staff-logger	scenario/viewer.go:56	visit top
2026-09-22T09:09:04.262Z	info	staff-logger	scenario/viewer.go:64	get livestream
2026-09-22T09:09:04.262Z	info	staff-logger	scenario/viewer.go:83	visit livestream
2026-09-22T09:09:04.324Z	info	staff-logger	scenario/viewer.go:32	basic viewer scenario
2026-09-22T09:09:04.324Z	info	staff-logger	scenario/viewer.go:56	visit top
2026-09-22T09:09:04.324Z	info	staff-logger	scenario/viewer.go:64	get livestream
2026-09-22T09:09:04.324Z	info	staff-logger	scenario/viewer.go:83	visit livestream
2026-09-22T09:09:04.362Z	info	staff-logger	scenario/viewer.go:83	visit livestream
2026-09-22T09:09:04.453Z	info	staff-logger	scenario/viewer.go:83	visit livestream
2026-09-22T09:09:04.470Z	info	staff-logger	scenario/viewer.go:32	basic viewer scenario
2026-09-22T09:09:04.470Z	info	staff-logger	scenario/viewer.go:56	visit top
2026-09-22T09:09:04.470Z	info	staff-logger	scenario/viewer.go:64	get livestream
2026-09-22T09:09:04.470Z	info	staff-logger	scenario/viewer.go:83	visit livestream
2026-09-22T09:09:04.522Z	info	staff-logger	scenario/viewer.go:83	visit livestream
2026-09-22T09:09:04.547Z	info	staff-logger	scenario/viewer.go:32	basic viewer scenario
2026-09-22T09:09:04.547Z	info	staff-logger	scenario/viewer.go:56	visit top
2026-09-22T09:09:04.547Z	info	staff-logger	scenario/viewer.go:64	get livestream
2026-09-22T09:09:04.547Z	info	staff-logger	scenario/viewer.go:83	visit livestream
2026-09-22T09:09:04.557Z	warn	staff-logger	scenario/viewer.go:178	viewer_spam: failed to post livecomment (moderated spam): benchmark-application: [一般エラー] POST /api/livestream/7535/livecomment へのリクエストに対して、期待されたHTTPステータスコードが確認できませんでした (expected:400, actual:201)

2026-09-22T09:09:04.590Z	info	staff-logger	scenario/viewer.go:32	basic viewer scenario
2026-09-22T09:09:04.590Z	info	staff-logger	scenario/viewer.go:56	visit top
2026-09-22T09:09:04.590Z	info	staff-logger	scenario/viewer.go:64	get livestream
2026-09-22T09:09:04.590Z	info	staff-logger	scenario/viewer.go:83	visit livestream
2026-09-22T09:09:04.683Z	info	staff-logger	scenario/viewer.go:32	basic viewer scenario
2026-09-22T09:09:04.683Z	info	staff-logger	scenario/viewer.go:56	visit top
2026-09-22T09:09:04.683Z	info	staff-logger	scenario/viewer.go:64	get livestream
2026-09-22T09:09:04.683Z	info	staff-logger	scenario/viewer.go:83	visit livestream
2026-09-22T09:09:04.717Z	info	staff-logger	scenario/viewer.go:32	basic viewer scenario
2026-09-22T09:09:04.717Z	info	staff-logger	scenario/viewer.go:56	visit top
2026-09-22T09:09:04.718Z	info	staff-logger	scenario/viewer.go:64	get livestream
2026-09-22T09:09:04.718Z	info	staff-logger	scenario/viewer.go:83	visit livestream
2026-09-22T09:09:04.727Z	info	staff-logger	scenario/viewer.go:32	basic viewer scenario
2026-09-22T09:09:04.727Z	info	staff-logger	scenario/viewer.go:56	visit top
2026-09-22T09:09:04.727Z	info	staff-logger	scenario/viewer.go:64	get livestream
2026-09-22T09:09:04.727Z	info	staff-logger	scenario/viewer.go:83	visit livestream
2026-09-22T09:09:04.730Z	info	staff-logger	scenario/viewer.go:32	basic viewer scenario
2026-09-22T09:09:04.730Z	info	staff-logger	scenario/viewer.go:56	visit top
2026-09-22T09:09:04.730Z	info	staff-logger	scenario/viewer.go:64	get livestream
2026-09-22T09:09:04.730Z	info	staff-logger	scenario/viewer.go:83	visit livestream
2026-09-22T09:09:04.744Z	warn	staff-logger	scenario/viewer.go:178	viewer_spam: failed to post livecomment (moderated spam): benchmark-application: [一般エラー] POST /api/livestream/8008/livecomment へのリクエストに対して、期待されたHTTPステータスコードが確認できませんでした (expected:400, actual:201)

2026-09-22T09:09:04.752Z	info	staff-logger	scenario/viewer.go:90	get livestream stats
2026-09-22T09:09:04.805Z	info	staff-logger	scenario/viewer.go:32	basic viewer scenario
2026-09-22T09:09:04.805Z	info	staff-logger	scenario/viewer.go:56	visit top
2026-09-22T09:09:04.805Z	info	staff-logger	scenario/viewer.go:64	get livestream
2026-09-22T09:09:04.805Z	info	staff-logger	scenario/viewer.go:83	visit livestream
2026-09-22T09:09:04.871Z	info	staff-logger	scenario/viewer.go:32	basic viewer scenario
2026-09-22T09:09:04.871Z	info	staff-logger	scenario/viewer.go:56	visit top
2026-09-22T09:09:04.871Z	info	staff-logger	scenario/viewer.go:64	get livestream
2026-09-22T09:09:04.871Z	info	staff-logger	scenario/viewer.go:83	visit livestream
2026-09-22T09:09:04.904Z	info	staff-logger	scenario/viewer.go:90	get livestream stats
2026-09-22T09:09:04.922Z	info	staff-logger	scenario/viewer.go:32	basic viewer scenario
2026-09-22T09:09:04.922Z	info	staff-logger	scenario/viewer.go:56	visit top
2026-09-22T09:09:04.975Z	info	staff-logger	scenario/viewer.go:32	basic viewer scenario
2026-09-22T09:09:04.975Z	info	staff-logger	scenario/viewer.go:56	visit top
2026-09-22T09:09:04.975Z	info	staff-logger	scenario/viewer.go:64	get livestream
2026-09-22T09:09:04.975Z	info	staff-logger	scenario/viewer.go:83	visit livestream
2026-09-22T09:09:04.994Z	info	staff-logger	scenario/viewer.go:32	basic viewer scenario
2026-09-22T09:09:04.994Z	info	staff-logger	scenario/viewer.go:56	visit top
2026-09-22T09:09:04.994Z	info	staff-logger	scenario/viewer.go:64	get livestream
2026-09-22T09:09:04.994Z	info	staff-logger	scenario/viewer.go:83	visit livestream
2026-09-22T09:09:05.010Z	info	staff-logger	scenario/viewer.go:32	basic viewer scenario
2026-09-22T09:09:05.010Z	info	staff-logger	scenario/viewer.go:46	change icon
2026-09-22T09:09:05.026Z	info	staff-logger	scenario/viewer.go:32	basic viewer scenario
2026-09-22T09:09:05.026Z	info	staff-logger	scenario/viewer.go:56	visit top
2026-09-22T09:09:05.026Z	info	staff-logger	scenario/viewer.go:64	get livestream
2026-09-22T09:09:05.026Z	info	staff-logger	scenario/viewer.go:83	visit livestream
2026-09-22T09:09:05.043Z	info	staff-logger	scenario/viewer.go:56	visit top
2026-09-22T09:09:05.059Z	info	staff-logger	scenario/viewer.go:90	get livestream stats
2026-09-22T09:09:05.084Z	warn	staff-logger	scenario/viewer.go:184	viewer_spam: failed to post livecomment (non-moderated spam): benchmark-application: [一般エラー] POST /api/livestream/7539/livecomment へのリクエストに対して、期待されたHTTPステータスコードが確認できませんでした (expected:201, actual:400)

2026-09-22T09:09:05.128Z	info	staff-logger	scenario/viewer.go:32	basic viewer scenario
2026-09-22T09:09:05.128Z	info	staff-logger	scenario/viewer.go:56	visit top
2026-09-22T09:09:05.128Z	info	staff-logger	scenario/viewer.go:64	get livestream
2026-09-22T09:09:05.128Z	info	staff-logger	scenario/viewer.go:83	visit livestream
2026-09-22T09:09:05.146Z	info	staff-logger	scenario/viewer.go:32	basic viewer scenario
2026-09-22T09:09:05.146Z	info	staff-logger	scenario/viewer.go:56	visit top
2026-09-22T09:09:05.146Z	info	staff-logger	scenario/viewer.go:64	get livestream
2026-09-22T09:09:05.146Z	info	staff-logger	scenario/viewer.go:83	visit livestream
2026-09-22T09:09:05.152Z	warn	staff-logger	scenario/viewer.go:178	viewer_spam: failed to post livecomment (moderated spam): benchmark-application: [一般エラー] POST /api/livestream/7764/livecomment へのリクエストに対して、期待されたHTTPステータスコードが確認できませんでした (expected:400, actual:201)

2026-09-22T09:09:05.172Z	info	staff-logger	scenario/viewer.go:90	get livestream stats
2026-09-22T09:09:05.240Z	warn	staff-logger	scenario/viewer.go:178	viewer_spam: failed to post livecomment (moderated spam): benchmark-application: [一般エラー] POST /api/livestream/7829/livecomment へのリクエストに対して、期待されたHTTPステータスコードが確認できませんでした (expected:400, actual:201)

2026-09-22T09:09:05.244Z	info	staff-logger	scenario/viewer.go:64	get livestream
2026-09-22T09:09:05.244Z	info	staff-logger	scenario/viewer.go:76	visit user profile
2026-09-22T09:09:05.246Z	info	staff-logger	scenario/viewer.go:32	basic viewer scenario
2026-09-22T09:09:05.246Z	info	staff-logger	scenario/viewer.go:56	visit top
2026-09-22T09:09:05.246Z	info	staff-logger	scenario/viewer.go:64	get livestream
2026-09-22T09:09:05.246Z	info	staff-logger	scenario/viewer.go:83	visit livestream
2026-09-22T09:09:05.288Z	warn	staff-logger	scenario/viewer.go:178	viewer_spam: failed to post livecomment (moderated spam): benchmark-application: [一般エラー] POST /api/livestream/7564/livecomment へのリクエストに対して、期待されたHTTPステータスコードが確認できませんでした (expected:400, actual:201)

2026-09-22T09:09:05.297Z	info	staff-logger	scenario/viewer.go:32	basic viewer scenario
2026-09-22T09:09:05.297Z	info	staff-logger	scenario/viewer.go:56	visit top
2026-09-22T09:09:05.297Z	info	staff-logger	scenario/viewer.go:64	get livestream
2026-09-22T09:09:05.297Z	info	staff-logger	scenario/viewer.go:83	visit livestream
2026-09-22T09:09:05.323Z	info	staff-logger	scenario/viewer.go:32	basic viewer scenario
2026-09-22T09:09:05.323Z	info	staff-logger	scenario/viewer.go:56	visit top
2026-09-22T09:09:05.323Z	info	staff-logger	scenario/viewer.go:64	get livestream
2026-09-22T09:09:05.323Z	info	staff-logger	scenario/viewer.go:83	visit livestream
2026-09-22T09:09:05.345Z	info	staff-logger	scenario/viewer.go:64	get livestream
2026-09-22T09:09:05.345Z	info	staff-logger	scenario/viewer.go:76	visit user profile
2026-09-22T09:09:05.376Z	info	staff-logger	scenario/viewer.go:32	basic viewer scenario
2026-09-22T09:09:05.376Z	info	staff-logger	scenario/viewer.go:56	visit top
2026-09-22T09:09:05.376Z	info	staff-logger	scenario/viewer.go:64	get livestream
2026-09-22T09:09:05.376Z	info	staff-logger	scenario/viewer.go:83	visit livestream
2026-09-22T09:09:05.396Z	info	staff-logger	scenario/viewer.go:32	basic viewer scenario
2026-09-22T09:09:05.396Z	info	staff-logger	scenario/viewer.go:56	visit top
2026-09-22T09:09:05.396Z	info	staff-logger	scenario/viewer.go:64	get livestream
2026-09-22T09:09:05.396Z	info	staff-logger	scenario/viewer.go:83	visit livestream
2026-09-22T09:09:05.411Z	warn	staff-logger	scenario/viewer.go:178	viewer_spam: failed to post livecomment (moderated spam): benchmark-application: [一般エラー] POST /api/livestream/8016/livecomment へのリクエストに対して、期待されたHTTPステータスコードが確認できませんでした (expected:400, actual:201)

2026-09-22T09:09:05.441Z	info	staff-logger	scenario/viewer.go:32	basic viewer scenario
2026-09-22T09:09:05.441Z	info	staff-logger	scenario/viewer.go:56	visit top
2026-09-22T09:09:05.441Z	info	staff-logger	scenario/viewer.go:64	get livestream
2026-09-22T09:09:05.441Z	info	staff-logger	scenario/viewer.go:83	visit livestream
2026-09-22T09:09:05.473Z	info	staff-logger	scenario/viewer.go:90	get livestream stats
2026-09-22T09:09:05.485Z	warn	staff-logger	scenario/viewer.go:178	viewer_spam: failed to post livecomment (moderated spam): benchmark-application: [一般エラー] POST /api/livestream/7599/livecomment へのリクエストに対して、期待されたHTTPステータスコードが確認できませんでした (expected:400, actual:201)

2026-09-22T09:09:05.528Z	info	staff-logger	scenario/viewer.go:32	basic viewer scenario
2026-09-22T09:09:05.528Z	info	staff-logger	scenario/viewer.go:56	visit top
2026-09-22T09:09:05.528Z	info	staff-logger	scenario/viewer.go:64	get livestream
2026-09-22T09:09:05.528Z	info	staff-logger	scenario/viewer.go:83	visit livestream
2026-09-22T09:09:05.624Z	info	staff-logger	scenario/viewer.go:32	basic viewer scenario
2026-09-22T09:09:05.624Z	info	staff-logger	scenario/viewer.go:56	visit top
2026-09-22T09:09:05.624Z	info	staff-logger	scenario/viewer.go:64	get livestream
2026-09-22T09:09:05.624Z	info	staff-logger	scenario/viewer.go:83	visit livestream
2026-09-22T09:09:05.670Z	warn	staff-logger	scenario/viewer.go:178	viewer_spam: failed to post livecomment (moderated spam): benchmark-application: [一般エラー] POST /api/livestream/7560/livecomment へのリクエストに対して、期待されたHTTPステータスコードが確認できませんでした (expected:400, actual:201)

2026-09-22T09:09:05.676Z	info	staff-logger	scenario/viewer.go:83	visit livestream
2026-09-22T09:09:05.688Z	info	staff-logger	scenario/viewer.go:32	basic viewer scenario
2026-09-22T09:09:05.688Z	info	staff-logger	scenario/viewer.go:56	visit top
2026-09-22T09:09:05.688Z	info	staff-logger	scenario/viewer.go:64	get livestream
2026-09-22T09:09:05.688Z	info	staff-logger	scenario/viewer.go:83	visit livestream
2026-09-22T09:09:05.695Z	info	staff-logger	scenario/viewer.go:32	basic viewer scenario
2026-09-22T09:09:05.695Z	info	staff-logger	scenario/viewer.go:56	visit top
2026-09-22T09:09:05.695Z	info	staff-logger	scenario/viewer.go:64	get livestream
2026-09-22T09:09:05.695Z	info	staff-logger	scenario/viewer.go:83	visit livestream
2026-09-22T09:09:05.733Z	info	staff-logger	scenario/viewer.go:83	visit livestream
2026-09-22T09:09:05.762Z	info	staff-logger	scenario/viewer.go:32	basic viewer scenario
2026-09-22T09:09:05.763Z	info	staff-logger	scenario/viewer.go:56	visit top
2026-09-22T09:09:05.763Z	info	staff-logger	scenario/viewer.go:64	get livestream
2026-09-22T09:09:05.763Z	info	staff-logger	scenario/viewer.go:83	visit livestream
2026-09-22T09:09:05.792Z	info	staff-logger	scenario/viewer.go:32	basic viewer scenario
2026-09-22T09:09:05.792Z	info	staff-logger	scenario/viewer.go:56	visit top
2026-09-22T09:09:05.792Z	info	staff-logger	scenario/viewer.go:64	get livestream
2026-09-22T09:09:05.792Z	info	staff-logger	scenario/viewer.go:83	visit livestream
2026-09-22T09:09:05.850Z	info	staff-logger	scenario/viewer.go:32	basic viewer scenario
2026-09-22T09:09:05.850Z	info	staff-logger	scenario/viewer.go:56	visit top
2026-09-22T09:09:05.850Z	info	staff-logger	scenario/viewer.go:64	get livestream
2026-09-22T09:09:05.850Z	info	staff-logger	scenario/viewer.go:83	visit livestream
2026-09-22T09:09:05.858Z	info	staff-logger	scenario/viewer.go:32	basic viewer scenario
2026-09-22T09:09:05.858Z	info	staff-logger	scenario/viewer.go:56	visit top
2026-09-22T09:09:05.858Z	info	staff-logger	scenario/viewer.go:64	get livestream
2026-09-22T09:09:05.858Z	info	staff-logger	scenario/viewer.go:83	visit livestream
2026-09-22T09:09:05.893Z	info	staff-logger	scenario/viewer.go:32	basic viewer scenario
2026-09-22T09:09:05.893Z	info	staff-logger	scenario/viewer.go:56	visit top
2026-09-22T09:09:05.893Z	info	staff-logger	scenario/viewer.go:64	get livestream
2026-09-22T09:09:05.893Z	info	staff-logger	scenario/viewer.go:83	visit livestream
2026-09-22T09:09:05.954Z	info	staff-logger	scenario/viewer.go:32	basic viewer scenario
2026-09-22T09:09:05.954Z	info	staff-logger	scenario/viewer.go:56	visit top
2026-09-22T09:09:05.954Z	info	staff-logger	scenario/viewer.go:64	get livestream
2026-09-22T09:09:05.954Z	info	staff-logger	scenario/viewer.go:83	visit livestream
2026-09-22T09:09:05.974Z	info	staff-logger	scenario/viewer.go:32	basic viewer scenario
2026-09-22T09:09:05.974Z	info	staff-logger	scenario/viewer.go:56	visit top
2026-09-22T09:09:05.974Z	info	staff-logger	scenario/viewer.go:64	get livestream
2026-09-22T09:09:05.974Z	info	staff-logger	scenario/viewer.go:83	visit livestream
2026-09-22T09:09:06.016Z	info	staff-logger	scenario/viewer.go:32	basic viewer scenario
2026-09-22T09:09:06.016Z	info	staff-logger	scenario/viewer.go:56	visit top
2026-09-22T09:09:06.036Z	info	staff-logger	scenario/viewer.go:32	basic viewer scenario
2026-09-22T09:09:06.036Z	info	staff-logger	scenario/viewer.go:56	visit top
2026-09-22T09:09:06.036Z	info	staff-logger	scenario/viewer.go:64	get livestream
2026-09-22T09:09:06.036Z	info	staff-logger	scenario/viewer.go:83	visit livestream
2026-09-22T09:09:06.039Z	info	staff-logger	scenario/viewer.go:32	basic viewer scenario
2026-09-22T09:09:06.039Z	info	staff-logger	scenario/viewer.go:56	visit top
2026-09-22T09:09:06.039Z	info	staff-logger	scenario/viewer.go:64	get livestream
2026-09-22T09:09:06.039Z	info	staff-logger	scenario/viewer.go:83	visit livestream
2026-09-22T09:09:06.045Z	warn	staff-logger	scenario/viewer.go:178	viewer_spam: failed to post livecomment (moderated spam): benchmark-application: [一般エラー] POST /api/livestream/7868/livecomment へのリクエストに対して、期待されたHTTPステータスコードが確認できませんでした (expected:400, actual:201)

2026-09-22T09:09:06.076Z	info	staff-logger	scenario/viewer.go:32	basic viewer scenario
2026-09-22T09:09:06.076Z	info	staff-logger	scenario/viewer.go:56	visit top
2026-09-22T09:09:06.076Z	info	staff-logger	scenario/viewer.go:64	get livestream
2026-09-22T09:09:06.076Z	info	staff-logger	scenario/viewer.go:83	visit livestream
2026-09-22T09:09:06.129Z	warn	staff-logger	scenario/viewer.go:178	viewer_spam: failed to post livecomment (moderated spam): benchmark-application: [一般エラー] POST /api/livestream/7735/livecomment へのリクエストに対して、期待されたHTTPステータスコードが確認できませんでした (expected:400, actual:201)

2026-09-22T09:09:06.138Z	info	staff-logger	scenario/viewer.go:32	basic viewer scenario
2026-09-22T09:09:06.138Z	info	staff-logger	scenario/viewer.go:56	visit top
2026-09-22T09:09:06.138Z	info	staff-logger	scenario/viewer.go:64	get livestream
2026-09-22T09:09:06.138Z	info	staff-logger	scenario/viewer.go:83	visit livestream
2026-09-22T09:09:06.177Z	info	staff-logger	scenario/viewer.go:32	basic viewer scenario
2026-09-22T09:09:06.177Z	info	staff-logger	scenario/viewer.go:56	visit top
2026-09-22T09:09:06.177Z	info	staff-logger	scenario/viewer.go:64	get livestream
2026-09-22T09:09:06.177Z	info	staff-logger	scenario/viewer.go:83	visit livestream
2026-09-22T09:09:06.195Z	info	staff-logger	scenario/viewer.go:90	get livestream stats
2026-09-22T09:09:06.237Z	info	staff-logger	scenario/viewer.go:32	basic viewer scenario
2026-09-22T09:09:06.237Z	info	staff-logger	scenario/viewer.go:56	visit top
2026-09-22T09:09:06.237Z	info	staff-logger	scenario/viewer.go:32	basic viewer scenario
2026-09-22T09:09:06.237Z	info	staff-logger	scenario/viewer.go:56	visit top
2026-09-22T09:09:06.237Z	info	staff-logger	scenario/viewer.go:64	get livestream
2026-09-22T09:09:06.237Z	info	staff-logger	scenario/viewer.go:83	visit livestream
2026-09-22T09:09:06.249Z	info	staff-logger	scenario/viewer.go:32	basic viewer scenario
2026-09-22T09:09:06.249Z	info	staff-logger	scenario/viewer.go:56	visit top
2026-09-22T09:09:06.249Z	info	staff-logger	scenario/viewer.go:64	get livestream
2026-09-22T09:09:06.249Z	info	staff-logger	scenario/viewer.go:83	visit livestream
2026-09-22T09:09:06.289Z	info	staff-logger	scenario/viewer.go:32	basic viewer scenario
2026-09-22T09:09:06.289Z	info	staff-logger	scenario/viewer.go:56	visit top
2026-09-22T09:09:06.289Z	info	staff-logger	scenario/viewer.go:64	get livestream
2026-09-22T09:09:06.289Z	info	staff-logger	scenario/viewer.go:83	visit livestream
2026-09-22T09:09:06.306Z	info	staff-logger	scenario/viewer.go:64	get livestream
2026-09-22T09:09:06.306Z	info	staff-logger	scenario/viewer.go:76	visit user profile
2026-09-22T09:09:06.422Z	info	staff-logger	scenario/viewer.go:32	basic viewer scenario
2026-09-22T09:09:06.422Z	info	staff-logger	scenario/viewer.go:56	visit top
2026-09-22T09:09:06.422Z	info	staff-logger	scenario/viewer.go:64	get livestream
2026-09-22T09:09:06.422Z	info	staff-logger	scenario/viewer.go:83	visit livestream
2026-09-22T09:09:06.443Z	info	staff-logger	scenario/viewer.go:32	basic viewer scenario
2026-09-22T09:09:06.443Z	info	staff-logger	scenario/viewer.go:56	visit top
2026-09-22T09:09:06.443Z	info	staff-logger	scenario/viewer.go:64	get livestream
2026-09-22T09:09:06.443Z	info	staff-logger	scenario/viewer.go:83	visit livestream
2026-09-22T09:09:06.464Z	info	staff-logger	scenario/viewer.go:32	basic viewer scenario
2026-09-22T09:09:06.464Z	info	staff-logger	scenario/viewer.go:56	visit top
2026-09-22T09:09:06.464Z	info	staff-logger	scenario/viewer.go:64	get livestream
2026-09-22T09:09:06.464Z	info	staff-logger	scenario/viewer.go:83	visit livestream
2026-09-22T09:09:06.510Z	info	staff-logger	scenario/viewer.go:32	basic viewer scenario
2026-09-22T09:09:06.510Z	info	staff-logger	scenario/viewer.go:56	visit top
2026-09-22T09:09:06.510Z	info	staff-logger	scenario/viewer.go:64	get livestream
2026-09-22T09:09:06.510Z	info	staff-logger	scenario/viewer.go:83	visit livestream
2026-09-22T09:09:06.517Z	info	staff-logger	scenario/viewer.go:32	basic viewer scenario
2026-09-22T09:09:06.517Z	info	staff-logger	scenario/viewer.go:56	visit top
2026-09-22T09:09:06.517Z	info	staff-logger	scenario/viewer.go:64	get livestream
2026-09-22T09:09:06.517Z	info	staff-logger	scenario/viewer.go:83	visit livestream
2026-09-22T09:09:06.532Z	info	staff-logger	scenario/viewer.go:32	basic viewer scenario
2026-09-22T09:09:06.532Z	info	staff-logger	scenario/viewer.go:56	visit top
2026-09-22T09:09:06.532Z	info	staff-logger	scenario/viewer.go:64	get livestream
2026-09-22T09:09:06.532Z	info	staff-logger	scenario/viewer.go:83	visit livestream
2026-09-22T09:09:06.533Z	info	staff-logger	scenario/viewer.go:32	basic viewer scenario
2026-09-22T09:09:06.533Z	info	staff-logger	scenario/viewer.go:56	visit top
2026-09-22T09:09:06.567Z	warn	staff-logger	scenario/viewer.go:178	viewer_spam: failed to post livecomment (moderated spam): benchmark-application: [一般エラー] POST /api/livestream/8031/livecomment へのリクエストに対して、期待されたHTTPステータスコードが確認できませんでした (expected:400, actual:201)

2026-09-22T09:09:06.567Z	info	staff-logger	scenario/viewer.go:64	get livestream
2026-09-22T09:09:06.567Z	info	staff-logger	scenario/viewer.go:76	visit user profile
2026-09-22T09:09:06.582Z	info	staff-logger	scenario/viewer.go:32	basic viewer scenario
2026-09-22T09:09:06.582Z	info	staff-logger	scenario/viewer.go:56	visit top
2026-09-22T09:09:06.582Z	info	staff-logger	scenario/viewer.go:64	get livestream
2026-09-22T09:09:06.582Z	info	staff-logger	scenario/viewer.go:83	visit livestream
2026-09-22T09:09:06.609Z	info	staff-logger	scenario/viewer.go:32	basic viewer scenario
2026-09-22T09:09:06.609Z	info	staff-logger	scenario/viewer.go:56	visit top
2026-09-22T09:09:06.609Z	info	staff-logger	scenario/viewer.go:64	get livestream
2026-09-22T09:09:06.609Z	info	staff-logger	scenario/viewer.go:83	visit livestream
2026-09-22T09:09:06.623Z	info	staff-logger	scenario/viewer.go:83	visit livestream
2026-09-22T09:09:06.695Z	info	staff-logger	scenario/viewer.go:32	basic viewer scenario
2026-09-22T09:09:06.695Z	info	staff-logger	scenario/viewer.go:56	visit top
2026-09-22T09:09:06.695Z	info	staff-logger	scenario/viewer.go:64	get livestream
2026-09-22T09:09:06.695Z	info	staff-logger	scenario/viewer.go:83	visit livestream
2026-09-22T09:09:06.730Z	info	staff-logger	scenario/viewer.go:32	basic viewer scenario
2026-09-22T09:09:06.731Z	info	staff-logger	scenario/viewer.go:56	visit top
2026-09-22T09:09:06.731Z	info	staff-logger	scenario/viewer.go:64	get livestream
2026-09-22T09:09:06.731Z	info	staff-logger	scenario/viewer.go:83	visit livestream
2026-09-22T09:09:06.784Z	info	staff-logger	scenario/viewer.go:32	basic viewer scenario
2026-09-22T09:09:06.786Z	info	staff-logger	scenario/viewer.go:56	visit top
2026-09-22T09:09:06.786Z	info	staff-logger	scenario/viewer.go:64	get livestream
2026-09-22T09:09:06.786Z	info	staff-logger	scenario/viewer.go:83	visit livestream
2026-09-22T09:09:06.790Z	info	staff-logger	scenario/viewer.go:32	basic viewer scenario
2026-09-22T09:09:06.790Z	info	staff-logger	scenario/viewer.go:46	change icon
2026-09-22T09:09:06.823Z	info	staff-logger	scenario/viewer.go:83	visit livestream
2026-09-22T09:09:06.831Z	info	staff-logger	scenario/viewer.go:56	visit top
2026-09-22T09:09:06.848Z	info	staff-logger	scenario/viewer.go:32	basic viewer scenario
2026-09-22T09:09:06.848Z	info	staff-logger	scenario/viewer.go:56	visit top
2026-09-22T09:09:06.848Z	info	staff-logger	scenario/viewer.go:64	get livestream
2026-09-22T09:09:06.848Z	info	staff-logger	scenario/viewer.go:83	visit livestream
2026-09-22T09:09:06.866Z	info	staff-logger	scenario/viewer.go:32	basic viewer scenario
2026-09-22T09:09:06.866Z	info	staff-logger	scenario/viewer.go:56	visit top
2026-09-22T09:09:06.866Z	info	staff-logger	scenario/viewer.go:64	get livestream
2026-09-22T09:09:06.866Z	info	staff-logger	scenario/viewer.go:83	visit livestream
2026-09-22T09:09:06.880Z	info	staff-logger	scenario/viewer.go:90	get livestream stats
2026-09-22T09:09:06.881Z	info	staff-logger	scenario/viewer.go:64	get livestream
2026-09-22T09:09:06.881Z	info	staff-logger	scenario/viewer.go:76	visit user profile
2026-09-22T09:09:06.917Z	info	staff-logger	scenario/viewer.go:32	basic viewer scenario
2026-09-22T09:09:06.917Z	info	staff-logger	scenario/viewer.go:56	visit top
2026-09-22T09:09:06.917Z	info	staff-logger	scenario/viewer.go:64	get livestream
2026-09-22T09:09:06.917Z	info	staff-logger	scenario/viewer.go:83	visit livestream
2026-09-22T09:09:06.937Z	info	staff-logger	scenario/viewer.go:32	basic viewer scenario
2026-09-22T09:09:06.937Z	info	staff-logger	scenario/viewer.go:56	visit top
2026-09-22T09:09:06.937Z	info	staff-logger	scenario/viewer.go:64	get livestream
2026-09-22T09:09:06.937Z	info	staff-logger	scenario/viewer.go:83	visit livestream
2026-09-22T09:09:06.963Z	info	staff-logger	scenario/viewer.go:32	basic viewer scenario
2026-09-22T09:09:06.963Z	info	staff-logger	scenario/viewer.go:56	visit top
2026-09-22T09:09:06.963Z	info	staff-logger	scenario/viewer.go:64	get livestream
2026-09-22T09:09:06.963Z	info	staff-logger	scenario/viewer.go:83	visit livestream
2026-09-22T09:09:07.013Z	info	staff-logger	scenario/viewer.go:32	basic viewer scenario
2026-09-22T09:09:07.013Z	info	staff-logger	scenario/viewer.go:56	visit top
2026-09-22T09:09:07.013Z	info	staff-logger	scenario/viewer.go:64	get livestream
2026-09-22T09:09:07.013Z	info	staff-logger	scenario/viewer.go:83	visit livestream
2026-09-22T09:09:07.128Z	info	staff-logger	scenario/viewer.go:32	basic viewer scenario
2026-09-22T09:09:07.128Z	info	staff-logger	scenario/viewer.go:56	visit top
2026-09-22T09:09:07.128Z	info	staff-logger	scenario/viewer.go:64	get livestream
2026-09-22T09:09:07.128Z	info	staff-logger	scenario/viewer.go:83	visit livestream
2026-09-22T09:09:07.140Z	info	staff-logger	scenario/viewer.go:64	get livestream
2026-09-22T09:09:07.140Z	info	staff-logger	scenario/viewer.go:76	visit user profile
2026-09-22T09:09:07.156Z	warn	staff-logger	scenario/viewer.go:178	viewer_spam: failed to post livecomment (moderated spam): benchmark-application: [一般エラー] POST /api/livestream/7741/livecomment へのリクエストに対して、期待されたHTTPステータスコードが確認できませんでした (expected:400, actual:201)

2026-09-22T09:09:07.179Z	warn	staff-logger	scenario/viewer.go:178	viewer_spam: failed to post livecomment (moderated spam): benchmark-application: [一般エラー] POST /api/livestream/8085/livecomment へのリクエストに対して、期待されたHTTPステータスコードが確認できませんでした (expected:400, actual:201)

2026-09-22T09:09:07.221Z	info	staff-logger	scenario/viewer.go:32	basic viewer scenario
2026-09-22T09:09:07.221Z	info	staff-logger	scenario/viewer.go:56	visit top
2026-09-22T09:09:07.221Z	info	staff-logger	scenario/viewer.go:64	get livestream
2026-09-22T09:09:07.221Z	info	staff-logger	scenario/viewer.go:83	visit livestream
2026-09-22T09:09:07.243Z	info	staff-logger	scenario/viewer.go:83	visit livestream
2026-09-22T09:09:07.280Z	info	staff-logger	scenario/viewer.go:32	basic viewer scenario
2026-09-22T09:09:07.280Z	info	staff-logger	scenario/viewer.go:56	visit top
2026-09-22T09:09:07.280Z	info	staff-logger	scenario/viewer.go:64	get livestream
2026-09-22T09:09:07.280Z	info	staff-logger	scenario/viewer.go:83	visit livestream
2026-09-22T09:09:07.289Z	info	staff-logger	scenario/viewer.go:32	basic viewer scenario
2026-09-22T09:09:07.289Z	info	staff-logger	scenario/viewer.go:56	visit top
2026-09-22T09:09:07.289Z	info	staff-logger	scenario/viewer.go:64	get livestream
2026-09-22T09:09:07.289Z	info	staff-logger	scenario/viewer.go:83	visit livestream
2026-09-22T09:09:07.302Z	info	staff-logger	scenario/viewer.go:90	get livestream stats
2026-09-22T09:09:07.373Z	warn	staff-logger	scenario/viewer.go:178	viewer_spam: failed to post livecomment (moderated spam): benchmark-application: [一般エラー] POST /api/livestream/7606/livecomment へのリクエストに対して、期待されたHTTPステータスコードが確認できませんでした (expected:400, actual:201)

2026-09-22T09:09:07.373Z	info	staff-logger	scenario/viewer.go:32	basic viewer scenario
2026-09-22T09:09:07.373Z	info	staff-logger	scenario/viewer.go:56	visit top
2026-09-22T09:09:07.373Z	info	staff-logger	scenario/viewer.go:64	get livestream
2026-09-22T09:09:07.373Z	info	staff-logger	scenario/viewer.go:83	visit livestream
2026-09-22T09:09:07.410Z	info	staff-logger	scenario/viewer.go:83	visit livestream
2026-09-22T09:09:07.425Z	info	staff-logger	scenario/viewer.go:90	get livestream stats
2026-09-22T09:09:07.485Z	info	staff-logger	scenario/viewer.go:32	basic viewer scenario
2026-09-22T09:09:07.485Z	info	staff-logger	scenario/viewer.go:56	visit top
2026-09-22T09:09:07.485Z	info	staff-logger	scenario/viewer.go:64	get livestream
2026-09-22T09:09:07.485Z	info	staff-logger	scenario/viewer.go:83	visit livestream
2026-09-22T09:09:07.530Z	info	staff-logger	scenario/viewer.go:32	basic viewer scenario
2026-09-22T09:09:07.530Z	info	staff-logger	scenario/viewer.go:56	visit top
2026-09-22T09:09:07.530Z	info	staff-logger	scenario/viewer.go:64	get livestream
2026-09-22T09:09:07.530Z	info	staff-logger	scenario/viewer.go:83	visit livestream
2026-09-22T09:09:07.549Z	warn	staff-logger	scenario/viewer.go:178	viewer_spam: failed to post livecomment (moderated spam): benchmark-application: [一般エラー] POST /api/livestream/7883/livecomment へのリクエストに対して、期待されたHTTPステータスコードが確認できませんでした (expected:400, actual:201)

2026-09-22T09:09:07.562Z	info	staff-logger	scenario/viewer.go:32	basic viewer scenario
2026-09-22T09:09:07.562Z	info	staff-logger	scenario/viewer.go:56	visit top
2026-09-22T09:09:07.562Z	info	staff-logger	scenario/viewer.go:64	get livestream
2026-09-22T09:09:07.562Z	info	staff-logger	scenario/viewer.go:83	visit livestream
2026-09-22T09:09:07.623Z	warn	staff-logger	scenario/viewer.go:178	viewer_spam: failed to post livecomment (moderated spam): benchmark-application: [一般エラー] POST /api/livestream/7742/livecomment へのリクエストに対して、期待されたHTTPステータスコードが確認できませんでした (expected:400, actual:201)

2026-09-22T09:09:07.630Z	info	staff-logger	scenario/viewer.go:32	basic viewer scenario
2026-09-22T09:09:07.630Z	info	staff-logger	scenario/viewer.go:56	visit top
2026-09-22T09:09:07.630Z	info	staff-logger	scenario/viewer.go:64	get livestream
2026-09-22T09:09:07.630Z	info	staff-logger	scenario/viewer.go:83	visit livestream
2026-09-22T09:09:07.635Z	warn	staff-logger	scenario/viewer.go:178	viewer_spam: failed to post livecomment (moderated spam): benchmark-application: [一般エラー] POST /api/livestream/7530/livecomment へのリクエストに対して、期待されたHTTPステータスコードが確認できませんでした (expected:400, actual:201)

2026-09-22T09:09:07.693Z	info	staff-logger	scenario/viewer.go:32	basic viewer scenario
2026-09-22T09:09:07.693Z	info	staff-logger	scenario/viewer.go:56	visit top
2026-09-22T09:09:07.721Z	info	staff-logger	scenario/viewer.go:32	basic viewer scenario
2026-09-22T09:09:07.721Z	info	staff-logger	scenario/viewer.go:56	visit top
2026-09-22T09:09:07.721Z	info	staff-logger	scenario/viewer.go:64	get livestream
2026-09-22T09:09:07.721Z	info	staff-logger	scenario/viewer.go:83	visit livestream
2026-09-22T09:09:07.738Z	info	staff-logger	scenario/viewer.go:32	basic viewer scenario
2026-09-22T09:09:07.738Z	info	staff-logger	scenario/viewer.go:56	visit top
2026-09-22T09:09:07.738Z	info	staff-logger	scenario/viewer.go:64	get livestream
2026-09-22T09:09:07.738Z	info	staff-logger	scenario/viewer.go:83	visit livestream
2026-09-22T09:09:07.742Z	info	staff-logger	scenario/viewer.go:32	basic viewer scenario
2026-09-22T09:09:07.742Z	info	staff-logger	scenario/viewer.go:56	visit top
2026-09-22T09:09:07.742Z	info	staff-logger	scenario/viewer.go:64	get livestream
2026-09-22T09:09:07.742Z	info	staff-logger	scenario/viewer.go:83	visit livestream
2026-09-22T09:09:07.743Z	info	staff-logger	scenario/viewer.go:32	basic viewer scenario
2026-09-22T09:09:07.743Z	info	staff-logger	scenario/viewer.go:56	visit top
2026-09-22T09:09:07.743Z	info	staff-logger	scenario/viewer.go:64	get livestream
2026-09-22T09:09:07.743Z	info	staff-logger	scenario/viewer.go:83	visit livestream
2026-09-22T09:09:07.754Z	info	staff-logger	scenario/viewer.go:90	get livestream stats
2026-09-22T09:09:07.837Z	warn	staff-logger	scenario/viewer.go:178	viewer_spam: failed to post livecomment (moderated spam): benchmark-application: [一般エラー] POST /api/livestream/7715/livecomment へのリクエストに対して、期待されたHTTPステータスコードが確認できませんでした (expected:400, actual:201)

2026-09-22T09:09:07.845Z	info	staff-logger	scenario/viewer.go:32	basic viewer scenario
2026-09-22T09:09:07.845Z	info	staff-logger	scenario/viewer.go:56	visit top
2026-09-22T09:09:07.845Z	info	staff-logger	scenario/viewer.go:64	get livestream
2026-09-22T09:09:07.845Z	info	staff-logger	scenario/viewer.go:83	visit livestream
2026-09-22T09:09:07.907Z	info	staff-logger	scenario/viewer.go:32	basic viewer scenario
2026-09-22T09:09:07.907Z	info	staff-logger	scenario/viewer.go:56	visit top
2026-09-22T09:09:07.907Z	info	staff-logger	scenario/viewer.go:64	get livestream
2026-09-22T09:09:07.907Z	info	staff-logger	scenario/viewer.go:83	visit livestream
2026-09-22T09:09:07.976Z	info	staff-logger	scenario/viewer.go:32	basic viewer scenario
2026-09-22T09:09:07.976Z	info	staff-logger	scenario/viewer.go:56	visit top
2026-09-22T09:09:07.988Z	info	staff-logger	scenario/viewer.go:32	basic viewer scenario
2026-09-22T09:09:07.988Z	info	staff-logger	scenario/viewer.go:56	visit top
2026-09-22T09:09:07.988Z	info	staff-logger	scenario/viewer.go:64	get livestream
2026-09-22T09:09:07.988Z	info	staff-logger	scenario/viewer.go:83	visit livestream
2026-09-22T09:09:08.027Z	info	staff-logger	scenario/viewer.go:32	basic viewer scenario
2026-09-22T09:09:08.027Z	info	staff-logger	scenario/viewer.go:56	visit top
2026-09-22T09:09:08.027Z	info	staff-logger	scenario/viewer.go:64	get livestream
2026-09-22T09:09:08.027Z	info	staff-logger	scenario/viewer.go:83	visit livestream
2026-09-22T09:09:08.080Z	info	staff-logger	scenario/viewer.go:32	basic viewer scenario
2026-09-22T09:09:08.080Z	info	staff-logger	scenario/viewer.go:56	visit top
2026-09-22T09:09:08.080Z	info	staff-logger	scenario/viewer.go:64	get livestream
2026-09-22T09:09:08.080Z	info	staff-logger	scenario/viewer.go:83	visit livestream
2026-09-22T09:09:08.097Z	warn	staff-logger	scenario/viewer.go:178	viewer_spam: failed to post livecomment (moderated spam): benchmark-application: [一般エラー] POST /api/livestream/7787/livecomment へのリクエストに対して、期待されたHTTPステータスコードが確認できませんでした (expected:400, actual:201)

2026-09-22T09:09:08.121Z	info	staff-logger	scenario/viewer.go:32	basic viewer scenario
2026-09-22T09:09:08.121Z	info	staff-logger	scenario/viewer.go:56	visit top
2026-09-22T09:09:08.121Z	info	staff-logger	scenario/viewer.go:64	get livestream
2026-09-22T09:09:08.121Z	info	staff-logger	scenario/viewer.go:83	visit livestream
2026-09-22T09:09:08.129Z	warn	staff-logger	scenario/viewer.go:178	viewer_spam: failed to post livecomment (moderated spam): benchmark-application: [一般エラー] POST /api/livestream/7996/livecomment へのリクエストに対して、期待されたHTTPステータスコードが確認できませんでした (expected:400, actual:201)

2026-09-22T09:09:08.151Z	info	staff-logger	scenario/viewer.go:32	basic viewer scenario
2026-09-22T09:09:08.151Z	info	staff-logger	scenario/viewer.go:56	visit top
2026-09-22T09:09:08.151Z	info	staff-logger	scenario/viewer.go:64	get livestream
2026-09-22T09:09:08.151Z	info	staff-logger	scenario/viewer.go:83	visit livestream
2026-09-22T09:09:08.220Z	info	staff-logger	scenario/streamer.go:48	change icon
2026-09-22T09:09:08.233Z	info	staff-logger	scenario/viewer.go:64	get livestream
2026-09-22T09:09:08.233Z	info	staff-logger	scenario/viewer.go:76	visit user profile
2026-09-22T09:09:08.283Z	info	staff-logger	scenario/viewer.go:32	basic viewer scenario
2026-09-22T09:09:08.283Z	info	staff-logger	scenario/viewer.go:56	visit top
2026-09-22T09:09:08.283Z	info	staff-logger	scenario/viewer.go:64	get livestream
2026-09-22T09:09:08.283Z	info	staff-logger	scenario/viewer.go:83	visit livestream
2026-09-22T09:09:08.299Z	warn	staff-logger	scenario/viewer.go:178	viewer_spam: failed to post livecomment (moderated spam): benchmark-application: [一般エラー] POST /api/livestream/7528/livecomment へのリクエストに対して、期待されたHTTPステータスコードが確認できませんでした (expected:400, actual:201)

2026-09-22T09:09:08.328Z	info	staff-logger	scenario/viewer.go:64	get livestream
2026-09-22T09:09:08.328Z	info	staff-logger	scenario/viewer.go:76	visit user profile
2026-09-22T09:09:08.395Z	info	staff-logger	scenario/viewer.go:32	basic viewer scenario
2026-09-22T09:09:08.395Z	info	staff-logger	scenario/viewer.go:56	visit top
2026-09-22T09:09:08.396Z	info	staff-logger	scenario/viewer.go:64	get livestream
2026-09-22T09:09:08.396Z	info	staff-logger	scenario/viewer.go:83	visit livestream
2026-09-22T09:09:08.415Z	info	staff-logger	scenario/viewer.go:32	basic viewer scenario
2026-09-22T09:09:08.415Z	info	staff-logger	scenario/viewer.go:56	visit top
2026-09-22T09:09:08.415Z	info	staff-logger	scenario/viewer.go:64	get livestream
2026-09-22T09:09:08.415Z	info	staff-logger	scenario/viewer.go:83	visit livestream
2026-09-22T09:09:08.535Z	info	staff-logger	scenario/viewer.go:83	visit livestream
2026-09-22T09:09:08.564Z	info	staff-logger	scenario/viewer.go:32	basic viewer scenario
2026-09-22T09:09:08.564Z	info	staff-logger	scenario/viewer.go:56	visit top
2026-09-22T09:09:08.564Z	info	staff-logger	scenario/viewer.go:64	get livestream
2026-09-22T09:09:08.564Z	info	staff-logger	scenario/viewer.go:83	visit livestream
2026-09-22T09:09:08.634Z	info	staff-logger	scenario/viewer.go:32	basic viewer scenario
2026-09-22T09:09:08.634Z	info	staff-logger	scenario/viewer.go:32	basic viewer scenario
2026-09-22T09:09:08.634Z	info	staff-logger	scenario/viewer.go:56	visit top
2026-09-22T09:09:08.634Z	info	staff-logger	scenario/viewer.go:56	visit top
2026-09-22T09:09:08.634Z	info	staff-logger	scenario/viewer.go:64	get livestream
2026-09-22T09:09:08.634Z	info	staff-logger	scenario/viewer.go:83	visit livestream
2026-09-22T09:09:08.655Z	info	staff-logger	scenario/viewer.go:83	visit livestream
2026-09-22T09:09:08.710Z	info	staff-logger	scenario/viewer.go:32	basic viewer scenario
2026-09-22T09:09:08.710Z	info	staff-logger	scenario/viewer.go:56	visit top
2026-09-22T09:09:08.710Z	info	staff-logger	scenario/viewer.go:64	get livestream
2026-09-22T09:09:08.710Z	info	staff-logger	scenario/viewer.go:83	visit livestream
2026-09-22T09:09:08.741Z	warn	staff-logger	scenario/viewer.go:178	viewer_spam: failed to post livecomment (moderated spam): benchmark-application: [一般エラー] POST /api/livestream/8100/livecomment へのリクエストに対して、期待されたHTTPステータスコードが確認できませんでした (expected:400, actual:201)

2026-09-22T09:09:08.771Z	info	staff-logger	scenario/viewer.go:32	basic viewer scenario
2026-09-22T09:09:08.771Z	info	staff-logger	scenario/viewer.go:56	visit top
2026-09-22T09:09:08.771Z	info	staff-logger	scenario/viewer.go:64	get livestream
2026-09-22T09:09:08.771Z	info	staff-logger	scenario/viewer.go:83	visit livestream
2026-09-22T09:09:08.792Z	info	staff-logger	scenario/viewer.go:32	basic viewer scenario
2026-09-22T09:09:08.792Z	info	staff-logger	scenario/viewer.go:56	visit top
2026-09-22T09:09:08.792Z	info	staff-logger	scenario/viewer.go:64	get livestream
2026-09-22T09:09:08.792Z	info	staff-logger	scenario/viewer.go:83	visit livestream
2026-09-22T09:09:08.826Z	info	staff-logger	scenario/viewer.go:90	get livestream stats
2026-09-22T09:09:08.833Z	warn	staff-logger	scenario/viewer.go:178	viewer_spam: failed to post livecomment (moderated spam): benchmark-application: [一般エラー] POST /api/livestream/8102/livecomment へのリクエストに対して、期待されたHTTPステータスコードが確認できませんでした (expected:400, actual:201)

2026-09-22T09:09:08.864Z	info	staff-logger	scenario/viewer.go:32	basic viewer scenario
2026-09-22T09:09:08.864Z	info	staff-logger	scenario/viewer.go:56	visit top
2026-09-22T09:09:08.864Z	info	staff-logger	scenario/viewer.go:64	get livestream
2026-09-22T09:09:08.864Z	info	staff-logger	scenario/viewer.go:83	visit livestream
2026-09-22T09:09:08.905Z	warn	staff-logger	scenario/viewer.go:178	viewer_spam: failed to post livecomment (moderated spam): benchmark-application: [一般エラー] POST /api/livestream/7765/livecomment へのリクエストに対して、期待されたHTTPステータスコードが確認できませんでした (expected:400, actual:201)

2026-09-22T09:09:08.909Z	info	staff-logger	scenario/viewer.go:32	basic viewer scenario
2026-09-22T09:09:08.909Z	info	staff-logger	scenario/viewer.go:56	visit top
2026-09-22T09:09:08.909Z	info	staff-logger	scenario/viewer.go:64	get livestream
2026-09-22T09:09:08.909Z	info	staff-logger	scenario/viewer.go:83	visit livestream
2026-09-22T09:09:08.922Z	info	staff-logger	scenario/viewer.go:90	get livestream stats
2026-09-22T09:09:08.945Z	info	staff-logger	scenario/viewer.go:32	basic viewer scenario
2026-09-22T09:09:08.945Z	info	staff-logger	scenario/viewer.go:56	visit top
2026-09-22T09:09:08.945Z	info	staff-logger	scenario/viewer.go:64	get livestream
2026-09-22T09:09:08.945Z	info	staff-logger	scenario/viewer.go:83	visit livestream
2026-09-22T09:09:08.957Z	info	staff-logger	scenario/viewer.go:64	get livestream
2026-09-22T09:09:08.957Z	info	staff-logger	scenario/viewer.go:76	visit user profile
2026-09-22T09:09:08.996Z	info	staff-logger	scenario/viewer.go:32	basic viewer scenario
2026-09-22T09:09:08.996Z	info	staff-logger	scenario/viewer.go:56	visit top
2026-09-22T09:09:08.996Z	info	staff-logger	scenario/viewer.go:64	get livestream
2026-09-22T09:09:08.996Z	info	staff-logger	scenario/viewer.go:83	visit livestream
2026-09-22T09:09:09.009Z	info	staff-logger	scenario/viewer.go:32	basic viewer scenario
2026-09-22T09:09:09.009Z	info	staff-logger	scenario/viewer.go:56	visit top
2026-09-22T09:09:09.009Z	info	staff-logger	scenario/viewer.go:64	get livestream
2026-09-22T09:09:09.009Z	info	staff-logger	scenario/viewer.go:83	visit livestream
2026-09-22T09:09:09.047Z	info	staff-logger	scenario/viewer.go:32	basic viewer scenario
2026-09-22T09:09:09.047Z	info	staff-logger	scenario/viewer.go:56	visit top
2026-09-22T09:09:09.047Z	info	staff-logger	scenario/viewer.go:64	get livestream
2026-09-22T09:09:09.047Z	info	staff-logger	scenario/viewer.go:83	visit livestream
2026-09-22T09:09:09.058Z	info	staff-logger	scenario/viewer.go:32	basic viewer scenario
2026-09-22T09:09:09.058Z	info	staff-logger	scenario/viewer.go:56	visit top
2026-09-22T09:09:09.058Z	info	staff-logger	scenario/viewer.go:64	get livestream
2026-09-22T09:09:09.058Z	info	staff-logger	scenario/viewer.go:83	visit livestream
2026-09-22T09:09:09.062Z	warn	staff-logger	scenario/viewer.go:178	viewer_spam: failed to post livecomment (moderated spam): benchmark-application: [一般エラー] POST /api/livestream/7748/livecomment へのリクエストに対して、期待されたHTTPステータスコードが確認できませんでした (expected:400, actual:201)

2026-09-22T09:09:09.224Z	info	staff-logger	scenario/viewer.go:32	basic viewer scenario
2026-09-22T09:09:09.224Z	info	staff-logger	scenario/viewer.go:32	basic viewer scenario
2026-09-22T09:09:09.224Z	info	staff-logger	scenario/viewer.go:56	visit top
2026-09-22T09:09:09.224Z	info	staff-logger	scenario/viewer.go:56	visit top
2026-09-22T09:09:09.224Z	info	staff-logger	scenario/viewer.go:64	get livestream
2026-09-22T09:09:09.224Z	info	staff-logger	scenario/viewer.go:64	get livestream
2026-09-22T09:09:09.224Z	info	staff-logger	scenario/viewer.go:83	visit livestream
2026-09-22T09:09:09.224Z	info	staff-logger	scenario/viewer.go:83	visit livestream
2026-09-22T09:09:09.260Z	info	staff-logger	scenario/viewer.go:90	get livestream stats
2026-09-22T09:09:09.281Z	info	staff-logger	scenario/viewer.go:83	visit livestream
2026-09-22T09:09:09.342Z	info	staff-logger	scenario/viewer.go:32	basic viewer scenario
2026-09-22T09:09:09.342Z	info	staff-logger	scenario/viewer.go:56	visit top
2026-09-22T09:09:09.342Z	info	staff-logger	scenario/viewer.go:64	get livestream
2026-09-22T09:09:09.342Z	info	staff-logger	scenario/viewer.go:83	visit livestream
2026-09-22T09:09:09.385Z	info	staff-logger	scenario/viewer.go:32	basic viewer scenario
2026-09-22T09:09:09.385Z	info	staff-logger	scenario/viewer.go:56	visit top
2026-09-22T09:09:09.385Z	info	staff-logger	scenario/viewer.go:64	get livestream
2026-09-22T09:09:09.385Z	info	staff-logger	scenario/viewer.go:83	visit livestream
2026-09-22T09:09:09.446Z	info	staff-logger	scenario/viewer.go:32	basic viewer scenario
2026-09-22T09:09:09.446Z	info	staff-logger	scenario/viewer.go:56	visit top
2026-09-22T09:09:09.446Z	info	staff-logger	scenario/viewer.go:64	get livestream
2026-09-22T09:09:09.446Z	info	staff-logger	scenario/viewer.go:83	visit livestream
2026-09-22T09:09:09.560Z	warn	staff-logger	scenario/viewer.go:178	viewer_spam: failed to post livecomment (moderated spam): benchmark-application: [一般エラー] POST /api/livestream/7575/livecomment へのリクエストに対して、期待されたHTTPステータスコードが確認できませんでした (expected:400, actual:201)

2026-09-22T09:09:09.570Z	warn	staff-logger	scenario/viewer.go:178	viewer_spam: failed to post livecomment (moderated spam): benchmark-application: [一般エラー] POST /api/livestream/7764/livecomment へのリクエストに対して、期待されたHTTPステータスコードが確認できませんでした (expected:400, actual:201)

2026-09-22T09:09:09.624Z	info	staff-logger	scenario/viewer.go:32	basic viewer scenario
2026-09-22T09:09:09.625Z	info	staff-logger	scenario/viewer.go:56	visit top
2026-09-22T09:09:09.625Z	info	staff-logger	scenario/viewer.go:64	get livestream
2026-09-22T09:09:09.625Z	info	staff-logger	scenario/viewer.go:83	visit livestream
2026-09-22T09:09:09.628Z	info	staff-logger	scenario/viewer.go:32	basic viewer scenario
2026-09-22T09:09:09.628Z	info	staff-logger	scenario/viewer.go:56	visit top
2026-09-22T09:09:09.726Z	info	staff-logger	scenario/viewer.go:32	basic viewer scenario
2026-09-22T09:09:09.727Z	info	staff-logger	scenario/viewer.go:56	visit top
2026-09-22T09:09:09.727Z	info	staff-logger	scenario/viewer.go:64	get livestream
2026-09-22T09:09:09.727Z	info	staff-logger	scenario/viewer.go:83	visit livestream
2026-09-22T09:09:09.735Z	info	staff-logger	scenario/viewer.go:32	basic viewer scenario
2026-09-22T09:09:09.735Z	info	staff-logger	scenario/viewer.go:56	visit top
2026-09-22T09:09:09.735Z	info	staff-logger	scenario/viewer.go:64	get livestream
2026-09-22T09:09:09.735Z	info	staff-logger	scenario/viewer.go:83	visit livestream
2026-09-22T09:09:09.746Z	info	staff-logger	scenario/viewer.go:32	basic viewer scenario
2026-09-22T09:09:09.746Z	info	staff-logger	scenario/viewer.go:56	visit top
2026-09-22T09:09:09.746Z	info	staff-logger	scenario/viewer.go:64	get livestream
2026-09-22T09:09:09.746Z	info	staff-logger	scenario/viewer.go:83	visit livestream
2026-09-22T09:09:09.757Z	warn	staff-logger	scenario/viewer.go:178	viewer_spam: failed to post livecomment (moderated spam): benchmark-application: [一般エラー] POST /api/livestream/8063/livecomment へのリクエストに対して、期待されたHTTPステータスコードが確認できませんでした (expected:400, actual:201)

2026-09-22T09:09:09.773Z	info	staff-logger	scenario/viewer.go:32	basic viewer scenario
2026-09-22T09:09:09.773Z	info	staff-logger	scenario/viewer.go:56	visit top
2026-09-22T09:09:09.773Z	info	staff-logger	scenario/viewer.go:64	get livestream
2026-09-22T09:09:09.773Z	info	staff-logger	scenario/viewer.go:83	visit livestream
2026-09-22T09:09:09.802Z	info	staff-logger	scenario/viewer.go:32	basic viewer scenario
2026-09-22T09:09:09.802Z	info	staff-logger	scenario/viewer.go:56	visit top
2026-09-22T09:09:09.802Z	info	staff-logger	scenario/viewer.go:64	get livestream
2026-09-22T09:09:09.802Z	info	staff-logger	scenario/viewer.go:83	visit livestream
2026-09-22T09:09:09.804Z	info	staff-logger	scenario/viewer.go:32	basic viewer scenario
2026-09-22T09:09:09.805Z	info	staff-logger	scenario/viewer.go:56	visit top
2026-09-22T09:09:09.805Z	info	staff-logger	scenario/viewer.go:64	get livestream
2026-09-22T09:09:09.805Z	info	staff-logger	scenario/viewer.go:83	visit livestream
2026-09-22T09:09:09.821Z	info	staff-logger	scenario/viewer.go:32	basic viewer scenario
2026-09-22T09:09:09.822Z	info	staff-logger	scenario/viewer.go:56	visit top
2026-09-22T09:09:09.901Z	info	staff-logger	scenario/viewer.go:32	basic viewer scenario
2026-09-22T09:09:09.901Z	info	staff-logger	scenario/viewer.go:56	visit top
2026-09-22T09:09:09.901Z	info	staff-logger	scenario/viewer.go:64	get livestream
2026-09-22T09:09:09.901Z	info	staff-logger	scenario/viewer.go:83	visit livestream
2026-09-22T09:09:09.910Z	info	staff-logger	scenario/viewer.go:32	basic viewer scenario
2026-09-22T09:09:09.910Z	info	staff-logger	scenario/viewer.go:56	visit top
2026-09-22T09:09:09.941Z	info	staff-logger	scenario/viewer.go:64	get livestream
2026-09-22T09:09:09.941Z	info	staff-logger	scenario/viewer.go:76	visit user profile
2026-09-22T09:09:09.962Z	info	staff-logger	scenario/viewer.go:32	basic viewer scenario
2026-09-22T09:09:09.962Z	info	staff-logger	scenario/viewer.go:56	visit top
2026-09-22T09:09:09.962Z	info	staff-logger	scenario/viewer.go:64	get livestream
2026-09-22T09:09:09.962Z	info	staff-logger	scenario/viewer.go:83	visit livestream
2026-09-22T09:09:09.980Z	info	staff-logger	scenario/viewer.go:32	basic viewer scenario
2026-09-22T09:09:09.980Z	info	staff-logger	scenario/viewer.go:56	visit top
2026-09-22T09:09:09.980Z	info	staff-logger	scenario/viewer.go:64	get livestream
2026-09-22T09:09:09.980Z	info	staff-logger	scenario/viewer.go:83	visit livestream
2026-09-22T09:09:10.021Z	info	staff-logger	scenario/viewer.go:32	basic viewer scenario
2026-09-22T09:09:10.021Z	info	staff-logger	scenario/viewer.go:56	visit top
2026-09-22T09:09:10.021Z	info	staff-logger	scenario/viewer.go:64	get livestream
2026-09-22T09:09:10.021Z	info	staff-logger	scenario/viewer.go:83	visit livestream
2026-09-22T09:09:10.164Z	info	staff-logger	scenario/viewer.go:64	get livestream
2026-09-22T09:09:10.164Z	info	staff-logger	scenario/viewer.go:76	visit user profile
2026-09-22T09:09:10.186Z	info	staff-logger	scenario/viewer.go:32	basic viewer scenario
2026-09-22T09:09:10.186Z	info	staff-logger	scenario/viewer.go:56	visit top
2026-09-22T09:09:10.186Z	info	staff-logger	scenario/viewer.go:64	get livestream
2026-09-22T09:09:10.186Z	info	staff-logger	scenario/viewer.go:83	visit livestream
2026-09-22T09:09:10.195Z	info	staff-logger	scenario/viewer.go:83	visit livestream
2026-09-22T09:09:10.197Z	warn	staff-logger	scenario/viewer.go:178	viewer_spam: failed to post livecomment (moderated spam): benchmark-application: [一般エラー] POST /api/livestream/8021/livecomment へのリクエストに対して、期待されたHTTPステータスコードが確認できませんでした (expected:400, actual:201)

2026-09-22T09:09:10.223Z	info	staff-logger	scenario/viewer.go:64	get livestream
2026-09-22T09:09:10.223Z	info	staff-logger	scenario/viewer.go:76	visit user profile
2026-09-22T09:09:10.238Z	info	staff-logger	scenario/viewer.go:32	basic viewer scenario
2026-09-22T09:09:10.238Z	info	staff-logger	scenario/viewer.go:56	visit top
2026-09-22T09:09:10.238Z	info	staff-logger	scenario/viewer.go:64	get livestream
2026-09-22T09:09:10.238Z	info	staff-logger	scenario/viewer.go:83	visit livestream
2026-09-22T09:09:10.242Z	info	staff-logger	scenario/viewer.go:32	basic viewer scenario
2026-09-22T09:09:10.242Z	info	staff-logger	scenario/viewer.go:56	visit top
2026-09-22T09:09:10.242Z	info	staff-logger	scenario/viewer.go:64	get livestream
2026-09-22T09:09:10.242Z	info	staff-logger	scenario/viewer.go:83	visit livestream
2026-09-22T09:09:10.294Z	info	staff-logger	scenario/viewer.go:32	basic viewer scenario
2026-09-22T09:09:10.294Z	info	staff-logger	scenario/viewer.go:56	visit top
2026-09-22T09:09:10.294Z	info	staff-logger	scenario/viewer.go:64	get livestream
2026-09-22T09:09:10.294Z	info	staff-logger	scenario/viewer.go:83	visit livestream
2026-09-22T09:09:10.308Z	info	staff-logger	scenario/viewer.go:32	basic viewer scenario
2026-09-22T09:09:10.308Z	info	staff-logger	scenario/viewer.go:56	visit top
2026-09-22T09:09:10.308Z	info	staff-logger	scenario/viewer.go:64	get livestream
2026-09-22T09:09:10.308Z	info	staff-logger	scenario/viewer.go:83	visit livestream
2026-09-22T09:09:10.430Z	info	staff-logger	scenario/viewer.go:32	basic viewer scenario
2026-09-22T09:09:10.430Z	info	staff-logger	scenario/viewer.go:56	visit top
2026-09-22T09:09:10.430Z	info	staff-logger	scenario/viewer.go:64	get livestream
2026-09-22T09:09:10.430Z	info	staff-logger	scenario/viewer.go:83	visit livestream
2026-09-22T09:09:10.503Z	info	staff-logger	scenario/viewer.go:32	basic viewer scenario
2026-09-22T09:09:10.503Z	info	staff-logger	scenario/viewer.go:56	visit top
2026-09-22T09:09:10.503Z	info	staff-logger	scenario/viewer.go:64	get livestream
2026-09-22T09:09:10.503Z	info	staff-logger	scenario/viewer.go:83	visit livestream
2026-09-22T09:09:10.534Z	info	staff-logger	scenario/viewer.go:32	basic viewer scenario
2026-09-22T09:09:10.534Z	info	staff-logger	scenario/viewer.go:56	visit top
2026-09-22T09:09:10.534Z	info	staff-logger	scenario/viewer.go:64	get livestream
2026-09-22T09:09:10.534Z	info	staff-logger	scenario/viewer.go:83	visit livestream
2026-09-22T09:09:10.552Z	info	staff-logger	scenario/viewer.go:32	basic viewer scenario
2026-09-22T09:09:10.552Z	info	staff-logger	scenario/viewer.go:56	visit top
2026-09-22T09:09:10.586Z	info	staff-logger	scenario/viewer.go:83	visit livestream
2026-09-22T09:09:10.592Z	info	staff-logger	scenario/viewer.go:32	basic viewer scenario
2026-09-22T09:09:10.592Z	info	staff-logger	scenario/viewer.go:56	visit top
2026-09-22T09:09:10.592Z	info	staff-logger	scenario/viewer.go:64	get livestream
2026-09-22T09:09:10.592Z	info	staff-logger	scenario/viewer.go:83	visit livestream
2026-09-22T09:09:10.607Z	info	staff-logger	scenario/viewer.go:32	basic viewer scenario
2026-09-22T09:09:10.607Z	info	staff-logger	scenario/viewer.go:56	visit top
2026-09-22T09:09:10.607Z	info	staff-logger	scenario/viewer.go:64	get livestream
2026-09-22T09:09:10.607Z	info	staff-logger	scenario/viewer.go:83	visit livestream
2026-09-22T09:09:10.615Z	info	staff-logger	scenario/viewer.go:83	visit livestream
2026-09-22T09:09:10.643Z	info	staff-logger	scenario/viewer.go:90	get livestream stats
2026-09-22T09:09:10.666Z	info	staff-logger	scenario/viewer.go:32	basic viewer scenario
2026-09-22T09:09:10.666Z	info	staff-logger	scenario/viewer.go:56	visit top
2026-09-22T09:09:10.666Z	info	staff-logger	scenario/viewer.go:64	get livestream
2026-09-22T09:09:10.666Z	info	staff-logger	scenario/viewer.go:83	visit livestream
2026-09-22T09:09:10.681Z	info	staff-logger	scenario/viewer.go:32	basic viewer scenario
2026-09-22T09:09:10.681Z	info	staff-logger	scenario/viewer.go:56	visit top
2026-09-22T09:09:10.681Z	info	staff-logger	scenario/viewer.go:64	get livestream
2026-09-22T09:09:10.681Z	info	staff-logger	scenario/viewer.go:83	visit livestream
2026-09-22T09:09:10.723Z	info	staff-logger	scenario/viewer.go:32	basic viewer scenario
2026-09-22T09:09:10.723Z	info	staff-logger	scenario/viewer.go:56	visit top
2026-09-22T09:09:10.723Z	info	staff-logger	scenario/viewer.go:64	get livestream
2026-09-22T09:09:10.723Z	info	staff-logger	scenario/viewer.go:83	visit livestream
2026-09-22T09:09:10.739Z	info	staff-logger	scenario/viewer.go:32	basic viewer scenario
2026-09-22T09:09:10.739Z	info	staff-logger	scenario/viewer.go:56	visit top
2026-09-22T09:09:10.739Z	info	staff-logger	scenario/viewer.go:64	get livestream
2026-09-22T09:09:10.739Z	info	staff-logger	scenario/viewer.go:83	visit livestream
2026-09-22T09:09:10.748Z	info	staff-logger	scenario/viewer.go:32	basic viewer scenario
2026-09-22T09:09:10.748Z	info	staff-logger	scenario/viewer.go:56	visit top
2026-09-22T09:09:10.748Z	info	staff-logger	scenario/viewer.go:64	get livestream
2026-09-22T09:09:10.748Z	info	staff-logger	scenario/viewer.go:83	visit livestream
2026-09-22T09:09:10.774Z	info	staff-logger	scenario/viewer.go:90	get livestream stats
2026-09-22T09:09:10.778Z	info	staff-logger	scenario/viewer.go:32	basic viewer scenario
2026-09-22T09:09:10.778Z	info	staff-logger	scenario/viewer.go:56	visit top
2026-09-22T09:09:10.778Z	info	staff-logger	scenario/viewer.go:64	get livestream
2026-09-22T09:09:10.778Z	info	staff-logger	scenario/viewer.go:83	visit livestream
2026-09-22T09:09:10.862Z	info	staff-logger	scenario/viewer.go:64	get livestream
2026-09-22T09:09:10.862Z	info	staff-logger	scenario/viewer.go:76	visit user profile
2026-09-22T09:09:10.889Z	info	staff-logger	scenario/viewer.go:32	basic viewer scenario
2026-09-22T09:09:10.889Z	info	staff-logger	scenario/viewer.go:56	visit top
2026-09-22T09:09:10.889Z	info	staff-logger	scenario/viewer.go:64	get livestream
2026-09-22T09:09:10.889Z	info	staff-logger	scenario/viewer.go:83	visit livestream
2026-09-22T09:09:10.963Z	info	staff-logger	scenario/viewer.go:32	basic viewer scenario
2026-09-22T09:09:10.963Z	info	staff-logger	scenario/viewer.go:56	visit top
2026-09-22T09:09:10.963Z	info	staff-logger	scenario/viewer.go:64	get livestream
2026-09-22T09:09:10.963Z	info	staff-logger	scenario/viewer.go:83	visit livestream
2026-09-22T09:09:10.993Z	info	staff-logger	scenario/viewer.go:32	basic viewer scenario
2026-09-22T09:09:10.993Z	info	staff-logger	scenario/viewer.go:56	visit top
2026-09-22T09:09:10.993Z	info	staff-logger	scenario/viewer.go:64	get livestream
2026-09-22T09:09:10.993Z	info	staff-logger	scenario/viewer.go:83	visit livestream
2026-09-22T09:09:10.994Z	info	staff-logger	scenario/viewer.go:32	basic viewer scenario
2026-09-22T09:09:10.994Z	info	staff-logger	scenario/viewer.go:56	visit top
2026-09-22T09:09:10.994Z	info	staff-logger	scenario/viewer.go:64	get livestream
2026-09-22T09:09:10.994Z	info	staff-logger	scenario/viewer.go:83	visit livestream
2026-09-22T09:09:11.044Z	info	staff-logger	scenario/viewer.go:32	basic viewer scenario
2026-09-22T09:09:11.044Z	info	staff-logger	scenario/viewer.go:56	visit top
2026-09-22T09:09:11.044Z	info	staff-logger	scenario/viewer.go:64	get livestream
2026-09-22T09:09:11.044Z	info	staff-logger	scenario/viewer.go:83	visit livestream
2026-09-22T09:09:11.123Z	info	staff-logger	scenario/viewer.go:32	basic viewer scenario
2026-09-22T09:09:11.123Z	info	staff-logger	scenario/viewer.go:56	visit top
2026-09-22T09:09:11.153Z	warn	staff-logger	scenario/viewer.go:178	viewer_spam: failed to post livecomment (moderated spam): benchmark-application: [一般エラー] POST /api/livestream/8132/livecomment へのリクエストに対して、期待されたHTTPステータスコードが確認できませんでした (expected:400, actual:201)

2026-09-22T09:09:11.186Z	info	staff-logger	scenario/viewer.go:32	basic viewer scenario
2026-09-22T09:09:11.186Z	info	staff-logger	scenario/viewer.go:56	visit top
2026-09-22T09:09:11.186Z	info	staff-logger	scenario/viewer.go:64	get livestream
2026-09-22T09:09:11.186Z	info	staff-logger	scenario/viewer.go:83	visit livestream
2026-09-22T09:09:11.205Z	info	staff-logger	scenario/viewer.go:90	get livestream stats
2026-09-22T09:09:11.241Z	info	staff-logger	scenario/viewer.go:83	visit livestream
2026-09-22T09:09:11.279Z	info	staff-logger	scenario/viewer.go:32	basic viewer scenario
2026-09-22T09:09:11.279Z	info	staff-logger	scenario/viewer.go:56	visit top
2026-09-22T09:09:11.279Z	info	staff-logger	scenario/viewer.go:64	get livestream
2026-09-22T09:09:11.279Z	info	staff-logger	scenario/viewer.go:83	visit livestream
2026-09-22T09:09:11.392Z	info	staff-logger	scenario/viewer.go:32	basic viewer scenario
2026-09-22T09:09:11.392Z	info	staff-logger	scenario/viewer.go:56	visit top
2026-09-22T09:09:11.392Z	info	staff-logger	scenario/viewer.go:64	get livestream
2026-09-22T09:09:11.392Z	info	staff-logger	scenario/viewer.go:83	visit livestream
2026-09-22T09:09:11.407Z	warn	staff-logger	scenario/viewer.go:178	viewer_spam: failed to post livecomment (moderated spam): benchmark-application: [一般エラー] POST /api/livestream/7900/livecomment へのリクエストに対して、期待されたHTTPステータスコードが確認できませんでした (expected:400, actual:201)

2026-09-22T09:09:11.450Z	info	staff-logger	scenario/viewer.go:64	get livestream
2026-09-22T09:09:11.450Z	info	staff-logger	scenario/viewer.go:76	visit user profile
2026-09-22T09:09:11.516Z	info	staff-logger	scenario/viewer.go:32	basic viewer scenario
2026-09-22T09:09:11.516Z	info	staff-logger	scenario/viewer.go:56	visit top
2026-09-22T09:09:11.516Z	info	staff-logger	scenario/viewer.go:64	get livestream
2026-09-22T09:09:11.516Z	info	staff-logger	scenario/viewer.go:83	visit livestream
2026-09-22T09:09:11.528Z	info	staff-logger	scenario/viewer.go:32	basic viewer scenario
2026-09-22T09:09:11.528Z	info	staff-logger	scenario/viewer.go:46	change icon
2026-09-22T09:09:11.558Z	info	staff-logger	scenario/viewer.go:56	visit top
2026-09-22T09:09:11.575Z	warn	staff-logger	scenario/viewer.go:178	viewer_spam: failed to post livecomment (moderated spam): benchmark-application: [一般エラー] POST /api/livestream/8137/livecomment へのリクエストに対して、期待されたHTTPステータスコードが確認できませんでした (expected:400, actual:201)

2026-09-22T09:09:11.591Z	info	staff-logger	scenario/viewer.go:32	basic viewer scenario
2026-09-22T09:09:11.591Z	info	staff-logger	scenario/viewer.go:56	visit top
2026-09-22T09:09:11.591Z	info	staff-logger	scenario/viewer.go:64	get livestream
2026-09-22T09:09:11.591Z	info	staff-logger	scenario/viewer.go:83	visit livestream
2026-09-22T09:09:11.615Z	info	staff-logger	scenario/viewer.go:32	basic viewer scenario
2026-09-22T09:09:11.615Z	info	staff-logger	scenario/viewer.go:56	visit top
2026-09-22T09:09:11.615Z	info	staff-logger	scenario/viewer.go:64	get livestream
2026-09-22T09:09:11.615Z	info	staff-logger	scenario/viewer.go:83	visit livestream
2026-09-22T09:09:11.675Z	info	staff-logger	scenario/viewer.go:32	basic viewer scenario
2026-09-22T09:09:11.675Z	info	staff-logger	scenario/viewer.go:56	visit top
2026-09-22T09:09:11.675Z	info	staff-logger	scenario/viewer.go:64	get livestream
2026-09-22T09:09:11.675Z	info	staff-logger	scenario/viewer.go:83	visit livestream
2026-09-22T09:09:11.687Z	info	staff-logger	scenario/viewer.go:90	get livestream stats
2026-09-22T09:09:11.700Z	warn	staff-logger	scenario/viewer.go:178	viewer_spam: failed to post livecomment (moderated spam): benchmark-application: [一般エラー] POST /api/livestream/7548/livecomment へのリクエストに対して、期待されたHTTPステータスコードが確認できませんでした (expected:400, actual:201)

2026-09-22T09:09:11.724Z	info	staff-logger	scenario/viewer.go:83	visit livestream
2026-09-22T09:09:11.778Z	info	staff-logger	scenario/viewer.go:32	basic viewer scenario
2026-09-22T09:09:11.778Z	info	staff-logger	scenario/viewer.go:56	visit top
2026-09-22T09:09:11.778Z	info	staff-logger	scenario/viewer.go:64	get livestream
2026-09-22T09:09:11.778Z	info	staff-logger	scenario/viewer.go:32	basic viewer scenario
2026-09-22T09:09:11.778Z	info	staff-logger	scenario/viewer.go:83	visit livestream
2026-09-22T09:09:11.778Z	info	staff-logger	scenario/viewer.go:56	visit top
2026-09-22T09:09:11.778Z	info	staff-logger	scenario/viewer.go:64	get livestream
2026-09-22T09:09:11.778Z	info	staff-logger	scenario/viewer.go:83	visit livestream
2026-09-22T09:09:11.805Z	info	staff-logger	scenario/viewer.go:32	basic viewer scenario
2026-09-22T09:09:11.805Z	info	staff-logger	scenario/viewer.go:56	visit top
2026-09-22T09:09:11.806Z	info	staff-logger	scenario/viewer.go:64	get livestream
2026-09-22T09:09:11.806Z	info	staff-logger	scenario/viewer.go:83	visit livestream
2026-09-22T09:09:11.811Z	info	staff-logger	scenario/viewer.go:32	basic viewer scenario
2026-09-22T09:09:11.811Z	info	staff-logger	scenario/viewer.go:56	visit top
2026-09-22T09:09:11.811Z	info	staff-logger	scenario/viewer.go:64	get livestream
2026-09-22T09:09:11.811Z	info	staff-logger	scenario/viewer.go:83	visit livestream
2026-09-22T09:09:11.921Z	info	staff-logger	scenario/viewer.go:64	get livestream
2026-09-22T09:09:11.922Z	info	staff-logger	scenario/viewer.go:76	visit user profile
2026-09-22T09:09:11.939Z	info	staff-logger	scenario/viewer.go:32	basic viewer scenario
2026-09-22T09:09:11.939Z	info	staff-logger	scenario/viewer.go:56	visit top
2026-09-22T09:09:11.939Z	info	staff-logger	scenario/viewer.go:64	get livestream
2026-09-22T09:09:11.939Z	info	staff-logger	scenario/viewer.go:83	visit livestream
2026-09-22T09:09:11.949Z	warn	staff-logger	scenario/viewer.go:178	viewer_spam: failed to post livecomment (moderated spam): benchmark-application: [一般エラー] POST /api/livestream/8142/livecomment へのリクエストに対して、期待されたHTTPステータスコードが確認できませんでした (expected:400, actual:201)

2026-09-22T09:09:11.986Z	warn	staff-logger	scenario/viewer.go:178	viewer_spam: failed to post livecomment (moderated spam): benchmark-application: [一般エラー] POST /api/livestream/7945/livecomment へのリクエストに対して、期待されたHTTPステータスコードが確認できませんでした (expected:400, actual:201)

2026-09-22T09:09:12.020Z	info	staff-logger	scenario/viewer.go:32	basic viewer scenario
2026-09-22T09:09:12.020Z	info	staff-logger	scenario/viewer.go:56	visit top
2026-09-22T09:09:12.020Z	info	staff-logger	scenario/viewer.go:64	get livestream
2026-09-22T09:09:12.020Z	info	staff-logger	scenario/viewer.go:83	visit livestream
2026-09-22T09:09:12.036Z	info	staff-logger	scenario/viewer.go:32	basic viewer scenario
2026-09-22T09:09:12.037Z	info	staff-logger	scenario/viewer.go:56	visit top
2026-09-22T09:09:12.037Z	info	staff-logger	scenario/viewer.go:64	get livestream
2026-09-22T09:09:12.037Z	info	staff-logger	scenario/viewer.go:83	visit livestream
2026-09-22T09:09:12.049Z	warn	staff-logger	scenario/viewer.go:178	viewer_spam: failed to post livecomment (moderated spam): benchmark-application: [一般エラー] POST /api/livestream/7709/livecomment へのリクエストに対して、期待されたHTTPステータスコードが確認できませんでした (expected:400, actual:201)

2026-09-22T09:09:12.063Z	info	staff-logger	scenario/viewer.go:32	basic viewer scenario
2026-09-22T09:09:12.063Z	info	staff-logger	scenario/viewer.go:56	visit top
2026-09-22T09:09:12.063Z	info	staff-logger	scenario/viewer.go:64	get livestream
2026-09-22T09:09:12.063Z	info	staff-logger	scenario/viewer.go:83	visit livestream
2026-09-22T09:09:12.066Z	info	staff-logger	scenario/viewer.go:32	basic viewer scenario
2026-09-22T09:09:12.066Z	info	staff-logger	scenario/viewer.go:56	visit top
2026-09-22T09:09:12.066Z	info	staff-logger	scenario/viewer.go:64	get livestream
2026-09-22T09:09:12.066Z	info	staff-logger	scenario/viewer.go:83	visit livestream
2026-09-22T09:09:12.066Z	info	staff-logger	scenario/viewer.go:32	basic viewer scenario
2026-09-22T09:09:12.066Z	info	staff-logger	scenario/viewer.go:56	visit top
2026-09-22T09:09:12.122Z	info	staff-logger	scenario/viewer.go:32	basic viewer scenario
2026-09-22T09:09:12.122Z	info	staff-logger	scenario/viewer.go:56	visit top
2026-09-22T09:09:12.122Z	info	staff-logger	scenario/viewer.go:64	get livestream
2026-09-22T09:09:12.122Z	info	staff-logger	scenario/viewer.go:83	visit livestream
2026-09-22T09:09:12.154Z	info	staff-logger	scenario/viewer.go:32	basic viewer scenario
2026-09-22T09:09:12.154Z	info	staff-logger	scenario/viewer.go:56	visit top
2026-09-22T09:09:12.154Z	info	staff-logger	scenario/viewer.go:64	get livestream
2026-09-22T09:09:12.154Z	info	staff-logger	scenario/viewer.go:83	visit livestream
2026-09-22T09:09:12.177Z	info	staff-logger	scenario/viewer.go:32	basic viewer scenario
2026-09-22T09:09:12.177Z	info	staff-logger	scenario/viewer.go:56	visit top
2026-09-22T09:09:12.177Z	info	staff-logger	scenario/viewer.go:64	get livestream
2026-09-22T09:09:12.177Z	info	staff-logger	scenario/viewer.go:83	visit livestream
2026-09-22T09:09:12.183Z	info	staff-logger	scenario/viewer.go:32	basic viewer scenario
2026-09-22T09:09:12.183Z	info	staff-logger	scenario/viewer.go:56	visit top
2026-09-22T09:09:12.183Z	info	staff-logger	scenario/viewer.go:64	get livestream
2026-09-22T09:09:12.183Z	info	staff-logger	scenario/viewer.go:83	visit livestream
2026-09-22T09:09:12.196Z	info	staff-logger	scenario/viewer.go:32	basic viewer scenario
2026-09-22T09:09:12.196Z	info	staff-logger	scenario/viewer.go:56	visit top
2026-09-22T09:09:12.196Z	info	staff-logger	scenario/viewer.go:64	get livestream
2026-09-22T09:09:12.196Z	info	staff-logger	scenario/viewer.go:83	visit livestream
2026-09-22T09:09:12.253Z	warn	staff-logger	scenario/viewer.go:178	viewer_spam: failed to post livecomment (moderated spam): benchmark-application: [一般エラー] POST /api/livestream/8090/livecomment へのリクエストに対して、期待されたHTTPステータスコードが確認できませんでした (expected:400, actual:201)

2026-09-22T09:09:12.257Z	info	staff-logger	scenario/streamer.go:48	change icon
2026-09-22T09:09:12.302Z	info	staff-logger	scenario/viewer.go:64	get livestream
2026-09-22T09:09:12.302Z	info	staff-logger	scenario/viewer.go:76	visit user profile
2026-09-22T09:09:12.304Z	info	staff-logger	scenario/viewer.go:32	basic viewer scenario
2026-09-22T09:09:12.304Z	info	staff-logger	scenario/viewer.go:56	visit top
2026-09-22T09:09:12.304Z	info	staff-logger	scenario/viewer.go:64	get livestream
2026-09-22T09:09:12.304Z	info	staff-logger	scenario/viewer.go:83	visit livestream
2026-09-22T09:09:12.306Z	info	staff-logger	scenario/viewer.go:83	visit livestream
2026-09-22T09:09:12.362Z	info	staff-logger	scenario/viewer.go:32	basic viewer scenario
2026-09-22T09:09:12.362Z	info	staff-logger	scenario/viewer.go:56	visit top
2026-09-22T09:09:12.362Z	info	staff-logger	scenario/viewer.go:64	get livestream
2026-09-22T09:09:12.362Z	info	staff-logger	scenario/viewer.go:83	visit livestream
2026-09-22T09:09:12.388Z	warn	staff-logger	scenario/viewer.go:178	viewer_spam: failed to post livecomment (moderated spam): benchmark-application: [一般エラー] POST /api/livestream/7881/livecomment へのリクエストに対して、期待されたHTTPステータスコードが確認できませんでした (expected:400, actual:201)

2026-09-22T09:09:12.396Z	info	staff-logger	scenario/viewer.go:32	basic viewer scenario
2026-09-22T09:09:12.397Z	info	staff-logger	scenario/viewer.go:56	visit top
2026-09-22T09:09:12.397Z	info	staff-logger	scenario/viewer.go:64	get livestream
2026-09-22T09:09:12.397Z	info	staff-logger	scenario/viewer.go:83	visit livestream
2026-09-22T09:09:12.397Z	info	staff-logger	scenario/viewer.go:32	basic viewer scenario
2026-09-22T09:09:12.397Z	info	staff-logger	scenario/viewer.go:56	visit top
2026-09-22T09:09:12.397Z	info	staff-logger	scenario/viewer.go:64	get livestream
2026-09-22T09:09:12.397Z	info	staff-logger	scenario/viewer.go:83	visit livestream
2026-09-22T09:09:12.479Z	info	staff-logger	scenario/viewer.go:32	basic viewer scenario
2026-09-22T09:09:12.480Z	info	staff-logger	scenario/viewer.go:56	visit top
2026-09-22T09:09:12.480Z	info	staff-logger	scenario/viewer.go:64	get livestream
2026-09-22T09:09:12.480Z	info	staff-logger	scenario/viewer.go:83	visit livestream
2026-09-22T09:09:12.510Z	warn	staff-logger	scenario/viewer.go:178	viewer_spam: failed to post livecomment (moderated spam): benchmark-application: [一般エラー] POST /api/livestream/8152/livecomment へのリクエストに対して、期待されたHTTPステータスコードが確認できませんでした (expected:400, actual:201)

2026-09-22T09:09:12.537Z	info	staff-logger	scenario/viewer.go:83	visit livestream
2026-09-22T09:09:12.539Z	info	staff-logger	scenario/viewer.go:32	basic viewer scenario
2026-09-22T09:09:12.539Z	info	staff-logger	scenario/viewer.go:56	visit top
2026-09-22T09:09:12.552Z	info	staff-logger	scenario/viewer.go:32	basic viewer scenario
2026-09-22T09:09:12.552Z	info	staff-logger	scenario/viewer.go:56	visit top
2026-09-22T09:09:12.552Z	info	staff-logger	scenario/viewer.go:64	get livestream
2026-09-22T09:09:12.552Z	info	staff-logger	scenario/viewer.go:83	visit livestream
2026-09-22T09:09:12.575Z	info	staff-logger	scenario/viewer.go:32	basic viewer scenario
2026-09-22T09:09:12.575Z	info	staff-logger	scenario/viewer.go:56	visit top
2026-09-22T09:09:12.575Z	info	staff-logger	scenario/viewer.go:64	get livestream
2026-09-22T09:09:12.575Z	info	staff-logger	scenario/viewer.go:83	visit livestream
2026-09-22T09:09:12.593Z	info	staff-logger	scenario/viewer.go:32	basic viewer scenario
2026-09-22T09:09:12.593Z	info	staff-logger	scenario/viewer.go:56	visit top
2026-09-22T09:09:12.594Z	info	staff-logger	scenario/viewer.go:64	get livestream
2026-09-22T09:09:12.594Z	info	staff-logger	scenario/viewer.go:83	visit livestream
2026-09-22T09:09:12.620Z	info	staff-logger	scenario/viewer.go:32	basic viewer scenario
2026-09-22T09:09:12.620Z	info	staff-logger	scenario/viewer.go:56	visit top
2026-09-22T09:09:12.620Z	info	staff-logger	scenario/viewer.go:64	get livestream
2026-09-22T09:09:12.620Z	info	staff-logger	scenario/viewer.go:83	visit livestream
2026-09-22T09:09:12.630Z	info	staff-logger	scenario/viewer.go:32	basic viewer scenario
2026-09-22T09:09:12.631Z	info	staff-logger	scenario/viewer.go:56	visit top
2026-09-22T09:09:12.631Z	info	staff-logger	scenario/viewer.go:64	get livestream
2026-09-22T09:09:12.631Z	info	staff-logger	scenario/viewer.go:83	visit livestream
2026-09-22T09:09:12.653Z	info	staff-logger	scenario/viewer.go:32	basic viewer scenario
2026-09-22T09:09:12.653Z	info	staff-logger	scenario/viewer.go:56	visit top
2026-09-22T09:09:12.653Z	info	staff-logger	scenario/viewer.go:64	get livestream
2026-09-22T09:09:12.653Z	info	staff-logger	scenario/viewer.go:83	visit livestream
2026-09-22T09:09:12.654Z	info	staff-logger	scenario/viewer.go:32	basic viewer scenario
2026-09-22T09:09:12.654Z	info	staff-logger	scenario/viewer.go:56	visit top
2026-09-22T09:09:12.654Z	info	staff-logger	scenario/viewer.go:64	get livestream
2026-09-22T09:09:12.654Z	info	staff-logger	scenario/viewer.go:83	visit livestream
2026-09-22T09:09:12.686Z	warn	staff-logger	scenario/viewer.go:178	viewer_spam: failed to post livecomment (moderated spam): benchmark-application: [一般エラー] POST /api/livestream/8095/livecomment へのリクエストに対して、期待されたHTTPステータスコードが確認できませんでした (expected:400, actual:201)

2026-09-22T09:09:12.689Z	info	staff-logger	scenario/viewer.go:32	basic viewer scenario
2026-09-22T09:09:12.689Z	info	staff-logger	scenario/viewer.go:56	visit top
2026-09-22T09:09:12.689Z	info	staff-logger	scenario/viewer.go:64	get livestream
2026-09-22T09:09:12.689Z	info	staff-logger	scenario/viewer.go:83	visit livestream
2026-09-22T09:09:12.760Z	info	staff-logger	scenario/viewer.go:32	basic viewer scenario
2026-09-22T09:09:12.760Z	info	staff-logger	scenario/viewer.go:56	visit top
2026-09-22T09:09:12.760Z	info	staff-logger	scenario/viewer.go:64	get livestream
2026-09-22T09:09:12.760Z	info	staff-logger	scenario/viewer.go:83	visit livestream
2026-09-22T09:09:12.784Z	info	staff-logger	scenario/viewer.go:64	get livestream
2026-09-22T09:09:12.784Z	info	staff-logger	scenario/viewer.go:76	visit user profile
2026-09-22T09:09:12.824Z	info	staff-logger	scenario/viewer.go:32	basic viewer scenario
2026-09-22T09:09:12.824Z	info	staff-logger	scenario/viewer.go:56	visit top
2026-09-22T09:09:12.824Z	info	staff-logger	scenario/viewer.go:64	get livestream
2026-09-22T09:09:12.824Z	info	staff-logger	scenario/viewer.go:83	visit livestream
2026-09-22T09:09:12.830Z	info	staff-logger	scenario/viewer.go:32	basic viewer scenario
2026-09-22T09:09:12.830Z	info	staff-logger	scenario/viewer.go:56	visit top
2026-09-22T09:09:12.830Z	info	staff-logger	scenario/viewer.go:64	get livestream
2026-09-22T09:09:12.830Z	info	staff-logger	scenario/viewer.go:83	visit livestream
2026-09-22T09:09:12.848Z	info	staff-logger	scenario/viewer.go:90	get livestream stats
2026-09-22T09:09:12.907Z	info	staff-logger	scenario/viewer.go:32	basic viewer scenario
2026-09-22T09:09:12.907Z	info	staff-logger	scenario/viewer.go:46	change icon
2026-09-22T09:09:12.910Z	warn	staff-logger	scenario/viewer.go:178	viewer_spam: failed to post livecomment (moderated spam): benchmark-application: [一般エラー] POST /api/livestream/7958/livecomment へのリクエストに対して、期待されたHTTPステータスコードが確認できませんでした (expected:400, actual:201)

2026-09-22T09:09:12.918Z	info	staff-logger	scenario/viewer.go:56	visit top
2026-09-22T09:09:12.918Z	info	staff-logger	scenario/viewer.go:32	basic viewer scenario
2026-09-22T09:09:12.918Z	info	staff-logger	scenario/viewer.go:56	visit top
2026-09-22T09:09:12.918Z	info	staff-logger	scenario/viewer.go:64	get livestream
2026-09-22T09:09:12.918Z	info	staff-logger	scenario/viewer.go:83	visit livestream
2026-09-22T09:09:12.939Z	info	staff-logger	scenario/viewer.go:90	get livestream stats
2026-09-22T09:09:12.952Z	warn	staff-logger	scenario/viewer.go:178	viewer_spam: failed to post livecomment (moderated spam): benchmark-application: [一般エラー] POST /api/livestream/7789/livecomment へのリクエストに対して、期待されたHTTPステータスコードが確認できませんでした (expected:400, actual:201)

2026-09-22T09:09:12.978Z	info	staff-logger	scenario/viewer.go:32	basic viewer scenario
2026-09-22T09:09:12.979Z	info	staff-logger	scenario/viewer.go:56	visit top
2026-09-22T09:09:12.979Z	info	staff-logger	scenario/viewer.go:64	get livestream
2026-09-22T09:09:12.979Z	info	staff-logger	scenario/viewer.go:83	visit livestream
2026-09-22T09:09:13.022Z	info	staff-logger	scenario/viewer.go:32	basic viewer scenario
2026-09-22T09:09:13.022Z	info	staff-logger	scenario/viewer.go:56	visit top
2026-09-22T09:09:13.022Z	info	staff-logger	scenario/viewer.go:64	get livestream
2026-09-22T09:09:13.022Z	info	staff-logger	scenario/viewer.go:83	visit livestream
2026-09-22T09:09:13.047Z	info	staff-logger	scenario/viewer.go:32	basic viewer scenario
2026-09-22T09:09:13.047Z	info	staff-logger	scenario/viewer.go:56	visit top
2026-09-22T09:09:13.047Z	info	staff-logger	scenario/viewer.go:64	get livestream
2026-09-22T09:09:13.047Z	info	staff-logger	scenario/viewer.go:83	visit livestream
2026-09-22T09:09:13.077Z	warn	staff-logger	scenario/viewer.go:178	viewer_spam: failed to post livecomment (moderated spam): benchmark-application: [一般エラー] POST /api/livestream/8003/livecomment へのリクエストに対して、期待されたHTTPステータスコードが確認できませんでした (expected:400, actual:201)

2026-09-22T09:09:13.083Z	info	staff-logger	scenario/viewer.go:32	basic viewer scenario
2026-09-22T09:09:13.083Z	info	staff-logger	scenario/viewer.go:56	visit top
2026-09-22T09:09:13.083Z	info	staff-logger	scenario/viewer.go:64	get livestream
2026-09-22T09:09:13.083Z	info	staff-logger	scenario/viewer.go:83	visit livestream
2026-09-22T09:09:13.109Z	info	staff-logger	scenario/viewer.go:32	basic viewer scenario
2026-09-22T09:09:13.109Z	info	staff-logger	scenario/viewer.go:56	visit top
2026-09-22T09:09:13.109Z	info	staff-logger	scenario/viewer.go:64	get livestream
2026-09-22T09:09:13.109Z	info	staff-logger	scenario/viewer.go:83	visit livestream
2026-09-22T09:09:13.112Z	info	staff-logger	scenario/viewer.go:32	basic viewer scenario
2026-09-22T09:09:13.112Z	info	staff-logger	scenario/viewer.go:56	visit top
2026-09-22T09:09:13.135Z	info	staff-logger	scenario/viewer.go:90	get livestream stats
2026-09-22T09:09:13.159Z	info	staff-logger	scenario/viewer.go:32	basic viewer scenario
2026-09-22T09:09:13.159Z	info	staff-logger	scenario/viewer.go:56	visit top
2026-09-22T09:09:13.159Z	info	staff-logger	scenario/viewer.go:64	get livestream
2026-09-22T09:09:13.159Z	info	staff-logger	scenario/viewer.go:83	visit livestream
2026-09-22T09:09:13.173Z	info	staff-logger	scenario/viewer.go:90	get livestream stats
2026-09-22T09:09:13.186Z	info	staff-logger	scenario/viewer.go:64	get livestream
2026-09-22T09:09:13.186Z	info	staff-logger	scenario/viewer.go:76	visit user profile
2026-09-22T09:09:13.191Z	info	staff-logger	scenario/viewer.go:32	basic viewer scenario
2026-09-22T09:09:13.191Z	info	staff-logger	scenario/viewer.go:56	visit top
2026-09-22T09:09:13.191Z	info	staff-logger	scenario/viewer.go:64	get livestream
2026-09-22T09:09:13.191Z	info	staff-logger	scenario/viewer.go:83	visit livestream
2026-09-22T09:09:13.209Z	info	staff-logger	scenario/viewer.go:90	get livestream stats
2026-09-22T09:09:13.253Z	info	staff-logger	scenario/viewer.go:32	basic viewer scenario
2026-09-22T09:09:13.253Z	info	staff-logger	scenario/viewer.go:56	visit top
2026-09-22T09:09:13.253Z	info	staff-logger	scenario/viewer.go:64	get livestream
2026-09-22T09:09:13.253Z	info	staff-logger	scenario/viewer.go:83	visit livestream
2026-09-22T09:09:13.350Z	info	staff-logger	scenario/viewer.go:64	get livestream
2026-09-22T09:09:13.350Z	info	staff-logger	scenario/viewer.go:76	visit user profile
2026-09-22T09:09:13.369Z	info	staff-logger	scenario/viewer.go:32	basic viewer scenario
2026-09-22T09:09:13.369Z	info	staff-logger	scenario/viewer.go:56	visit top
2026-09-22T09:09:13.376Z	info	staff-logger	scenario/viewer.go:83	visit livestream
2026-09-22T09:09:13.547Z	info	staff-logger	scenario/viewer.go:32	basic viewer scenario
2026-09-22T09:09:13.547Z	info	staff-logger	scenario/viewer.go:56	visit top
2026-09-22T09:09:13.602Z	info	staff-logger	scenario/viewer.go:64	get livestream
2026-09-22T09:09:13.602Z	info	staff-logger	scenario/viewer.go:76	visit user profile
2026-09-22T09:09:13.692Z	info	staff-logger	scenario/viewer.go:32	basic viewer scenario
2026-09-22T09:09:13.692Z	info	staff-logger	scenario/viewer.go:56	visit top
2026-09-22T09:09:13.707Z	warn	staff-logger	scenario/viewer.go:178	viewer_spam: failed to post livecomment (moderated spam): benchmark-application: [一般エラー] POST /api/livestream/7764/livecomment へのリクエストに対して、期待されたHTTPステータスコードが確認できませんでした (expected:400, actual:201)

2026-09-22T09:09:13.721Z	warn	staff-logger	scenario/viewer.go:178	viewer_spam: failed to post livecomment (moderated spam): benchmark-application: [一般エラー] POST /api/livestream/8014/livecomment へのリクエストに対して、期待されたHTTPステータスコードが確認できませんでした (expected:400, actual:201)

2026-09-22T09:09:13.726Z	info	staff-logger	scenario/viewer.go:32	basic viewer scenario
2026-09-22T09:09:13.726Z	info	staff-logger	scenario/viewer.go:56	visit top
2026-09-22T09:09:13.726Z	info	staff-logger	scenario/viewer.go:64	get livestream
2026-09-22T09:09:13.726Z	info	staff-logger	scenario/viewer.go:83	visit livestream
2026-09-22T09:09:13.793Z	info	staff-logger	scenario/viewer.go:64	get livestream
2026-09-22T09:09:13.793Z	info	staff-logger	scenario/viewer.go:76	visit user profile
2026-09-22T09:09:13.877Z	info	staff-logger	scenario/viewer.go:32	basic viewer scenario
2026-09-22T09:09:13.877Z	info	staff-logger	scenario/viewer.go:56	visit top
2026-09-22T09:09:13.877Z	info	staff-logger	scenario/viewer.go:64	get livestream
2026-09-22T09:09:13.877Z	info	staff-logger	scenario/viewer.go:83	visit livestream
2026-09-22T09:09:13.895Z	info	staff-logger	scenario/viewer.go:83	visit livestream
2026-09-22T09:09:13.914Z	warn	staff-logger	scenario/viewer.go:178	viewer_spam: failed to post livecomment (moderated spam): benchmark-application: [一般エラー] POST /api/livestream/7773/livecomment へのリクエストに対して、期待されたHTTPステータスコードが確認できませんでした (expected:400, actual:201)

2026-09-22T09:09:13.927Z	info	staff-logger	scenario/viewer.go:64	get livestream
2026-09-22T09:09:13.927Z	info	staff-logger	scenario/viewer.go:76	visit user profile
2026-09-22T09:09:13.927Z	info	staff-logger	scenario/viewer.go:83	visit livestream
2026-09-22T09:09:13.951Z	info	staff-logger	scenario/viewer.go:32	basic viewer scenario
2026-09-22T09:09:13.951Z	info	staff-logger	scenario/viewer.go:56	visit top
2026-09-22T09:09:13.951Z	info	staff-logger	scenario/viewer.go:64	get livestream
2026-09-22T09:09:13.951Z	info	staff-logger	scenario/viewer.go:83	visit livestream
2026-09-22T09:09:13.982Z	warn	staff-logger	scenario/viewer.go:178	viewer_spam: failed to post livecomment (moderated spam): benchmark-application: [一般エラー] POST /api/livestream/7799/livecomment へのリクエストに対して、期待されたHTTPステータスコードが確認できませんでした (expected:400, actual:201)

2026-09-22T09:09:14.029Z	info	staff-logger	scenario/viewer.go:32	basic viewer scenario
2026-09-22T09:09:14.029Z	info	staff-logger	scenario/viewer.go:56	visit top
2026-09-22T09:09:14.029Z	info	staff-logger	scenario/viewer.go:64	get livestream
2026-09-22T09:09:14.029Z	info	staff-logger	scenario/viewer.go:83	visit livestream
2026-09-22T09:09:14.045Z	info	staff-logger	scenario/viewer.go:32	basic viewer scenario
2026-09-22T09:09:14.045Z	info	staff-logger	scenario/viewer.go:56	visit top
2026-09-22T09:09:14.045Z	info	staff-logger	scenario/viewer.go:64	get livestream
2026-09-22T09:09:14.045Z	info	staff-logger	scenario/viewer.go:83	visit livestream
2026-09-22T09:09:14.078Z	info	staff-logger	scenario/viewer.go:83	visit livestream
2026-09-22T09:09:14.090Z	info	staff-logger	scenario/viewer.go:32	basic viewer scenario
2026-09-22T09:09:14.090Z	info	staff-logger	scenario/viewer.go:56	visit top
2026-09-22T09:09:14.128Z	warn	staff-logger	scenario/viewer.go:178	viewer_spam: failed to post livecomment (moderated spam): benchmark-application: [一般エラー] POST /api/livestream/7796/livecomment へのリクエストに対して、期待されたHTTPステータスコードが確認できませんでした (expected:400, actual:201)

2026-09-22T09:09:14.198Z	info	staff-logger	scenario/viewer.go:32	basic viewer scenario
2026-09-22T09:09:14.198Z	info	staff-logger	scenario/viewer.go:56	visit top
2026-09-22T09:09:14.198Z	info	staff-logger	scenario/viewer.go:64	get livestream
2026-09-22T09:09:14.198Z	info	staff-logger	scenario/viewer.go:83	visit livestream
2026-09-22T09:09:14.215Z	info	staff-logger	scenario/viewer.go:32	basic viewer scenario
2026-09-22T09:09:14.215Z	info	staff-logger	scenario/viewer.go:56	visit top
2026-09-22T09:09:14.215Z	info	staff-logger	scenario/viewer.go:64	get livestream
2026-09-22T09:09:14.215Z	info	staff-logger	scenario/viewer.go:83	visit livestream
2026-09-22T09:09:14.230Z	info	staff-logger	scenario/viewer.go:90	get livestream stats
2026-09-22T09:09:14.269Z	info	staff-logger	scenario/viewer.go:32	basic viewer scenario
2026-09-22T09:09:14.269Z	info	staff-logger	scenario/viewer.go:56	visit top
2026-09-22T09:09:14.269Z	info	staff-logger	scenario/viewer.go:64	get livestream
2026-09-22T09:09:14.269Z	info	staff-logger	scenario/viewer.go:83	visit livestream
2026-09-22T09:09:14.272Z	warn	staff-logger	scenario/viewer.go:178	viewer_spam: failed to post livecomment (moderated spam): benchmark-application: [一般エラー] POST /api/livestream/8021/livecomment へのリクエストに対して、期待されたHTTPステータスコードが確認できませんでした (expected:400, actual:201)

2026-09-22T09:09:14.312Z	info	staff-logger	scenario/viewer.go:83	visit livestream
2026-09-22T09:09:14.317Z	info	staff-logger	scenario/viewer.go:83	visit livestream
2026-09-22T09:09:14.326Z	info	staff-logger	scenario/viewer.go:32	basic viewer scenario
2026-09-22T09:09:14.327Z	info	staff-logger	scenario/viewer.go:56	visit top
2026-09-22T09:09:14.327Z	info	staff-logger	scenario/viewer.go:64	get livestream
2026-09-22T09:09:14.327Z	info	staff-logger	scenario/viewer.go:83	visit livestream
2026-09-22T09:09:14.375Z	info	staff-logger	scenario/viewer.go:32	basic viewer scenario
2026-09-22T09:09:14.375Z	info	staff-logger	scenario/viewer.go:56	visit top
2026-09-22T09:09:14.375Z	info	staff-logger	scenario/viewer.go:64	get livestream
2026-09-22T09:09:14.375Z	info	staff-logger	scenario/viewer.go:83	visit livestream
2026-09-22T09:09:14.376Z	info	staff-logger	scenario/viewer.go:64	get livestream
2026-09-22T09:09:14.376Z	info	staff-logger	scenario/viewer.go:76	visit user profile
2026-09-22T09:09:14.436Z	info	staff-logger	scenario/viewer.go:32	basic viewer scenario
2026-09-22T09:09:14.436Z	info	staff-logger	scenario/viewer.go:56	visit top
2026-09-22T09:09:14.436Z	info	staff-logger	scenario/viewer.go:64	get livestream
2026-09-22T09:09:14.436Z	info	staff-logger	scenario/viewer.go:83	visit livestream
2026-09-22T09:09:14.462Z	info	staff-logger	scenario/viewer.go:32	basic viewer scenario
2026-09-22T09:09:14.462Z	info	staff-logger	scenario/viewer.go:56	visit top
2026-09-22T09:09:14.462Z	info	staff-logger	scenario/viewer.go:64	get livestream
2026-09-22T09:09:14.462Z	info	staff-logger	scenario/viewer.go:83	visit livestream
2026-09-22T09:09:14.472Z	info	staff-logger	scenario/viewer.go:32	basic viewer scenario
2026-09-22T09:09:14.472Z	info	staff-logger	scenario/viewer.go:56	visit top
2026-09-22T09:09:14.472Z	info	staff-logger	scenario/viewer.go:64	get livestream
2026-09-22T09:09:14.472Z	info	staff-logger	scenario/viewer.go:83	visit livestream
2026-09-22T09:09:14.472Z	warn	staff-logger	scenario/viewer.go:178	viewer_spam: failed to post livecomment (moderated spam): benchmark-application: [一般エラー] POST /api/livestream/8121/livecomment へのリクエストに対して、期待されたHTTPステータスコードが確認できませんでした (expected:400, actual:201)

2026-09-22T09:09:14.479Z	info	staff-logger	scenario/viewer.go:32	basic viewer scenario
2026-09-22T09:09:14.479Z	info	staff-logger	scenario/viewer.go:56	visit top
2026-09-22T09:09:14.479Z	info	staff-logger	scenario/viewer.go:64	get livestream
2026-09-22T09:09:14.479Z	info	staff-logger	scenario/viewer.go:83	visit livestream
2026-09-22T09:09:14.493Z	warn	staff-logger	scenario/viewer.go:178	viewer_spam: failed to post livecomment (moderated spam): benchmark-application: [一般エラー] POST /api/livestream/7931/livecomment へのリクエストに対して、期待されたHTTPステータスコードが確認できませんでした (expected:400, actual:201)

2026-09-22T09:09:14.493Z	info	staff-logger	scenario/viewer.go:90	get livestream stats
2026-09-22T09:09:14.498Z	info	staff-logger	scenario/viewer.go:32	basic viewer scenario
2026-09-22T09:09:14.498Z	info	staff-logger	scenario/viewer.go:56	visit top
2026-09-22T09:09:14.499Z	info	staff-logger	scenario/viewer.go:64	get livestream
2026-09-22T09:09:14.499Z	info	staff-logger	scenario/viewer.go:83	visit livestream
2026-09-22T09:09:14.501Z	info	staff-logger	scenario/viewer.go:90	get livestream stats
2026-09-22T09:09:14.518Z	warn	staff-logger	scenario/viewer.go:178	viewer_spam: failed to post livecomment (moderated spam): benchmark-application: [一般エラー] POST /api/livestream/8190/livecomment へのリクエストに対して、期待されたHTTPステータスコードが確認できませんでした (expected:400, actual:201)

2026-09-22T09:09:14.520Z	info	staff-logger	scenario/streamer.go:48	change icon
2026-09-22T09:09:14.531Z	info	staff-logger	scenario/viewer.go:90	get livestream stats
2026-09-22T09:09:14.545Z	warn	staff-logger	scenario/viewer.go:178	viewer_spam: failed to post livecomment (moderated spam): benchmark-application: [一般エラー] POST /api/livestream/7972/livecomment へのリクエストに対して、期待されたHTTPステータスコードが確認できませんでした (expected:400, actual:201)

2026-09-22T09:09:14.553Z	info	staff-logger	scenario/viewer.go:32	basic viewer scenario
2026-09-22T09:09:14.553Z	info	staff-logger	scenario/viewer.go:56	visit top
2026-09-22T09:09:14.553Z	info	staff-logger	scenario/viewer.go:64	get livestream
2026-09-22T09:09:14.553Z	info	staff-logger	scenario/viewer.go:83	visit livestream
2026-09-22T09:09:14.556Z	info	staff-logger	scenario/viewer.go:32	basic viewer scenario
2026-09-22T09:09:14.556Z	info	staff-logger	scenario/viewer.go:56	visit top
2026-09-22T09:09:14.556Z	info	staff-logger	scenario/viewer.go:64	get livestream
2026-09-22T09:09:14.556Z	info	staff-logger	scenario/viewer.go:83	visit livestream
2026-09-22T09:09:14.620Z	info	staff-logger	scenario/viewer.go:32	basic viewer scenario
2026-09-22T09:09:14.620Z	info	staff-logger	scenario/viewer.go:56	visit top
2026-09-22T09:09:14.620Z	info	staff-logger	scenario/viewer.go:64	get livestream
2026-09-22T09:09:14.620Z	info	staff-logger	scenario/viewer.go:83	visit livestream
2026-09-22T09:09:14.696Z	info	staff-logger	scenario/viewer.go:32	basic viewer scenario
2026-09-22T09:09:14.696Z	info	staff-logger	scenario/viewer.go:56	visit top
2026-09-22T09:09:14.696Z	info	staff-logger	scenario/viewer.go:64	get livestream
2026-09-22T09:09:14.696Z	info	staff-logger	scenario/viewer.go:83	visit livestream
2026-09-22T09:09:14.745Z	info	staff-logger	scenario/viewer.go:32	basic viewer scenario
2026-09-22T09:09:14.746Z	info	staff-logger	scenario/viewer.go:56	visit top
2026-09-22T09:09:14.746Z	info	staff-logger	scenario/viewer.go:64	get livestream
2026-09-22T09:09:14.746Z	info	staff-logger	scenario/viewer.go:83	visit livestream
2026-09-22T09:09:14.748Z	warn	staff-logger	scenario/viewer.go:178	viewer_spam: failed to post livecomment (moderated spam): benchmark-application: [一般エラー] POST /api/livestream/7777/livecomment へのリクエストに対して、期待されたHTTPステータスコードが確認できませんでした (expected:400, actual:201)

2026-09-22T09:09:14.771Z	info	staff-logger	scenario/viewer.go:83	visit livestream
2026-09-22T09:09:14.802Z	info	staff-logger	scenario/viewer.go:32	basic viewer scenario
2026-09-22T09:09:14.802Z	info	staff-logger	scenario/viewer.go:56	visit top
2026-09-22T09:09:14.802Z	info	staff-logger	scenario/viewer.go:64	get livestream
2026-09-22T09:09:14.802Z	info	staff-logger	scenario/viewer.go:83	visit livestream
2026-09-22T09:09:14.812Z	info	staff-logger	scenario/viewer.go:32	basic viewer scenario
2026-09-22T09:09:14.812Z	info	staff-logger	scenario/viewer.go:56	visit top
2026-09-22T09:09:14.812Z	info	staff-logger	scenario/viewer.go:64	get livestream
2026-09-22T09:09:14.812Z	info	staff-logger	scenario/viewer.go:83	visit livestream
2026-09-22T09:09:14.817Z	info	staff-logger	scenario/viewer.go:32	basic viewer scenario
2026-09-22T09:09:14.817Z	info	staff-logger	scenario/viewer.go:56	visit top
2026-09-22T09:09:14.817Z	info	staff-logger	scenario/viewer.go:64	get livestream
2026-09-22T09:09:14.817Z	info	staff-logger	scenario/viewer.go:83	visit livestream
2026-09-22T09:09:14.920Z	info	staff-logger	scenario/viewer.go:32	basic viewer scenario
2026-09-22T09:09:14.920Z	info	staff-logger	scenario/viewer.go:56	visit top
2026-09-22T09:09:14.920Z	info	staff-logger	scenario/viewer.go:64	get livestream
2026-09-22T09:09:14.920Z	info	staff-logger	scenario/viewer.go:83	visit livestream
2026-09-22T09:09:14.925Z	warn	staff-logger	scenario/viewer.go:178	viewer_spam: failed to post livecomment (moderated spam): benchmark-application: [一般エラー] POST /api/livestream/7870/livecomment へのリクエストに対して、期待されたHTTPステータスコードが確認できませんでした (expected:400, actual:201)

2026-09-22T09:09:14.932Z	info	staff-logger	scenario/streamer.go:48	change icon
2026-09-22T09:09:14.943Z	info	staff-logger	scenario/viewer.go:32	basic viewer scenario
2026-09-22T09:09:14.943Z	info	staff-logger	scenario/viewer.go:56	visit top
2026-09-22T09:09:14.943Z	info	staff-logger	scenario/viewer.go:64	get livestream
2026-09-22T09:09:14.943Z	info	staff-logger	scenario/viewer.go:83	visit livestream
2026-09-22T09:09:14.965Z	info	staff-logger	scenario/viewer.go:32	basic viewer scenario
2026-09-22T09:09:14.965Z	info	staff-logger	scenario/viewer.go:56	visit top
2026-09-22T09:09:14.965Z	info	staff-logger	scenario/viewer.go:64	get livestream
2026-09-22T09:09:14.965Z	info	staff-logger	scenario/viewer.go:83	visit livestream
2026-09-22T09:09:14.966Z	info	staff-logger	scenario/viewer.go:32	basic viewer scenario
2026-09-22T09:09:14.966Z	info	staff-logger	scenario/viewer.go:56	visit top
2026-09-22T09:09:14.966Z	info	staff-logger	scenario/viewer.go:64	get livestream
2026-09-22T09:09:14.966Z	info	staff-logger	scenario/viewer.go:83	visit livestream
2026-09-22T09:09:15.011Z	info	staff-logger	scenario/viewer.go:32	basic viewer scenario
2026-09-22T09:09:15.012Z	info	staff-logger	scenario/viewer.go:56	visit top
2026-09-22T09:09:15.012Z	info	staff-logger	scenario/viewer.go:64	get livestream
2026-09-22T09:09:15.012Z	info	staff-logger	scenario/viewer.go:83	visit livestream
2026-09-22T09:09:15.028Z	warn	staff-logger	scenario/viewer.go:178	viewer_spam: failed to post livecomment (moderated spam): benchmark-application: [一般エラー] POST /api/livestream/8132/livecomment へのリクエストに対して、期待されたHTTPステータスコードが確認できませんでした (expected:400, actual:201)

2026-09-22T09:09:15.047Z	info	staff-logger	scenario/viewer.go:32	basic viewer scenario
2026-09-22T09:09:15.047Z	info	staff-logger	scenario/viewer.go:56	visit top
2026-09-22T09:09:15.047Z	info	staff-logger	scenario/viewer.go:64	get livestream
2026-09-22T09:09:15.047Z	info	staff-logger	scenario/viewer.go:83	visit livestream
2026-09-22T09:09:15.088Z	info	staff-logger	scenario/viewer.go:32	basic viewer scenario
2026-09-22T09:09:15.088Z	info	staff-logger	scenario/viewer.go:56	visit top
2026-09-22T09:09:15.088Z	info	staff-logger	scenario/viewer.go:64	get livestream
2026-09-22T09:09:15.088Z	info	staff-logger	scenario/viewer.go:83	visit livestream
2026-09-22T09:09:15.126Z	info	staff-logger	scenario/viewer.go:32	basic viewer scenario
2026-09-22T09:09:15.126Z	info	staff-logger	scenario/viewer.go:56	visit top
2026-09-22T09:09:15.126Z	info	staff-logger	scenario/viewer.go:64	get livestream
2026-09-22T09:09:15.126Z	info	staff-logger	scenario/viewer.go:83	visit livestream
2026-09-22T09:09:15.134Z	warn	staff-logger	scenario/viewer.go:178	viewer_spam: failed to post livecomment (moderated spam): benchmark-application: [一般エラー] POST /api/livestream/8031/livecomment へのリクエストに対して、期待されたHTTPステータスコードが確認できませんでした (expected:400, actual:201)

2026-09-22T09:09:15.142Z	warn	staff-logger	scenario/viewer.go:178	viewer_spam: failed to post livecomment (moderated spam): benchmark-application: [一般エラー] POST /api/livestream/8027/livecomment へのリクエストに対して、期待されたHTTPステータスコードが確認できませんでした (expected:400, actual:201)

2026-09-22T09:09:15.176Z	info	staff-logger	scenario/viewer.go:32	basic viewer scenario
2026-09-22T09:09:15.176Z	info	staff-logger	scenario/viewer.go:56	visit top
2026-09-22T09:09:15.176Z	info	staff-logger	scenario/viewer.go:64	get livestream
2026-09-22T09:09:15.176Z	info	staff-logger	scenario/viewer.go:83	visit livestream
2026-09-22T09:09:15.206Z	info	staff-logger	scenario/viewer.go:32	basic viewer scenario
2026-09-22T09:09:15.206Z	info	staff-logger	scenario/viewer.go:56	visit top
2026-09-22T09:09:15.206Z	info	staff-logger	scenario/viewer.go:64	get livestream
2026-09-22T09:09:15.206Z	info	staff-logger	scenario/viewer.go:83	visit livestream
2026-09-22T09:09:15.208Z	info	staff-logger	scenario/viewer.go:32	basic viewer scenario
2026-09-22T09:09:15.208Z	info	staff-logger	scenario/viewer.go:56	visit top
2026-09-22T09:09:15.208Z	info	staff-logger	scenario/viewer.go:64	get livestream
2026-09-22T09:09:15.208Z	info	staff-logger	scenario/viewer.go:83	visit livestream
2026-09-22T09:09:15.218Z	info	staff-logger	scenario/viewer.go:32	basic viewer scenario
2026-09-22T09:09:15.218Z	info	staff-logger	scenario/viewer.go:56	visit top
2026-09-22T09:09:15.218Z	info	staff-logger	scenario/viewer.go:64	get livestream
2026-09-22T09:09:15.218Z	info	staff-logger	scenario/viewer.go:83	visit livestream
2026-09-22T09:09:15.219Z	info	staff-logger	scenario/viewer.go:32	basic viewer scenario
2026-09-22T09:09:15.219Z	info	staff-logger	scenario/viewer.go:56	visit top
2026-09-22T09:09:15.219Z	info	staff-logger	scenario/viewer.go:64	get livestream
2026-09-22T09:09:15.219Z	info	staff-logger	scenario/viewer.go:83	visit livestream
2026-09-22T09:09:15.247Z	info	staff-logger	scenario/streamer.go:48	change icon
2026-09-22T09:09:15.264Z	info	staff-logger	scenario/viewer.go:32	basic viewer scenario
2026-09-22T09:09:15.264Z	info	staff-logger	scenario/viewer.go:56	visit top
2026-09-22T09:09:15.264Z	info	staff-logger	scenario/viewer.go:64	get livestream
2026-09-22T09:09:15.264Z	info	staff-logger	scenario/viewer.go:83	visit livestream
2026-09-22T09:09:15.269Z	info	staff-logger	scenario/viewer.go:32	basic viewer scenario
2026-09-22T09:09:15.269Z	info	staff-logger	scenario/viewer.go:56	visit top
2026-09-22T09:09:15.269Z	info	staff-logger	scenario/viewer.go:64	get livestream
2026-09-22T09:09:15.269Z	info	staff-logger	scenario/viewer.go:83	visit livestream
2026-09-22T09:09:15.368Z	info	staff-logger	scenario/viewer.go:32	basic viewer scenario
2026-09-22T09:09:15.368Z	info	staff-logger	scenario/viewer.go:56	visit top
2026-09-22T09:09:15.368Z	info	staff-logger	scenario/viewer.go:64	get livestream
2026-09-22T09:09:15.368Z	info	staff-logger	scenario/viewer.go:83	visit livestream
2026-09-22T09:09:15.408Z	info	staff-logger	scenario/viewer.go:32	basic viewer scenario
2026-09-22T09:09:15.408Z	info	staff-logger	scenario/viewer.go:56	visit top
2026-09-22T09:09:15.408Z	info	staff-logger	scenario/viewer.go:64	get livestream
2026-09-22T09:09:15.408Z	info	staff-logger	scenario/viewer.go:83	visit livestream
2026-09-22T09:09:15.424Z	info	staff-logger	scenario/viewer.go:32	basic viewer scenario
2026-09-22T09:09:15.425Z	info	staff-logger	scenario/viewer.go:56	visit top
2026-09-22T09:09:15.425Z	info	staff-logger	scenario/viewer.go:64	get livestream
2026-09-22T09:09:15.425Z	info	staff-logger	scenario/viewer.go:83	visit livestream
2026-09-22T09:09:15.425Z	info	staff-logger	scenario/viewer.go:32	basic viewer scenario
2026-09-22T09:09:15.425Z	info	staff-logger	scenario/viewer.go:56	visit top
2026-09-22T09:09:15.425Z	info	staff-logger	scenario/viewer.go:64	get livestream
2026-09-22T09:09:15.425Z	info	staff-logger	scenario/viewer.go:83	visit livestream
2026-09-22T09:09:15.465Z	info	staff-logger	scenario/viewer.go:32	basic viewer scenario
2026-09-22T09:09:15.465Z	info	staff-logger	scenario/viewer.go:56	visit top
2026-09-22T09:09:15.465Z	info	staff-logger	scenario/viewer.go:64	get livestream
2026-09-22T09:09:15.465Z	info	staff-logger	scenario/viewer.go:83	visit livestream
2026-09-22T09:09:15.483Z	info	staff-logger	scenario/viewer.go:32	basic viewer scenario
2026-09-22T09:09:15.483Z	info	staff-logger	scenario/viewer.go:56	visit top
2026-09-22T09:09:15.483Z	info	staff-logger	scenario/viewer.go:64	get livestream
2026-09-22T09:09:15.483Z	info	staff-logger	scenario/viewer.go:83	visit livestream
2026-09-22T09:09:15.483Z	info	staff-logger	scenario/viewer.go:32	basic viewer scenario
2026-09-22T09:09:15.483Z	info	staff-logger	scenario/viewer.go:56	visit top
2026-09-22T09:09:15.483Z	info	staff-logger	scenario/viewer.go:64	get livestream
2026-09-22T09:09:15.483Z	info	staff-logger	scenario/viewer.go:83	visit livestream
2026-09-22T09:09:15.512Z	info	staff-logger	scenario/viewer.go:32	basic viewer scenario
2026-09-22T09:09:15.512Z	info	staff-logger	scenario/viewer.go:56	visit top
2026-09-22T09:09:15.528Z	info	staff-logger	scenario/viewer.go:32	basic viewer scenario
2026-09-22T09:09:15.528Z	info	staff-logger	scenario/viewer.go:56	visit top
2026-09-22T09:09:15.528Z	info	staff-logger	scenario/viewer.go:64	get livestream
2026-09-22T09:09:15.528Z	info	staff-logger	scenario/viewer.go:83	visit livestream
2026-09-22T09:09:15.533Z	warn	staff-logger	scenario/viewer.go:178	viewer_spam: failed to post livecomment (moderated spam): benchmark-application: [一般エラー] POST /api/livestream/8083/livecomment へのリクエストに対して、期待されたHTTPステータスコードが確認できませんでした (expected:400, actual:201)

2026-09-22T09:09:15.589Z	info	staff-logger	scenario/viewer.go:32	basic viewer scenario
2026-09-22T09:09:15.589Z	info	staff-logger	scenario/viewer.go:56	visit top
2026-09-22T09:09:15.589Z	info	staff-logger	scenario/viewer.go:64	get livestream
2026-09-22T09:09:15.589Z	info	staff-logger	scenario/viewer.go:83	visit livestream
2026-09-22T09:09:15.605Z	warn	staff-logger	scenario/viewer.go:178	viewer_spam: failed to post livecomment (moderated spam): benchmark-application: [一般エラー] POST /api/livestream/7651/livecomment へのリクエストに対して、期待されたHTTPステータスコードが確認できませんでした (expected:400, actual:201)

2026-09-22T09:09:15.641Z	info	staff-logger	scenario/viewer.go:32	basic viewer scenario
2026-09-22T09:09:15.641Z	info	staff-logger	scenario/viewer.go:56	visit top
2026-09-22T09:09:15.641Z	info	staff-logger	scenario/viewer.go:64	get livestream
2026-09-22T09:09:15.641Z	info	staff-logger	scenario/viewer.go:83	visit livestream
2026-09-22T09:09:15.654Z	info	staff-logger	scenario/viewer.go:32	basic viewer scenario
2026-09-22T09:09:15.654Z	info	staff-logger	scenario/viewer.go:56	visit top
2026-09-22T09:09:15.654Z	info	staff-logger	scenario/viewer.go:64	get livestream
2026-09-22T09:09:15.654Z	info	staff-logger	scenario/viewer.go:83	visit livestream
2026-09-22T09:09:15.689Z	info	staff-logger	scenario/viewer.go:32	basic viewer scenario
2026-09-22T09:09:15.689Z	info	staff-logger	scenario/viewer.go:56	visit top
2026-09-22T09:09:15.689Z	info	staff-logger	scenario/viewer.go:64	get livestream
2026-09-22T09:09:15.689Z	info	staff-logger	scenario/viewer.go:83	visit livestream
2026-09-22T09:09:15.690Z	info	staff-logger	scenario/viewer.go:32	basic viewer scenario
2026-09-22T09:09:15.690Z	info	staff-logger	scenario/viewer.go:56	visit top
2026-09-22T09:09:15.690Z	info	staff-logger	scenario/viewer.go:64	get livestream
2026-09-22T09:09:15.690Z	info	staff-logger	scenario/viewer.go:83	visit livestream
2026-09-22T09:09:15.690Z	info	staff-logger	scenario/viewer.go:32	basic viewer scenario
2026-09-22T09:09:15.690Z	info	staff-logger	scenario/viewer.go:56	visit top
2026-09-22T09:09:15.690Z	info	staff-logger	scenario/viewer.go:64	get livestream
2026-09-22T09:09:15.690Z	info	staff-logger	scenario/viewer.go:83	visit livestream
2026-09-22T09:09:15.698Z	info	staff-logger	scenario/viewer.go:32	basic viewer scenario
2026-09-22T09:09:15.698Z	info	staff-logger	scenario/viewer.go:56	visit top
2026-09-22T09:09:15.698Z	info	staff-logger	scenario/viewer.go:64	get livestream
2026-09-22T09:09:15.698Z	info	staff-logger	scenario/viewer.go:83	visit livestream
2026-09-22T09:09:15.741Z	info	staff-logger	scenario/viewer.go:32	basic viewer scenario
2026-09-22T09:09:15.741Z	info	staff-logger	scenario/viewer.go:56	visit top
2026-09-22T09:09:15.741Z	info	staff-logger	scenario/viewer.go:64	get livestream
2026-09-22T09:09:15.741Z	info	staff-logger	scenario/viewer.go:83	visit livestream
2026-09-22T09:09:15.765Z	info	staff-logger	scenario/viewer.go:32	basic viewer scenario
2026-09-22T09:09:15.765Z	info	staff-logger	scenario/viewer.go:56	visit top
2026-09-22T09:09:15.765Z	info	staff-logger	scenario/viewer.go:64	get livestream
2026-09-22T09:09:15.765Z	info	staff-logger	scenario/viewer.go:83	visit livestream
2026-09-22T09:09:15.770Z	warn	staff-logger	scenario/viewer.go:178	viewer_spam: failed to post livecomment (moderated spam): benchmark-application: [一般エラー] POST /api/livestream/7718/livecomment へのリクエストに対して、期待されたHTTPステータスコードが確認できませんでした (expected:400, actual:201)

2026-09-22T09:09:15.801Z	warn	staff-logger	scenario/viewer.go:178	viewer_spam: failed to post livecomment (moderated spam): benchmark-application: [一般エラー] POST /api/livestream/8209/livecomment へのリクエストに対して、期待されたHTTPステータスコードが確認できませんでした (expected:400, actual:201)

2026-09-22T09:09:15.805Z	info	staff-logger	scenario/viewer.go:32	basic viewer scenario
2026-09-22T09:09:15.805Z	info	staff-logger	scenario/viewer.go:56	visit top
2026-09-22T09:09:15.805Z	info	staff-logger	scenario/viewer.go:64	get livestream
2026-09-22T09:09:15.805Z	info	staff-logger	scenario/viewer.go:83	visit livestream
2026-09-22T09:09:15.815Z	info	staff-logger	scenario/viewer.go:64	get livestream
2026-09-22T09:09:15.815Z	info	staff-logger	scenario/viewer.go:76	visit user profile
2026-09-22T09:09:15.883Z	info	staff-logger	scenario/viewer.go:32	basic viewer scenario
2026-09-22T09:09:15.883Z	info	staff-logger	scenario/viewer.go:56	visit top
2026-09-22T09:09:15.883Z	info	staff-logger	scenario/viewer.go:64	get livestream
2026-09-22T09:09:15.883Z	info	staff-logger	scenario/viewer.go:83	visit livestream
2026-09-22T09:09:15.953Z	warn	staff-logger	scenario/viewer.go:178	viewer_spam: failed to post livecomment (moderated spam): benchmark-application: [一般エラー] POST /api/livestream/8087/livecomment へのリクエストに対して、期待されたHTTPステータスコードが確認できませんでした (expected:400, actual:201)

2026-09-22T09:09:15.977Z	info	staff-logger	scenario/viewer.go:32	basic viewer scenario
2026-09-22T09:09:15.977Z	info	staff-logger	scenario/viewer.go:56	visit top
2026-09-22T09:09:15.977Z	info	staff-logger	scenario/viewer.go:64	get livestream
2026-09-22T09:09:15.977Z	info	staff-logger	scenario/viewer.go:83	visit livestream
2026-09-22T09:09:15.979Z	warn	staff-logger	scenario/viewer.go:178	viewer_spam: failed to post livecomment (moderated spam): benchmark-application: [一般エラー] POST /api/livestream/7807/livecomment へのリクエストに対して、期待されたHTTPステータスコードが確認できませんでした (expected:400, actual:201)

2026-09-22T09:09:15.982Z	info	staff-logger	scenario/viewer.go:32	basic viewer scenario
2026-09-22T09:09:15.982Z	info	staff-logger	scenario/viewer.go:56	visit top
2026-09-22T09:09:15.982Z	info	staff-logger	scenario/viewer.go:64	get livestream
2026-09-22T09:09:15.982Z	info	staff-logger	scenario/viewer.go:83	visit livestream
2026-09-22T09:09:16.060Z	warn	staff-logger	scenario/viewer.go:178	viewer_spam: failed to post livecomment (moderated spam): benchmark-application: [一般エラー] POST /api/livestream/7991/livecomment へのリクエストに対して、期待されたHTTPステータスコードが確認できませんでした (expected:400, actual:201)

2026-09-22T09:09:16.074Z	info	staff-logger	scenario/viewer.go:32	basic viewer scenario
2026-09-22T09:09:16.074Z	info	staff-logger	scenario/viewer.go:56	visit top
2026-09-22T09:09:16.074Z	info	staff-logger	scenario/viewer.go:64	get livestream
2026-09-22T09:09:16.074Z	info	staff-logger	scenario/viewer.go:83	visit livestream
2026-09-22T09:09:16.100Z	info	staff-logger	scenario/viewer.go:90	get livestream stats
2026-09-22T09:09:16.115Z	info	staff-logger	scenario/viewer.go:32	basic viewer scenario
2026-09-22T09:09:16.115Z	info	staff-logger	scenario/viewer.go:56	visit top
2026-09-22T09:09:16.115Z	info	staff-logger	scenario/viewer.go:64	get livestream
2026-09-22T09:09:16.115Z	info	staff-logger	scenario/viewer.go:83	visit livestream
2026-09-22T09:09:16.138Z	info	staff-logger	scenario/viewer.go:83	visit livestream
2026-09-22T09:09:16.142Z	info	staff-logger	scenario/viewer.go:32	basic viewer scenario
2026-09-22T09:09:16.143Z	info	staff-logger	scenario/viewer.go:56	visit top
2026-09-22T09:09:16.143Z	info	staff-logger	scenario/viewer.go:64	get livestream
2026-09-22T09:09:16.143Z	info	staff-logger	scenario/viewer.go:83	visit livestream
2026-09-22T09:09:16.156Z	info	staff-logger	scenario/viewer.go:32	basic viewer scenario
2026-09-22T09:09:16.156Z	info	staff-logger	scenario/viewer.go:56	visit top
2026-09-22T09:09:16.156Z	info	staff-logger	scenario/viewer.go:64	get livestream
2026-09-22T09:09:16.156Z	info	staff-logger	scenario/viewer.go:83	visit livestream
2026-09-22T09:09:16.166Z	info	staff-logger	scenario/streamer.go:48	change icon
2026-09-22T09:09:16.181Z	warn	staff-logger	scenario/viewer.go:178	viewer_spam: failed to post livecomment (moderated spam): benchmark-application: [一般エラー] POST /api/livestream/7985/livecomment へのリクエストに対して、期待されたHTTPステータスコードが確認できませんでした (expected:400, actual:201)

2026-09-22T09:09:16.200Z	info	staff-logger	scenario/viewer.go:32	basic viewer scenario
2026-09-22T09:09:16.201Z	info	staff-logger	scenario/viewer.go:56	visit top
2026-09-22T09:09:16.201Z	info	staff-logger	scenario/viewer.go:64	get livestream
2026-09-22T09:09:16.201Z	info	staff-logger	scenario/viewer.go:83	visit livestream
2026-09-22T09:09:16.210Z	info	staff-logger	scenario/viewer.go:32	basic viewer scenario
2026-09-22T09:09:16.210Z	info	staff-logger	scenario/viewer.go:56	visit top
2026-09-22T09:09:16.210Z	info	staff-logger	scenario/viewer.go:64	get livestream
2026-09-22T09:09:16.210Z	info	staff-logger	scenario/viewer.go:83	visit livestream
2026-09-22T09:09:16.252Z	info	staff-logger	scenario/viewer.go:32	basic viewer scenario
2026-09-22T09:09:16.252Z	info	staff-logger	scenario/viewer.go:56	visit top
2026-09-22T09:09:16.252Z	info	staff-logger	scenario/viewer.go:64	get livestream
2026-09-22T09:09:16.252Z	info	staff-logger	scenario/viewer.go:83	visit livestream
2026-09-22T09:09:16.341Z	warn	staff-logger	scenario/viewer.go:178	viewer_spam: failed to post livecomment (moderated spam): benchmark-application: [一般エラー] POST /api/livestream/8047/livecomment へのリクエストに対して、期待されたHTTPステータスコードが確認できませんでした (expected:400, actual:201)

2026-09-22T09:09:16.359Z	info	staff-logger	scenario/viewer.go:32	basic viewer scenario
2026-09-22T09:09:16.359Z	info	staff-logger	scenario/viewer.go:56	visit top
2026-09-22T09:09:16.359Z	info	staff-logger	scenario/viewer.go:64	get livestream
2026-09-22T09:09:16.359Z	info	staff-logger	scenario/viewer.go:83	visit livestream
2026-09-22T09:09:16.360Z	info	staff-logger	scenario/viewer.go:32	basic viewer scenario
2026-09-22T09:09:16.360Z	info	staff-logger	scenario/viewer.go:56	visit top
2026-09-22T09:09:16.360Z	info	staff-logger	scenario/viewer.go:64	get livestream
2026-09-22T09:09:16.360Z	info	staff-logger	scenario/viewer.go:83	visit livestream
2026-09-22T09:09:16.378Z	info	staff-logger	scenario/viewer.go:90	get livestream stats
2026-09-22T09:09:16.435Z	info	staff-logger	scenario/viewer.go:32	basic viewer scenario
2026-09-22T09:09:16.435Z	info	staff-logger	scenario/viewer.go:56	visit top
2026-09-22T09:09:16.435Z	info	staff-logger	scenario/viewer.go:64	get livestream
2026-09-22T09:09:16.435Z	info	staff-logger	scenario/viewer.go:83	visit livestream
2026-09-22T09:09:16.452Z	warn	staff-logger	scenario/viewer.go:178	viewer_spam: failed to post livecomment (moderated spam): benchmark-application: [一般エラー] POST /api/livestream/8216/livecomment へのリクエストに対して、期待されたHTTPステータスコードが確認できませんでした (expected:400, actual:201)

2026-09-22T09:09:16.481Z	warn	staff-logger	scenario/viewer.go:178	viewer_spam: failed to post livecomment (moderated spam): benchmark-application: [一般エラー] POST /api/livestream/7951/livecomment へのリクエストに対して、期待されたHTTPステータスコードが確認できませんでした (expected:400, actual:201)

2026-09-22T09:09:16.507Z	info	staff-logger	scenario/viewer.go:32	basic viewer scenario
2026-09-22T09:09:16.507Z	info	staff-logger	scenario/viewer.go:56	visit top
2026-09-22T09:09:16.507Z	info	staff-logger	scenario/viewer.go:64	get livestream
2026-09-22T09:09:16.507Z	info	staff-logger	scenario/viewer.go:83	visit livestream
2026-09-22T09:09:16.535Z	info	staff-logger	scenario/viewer.go:32	basic viewer scenario
2026-09-22T09:09:16.535Z	info	staff-logger	scenario/viewer.go:56	visit top
2026-09-22T09:09:16.535Z	info	staff-logger	scenario/viewer.go:64	get livestream
2026-09-22T09:09:16.535Z	info	staff-logger	scenario/viewer.go:83	visit livestream
2026-09-22T09:09:16.537Z	warn	staff-logger	scenario/viewer.go:178	viewer_spam: failed to post livecomment (moderated spam): benchmark-application: [一般エラー] POST /api/livestream/8217/livecomment へのリクエストに対して、期待されたHTTPステータスコードが確認できませんでした (expected:400, actual:201)

2026-09-22T09:09:16.539Z	warn	staff-logger	scenario/viewer.go:178	viewer_spam: failed to post livecomment (moderated spam): benchmark-application: [一般エラー] POST /api/livestream/8093/livecomment へのリクエストに対して、期待されたHTTPステータスコードが確認できませんでした (expected:400, actual:201)

2026-09-22T09:09:16.546Z	warn	staff-logger	scenario/viewer.go:178	viewer_spam: failed to post livecomment (moderated spam): benchmark-application: [一般エラー] POST /api/livestream/7941/livecomment へのリクエストに対して、期待されたHTTPステータスコードが確認できませんでした (expected:400, actual:201)

2026-09-22T09:09:16.573Z	info	staff-logger	scenario/viewer.go:32	basic viewer scenario
2026-09-22T09:09:16.573Z	info	staff-logger	scenario/viewer.go:56	visit top
2026-09-22T09:09:16.573Z	info	staff-logger	scenario/viewer.go:64	get livestream
2026-09-22T09:09:16.573Z	info	staff-logger	scenario/viewer.go:83	visit livestream
2026-09-22T09:09:16.610Z	info	staff-logger	scenario/viewer.go:32	basic viewer scenario
2026-09-22T09:09:16.610Z	info	staff-logger	scenario/viewer.go:56	visit top
2026-09-22T09:09:16.610Z	info	staff-logger	scenario/viewer.go:64	get livestream
2026-09-22T09:09:16.610Z	info	staff-logger	scenario/viewer.go:83	visit livestream
2026-09-22T09:09:16.624Z	info	staff-logger	scenario/viewer.go:32	basic viewer scenario
2026-09-22T09:09:16.624Z	info	staff-logger	scenario/viewer.go:56	visit top
2026-09-22T09:09:16.624Z	info	staff-logger	scenario/viewer.go:64	get livestream
2026-09-22T09:09:16.624Z	info	staff-logger	scenario/viewer.go:83	visit livestream
2026-09-22T09:09:16.640Z	info	staff-logger	scenario/viewer.go:32	basic viewer scenario
2026-09-22T09:09:16.640Z	info	staff-logger	scenario/viewer.go:56	visit top
2026-09-22T09:09:16.640Z	info	staff-logger	scenario/viewer.go:64	get livestream
2026-09-22T09:09:16.640Z	info	staff-logger	scenario/viewer.go:83	visit livestream
2026-09-22T09:09:16.640Z	info	staff-logger	scenario/viewer.go:32	basic viewer scenario
2026-09-22T09:09:16.640Z	info	staff-logger	scenario/viewer.go:56	visit top
2026-09-22T09:09:16.640Z	info	staff-logger	scenario/viewer.go:64	get livestream
2026-09-22T09:09:16.640Z	info	staff-logger	scenario/viewer.go:83	visit livestream
2026-09-22T09:09:16.651Z	info	staff-logger	scenario/viewer.go:32	basic viewer scenario
2026-09-22T09:09:16.651Z	info	staff-logger	scenario/viewer.go:56	visit top
2026-09-22T09:09:16.651Z	info	staff-logger	scenario/viewer.go:64	get livestream
2026-09-22T09:09:16.651Z	info	staff-logger	scenario/viewer.go:83	visit livestream
2026-09-22T09:09:16.674Z	info	staff-logger	scenario/viewer.go:32	basic viewer scenario
2026-09-22T09:09:16.674Z	info	staff-logger	scenario/viewer.go:56	visit top
2026-09-22T09:09:16.674Z	info	staff-logger	scenario/viewer.go:64	get livestream
2026-09-22T09:09:16.674Z	info	staff-logger	scenario/viewer.go:83	visit livestream
2026-09-22T09:09:16.686Z	info	staff-logger	scenario/viewer.go:32	basic viewer scenario
2026-09-22T09:09:16.686Z	info	staff-logger	scenario/viewer.go:56	visit top
2026-09-22T09:09:16.686Z	info	staff-logger	scenario/viewer.go:64	get livestream
2026-09-22T09:09:16.686Z	info	staff-logger	scenario/viewer.go:83	visit livestream
2026-09-22T09:09:16.717Z	info	staff-logger	scenario/viewer.go:32	basic viewer scenario
2026-09-22T09:09:16.717Z	info	staff-logger	scenario/viewer.go:56	visit top
2026-09-22T09:09:16.717Z	info	staff-logger	scenario/viewer.go:64	get livestream
2026-09-22T09:09:16.717Z	info	staff-logger	scenario/viewer.go:83	visit livestream
2026-09-22T09:09:16.743Z	info	staff-logger	scenario/streamer.go:48	change icon
2026-09-22T09:09:16.819Z	info	staff-logger	scenario/viewer.go:32	basic viewer scenario
2026-09-22T09:09:16.819Z	info	staff-logger	scenario/viewer.go:56	visit top
2026-09-22T09:09:16.820Z	info	staff-logger	scenario/viewer.go:64	get livestream
2026-09-22T09:09:16.820Z	info	staff-logger	scenario/viewer.go:83	visit livestream
2026-09-22T09:09:16.853Z	info	staff-logger	scenario/streamer.go:48	change icon
2026-09-22T09:09:16.871Z	warn	staff-logger	scenario/viewer.go:178	viewer_spam: failed to post livecomment (moderated spam): benchmark-application: [一般エラー] POST /api/livestream/7780/livecomment へのリクエストに対して、期待されたHTTPステータスコードが確認できませんでした (expected:400, actual:201)

2026-09-22T09:09:16.894Z	info	staff-logger	scenario/viewer.go:32	basic viewer scenario
2026-09-22T09:09:16.894Z	info	staff-logger	scenario/viewer.go:56	visit top
2026-09-22T09:09:16.894Z	info	staff-logger	scenario/viewer.go:64	get livestream
2026-09-22T09:09:16.894Z	info	staff-logger	scenario/viewer.go:83	visit livestream
2026-09-22T09:09:16.923Z	info	staff-logger	scenario/viewer.go:32	basic viewer scenario
2026-09-22T09:09:16.923Z	info	staff-logger	scenario/viewer.go:56	visit top
2026-09-22T09:09:16.923Z	info	staff-logger	scenario/viewer.go:64	get livestream
2026-09-22T09:09:16.923Z	info	staff-logger	scenario/viewer.go:83	visit livestream
2026-09-22T09:09:16.957Z	warn	staff-logger	scenario/viewer.go:178	viewer_spam: failed to post livecomment (moderated spam): benchmark-application: [一般エラー] POST /api/livestream/7727/livecomment へのリクエストに対して、期待されたHTTPステータスコードが確認できませんでした (expected:400, actual:201)

2026-09-22T09:09:16.974Z	info	staff-logger	scenario/viewer.go:32	basic viewer scenario
2026-09-22T09:09:16.974Z	info	staff-logger	scenario/viewer.go:56	visit top
2026-09-22T09:09:17.007Z	info	staff-logger	scenario/viewer.go:32	basic viewer scenario
2026-09-22T09:09:17.007Z	info	staff-logger	scenario/viewer.go:56	visit top
2026-09-22T09:09:17.007Z	info	staff-logger	scenario/viewer.go:64	get livestream
2026-09-22T09:09:17.007Z	info	staff-logger	scenario/viewer.go:83	visit livestream
2026-09-22T09:09:17.031Z	info	staff-logger	scenario/viewer.go:32	basic viewer scenario
2026-09-22T09:09:17.031Z	info	staff-logger	scenario/viewer.go:56	visit top
2026-09-22T09:09:17.031Z	info	staff-logger	scenario/viewer.go:64	get livestream
2026-09-22T09:09:17.031Z	info	staff-logger	scenario/viewer.go:83	visit livestream
2026-09-22T09:09:17.034Z	info	staff-logger	scenario/viewer.go:32	basic viewer scenario
2026-09-22T09:09:17.034Z	info	staff-logger	scenario/viewer.go:56	visit top
2026-09-22T09:09:17.034Z	info	staff-logger	scenario/viewer.go:64	get livestream
2026-09-22T09:09:17.034Z	info	staff-logger	scenario/viewer.go:83	visit livestream
2026-09-22T09:09:17.036Z	warn	staff-logger	scenario/viewer.go:178	viewer_spam: failed to post livecomment (moderated spam): benchmark-application: [一般エラー] POST /api/livestream/8160/livecomment へのリクエストに対して、期待されたHTTPステータスコードが確認できませんでした (expected:400, actual:201)

2026-09-22T09:09:17.065Z	warn	staff-logger	scenario/viewer.go:178	viewer_spam: failed to post livecomment (moderated spam): benchmark-application: [一般エラー] POST /api/livestream/7665/livecomment へのリクエストに対して、期待されたHTTPステータスコードが確認できませんでした (expected:400, actual:201)

2026-09-22T09:09:17.079Z	info	staff-logger	scenario/viewer.go:32	basic viewer scenario
2026-09-22T09:09:17.079Z	info	staff-logger	scenario/viewer.go:56	visit top
2026-09-22T09:09:17.079Z	info	staff-logger	scenario/viewer.go:64	get livestream
2026-09-22T09:09:17.079Z	info	staff-logger	scenario/viewer.go:83	visit livestream
2026-09-22T09:09:17.138Z	info	staff-logger	scenario/viewer.go:32	basic viewer scenario
2026-09-22T09:09:17.138Z	info	staff-logger	scenario/viewer.go:56	visit top
2026-09-22T09:09:17.138Z	info	staff-logger	scenario/viewer.go:64	get livestream
2026-09-22T09:09:17.138Z	info	staff-logger	scenario/viewer.go:83	visit livestream
2026-09-22T09:09:17.146Z	info	staff-logger	scenario/viewer.go:32	basic viewer scenario
2026-09-22T09:09:17.146Z	info	staff-logger	scenario/viewer.go:56	visit top
2026-09-22T09:09:17.146Z	info	staff-logger	scenario/viewer.go:64	get livestream
2026-09-22T09:09:17.146Z	info	staff-logger	scenario/viewer.go:83	visit livestream
2026-09-22T09:09:17.174Z	info	staff-logger	scenario/viewer.go:90	get livestream stats
2026-09-22T09:09:17.199Z	info	staff-logger	scenario/viewer.go:32	basic viewer scenario
2026-09-22T09:09:17.199Z	info	staff-logger	scenario/viewer.go:56	visit top
2026-09-22T09:09:17.199Z	info	staff-logger	scenario/viewer.go:64	get livestream
2026-09-22T09:09:17.199Z	info	staff-logger	scenario/viewer.go:83	visit livestream
2026-09-22T09:09:17.204Z	info	staff-logger	scenario/viewer.go:32	basic viewer scenario
2026-09-22T09:09:17.204Z	info	staff-logger	scenario/viewer.go:56	visit top
2026-09-22T09:09:17.204Z	info	staff-logger	scenario/viewer.go:64	get livestream
2026-09-22T09:09:17.204Z	info	staff-logger	scenario/viewer.go:83	visit livestream
2026-09-22T09:09:17.204Z	info	staff-logger	scenario/viewer.go:32	basic viewer scenario
2026-09-22T09:09:17.204Z	info	staff-logger	scenario/viewer.go:56	visit top
2026-09-22T09:09:17.204Z	info	staff-logger	scenario/viewer.go:64	get livestream
2026-09-22T09:09:17.204Z	info	staff-logger	scenario/viewer.go:83	visit livestream
2026-09-22T09:09:17.225Z	info	staff-logger	scenario/viewer.go:64	get livestream
2026-09-22T09:09:17.225Z	info	staff-logger	scenario/viewer.go:76	visit user profile
2026-09-22T09:09:17.240Z	info	staff-logger	scenario/viewer.go:32	basic viewer scenario
2026-09-22T09:09:17.240Z	info	staff-logger	scenario/viewer.go:56	visit top
2026-09-22T09:09:17.241Z	info	staff-logger	scenario/viewer.go:64	get livestream
2026-09-22T09:09:17.241Z	info	staff-logger	scenario/viewer.go:83	visit livestream
2026-09-22T09:09:17.249Z	info	staff-logger	scenario/viewer.go:32	basic viewer scenario
2026-09-22T09:09:17.249Z	info	staff-logger	scenario/viewer.go:56	visit top
2026-09-22T09:09:17.249Z	info	staff-logger	scenario/viewer.go:64	get livestream
2026-09-22T09:09:17.249Z	info	staff-logger	scenario/viewer.go:83	visit livestream
2026-09-22T09:09:17.305Z	info	staff-logger	scenario/viewer.go:32	basic viewer scenario
2026-09-22T09:09:17.305Z	info	staff-logger	scenario/viewer.go:56	visit top
2026-09-22T09:09:17.305Z	info	staff-logger	scenario/viewer.go:64	get livestream
2026-09-22T09:09:17.305Z	info	staff-logger	scenario/viewer.go:83	visit livestream
2026-09-22T09:09:17.337Z	info	staff-logger	scenario/viewer.go:32	basic viewer scenario
2026-09-22T09:09:17.337Z	info	staff-logger	scenario/viewer.go:56	visit top
2026-09-22T09:09:17.337Z	info	staff-logger	scenario/viewer.go:64	get livestream
2026-09-22T09:09:17.337Z	info	staff-logger	scenario/viewer.go:83	visit livestream
2026-09-22T09:09:17.359Z	info	staff-logger	scenario/viewer.go:32	basic viewer scenario
2026-09-22T09:09:17.359Z	info	staff-logger	scenario/viewer.go:56	visit top
2026-09-22T09:09:17.359Z	info	staff-logger	scenario/viewer.go:64	get livestream
2026-09-22T09:09:17.359Z	info	staff-logger	scenario/viewer.go:83	visit livestream
2026-09-22T09:09:17.370Z	info	staff-logger	scenario/viewer.go:32	basic viewer scenario
2026-09-22T09:09:17.370Z	info	staff-logger	scenario/viewer.go:56	visit top
2026-09-22T09:09:17.370Z	info	staff-logger	scenario/viewer.go:64	get livestream
2026-09-22T09:09:17.370Z	info	staff-logger	scenario/viewer.go:83	visit livestream
2026-09-22T09:09:17.404Z	info	staff-logger	scenario/viewer.go:32	basic viewer scenario
2026-09-22T09:09:17.404Z	info	staff-logger	scenario/viewer.go:56	visit top
2026-09-22T09:09:17.404Z	info	staff-logger	scenario/viewer.go:64	get livestream
2026-09-22T09:09:17.404Z	info	staff-logger	scenario/viewer.go:83	visit livestream
2026-09-22T09:09:17.411Z	warn	staff-logger	scenario/viewer.go:178	viewer_spam: failed to post livecomment (moderated spam): benchmark-application: [一般エラー] POST /api/livestream/7854/livecomment へのリクエストに対して、期待されたHTTPステータスコードが確認できませんでした (expected:400, actual:201)

2026-09-22T09:09:17.444Z	info	staff-logger	scenario/viewer.go:32	basic viewer scenario
2026-09-22T09:09:17.444Z	info	staff-logger	scenario/viewer.go:56	visit top
2026-09-22T09:09:17.444Z	info	staff-logger	scenario/viewer.go:64	get livestream
2026-09-22T09:09:17.444Z	info	staff-logger	scenario/viewer.go:83	visit livestream
2026-09-22T09:09:17.449Z	warn	staff-logger	scenario/viewer.go:178	viewer_spam: failed to post livecomment (moderated spam): benchmark-application: [一般エラー] POST /api/livestream/7922/livecomment へのリクエストに対して、期待されたHTTPステータスコードが確認できませんでした (expected:400, actual:201)

2026-09-22T09:09:17.478Z	info	staff-logger	scenario/viewer.go:32	basic viewer scenario
2026-09-22T09:09:17.478Z	info	staff-logger	scenario/viewer.go:56	visit top
2026-09-22T09:09:17.478Z	info	staff-logger	scenario/viewer.go:64	get livestream
2026-09-22T09:09:17.478Z	info	staff-logger	scenario/viewer.go:83	visit livestream
2026-09-22T09:09:17.489Z	info	staff-logger	scenario/viewer.go:32	basic viewer scenario
2026-09-22T09:09:17.489Z	info	staff-logger	scenario/viewer.go:56	visit top
2026-09-22T09:09:17.489Z	info	staff-logger	scenario/viewer.go:64	get livestream
2026-09-22T09:09:17.489Z	info	staff-logger	scenario/viewer.go:83	visit livestream
2026-09-22T09:09:17.567Z	info	staff-logger	scenario/viewer.go:32	basic viewer scenario
2026-09-22T09:09:17.567Z	info	staff-logger	scenario/viewer.go:56	visit top
2026-09-22T09:09:17.573Z	warn	staff-logger	scenario/viewer.go:178	viewer_spam: failed to post livecomment (moderated spam): benchmark-application: [一般エラー] POST /api/livestream/7876/livecomment へのリクエストに対して、期待されたHTTPステータスコードが確認できませんでした (expected:400, actual:201)

2026-09-22T09:09:17.635Z	info	staff-logger	scenario/viewer.go:32	basic viewer scenario
2026-09-22T09:09:17.635Z	info	staff-logger	scenario/viewer.go:56	visit top
2026-09-22T09:09:17.635Z	info	staff-logger	scenario/viewer.go:64	get livestream
2026-09-22T09:09:17.635Z	info	staff-logger	scenario/viewer.go:83	visit livestream
2026-09-22T09:09:17.642Z	info	staff-logger	scenario/viewer.go:32	basic viewer scenario
2026-09-22T09:09:17.642Z	info	staff-logger	scenario/viewer.go:56	visit top
2026-09-22T09:09:17.642Z	info	staff-logger	scenario/viewer.go:64	get livestream
2026-09-22T09:09:17.642Z	info	staff-logger	scenario/viewer.go:83	visit livestream
2026-09-22T09:09:17.642Z	info	staff-logger	scenario/viewer.go:32	basic viewer scenario
2026-09-22T09:09:17.642Z	info	staff-logger	scenario/viewer.go:56	visit top
2026-09-22T09:09:17.642Z	info	staff-logger	scenario/viewer.go:64	get livestream
2026-09-22T09:09:17.642Z	info	staff-logger	scenario/viewer.go:83	visit livestream
2026-09-22T09:09:17.661Z	info	staff-logger	scenario/viewer.go:32	basic viewer scenario
2026-09-22T09:09:17.661Z	info	staff-logger	scenario/viewer.go:56	visit top
2026-09-22T09:09:17.661Z	info	staff-logger	scenario/viewer.go:64	get livestream
2026-09-22T09:09:17.661Z	info	staff-logger	scenario/viewer.go:83	visit livestream
2026-09-22T09:09:17.725Z	info	staff-logger	scenario/viewer.go:32	basic viewer scenario
2026-09-22T09:09:17.725Z	info	staff-logger	scenario/viewer.go:56	visit top
2026-09-22T09:09:17.725Z	info	staff-logger	scenario/viewer.go:64	get livestream
2026-09-22T09:09:17.725Z	info	staff-logger	scenario/viewer.go:83	visit livestream
2026-09-22T09:09:17.735Z	info	staff-logger	scenario/viewer.go:83	visit livestream
2026-09-22T09:09:17.735Z	warn	staff-logger	scenario/viewer.go:178	viewer_spam: failed to post livecomment (moderated spam): benchmark-application: [一般エラー] POST /api/livestream/7674/livecomment へのリクエストに対して、期待されたHTTPステータスコードが確認できませんでした (expected:400, actual:201)

2026-09-22T09:09:17.743Z	info	staff-logger	scenario/viewer.go:90	get livestream stats
2026-09-22T09:09:17.757Z	info	staff-logger	scenario/viewer.go:32	basic viewer scenario
2026-09-22T09:09:17.757Z	info	staff-logger	scenario/viewer.go:56	visit top
2026-09-22T09:09:17.757Z	info	staff-logger	scenario/viewer.go:64	get livestream
2026-09-22T09:09:17.757Z	info	staff-logger	scenario/viewer.go:83	visit livestream
2026-09-22T09:09:17.757Z	info	staff-logger	scenario/viewer.go:32	basic viewer scenario
2026-09-22T09:09:17.757Z	info	staff-logger	scenario/viewer.go:56	visit top
2026-09-22T09:09:17.757Z	info	staff-logger	scenario/viewer.go:64	get livestream
2026-09-22T09:09:17.757Z	info	staff-logger	scenario/viewer.go:83	visit livestream
2026-09-22T09:09:17.765Z	info	staff-logger	scenario/viewer.go:32	basic viewer scenario
2026-09-22T09:09:17.765Z	info	staff-logger	scenario/viewer.go:56	visit top
2026-09-22T09:09:17.765Z	info	staff-logger	scenario/viewer.go:64	get livestream
2026-09-22T09:09:17.765Z	info	staff-logger	scenario/viewer.go:83	visit livestream
2026-09-22T09:09:17.789Z	info	staff-logger	scenario/viewer.go:64	get livestream
2026-09-22T09:09:17.789Z	info	staff-logger	scenario/viewer.go:76	visit user profile
2026-09-22T09:09:17.804Z	info	staff-logger	scenario/viewer.go:32	basic viewer scenario
2026-09-22T09:09:17.804Z	info	staff-logger	scenario/viewer.go:56	visit top
2026-09-22T09:09:17.809Z	info	staff-logger	scenario/viewer.go:32	basic viewer scenario
2026-09-22T09:09:17.809Z	info	staff-logger	scenario/viewer.go:56	visit top
2026-09-22T09:09:17.809Z	info	staff-logger	scenario/viewer.go:64	get livestream
2026-09-22T09:09:17.809Z	info	staff-logger	scenario/viewer.go:83	visit livestream
2026-09-22T09:09:17.815Z	warn	staff-logger	scenario/viewer.go:178	viewer_spam: failed to post livecomment (moderated spam): benchmark-application: [一般エラー] POST /api/livestream/7744/livecomment へのリクエストに対して、期待されたHTTPステータスコードが確認できませんでした (expected:400, actual:201)

2026-09-22T09:09:17.943Z	info	staff-logger	scenario/viewer.go:32	basic viewer scenario
2026-09-22T09:09:17.943Z	info	staff-logger	scenario/viewer.go:56	visit top
2026-09-22T09:09:17.943Z	info	staff-logger	scenario/viewer.go:64	get livestream
2026-09-22T09:09:17.943Z	info	staff-logger	scenario/viewer.go:83	visit livestream
2026-09-22T09:09:18.015Z	info	staff-logger	scenario/viewer.go:32	basic viewer scenario
2026-09-22T09:09:18.015Z	info	staff-logger	scenario/viewer.go:56	visit top
2026-09-22T09:09:18.015Z	info	staff-logger	scenario/viewer.go:64	get livestream
2026-09-22T09:09:18.015Z	info	staff-logger	scenario/viewer.go:83	visit livestream
2026-09-22T09:09:18.037Z	info	staff-logger	scenario/viewer.go:64	get livestream
2026-09-22T09:09:18.037Z	info	staff-logger	scenario/viewer.go:76	visit user profile
2026-09-22T09:09:18.042Z	info	staff-logger	scenario/viewer.go:32	basic viewer scenario
2026-09-22T09:09:18.042Z	info	staff-logger	scenario/viewer.go:56	visit top
2026-09-22T09:09:18.042Z	info	staff-logger	scenario/viewer.go:64	get livestream
2026-09-22T09:09:18.042Z	info	staff-logger	scenario/viewer.go:83	visit livestream
2026-09-22T09:09:18.049Z	info	staff-logger	scenario/viewer.go:32	basic viewer scenario
2026-09-22T09:09:18.049Z	info	staff-logger	scenario/viewer.go:56	visit top
2026-09-22T09:09:18.049Z	info	staff-logger	scenario/viewer.go:64	get livestream
2026-09-22T09:09:18.049Z	info	staff-logger	scenario/viewer.go:83	visit livestream
2026-09-22T09:09:18.057Z	info	staff-logger	scenario/viewer.go:32	basic viewer scenario
2026-09-22T09:09:18.057Z	info	staff-logger	scenario/viewer.go:56	visit top
2026-09-22T09:09:18.057Z	info	staff-logger	scenario/viewer.go:64	get livestream
2026-09-22T09:09:18.057Z	info	staff-logger	scenario/viewer.go:83	visit livestream
2026-09-22T09:09:18.077Z	info	staff-logger	scenario/viewer.go:90	get livestream stats
2026-09-22T09:09:18.142Z	info	staff-logger	scenario/viewer.go:32	basic viewer scenario
2026-09-22T09:09:18.142Z	info	staff-logger	scenario/viewer.go:56	visit top
2026-09-22T09:09:18.142Z	info	staff-logger	scenario/viewer.go:64	get livestream
2026-09-22T09:09:18.142Z	info	staff-logger	scenario/viewer.go:83	visit livestream
2026-09-22T09:09:18.161Z	info	staff-logger	scenario/viewer.go:32	basic viewer scenario
2026-09-22T09:09:18.162Z	info	staff-logger	scenario/viewer.go:56	visit top
2026-09-22T09:09:18.162Z	info	staff-logger	scenario/viewer.go:64	get livestream
2026-09-22T09:09:18.162Z	info	staff-logger	scenario/viewer.go:83	visit livestream
2026-09-22T09:09:18.191Z	info	staff-logger	scenario/viewer.go:32	basic viewer scenario
2026-09-22T09:09:18.191Z	info	staff-logger	scenario/viewer.go:56	visit top
2026-09-22T09:09:18.191Z	info	staff-logger	scenario/viewer.go:64	get livestream
2026-09-22T09:09:18.191Z	info	staff-logger	scenario/viewer.go:83	visit livestream
2026-09-22T09:09:18.212Z	info	staff-logger	scenario/viewer.go:83	visit livestream
2026-09-22T09:09:18.247Z	info	staff-logger	scenario/viewer.go:32	basic viewer scenario
2026-09-22T09:09:18.247Z	info	staff-logger	scenario/viewer.go:56	visit top
2026-09-22T09:09:18.247Z	info	staff-logger	scenario/viewer.go:64	get livestream
2026-09-22T09:09:18.247Z	info	staff-logger	scenario/viewer.go:83	visit livestream
2026-09-22T09:09:18.260Z	info	staff-logger	scenario/viewer.go:32	basic viewer scenario
2026-09-22T09:09:18.260Z	info	staff-logger	scenario/viewer.go:56	visit top
2026-09-22T09:09:18.260Z	info	staff-logger	scenario/viewer.go:64	get livestream
2026-09-22T09:09:18.260Z	info	staff-logger	scenario/viewer.go:83	visit livestream
2026-09-22T09:09:18.270Z	info	staff-logger	scenario/viewer.go:90	get livestream stats
2026-09-22T09:09:18.270Z	info	staff-logger	scenario/viewer.go:90	get livestream stats
2026-09-22T09:09:18.294Z	info	staff-logger	scenario/viewer.go:32	basic viewer scenario
2026-09-22T09:09:18.294Z	info	staff-logger	scenario/viewer.go:56	visit top
2026-09-22T09:09:18.294Z	info	staff-logger	scenario/viewer.go:64	get livestream
2026-09-22T09:09:18.294Z	info	staff-logger	scenario/viewer.go:83	visit livestream
2026-09-22T09:09:18.344Z	info	staff-logger	scenario/viewer.go:32	basic viewer scenario
2026-09-22T09:09:18.344Z	info	staff-logger	scenario/viewer.go:56	visit top
2026-09-22T09:09:18.344Z	info	staff-logger	scenario/viewer.go:64	get livestream
2026-09-22T09:09:18.344Z	info	staff-logger	scenario/viewer.go:83	visit livestream
2026-09-22T09:09:18.358Z	warn	staff-logger	scenario/viewer.go:178	viewer_spam: failed to post livecomment (moderated spam): benchmark-application: [一般エラー] POST /api/livestream/7599/livecomment へのリクエストに対して、期待されたHTTPステータスコードが確認できませんでした (expected:400, actual:201)

2026-09-22T09:09:18.417Z	info	staff-logger	scenario/viewer.go:32	basic viewer scenario
2026-09-22T09:09:18.417Z	info	staff-logger	scenario/viewer.go:56	visit top
2026-09-22T09:09:18.426Z	info	staff-logger	scenario/streamer.go:48	change icon
2026-09-22T09:09:18.435Z	info	staff-logger	scenario/viewer.go:32	basic viewer scenario
2026-09-22T09:09:18.435Z	info	staff-logger	scenario/viewer.go:56	visit top
2026-09-22T09:09:18.435Z	info	staff-logger	scenario/viewer.go:64	get livestream
2026-09-22T09:09:18.435Z	info	staff-logger	scenario/viewer.go:83	visit livestream
2026-09-22T09:09:18.443Z	info	staff-logger	scenario/viewer.go:32	basic viewer scenario
2026-09-22T09:09:18.443Z	info	staff-logger	scenario/viewer.go:56	visit top
2026-09-22T09:09:18.443Z	info	staff-logger	scenario/viewer.go:64	get livestream
2026-09-22T09:09:18.443Z	info	staff-logger	scenario/viewer.go:83	visit livestream
2026-09-22T09:09:18.448Z	info	staff-logger	scenario/viewer.go:32	basic viewer scenario
2026-09-22T09:09:18.448Z	info	staff-logger	scenario/viewer.go:56	visit top
2026-09-22T09:09:18.448Z	info	staff-logger	scenario/viewer.go:64	get livestream
2026-09-22T09:09:18.448Z	info	staff-logger	scenario/viewer.go:83	visit livestream
2026-09-22T09:09:18.469Z	info	staff-logger	scenario/viewer.go:90	get livestream stats
2026-09-22T09:09:18.535Z	info	staff-logger	scenario/streamer.go:48	change icon
2026-09-22T09:09:18.538Z	warn	staff-logger	scenario/viewer.go:178	viewer_spam: failed to post livecomment (moderated spam): benchmark-application: [一般エラー] POST /api/livestream/8020/livecomment へのリクエストに対して、期待されたHTTPステータスコードが確認できませんでした (expected:400, actual:201)

2026-09-22T09:09:18.560Z	info	staff-logger	scenario/viewer.go:32	basic viewer scenario
2026-09-22T09:09:18.560Z	info	staff-logger	scenario/viewer.go:56	visit top
2026-09-22T09:09:18.560Z	info	staff-logger	scenario/viewer.go:64	get livestream
2026-09-22T09:09:18.560Z	info	staff-logger	scenario/viewer.go:83	visit livestream
2026-09-22T09:09:18.584Z	info	staff-logger	scenario/viewer.go:90	get livestream stats
2026-09-22T09:09:18.638Z	info	staff-logger	scenario/viewer.go:32	basic viewer scenario
2026-09-22T09:09:18.638Z	info	staff-logger	scenario/viewer.go:56	visit top
2026-09-22T09:09:18.638Z	info	staff-logger	scenario/viewer.go:64	get livestream
2026-09-22T09:09:18.638Z	info	staff-logger	scenario/viewer.go:83	visit livestream
2026-09-22T09:09:18.660Z	warn	staff-logger	scenario/viewer.go:178	viewer_spam: failed to post livecomment (moderated spam): benchmark-application: [一般エラー] POST /api/livestream/8118/livecomment へのリクエストに対して、期待されたHTTPステータスコードが確認できませんでした (expected:400, actual:201)

2026-09-22T09:09:18.665Z	info	staff-logger	scenario/viewer.go:64	get livestream
2026-09-22T09:09:18.665Z	info	staff-logger	scenario/viewer.go:76	visit user profile
2026-09-22T09:09:18.666Z	warn	staff-logger	scenario/viewer.go:178	viewer_spam: failed to post livecomment (moderated spam): benchmark-application: [一般エラー] POST /api/livestream/7970/livecomment へのリクエストに対して、期待されたHTTPステータスコードが確認できませんでした (expected:400, actual:201)

2026-09-22T09:09:18.674Z	warn	staff-logger	scenario/viewer.go:178	viewer_spam: failed to post livecomment (moderated spam): benchmark-application: [一般エラー] POST /api/livestream/7888/livecomment へのリクエストに対して、期待されたHTTPステータスコードが確認できませんでした (expected:400, actual:201)

2026-09-22T09:09:18.690Z	info	staff-logger	scenario/viewer.go:32	basic viewer scenario
2026-09-22T09:09:18.690Z	info	staff-logger	scenario/viewer.go:56	visit top
2026-09-22T09:09:18.690Z	info	staff-logger	scenario/viewer.go:64	get livestream
2026-09-22T09:09:18.690Z	info	staff-logger	scenario/viewer.go:83	visit livestream
2026-09-22T09:09:18.701Z	warn	staff-logger	scenario/viewer.go:178	viewer_spam: failed to post livecomment (moderated spam): benchmark-application: [一般エラー] POST /api/livestream/7701/livecomment へのリクエストに対して、期待されたHTTPステータスコードが確認できませんでした (expected:400, actual:201)

2026-09-22T09:09:18.713Z	warn	staff-logger	scenario/viewer.go:178	viewer_spam: failed to post livecomment (moderated spam): benchmark-application: [一般エラー] POST /api/livestream/8186/livecomment へのリクエストに対して、期待されたHTTPステータスコードが確認できませんでした (expected:400, actual:201)

2026-09-22T09:09:18.723Z	warn	staff-logger	scenario/viewer.go:178	viewer_spam: failed to post livecomment (moderated spam): benchmark-application: [一般エラー] POST /api/livestream/8238/livecomment へのリクエストに対して、期待されたHTTPステータスコードが確認できませんでした (expected:400, actual:201)

2026-09-22T09:09:18.741Z	info	staff-logger	scenario/viewer.go:83	visit livestream
2026-09-22T09:09:18.748Z	info	staff-logger	scenario/viewer.go:32	basic viewer scenario
2026-09-22T09:09:18.748Z	info	staff-logger	scenario/viewer.go:56	visit top
2026-09-22T09:09:18.756Z	info	staff-logger	scenario/viewer.go:32	basic viewer scenario
2026-09-22T09:09:18.756Z	info	staff-logger	scenario/viewer.go:56	visit top
2026-09-22T09:09:18.756Z	info	staff-logger	scenario/viewer.go:64	get livestream
2026-09-22T09:09:18.756Z	info	staff-logger	scenario/viewer.go:83	visit livestream
2026-09-22T09:09:18.781Z	info	staff-logger	scenario/viewer.go:90	get livestream stats
2026-09-22T09:09:18.784Z	info	staff-logger	scenario/viewer.go:32	basic viewer scenario
2026-09-22T09:09:18.784Z	info	staff-logger	scenario/viewer.go:56	visit top
2026-09-22T09:09:18.784Z	info	staff-logger	scenario/viewer.go:64	get livestream
2026-09-22T09:09:18.784Z	info	staff-logger	scenario/viewer.go:83	visit livestream
2026-09-22T09:09:18.827Z	warn	staff-logger	scenario/viewer.go:178	viewer_spam: failed to post livecomment (moderated spam): benchmark-application: [一般エラー] POST /api/livestream/7886/livecomment へのリクエストに対して、期待されたHTTPステータスコードが確認できませんでした (expected:400, actual:201)

2026-09-22T09:09:18.870Z	info	staff-logger	scenario/viewer.go:32	basic viewer scenario
2026-09-22T09:09:18.870Z	info	staff-logger	scenario/viewer.go:56	visit top
2026-09-22T09:09:18.870Z	info	staff-logger	scenario/viewer.go:64	get livestream
2026-09-22T09:09:18.870Z	info	staff-logger	scenario/viewer.go:83	visit livestream
2026-09-22T09:09:18.912Z	warn	staff-logger	scenario/viewer.go:178	viewer_spam: failed to post livecomment (moderated spam): benchmark-application: [一般エラー] POST /api/livestream/8191/livecomment へのリクエストに対して、期待されたHTTPステータスコードが確認できませんでした (expected:400, actual:201)

2026-09-22T09:09:18.933Z	warn	staff-logger	scenario/viewer.go:178	viewer_spam: failed to post livecomment (moderated spam): benchmark-application: [一般エラー] POST /api/livestream/7661/livecomment へのリクエストに対して、期待されたHTTPステータスコードが確認できませんでした (expected:400, actual:201)

2026-09-22T09:09:18.955Z	warn	staff-logger	scenario/viewer.go:184	viewer_spam: failed to post livecomment (non-moderated spam): benchmark-application: [一般エラー] POST /api/livestream/7711/livecomment へのリクエストに対して、期待されたHTTPステータスコードが確認できませんでした (expected:201, actual:400)

2026-09-22T09:09:18.963Z	info	staff-logger	scenario/viewer.go:32	basic viewer scenario
2026-09-22T09:09:18.963Z	info	staff-logger	scenario/viewer.go:56	visit top
2026-09-22T09:09:18.963Z	info	staff-logger	scenario/viewer.go:64	get livestream
2026-09-22T09:09:18.963Z	info	staff-logger	scenario/viewer.go:83	visit livestream
2026-09-22T09:09:18.978Z	info	staff-logger	scenario/viewer.go:64	get livestream
2026-09-22T09:09:18.978Z	info	staff-logger	scenario/viewer.go:76	visit user profile
2026-09-22T09:09:19.030Z	info	staff-logger	scenario/viewer.go:32	basic viewer scenario
2026-09-22T09:09:19.031Z	info	staff-logger	scenario/viewer.go:56	visit top
2026-09-22T09:09:19.031Z	info	staff-logger	scenario/viewer.go:64	get livestream
2026-09-22T09:09:19.031Z	info	staff-logger	scenario/viewer.go:83	visit livestream
2026-09-22T09:09:19.034Z	info	staff-logger	scenario/viewer.go:32	basic viewer scenario
2026-09-22T09:09:19.034Z	info	staff-logger	scenario/viewer.go:56	visit top
2026-09-22T09:09:19.034Z	info	staff-logger	scenario/viewer.go:64	get livestream
2026-09-22T09:09:19.034Z	info	staff-logger	scenario/viewer.go:83	visit livestream
2026-09-22T09:09:19.079Z	warn	staff-logger	scenario/viewer.go:178	viewer_spam: failed to post livecomment (moderated spam): benchmark-application: [一般エラー] POST /api/livestream/7971/livecomment へのリクエストに対して、期待されたHTTPステータスコードが確認できませんでした (expected:400, actual:201)

2026-09-22T09:09:19.103Z	info	isupipe-benchmarker	ベンチマーク走行を停止します
2026-09-22T09:09:19.104Z	warn	isupipe-benchmarker	ライブコメントを配信に投稿できないため、視聴者が離脱します	{"viewer": "tyamamoto1", "livestream_id": 7602, "error": "ベンチマーク走行が継続できないエラーが発生しました"}
2026-09-22T09:09:19.104Z	warn	staff-logger	scenario/viewer.go:121	view: failed to post livecomment: ベンチマーク走行が継続できないエラーが発生しました

2026-09-22T09:09:19.104Z	warn	staff-logger	scenario/viewer.go:101	view: failed to get livecomments: ベンチマーク走行が継続できないエラーが発生しました

2026-09-22T09:09:19.104Z	warn	isupipe-benchmarker	ライブコメントを配信に投稿できないため、視聴者が離脱します	{"viewer": "nanamikimura0", "livestream_id": 7785, "error": "ベンチマーク走行が継続できないエラーが発生しました"}
2026-09-22T09:09:19.104Z	warn	staff-logger	scenario/viewer.go:101	view: failed to get livecomments: ベンチマーク走行が継続できないエラーが発生しました

2026-09-22T09:09:19.104Z	warn	staff-logger	scenario/viewer.go:101	view: failed to get livecomments: ベンチマーク走行が継続できないエラーが発生しました

2026-09-22T09:09:19.104Z	warn	staff-logger	scenario/viewer.go:101	view: failed to get livecomments: ベンチマーク走行が継続できないエラーが発生しました

2026-09-22T09:09:19.104Z	warn	staff-logger	scenario/streamer.go:130	streamer_moderate: failed to get my livestream: ベンチマーク走行が継続できないエラーが発生しました

2026-09-22T09:09:19.104Z	warn	staff-logger	scenario/viewer.go:101	view: failed to get livecomments: ベンチマーク走行が継続できないエラーが発生しました

2026-09-22T09:09:19.104Z	warn	staff-logger	scenario/viewer.go:101	view: failed to get livecomments: ベンチマーク走行が継続できないエラーが発生しました

2026-09-22T09:09:19.104Z	warn	staff-logger	scenario/viewer.go:101	view: failed to get livecomments: ベンチマーク走行が継続できないエラーが発生しました

2026-09-22T09:09:19.104Z	warn	staff-logger	scenario/viewer.go:134	view: failed to post reactions: ベンチマーク走行が継続できないエラーが発生しました

2026-09-22T09:09:19.104Z	warn	staff-logger	scenario/viewer.go:101	view: failed to get livecomments: ベンチマーク走行が継続できないエラーが発生しました

2026-09-22T09:09:19.104Z	warn	staff-logger	scenario/viewer.go:101	view: failed to get livecomments: ベンチマーク走行が継続できないエラーが発生しました

2026-09-22T09:09:19.104Z	warn	staff-logger	scenario/viewer.go:184	viewer_spam: failed to post livecomment (non-moderated spam): ベンチマーク走行が継続できないエラーが発生しました

2026-09-22T09:09:19.104Z	warn	staff-logger	scenario/viewer.go:121	view: failed to post livecomment: ベンチマーク走行が継続できないエラーが発生しました

2026-09-22T09:09:19.104Z	warn	staff-logger	scenario/viewer.go:101	view: failed to get livecomments: ベンチマーク走行が継続できないエラーが発生しました

2026-09-22T09:09:19.105Z	warn	staff-logger	scenario/viewer.go:101	view: failed to get livecomments: ベンチマーク走行が継続できないエラーが発生しました

2026-09-22T09:09:19.105Z	warn	staff-logger	scenario/viewer.go:126	view: failed to get reactions: ベンチマーク走行が継続できないエラーが発生しました

2026-09-22T09:09:19.105Z	warn	staff-logger	scenario/viewer.go:142	view: failed to leave from livestream: ベンチマーク走行が継続できないエラーが発生しました

2026-09-22T09:09:19.105Z	warn	staff-logger	scenario/viewer.go:126	view: failed to get reactions: ベンチマーク走行が継続できないエラーが発生しました

2026-09-22T09:09:19.105Z	warn	staff-logger	scenario/viewer.go:101	view: failed to get livecomments: ベンチマーク走行が継続できないエラーが発生しました

2026-09-22T09:09:19.105Z	warn	staff-logger	scenario/viewer.go:101	view: failed to get livecomments: ベンチマーク走行が継続できないエラーが発生しました

2026-09-22T09:09:19.105Z	warn	staff-logger	scenario/viewer.go:184	viewer_spam: failed to post livecomment (non-moderated spam): ベンチマーク走行が継続できないエラーが発生しました

2026-09-22T09:09:19.104Z	warn	staff-logger	scenario/viewer.go:101	view: failed to get livecomments: ベンチマーク走行が継続できないエラーが発生しました

2026-09-22T09:09:19.105Z	warn	staff-logger	scenario/streamer.go:192	aggressive streamer moderate: failed to get my livestream: ベンチマーク走行が継続できないエラーが発生しました

2026-09-22T09:09:19.105Z	warn	staff-logger	scenario/viewer.go:101	view: failed to get livecomments: ベンチマーク走行が継続できないエラーが発生しました

2026-09-22T09:09:19.105Z	warn	staff-logger	scenario/viewer.go:142	view: failed to leave from livestream: ベンチマーク走行が継続できないエラーが発生しました

2026-09-22T09:09:19.106Z	warn	isupipe-benchmarker	ライブコメントを配信に投稿できないため、視聴者が離脱します	{"viewer": "nanaminakamura0", "livestream_id": 7577, "error": "ベンチマーク走行が継続できないエラーが発生しました"}
2026-09-22T09:09:19.105Z	warn	staff-logger	scenario/viewer.go:78	view: failed to visit user profile: ベンチマーク走行が継続できないエラーが発生しました

2026-09-22T09:09:19.105Z	warn	staff-logger	scenario/viewer.go:101	view: failed to get livecomments: ベンチマーク走行が継続できないエラーが発生しました

2026-09-22T09:09:19.105Z	warn	staff-logger	scenario/streamer.go:91	reserve: failed to reserve: ベンチマーク走行が継続できないエラーが発生しました

2026-09-22T09:09:19.105Z	warn	staff-logger	scenario/viewer.go:101	view: failed to get livecomments: ベンチマーク走行が継続できないエラーが発生しました

2026-09-22T09:09:19.105Z	warn	staff-logger	scenario/viewer.go:78	view: failed to visit user profile: ベンチマーク走行が継続できないエラーが発生しました

2026-09-22T09:09:19.105Z	warn	staff-logger	scenario/viewer.go:101	view: failed to get livecomments: ベンチマーク走行が継続できないエラーが発生しました

2026-09-22T09:09:19.105Z	warn	staff-logger	scenario/viewer.go:92	view: failed to get livestream stats: ベンチマーク走行が継続できないエラーが発生しました

2026-09-22T09:09:19.105Z	warn	staff-logger	scenario/viewer.go:142	view: failed to leave from livestream: ベンチマーク走行が継続できないエラーが発生しました

2026-09-22T09:09:19.105Z	warn	staff-logger	scenario/viewer.go:101	view: failed to get livecomments: ベンチマーク走行が継続できないエラーが発生しました

2026-09-22T09:09:19.105Z	warn	staff-logger	scenario/viewer.go:101	view: failed to get livecomments: ベンチマーク走行が継続できないエラーが発生しました

2026-09-22T09:09:19.105Z	warn	staff-logger	scenario/viewer.go:101	view: failed to get livecomments: ベンチマーク走行が継続できないエラーが発生しました

2026-09-22T09:09:19.105Z	warn	staff-logger	scenario/viewer.go:101	view: failed to get livecomments: ベンチマーク走行が継続できないエラーが発生しました

2026-09-22T09:09:19.105Z	warn	staff-logger	scenario/viewer.go:142	view: failed to leave from livestream: ベンチマーク走行が継続できないエラーが発生しました

2026-09-22T09:09:19.106Z	warn	staff-logger	scenario/viewer.go:121	view: failed to post livecomment: ベンチマーク走行が継続できないエラーが発生しました

2026-09-22T09:09:19.638Z	info	isupipe-benchmarker	ベンチマーク走行終了
2026-09-22T09:09:19.638Z	info	isupipe-benchmarker	最終チェックを実施します
2026-09-22T09:09:19.638Z	info	isupipe-benchmarker	最終チェックが成功しました
2026-09-22T09:09:19.638Z	info	isupipe-benchmarker	重複排除したログを以下に出力します
2026-09-22T09:09:19.638Z	info	staff-logger	bench/bench.go:260	ベンチマーク走行時間: 1m0.534258648s
2026-09-22T09:09:19.638Z	info	staff-logger	bench/bench.go:277	ベンチエラーを収集します
2026-09-22T09:09:19.638Z	info	isupipe-benchmarker	配信を最後まで視聴できた視聴者数	{"viewers": 1341}
2026-09-22T09:09:19.638Z	info	staff-logger	bench/bench.go:285	内部エラーを収集します
2026-09-22T09:09:19.638Z	info	staff-logger	bench/bench.go:301	シナリオカウンタを出力します
2026-09-22T09:09:19.638Z	info	staff-logger	bench/bench.go:323	[シナリオ aggressive-streamer-moderate] 7229 回成功
2026-09-22T09:09:19.638Z	info	staff-logger	bench/bench.go:323	[シナリオ dns-watertorture-attack] 1812 回成功
2026-09-22T09:09:19.638Z	info	staff-logger	bench/bench.go:323	[シナリオ streamer-cold-reserve] 775 回成功
2026-09-22T09:09:19.638Z	info	staff-logger	bench/bench.go:323	[シナリオ streamer-moderate] 5306 回成功
2026-09-22T09:09:19.638Z	info	staff-logger	bench/bench.go:323	[シナリオ viewer-report] 59 回成功
2026-09-22T09:09:19.638Z	info	staff-logger	bench/bench.go:323	[シナリオ viewer-spam] 7036 回成功, 192 回失敗
2026-09-22T09:09:19.638Z	info	staff-logger	bench/bench.go:323	[シナリオ viewer] 1341 回成功
2026-09-22T09:09:19.638Z	info	staff-logger	bench/bench.go:323	[失敗シナリオ viewer-spam-fail] 192 回失敗
2026-09-22T09:09:19.638Z	info	staff-logger	bench/bench.go:329	DNSAttacker並列数: 15
2026-09-22T09:09:19.638Z	info	staff-logger	bench/bench.go:330	名前解決成功数: 178427
2026-09-22T09:09:19.638Z	info	staff-logger	bench/bench.go:331	名前解決失敗数: 0
2026-09-22T09:09:19.638Z	info	staff-logger	bench/bench.go:335	スコア: 260266
