sudo: unable to resolve host ip-10-100-0-186: Name or service not known
sudo: unable to resolve host ip-10-100-0-186: Name or service not known
2026-09-22T09:05:09.946Z	info	isupipe-benchmarker	SSL接続が有効になっています
2026-09-22T09:05:09.946Z	info	isupipe-benchmarker	静的ファイルチェックを行います
2026-09-22T09:05:09.946Z	info	isupipe-benchmarker	静的ファイルチェックが完了しました
2026-09-22T09:05:09.946Z	info	isupipe-benchmarker	webappの初期化を行います
2026-09-22T09:05:09.946Z	info	staff-logger	bench/bench.go:172	SSL接続が有効になっています
2026-09-22T09:05:09.946Z	info	staff-logger	bench/bench.go:193	webapp: https://pipe.u.isucon.local:443
2026-09-22T09:05:09.946Z	info	staff-logger	bench/bench.go:194	nameserver: 10.100.0.155:53
2026-09-22T09:05:12.541Z	info	isupipe-benchmarker	ベンチマーク走行前のデータ整合性チェックを行います
2026-09-22T09:05:17.458Z	info	isupipe-benchmarker	整合性チェックが成功しました
2026-09-22T09:05:17.458Z	info	isupipe-benchmarker	ベンチマーク走行を開始します
2026-09-22T09:05:17.469Z	info	staff-logger	scenario/viewer.go:32	basic viewer scenario
2026-09-22T09:05:17.469Z	info	staff-logger	scenario/viewer.go:32	basic viewer scenario
2026-09-22T09:05:17.469Z	info	staff-logger	scenario/viewer.go:32	basic viewer scenario
2026-09-22T09:05:17.469Z	info	staff-logger	scenario/viewer.go:32	basic viewer scenario
2026-09-22T09:05:17.469Z	info	staff-logger	scenario/viewer.go:32	basic viewer scenario
2026-09-22T09:05:17.469Z	info	staff-logger	scenario/viewer.go:32	basic viewer scenario
2026-09-22T09:05:17.469Z	info	staff-logger	scenario/viewer.go:32	basic viewer scenario
2026-09-22T09:05:17.469Z	info	staff-logger	scenario/viewer.go:32	basic viewer scenario
2026-09-22T09:05:17.469Z	info	staff-logger	scenario/viewer.go:32	basic viewer scenario
2026-09-22T09:05:17.470Z	info	staff-logger	scenario/viewer.go:32	basic viewer scenario
2026-09-22T09:05:17.531Z	info	staff-logger	scenario/viewer.go:56	visit top
2026-09-22T09:05:17.531Z	info	staff-logger	scenario/viewer.go:64	get livestream
2026-09-22T09:05:17.531Z	info	staff-logger	scenario/viewer.go:83	visit livestream
2026-09-22T09:05:17.532Z	info	staff-logger	scenario/streamer.go:48	change icon
2026-09-22T09:05:17.595Z	info	staff-logger	scenario/viewer.go:56	visit top
2026-09-22T09:05:17.595Z	info	staff-logger	scenario/viewer.go:64	get livestream
2026-09-22T09:05:17.612Z	info	staff-logger	scenario/viewer.go:83	visit livestream
2026-09-22T09:05:17.636Z	info	staff-logger	scenario/viewer.go:56	visit top
2026-09-22T09:05:17.636Z	info	staff-logger	scenario/viewer.go:64	get livestream
2026-09-22T09:05:17.638Z	info	staff-logger	scenario/viewer.go:83	visit livestream
2026-09-22T09:05:17.660Z	info	staff-logger	scenario/viewer.go:46	change icon
2026-09-22T09:05:17.675Z	info	staff-logger	scenario/viewer.go:56	visit top
2026-09-22T09:05:17.675Z	info	staff-logger	scenario/viewer.go:64	get livestream
2026-09-22T09:05:17.675Z	info	staff-logger	scenario/viewer.go:83	visit livestream
2026-09-22T09:05:17.675Z	info	staff-logger	scenario/viewer.go:32	basic viewer scenario
2026-09-22T09:05:17.680Z	info	staff-logger	scenario/viewer.go:56	visit top
2026-09-22T09:05:17.690Z	info	staff-logger	scenario/viewer.go:56	visit top
2026-09-22T09:05:17.706Z	info	staff-logger	scenario/viewer.go:56	visit top
2026-09-22T09:05:17.715Z	info	staff-logger	scenario/viewer.go:56	visit top
2026-09-22T09:05:17.715Z	info	staff-logger	scenario/viewer.go:64	get livestream
2026-09-22T09:05:17.715Z	info	staff-logger	scenario/viewer.go:83	visit livestream
2026-09-22T09:05:17.715Z	info	staff-logger	scenario/viewer.go:32	basic viewer scenario
2026-09-22T09:05:17.732Z	info	staff-logger	scenario/viewer.go:56	visit top
2026-09-22T09:05:17.732Z	info	staff-logger	scenario/viewer.go:64	get livestream
2026-09-22T09:05:17.732Z	info	staff-logger	scenario/viewer.go:83	visit livestream
2026-09-22T09:05:17.732Z	info	staff-logger	scenario/streamer.go:48	change icon
2026-09-22T09:05:17.758Z	info	staff-logger	scenario/viewer.go:56	visit top
2026-09-22T09:05:17.758Z	info	staff-logger	scenario/viewer.go:64	get livestream
2026-09-22T09:05:17.758Z	info	staff-logger	scenario/viewer.go:83	visit livestream
2026-09-22T09:05:17.772Z	info	staff-logger	scenario/viewer.go:32	basic viewer scenario
2026-09-22T09:05:17.778Z	info	staff-logger	scenario/viewer.go:56	visit top
2026-09-22T09:05:17.779Z	info	staff-logger	scenario/viewer.go:64	get livestream
2026-09-22T09:05:17.779Z	info	staff-logger	scenario/viewer.go:83	visit livestream
2026-09-22T09:05:17.808Z	info	staff-logger	scenario/viewer.go:56	visit top
2026-09-22T09:05:17.808Z	info	staff-logger	scenario/viewer.go:64	get livestream
2026-09-22T09:05:17.808Z	info	staff-logger	scenario/viewer.go:83	visit livestream
2026-09-22T09:05:17.826Z	info	staff-logger	scenario/viewer.go:56	visit top
2026-09-22T09:05:17.826Z	info	staff-logger	scenario/viewer.go:64	get livestream
2026-09-22T09:05:17.826Z	info	staff-logger	scenario/viewer.go:83	visit livestream
2026-09-22T09:05:17.901Z	info	staff-logger	scenario/viewer.go:32	basic viewer scenario
2026-09-22T09:05:17.901Z	info	staff-logger	scenario/viewer.go:56	visit top
2026-09-22T09:05:17.901Z	info	staff-logger	scenario/viewer.go:64	get livestream
2026-09-22T09:05:17.901Z	info	staff-logger	scenario/viewer.go:83	visit livestream
2026-09-22T09:05:17.916Z	info	staff-logger	scenario/viewer.go:32	basic viewer scenario
2026-09-22T09:05:17.916Z	info	staff-logger	scenario/viewer.go:56	visit top
2026-09-22T09:05:18.072Z	info	staff-logger	scenario/viewer.go:64	get livestream
2026-09-22T09:05:18.072Z	info	staff-logger	scenario/viewer.go:76	visit user profile
2026-09-22T09:05:18.094Z	info	staff-logger	scenario/streamer.go:48	change icon
2026-09-22T09:05:18.105Z	info	staff-logger	scenario/viewer.go:64	get livestream
2026-09-22T09:05:18.105Z	info	staff-logger	scenario/viewer.go:76	visit user profile
2026-09-22T09:05:18.108Z	info	staff-logger	scenario/viewer.go:64	get livestream
2026-09-22T09:05:18.108Z	info	staff-logger	scenario/viewer.go:76	visit user profile
2026-09-22T09:05:18.116Z	info	staff-logger	scenario/viewer.go:83	visit livestream
2026-09-22T09:05:18.130Z	info	staff-logger	scenario/viewer.go:32	basic viewer scenario
2026-09-22T09:05:18.131Z	info	staff-logger	scenario/viewer.go:56	visit top
2026-09-22T09:05:18.131Z	info	staff-logger	scenario/viewer.go:64	get livestream
2026-09-22T09:05:18.131Z	info	staff-logger	scenario/viewer.go:83	visit livestream
2026-09-22T09:05:18.153Z	info	staff-logger	scenario/viewer.go:83	visit livestream
2026-09-22T09:05:18.157Z	info	staff-logger	scenario/viewer.go:83	visit livestream
2026-09-22T09:05:18.323Z	info	staff-logger	scenario/viewer.go:64	get livestream
2026-09-22T09:05:18.323Z	info	staff-logger	scenario/viewer.go:76	visit user profile
2026-09-22T09:05:18.340Z	info	staff-logger	scenario/viewer.go:32	basic viewer scenario
2026-09-22T09:05:18.340Z	info	staff-logger	scenario/viewer.go:56	visit top
2026-09-22T09:05:18.340Z	info	staff-logger	scenario/viewer.go:64	get livestream
2026-09-22T09:05:18.340Z	info	staff-logger	scenario/viewer.go:83	visit livestream
2026-09-22T09:05:18.347Z	info	staff-logger	scenario/viewer.go:32	basic viewer scenario
2026-09-22T09:05:18.347Z	info	staff-logger	scenario/viewer.go:56	visit top
2026-09-22T09:05:18.347Z	info	staff-logger	scenario/viewer.go:64	get livestream
2026-09-22T09:05:18.347Z	info	staff-logger	scenario/viewer.go:83	visit livestream
2026-09-22T09:05:18.366Z	info	staff-logger	scenario/viewer.go:32	basic viewer scenario
2026-09-22T09:05:18.366Z	info	staff-logger	scenario/viewer.go:56	visit top
2026-09-22T09:05:18.366Z	info	staff-logger	scenario/viewer.go:64	get livestream
2026-09-22T09:05:18.366Z	info	staff-logger	scenario/viewer.go:83	visit livestream
2026-09-22T09:05:18.379Z	info	staff-logger	scenario/viewer.go:83	visit livestream
2026-09-22T09:05:18.388Z	info	staff-logger	scenario/viewer.go:32	basic viewer scenario
2026-09-22T09:05:18.388Z	info	staff-logger	scenario/viewer.go:56	visit top
2026-09-22T09:05:18.388Z	info	staff-logger	scenario/viewer.go:64	get livestream
2026-09-22T09:05:18.388Z	info	staff-logger	scenario/viewer.go:83	visit livestream
2026-09-22T09:05:18.426Z	info	staff-logger	scenario/viewer.go:32	basic viewer scenario
2026-09-22T09:05:18.426Z	info	staff-logger	scenario/viewer.go:56	visit top
2026-09-22T09:05:18.433Z	info	staff-logger	scenario/viewer.go:32	basic viewer scenario
2026-09-22T09:05:18.433Z	info	staff-logger	scenario/viewer.go:56	visit top
2026-09-22T09:05:18.433Z	info	staff-logger	scenario/viewer.go:64	get livestream
2026-09-22T09:05:18.433Z	info	staff-logger	scenario/viewer.go:83	visit livestream
2026-09-22T09:05:18.524Z	info	staff-logger	scenario/viewer.go:32	basic viewer scenario
2026-09-22T09:05:18.524Z	info	staff-logger	scenario/viewer.go:56	visit top
2026-09-22T09:05:18.524Z	info	staff-logger	scenario/viewer.go:64	get livestream
2026-09-22T09:05:18.524Z	info	staff-logger	scenario/viewer.go:83	visit livestream
2026-09-22T09:05:18.611Z	info	staff-logger	scenario/viewer.go:32	basic viewer scenario
2026-09-22T09:05:18.611Z	info	staff-logger	scenario/viewer.go:56	visit top
2026-09-22T09:05:18.611Z	info	staff-logger	scenario/viewer.go:64	get livestream
2026-09-22T09:05:18.611Z	info	staff-logger	scenario/viewer.go:83	visit livestream
2026-09-22T09:05:18.625Z	info	staff-logger	scenario/viewer.go:32	basic viewer scenario
2026-09-22T09:05:18.626Z	info	staff-logger	scenario/viewer.go:56	visit top
2026-09-22T09:05:18.626Z	info	staff-logger	scenario/viewer.go:64	get livestream
2026-09-22T09:05:18.626Z	info	staff-logger	scenario/viewer.go:83	visit livestream
2026-09-22T09:05:18.639Z	info	staff-logger	scenario/viewer.go:32	basic viewer scenario
2026-09-22T09:05:18.639Z	info	staff-logger	scenario/viewer.go:56	visit top
2026-09-22T09:05:18.639Z	info	staff-logger	scenario/viewer.go:64	get livestream
2026-09-22T09:05:18.639Z	info	staff-logger	scenario/viewer.go:83	visit livestream
2026-09-22T09:05:18.650Z	info	staff-logger	scenario/streamer.go:48	change icon
2026-09-22T09:05:18.823Z	info	staff-logger	scenario/viewer.go:32	basic viewer scenario
2026-09-22T09:05:18.823Z	info	staff-logger	scenario/viewer.go:56	visit top
2026-09-22T09:05:18.823Z	info	staff-logger	scenario/viewer.go:64	get livestream
2026-09-22T09:05:18.823Z	info	staff-logger	scenario/viewer.go:83	visit livestream
2026-09-22T09:05:18.841Z	info	staff-logger	scenario/viewer.go:64	get livestream
2026-09-22T09:05:18.841Z	info	staff-logger	scenario/viewer.go:76	visit user profile
2026-09-22T09:05:18.879Z	info	staff-logger	scenario/viewer.go:83	visit livestream
2026-09-22T09:05:18.971Z	info	staff-logger	scenario/viewer.go:32	basic viewer scenario
2026-09-22T09:05:18.971Z	info	staff-logger	scenario/viewer.go:56	visit top
2026-09-22T09:05:18.971Z	info	staff-logger	scenario/viewer.go:64	get livestream
2026-09-22T09:05:18.971Z	info	staff-logger	scenario/viewer.go:83	visit livestream
2026-09-22T09:05:19.065Z	info	staff-logger	scenario/viewer.go:32	basic viewer scenario
2026-09-22T09:05:19.065Z	info	staff-logger	scenario/viewer.go:56	visit top
2026-09-22T09:05:19.065Z	info	staff-logger	scenario/viewer.go:64	get livestream
2026-09-22T09:05:19.065Z	info	staff-logger	scenario/viewer.go:83	visit livestream
2026-09-22T09:05:19.180Z	info	staff-logger	scenario/streamer.go:48	change icon
2026-09-22T09:05:19.192Z	info	staff-logger	scenario/viewer.go:32	basic viewer scenario
2026-09-22T09:05:19.192Z	info	staff-logger	scenario/viewer.go:56	visit top
2026-09-22T09:05:19.192Z	info	staff-logger	scenario/viewer.go:64	get livestream
2026-09-22T09:05:19.192Z	info	staff-logger	scenario/viewer.go:83	visit livestream
2026-09-22T09:05:19.231Z	info	staff-logger	scenario/viewer.go:32	basic viewer scenario
2026-09-22T09:05:19.231Z	info	staff-logger	scenario/viewer.go:56	visit top
2026-09-22T09:05:19.231Z	info	staff-logger	scenario/viewer.go:64	get livestream
2026-09-22T09:05:19.231Z	info	staff-logger	scenario/viewer.go:83	visit livestream
2026-09-22T09:05:19.247Z	info	staff-logger	scenario/viewer.go:32	basic viewer scenario
2026-09-22T09:05:19.247Z	info	staff-logger	scenario/viewer.go:46	change icon
2026-09-22T09:05:19.259Z	info	staff-logger	scenario/viewer.go:56	visit top
2026-09-22T09:05:19.280Z	info	staff-logger	scenario/viewer.go:32	basic viewer scenario
2026-09-22T09:05:19.280Z	info	staff-logger	scenario/viewer.go:56	visit top
2026-09-22T09:05:19.280Z	info	staff-logger	scenario/viewer.go:64	get livestream
2026-09-22T09:05:19.280Z	info	staff-logger	scenario/viewer.go:83	visit livestream
2026-09-22T09:05:19.306Z	info	staff-logger	scenario/viewer.go:32	basic viewer scenario
2026-09-22T09:05:19.306Z	info	staff-logger	scenario/viewer.go:56	visit top
2026-09-22T09:05:19.306Z	info	staff-logger	scenario/viewer.go:64	get livestream
2026-09-22T09:05:19.306Z	info	staff-logger	scenario/viewer.go:83	visit livestream
2026-09-22T09:05:19.325Z	info	staff-logger	scenario/viewer.go:32	basic viewer scenario
2026-09-22T09:05:19.325Z	info	staff-logger	scenario/viewer.go:56	visit top
2026-09-22T09:05:19.325Z	info	staff-logger	scenario/viewer.go:64	get livestream
2026-09-22T09:05:19.325Z	info	staff-logger	scenario/viewer.go:83	visit livestream
2026-09-22T09:05:19.452Z	info	staff-logger	scenario/viewer.go:32	basic viewer scenario
2026-09-22T09:05:19.452Z	info	staff-logger	scenario/viewer.go:56	visit top
2026-09-22T09:05:19.452Z	info	staff-logger	scenario/viewer.go:64	get livestream
2026-09-22T09:05:19.452Z	info	staff-logger	scenario/viewer.go:83	visit livestream
2026-09-22T09:05:19.469Z	info	isupipe-benchmarker	DNS水責め負荷が上昇します	{"parallelis": 3}
2026-09-22T09:05:19.502Z	info	staff-logger	scenario/viewer.go:32	basic viewer scenario
2026-09-22T09:05:19.502Z	info	staff-logger	scenario/viewer.go:56	visit top
2026-09-22T09:05:19.502Z	info	staff-logger	scenario/viewer.go:64	get livestream
2026-09-22T09:05:19.502Z	info	staff-logger	scenario/viewer.go:83	visit livestream
2026-09-22T09:05:19.503Z	info	staff-logger	scenario/viewer.go:32	basic viewer scenario
2026-09-22T09:05:19.503Z	info	staff-logger	scenario/viewer.go:56	visit top
2026-09-22T09:05:19.523Z	info	staff-logger	scenario/viewer.go:32	basic viewer scenario
2026-09-22T09:05:19.523Z	info	staff-logger	scenario/viewer.go:56	visit top
2026-09-22T09:05:19.540Z	info	staff-logger	scenario/viewer.go:32	basic viewer scenario
2026-09-22T09:05:19.540Z	info	staff-logger	scenario/viewer.go:56	visit top
2026-09-22T09:05:19.540Z	info	staff-logger	scenario/viewer.go:64	get livestream
2026-09-22T09:05:19.540Z	info	staff-logger	scenario/viewer.go:83	visit livestream
2026-09-22T09:05:19.568Z	info	staff-logger	scenario/viewer.go:32	basic viewer scenario
2026-09-22T09:05:19.568Z	info	staff-logger	scenario/viewer.go:56	visit top
2026-09-22T09:05:19.583Z	info	staff-logger	scenario/viewer.go:32	basic viewer scenario
2026-09-22T09:05:19.583Z	info	staff-logger	scenario/viewer.go:56	visit top
2026-09-22T09:05:19.583Z	info	staff-logger	scenario/viewer.go:64	get livestream
2026-09-22T09:05:19.583Z	info	staff-logger	scenario/viewer.go:83	visit livestream
2026-09-22T09:05:19.717Z	info	staff-logger	scenario/viewer.go:64	get livestream
2026-09-22T09:05:19.717Z	info	staff-logger	scenario/viewer.go:76	visit user profile
2026-09-22T09:05:19.734Z	info	staff-logger	scenario/viewer.go:32	basic viewer scenario
2026-09-22T09:05:19.734Z	info	staff-logger	scenario/viewer.go:56	visit top
2026-09-22T09:05:19.734Z	info	staff-logger	scenario/viewer.go:64	get livestream
2026-09-22T09:05:19.734Z	info	staff-logger	scenario/viewer.go:83	visit livestream
2026-09-22T09:05:19.777Z	info	staff-logger	scenario/viewer.go:83	visit livestream
2026-09-22T09:05:19.784Z	info	staff-logger	scenario/viewer.go:32	basic viewer scenario
2026-09-22T09:05:19.784Z	info	staff-logger	scenario/viewer.go:56	visit top
2026-09-22T09:05:19.784Z	info	staff-logger	scenario/viewer.go:64	get livestream
2026-09-22T09:05:19.784Z	info	staff-logger	scenario/viewer.go:83	visit livestream
2026-09-22T09:05:19.811Z	info	staff-logger	scenario/viewer.go:32	basic viewer scenario
2026-09-22T09:05:19.811Z	info	staff-logger	scenario/viewer.go:56	visit top
2026-09-22T09:05:19.811Z	info	staff-logger	scenario/viewer.go:64	get livestream
2026-09-22T09:05:19.811Z	info	staff-logger	scenario/viewer.go:83	visit livestream
2026-09-22T09:05:19.817Z	info	staff-logger	scenario/streamer.go:48	change icon
2026-09-22T09:05:19.904Z	info	staff-logger	scenario/viewer.go:64	get livestream
2026-09-22T09:05:19.904Z	info	staff-logger	scenario/viewer.go:76	visit user profile
2026-09-22T09:05:19.949Z	info	staff-logger	scenario/viewer.go:83	visit livestream
2026-09-22T09:05:19.989Z	info	staff-logger	scenario/viewer.go:32	basic viewer scenario
2026-09-22T09:05:19.989Z	info	staff-logger	scenario/viewer.go:56	visit top
2026-09-22T09:05:19.989Z	info	staff-logger	scenario/viewer.go:64	get livestream
2026-09-22T09:05:19.989Z	info	staff-logger	scenario/viewer.go:83	visit livestream
2026-09-22T09:05:20.009Z	info	staff-logger	scenario/viewer.go:64	get livestream
2026-09-22T09:05:20.009Z	info	staff-logger	scenario/viewer.go:76	visit user profile
2026-09-22T09:05:20.011Z	info	staff-logger	scenario/viewer.go:64	get livestream
2026-09-22T09:05:20.011Z	info	staff-logger	scenario/viewer.go:76	visit user profile
2026-09-22T09:05:20.029Z	info	staff-logger	scenario/viewer.go:32	basic viewer scenario
2026-09-22T09:05:20.029Z	info	staff-logger	scenario/viewer.go:56	visit top
2026-09-22T09:05:20.029Z	info	staff-logger	scenario/viewer.go:64	get livestream
2026-09-22T09:05:20.029Z	info	staff-logger	scenario/viewer.go:83	visit livestream
2026-09-22T09:05:20.080Z	info	staff-logger	scenario/viewer.go:32	basic viewer scenario
2026-09-22T09:05:20.080Z	info	staff-logger	scenario/viewer.go:56	visit top
2026-09-22T09:05:20.081Z	info	staff-logger	scenario/viewer.go:64	get livestream
2026-09-22T09:05:20.081Z	info	staff-logger	scenario/viewer.go:83	visit livestream
2026-09-22T09:05:20.089Z	info	staff-logger	scenario/viewer.go:83	visit livestream
2026-09-22T09:05:20.098Z	info	staff-logger	scenario/viewer.go:83	visit livestream
2026-09-22T09:05:20.126Z	info	staff-logger	scenario/viewer.go:32	basic viewer scenario
2026-09-22T09:05:20.126Z	info	staff-logger	scenario/viewer.go:56	visit top
2026-09-22T09:05:20.126Z	info	staff-logger	scenario/viewer.go:64	get livestream
2026-09-22T09:05:20.126Z	info	staff-logger	scenario/viewer.go:83	visit livestream
2026-09-22T09:05:20.344Z	info	staff-logger	scenario/viewer.go:32	basic viewer scenario
2026-09-22T09:05:20.344Z	info	staff-logger	scenario/viewer.go:56	visit top
2026-09-22T09:05:20.344Z	info	staff-logger	scenario/viewer.go:64	get livestream
2026-09-22T09:05:20.344Z	info	staff-logger	scenario/viewer.go:83	visit livestream
2026-09-22T09:05:20.367Z	info	staff-logger	scenario/viewer.go:32	basic viewer scenario
2026-09-22T09:05:20.367Z	info	staff-logger	scenario/viewer.go:56	visit top
2026-09-22T09:05:20.367Z	info	staff-logger	scenario/viewer.go:64	get livestream
2026-09-22T09:05:20.367Z	info	staff-logger	scenario/viewer.go:83	visit livestream
2026-09-22T09:05:20.380Z	info	staff-logger	scenario/viewer.go:32	basic viewer scenario
2026-09-22T09:05:20.380Z	info	staff-logger	scenario/viewer.go:56	visit top
2026-09-22T09:05:20.380Z	info	staff-logger	scenario/viewer.go:64	get livestream
2026-09-22T09:05:20.380Z	info	staff-logger	scenario/viewer.go:83	visit livestream
2026-09-22T09:05:20.420Z	info	staff-logger	scenario/viewer.go:32	basic viewer scenario
2026-09-22T09:05:20.420Z	info	staff-logger	scenario/viewer.go:56	visit top
2026-09-22T09:05:20.420Z	info	staff-logger	scenario/viewer.go:64	get livestream
2026-09-22T09:05:20.420Z	info	staff-logger	scenario/viewer.go:83	visit livestream
2026-09-22T09:05:20.443Z	info	staff-logger	scenario/viewer.go:32	basic viewer scenario
2026-09-22T09:05:20.443Z	info	staff-logger	scenario/viewer.go:56	visit top
2026-09-22T09:05:20.443Z	info	staff-logger	scenario/viewer.go:64	get livestream
2026-09-22T09:05:20.443Z	info	staff-logger	scenario/viewer.go:83	visit livestream
2026-09-22T09:05:20.492Z	info	staff-logger	scenario/viewer.go:32	basic viewer scenario
2026-09-22T09:05:20.492Z	info	staff-logger	scenario/viewer.go:56	visit top
2026-09-22T09:05:20.540Z	info	staff-logger	scenario/viewer.go:32	basic viewer scenario
2026-09-22T09:05:20.540Z	info	staff-logger	scenario/viewer.go:56	visit top
2026-09-22T09:05:20.540Z	info	staff-logger	scenario/viewer.go:64	get livestream
2026-09-22T09:05:20.540Z	info	staff-logger	scenario/viewer.go:83	visit livestream
2026-09-22T09:05:20.553Z	info	staff-logger	scenario/viewer.go:32	basic viewer scenario
2026-09-22T09:05:20.554Z	info	staff-logger	scenario/viewer.go:56	visit top
2026-09-22T09:05:20.650Z	info	staff-logger	scenario/viewer.go:32	basic viewer scenario
2026-09-22T09:05:20.650Z	info	staff-logger	scenario/viewer.go:56	visit top
2026-09-22T09:05:20.650Z	info	staff-logger	scenario/viewer.go:64	get livestream
2026-09-22T09:05:20.650Z	info	staff-logger	scenario/viewer.go:83	visit livestream
2026-09-22T09:05:20.799Z	info	staff-logger	scenario/viewer.go:32	basic viewer scenario
2026-09-22T09:05:20.799Z	info	staff-logger	scenario/viewer.go:56	visit top
2026-09-22T09:05:20.799Z	info	staff-logger	scenario/viewer.go:64	get livestream
2026-09-22T09:05:20.799Z	info	staff-logger	scenario/viewer.go:83	visit livestream
2026-09-22T09:05:20.834Z	info	staff-logger	scenario/viewer.go:90	get livestream stats
2026-09-22T09:05:20.967Z	info	staff-logger	scenario/viewer.go:64	get livestream
2026-09-22T09:05:20.967Z	info	staff-logger	scenario/viewer.go:76	visit user profile
2026-09-22T09:05:21.015Z	info	staff-logger	scenario/viewer.go:83	visit livestream
2026-09-22T09:05:21.065Z	info	staff-logger	scenario/viewer.go:32	basic viewer scenario
2026-09-22T09:05:21.065Z	info	staff-logger	scenario/viewer.go:56	visit top
2026-09-22T09:05:21.065Z	info	staff-logger	scenario/viewer.go:64	get livestream
2026-09-22T09:05:21.065Z	info	staff-logger	scenario/viewer.go:83	visit livestream
2026-09-22T09:05:21.096Z	info	staff-logger	scenario/viewer.go:64	get livestream
2026-09-22T09:05:21.096Z	info	staff-logger	scenario/viewer.go:76	visit user profile
2026-09-22T09:05:21.110Z	info	staff-logger	scenario/viewer.go:32	basic viewer scenario
2026-09-22T09:05:21.110Z	info	staff-logger	scenario/viewer.go:56	visit top
2026-09-22T09:05:21.110Z	info	staff-logger	scenario/viewer.go:64	get livestream
2026-09-22T09:05:21.110Z	info	staff-logger	scenario/viewer.go:83	visit livestream
2026-09-22T09:05:21.119Z	info	staff-logger	scenario/viewer.go:32	basic viewer scenario
2026-09-22T09:05:21.119Z	info	staff-logger	scenario/viewer.go:56	visit top
2026-09-22T09:05:21.119Z	info	staff-logger	scenario/viewer.go:64	get livestream
2026-09-22T09:05:21.119Z	info	staff-logger	scenario/viewer.go:83	visit livestream
2026-09-22T09:05:21.143Z	info	staff-logger	scenario/viewer.go:83	visit livestream
2026-09-22T09:05:21.164Z	info	staff-logger	scenario/viewer.go:32	basic viewer scenario
2026-09-22T09:05:21.164Z	info	staff-logger	scenario/viewer.go:56	visit top
2026-09-22T09:05:21.164Z	info	staff-logger	scenario/viewer.go:64	get livestream
2026-09-22T09:05:21.164Z	info	staff-logger	scenario/viewer.go:83	visit livestream
2026-09-22T09:05:21.167Z	info	staff-logger	scenario/viewer.go:32	basic viewer scenario
2026-09-22T09:05:21.167Z	info	staff-logger	scenario/viewer.go:56	visit top
2026-09-22T09:05:21.167Z	info	staff-logger	scenario/viewer.go:64	get livestream
2026-09-22T09:05:21.167Z	info	staff-logger	scenario/viewer.go:83	visit livestream
2026-09-22T09:05:21.171Z	info	staff-logger	scenario/viewer.go:90	get livestream stats
2026-09-22T09:05:21.181Z	info	staff-logger	scenario/viewer.go:32	basic viewer scenario
2026-09-22T09:05:21.181Z	info	staff-logger	scenario/viewer.go:56	visit top
2026-09-22T09:05:21.181Z	info	staff-logger	scenario/viewer.go:64	get livestream
2026-09-22T09:05:21.181Z	info	staff-logger	scenario/viewer.go:83	visit livestream
2026-09-22T09:05:21.186Z	info	staff-logger	scenario/viewer.go:90	get livestream stats
2026-09-22T09:05:21.268Z	info	staff-logger	scenario/viewer.go:32	basic viewer scenario
2026-09-22T09:05:21.268Z	info	staff-logger	scenario/viewer.go:56	visit top
2026-09-22T09:05:21.268Z	info	staff-logger	scenario/viewer.go:64	get livestream
2026-09-22T09:05:21.268Z	info	staff-logger	scenario/viewer.go:83	visit livestream
2026-09-22T09:05:21.302Z	info	staff-logger	scenario/viewer.go:32	basic viewer scenario
2026-09-22T09:05:21.302Z	info	staff-logger	scenario/viewer.go:56	visit top
2026-09-22T09:05:21.302Z	info	staff-logger	scenario/viewer.go:64	get livestream
2026-09-22T09:05:21.302Z	info	staff-logger	scenario/viewer.go:83	visit livestream
2026-09-22T09:05:21.302Z	info	staff-logger	scenario/viewer.go:32	basic viewer scenario
2026-09-22T09:05:21.302Z	info	staff-logger	scenario/viewer.go:56	visit top
2026-09-22T09:05:21.302Z	info	staff-logger	scenario/viewer.go:64	get livestream
2026-09-22T09:05:21.302Z	info	staff-logger	scenario/viewer.go:83	visit livestream
2026-09-22T09:05:21.328Z	info	staff-logger	scenario/viewer.go:32	basic viewer scenario
2026-09-22T09:05:21.328Z	info	staff-logger	scenario/viewer.go:56	visit top
2026-09-22T09:05:21.328Z	info	staff-logger	scenario/viewer.go:64	get livestream
2026-09-22T09:05:21.328Z	info	staff-logger	scenario/viewer.go:83	visit livestream
2026-09-22T09:05:21.469Z	info	isupipe-benchmarker	DNS水責め負荷が上昇します	{"parallelis": 4}
2026-09-22T09:05:21.538Z	info	staff-logger	scenario/viewer.go:32	basic viewer scenario
2026-09-22T09:05:21.538Z	info	staff-logger	scenario/viewer.go:56	visit top
2026-09-22T09:05:21.538Z	info	staff-logger	scenario/viewer.go:64	get livestream
2026-09-22T09:05:21.538Z	info	staff-logger	scenario/viewer.go:83	visit livestream
2026-09-22T09:05:21.617Z	info	staff-logger	scenario/viewer.go:32	basic viewer scenario
2026-09-22T09:05:21.617Z	info	staff-logger	scenario/viewer.go:56	visit top
2026-09-22T09:05:21.617Z	info	staff-logger	scenario/viewer.go:64	get livestream
2026-09-22T09:05:21.617Z	info	staff-logger	scenario/viewer.go:83	visit livestream
2026-09-22T09:05:21.655Z	info	staff-logger	scenario/viewer.go:32	basic viewer scenario
2026-09-22T09:05:21.655Z	info	staff-logger	scenario/viewer.go:56	visit top
2026-09-22T09:05:21.706Z	info	staff-logger	scenario/viewer.go:32	basic viewer scenario
2026-09-22T09:05:21.706Z	info	staff-logger	scenario/viewer.go:56	visit top
2026-09-22T09:05:21.706Z	info	staff-logger	scenario/viewer.go:64	get livestream
2026-09-22T09:05:21.706Z	info	staff-logger	scenario/viewer.go:83	visit livestream
2026-09-22T09:05:21.780Z	info	staff-logger	scenario/viewer.go:32	basic viewer scenario
2026-09-22T09:05:21.781Z	info	staff-logger	scenario/viewer.go:56	visit top
2026-09-22T09:05:21.781Z	info	staff-logger	scenario/viewer.go:64	get livestream
2026-09-22T09:05:21.781Z	info	staff-logger	scenario/viewer.go:83	visit livestream
2026-09-22T09:05:21.821Z	info	staff-logger	scenario/streamer.go:48	change icon
2026-09-22T09:05:21.893Z	info	staff-logger	scenario/viewer.go:32	basic viewer scenario
2026-09-22T09:05:21.893Z	info	staff-logger	scenario/viewer.go:56	visit top
2026-09-22T09:05:21.893Z	info	staff-logger	scenario/viewer.go:64	get livestream
2026-09-22T09:05:21.893Z	info	staff-logger	scenario/viewer.go:83	visit livestream
2026-09-22T09:05:21.923Z	info	staff-logger	scenario/viewer.go:32	basic viewer scenario
2026-09-22T09:05:21.923Z	info	staff-logger	scenario/viewer.go:56	visit top
2026-09-22T09:05:21.923Z	info	staff-logger	scenario/streamer.go:48	change icon
2026-09-22T09:05:22.012Z	info	staff-logger	scenario/viewer.go:32	basic viewer scenario
2026-09-22T09:05:22.012Z	info	staff-logger	scenario/viewer.go:56	visit top
2026-09-22T09:05:22.012Z	info	staff-logger	scenario/viewer.go:64	get livestream
2026-09-22T09:05:22.012Z	info	staff-logger	scenario/viewer.go:83	visit livestream
2026-09-22T09:05:22.090Z	info	staff-logger	scenario/viewer.go:32	basic viewer scenario
2026-09-22T09:05:22.090Z	info	staff-logger	scenario/viewer.go:56	visit top
2026-09-22T09:05:22.090Z	info	staff-logger	scenario/viewer.go:64	get livestream
2026-09-22T09:05:22.090Z	info	staff-logger	scenario/viewer.go:83	visit livestream
2026-09-22T09:05:22.132Z	info	staff-logger	scenario/viewer.go:64	get livestream
2026-09-22T09:05:22.132Z	info	staff-logger	scenario/viewer.go:76	visit user profile
2026-09-22T09:05:22.136Z	info	staff-logger	scenario/viewer.go:32	basic viewer scenario
2026-09-22T09:05:22.136Z	info	staff-logger	scenario/viewer.go:56	visit top
2026-09-22T09:05:22.136Z	info	staff-logger	scenario/viewer.go:64	get livestream
2026-09-22T09:05:22.136Z	info	staff-logger	scenario/viewer.go:83	visit livestream
2026-09-22T09:05:22.176Z	info	staff-logger	scenario/viewer.go:32	basic viewer scenario
2026-09-22T09:05:22.176Z	info	staff-logger	scenario/viewer.go:56	visit top
2026-09-22T09:05:22.176Z	info	staff-logger	scenario/viewer.go:64	get livestream
2026-09-22T09:05:22.176Z	info	staff-logger	scenario/viewer.go:83	visit livestream
2026-09-22T09:05:22.200Z	info	staff-logger	scenario/viewer.go:83	visit livestream
2026-09-22T09:05:22.341Z	info	staff-logger	scenario/streamer.go:48	change icon
2026-09-22T09:05:22.377Z	info	staff-logger	scenario/viewer.go:32	basic viewer scenario
2026-09-22T09:05:22.377Z	info	staff-logger	scenario/viewer.go:56	visit top
2026-09-22T09:05:22.377Z	info	staff-logger	scenario/viewer.go:64	get livestream
2026-09-22T09:05:22.377Z	info	staff-logger	scenario/viewer.go:83	visit livestream
2026-09-22T09:05:22.393Z	info	staff-logger	scenario/viewer.go:32	basic viewer scenario
2026-09-22T09:05:22.393Z	info	staff-logger	scenario/viewer.go:56	visit top
2026-09-22T09:05:22.397Z	info	staff-logger	scenario/viewer.go:32	basic viewer scenario
2026-09-22T09:05:22.398Z	info	staff-logger	scenario/viewer.go:56	visit top
2026-09-22T09:05:22.398Z	info	staff-logger	scenario/viewer.go:64	get livestream
2026-09-22T09:05:22.398Z	info	staff-logger	scenario/viewer.go:83	visit livestream
2026-09-22T09:05:22.451Z	info	staff-logger	scenario/viewer.go:32	basic viewer scenario
2026-09-22T09:05:22.451Z	info	staff-logger	scenario/viewer.go:56	visit top
2026-09-22T09:05:22.451Z	info	staff-logger	scenario/viewer.go:64	get livestream
2026-09-22T09:05:22.451Z	info	staff-logger	scenario/viewer.go:83	visit livestream
2026-09-22T09:05:22.478Z	info	staff-logger	scenario/viewer.go:32	basic viewer scenario
2026-09-22T09:05:22.478Z	info	staff-logger	scenario/viewer.go:56	visit top
2026-09-22T09:05:22.478Z	info	staff-logger	scenario/viewer.go:64	get livestream
2026-09-22T09:05:22.478Z	info	staff-logger	scenario/viewer.go:83	visit livestream
2026-09-22T09:05:22.487Z	info	staff-logger	scenario/streamer.go:48	change icon
2026-09-22T09:05:22.489Z	info	staff-logger	scenario/viewer.go:64	get livestream
2026-09-22T09:05:22.489Z	info	staff-logger	scenario/viewer.go:76	visit user profile
2026-09-22T09:05:22.532Z	info	staff-logger	scenario/viewer.go:83	visit livestream
2026-09-22T09:05:22.659Z	info	staff-logger	scenario/viewer.go:32	basic viewer scenario
2026-09-22T09:05:22.659Z	info	staff-logger	scenario/viewer.go:56	visit top
2026-09-22T09:05:22.659Z	info	staff-logger	scenario/viewer.go:64	get livestream
2026-09-22T09:05:22.659Z	info	staff-logger	scenario/viewer.go:83	visit livestream
2026-09-22T09:05:22.777Z	info	staff-logger	scenario/viewer.go:32	basic viewer scenario
2026-09-22T09:05:22.777Z	info	staff-logger	scenario/viewer.go:56	visit top
2026-09-22T09:05:22.777Z	info	staff-logger	scenario/viewer.go:64	get livestream
2026-09-22T09:05:22.777Z	info	staff-logger	scenario/viewer.go:83	visit livestream
2026-09-22T09:05:22.873Z	info	staff-logger	scenario/viewer.go:32	basic viewer scenario
2026-09-22T09:05:22.873Z	info	staff-logger	scenario/viewer.go:56	visit top
2026-09-22T09:05:22.873Z	info	staff-logger	scenario/viewer.go:64	get livestream
2026-09-22T09:05:22.873Z	info	staff-logger	scenario/viewer.go:83	visit livestream
2026-09-22T09:05:22.921Z	info	staff-logger	scenario/viewer.go:64	get livestream
2026-09-22T09:05:22.921Z	info	staff-logger	scenario/viewer.go:76	visit user profile
2026-09-22T09:05:22.972Z	info	staff-logger	scenario/viewer.go:83	visit livestream
2026-09-22T09:05:23.016Z	info	staff-logger	scenario/viewer.go:32	basic viewer scenario
2026-09-22T09:05:23.016Z	info	staff-logger	scenario/viewer.go:56	visit top
2026-09-22T09:05:23.016Z	info	staff-logger	scenario/viewer.go:64	get livestream
2026-09-22T09:05:23.016Z	info	staff-logger	scenario/viewer.go:83	visit livestream
2026-09-22T09:05:23.024Z	info	staff-logger	scenario/viewer.go:32	basic viewer scenario
2026-09-22T09:05:23.024Z	info	staff-logger	scenario/viewer.go:56	visit top
2026-09-22T09:05:23.024Z	info	staff-logger	scenario/viewer.go:64	get livestream
2026-09-22T09:05:23.024Z	info	staff-logger	scenario/viewer.go:83	visit livestream
2026-09-22T09:05:23.116Z	info	staff-logger	scenario/viewer.go:32	basic viewer scenario
2026-09-22T09:05:23.116Z	info	staff-logger	scenario/viewer.go:56	visit top
2026-09-22T09:05:23.116Z	info	staff-logger	scenario/viewer.go:64	get livestream
2026-09-22T09:05:23.116Z	info	staff-logger	scenario/viewer.go:83	visit livestream
2026-09-22T09:05:23.153Z	info	staff-logger	scenario/streamer.go:48	change icon
2026-09-22T09:05:23.208Z	info	staff-logger	scenario/viewer.go:32	basic viewer scenario
2026-09-22T09:05:23.208Z	info	staff-logger	scenario/viewer.go:56	visit top
2026-09-22T09:05:23.208Z	info	staff-logger	scenario/viewer.go:32	basic viewer scenario
2026-09-22T09:05:23.208Z	info	staff-logger	scenario/viewer.go:64	get livestream
2026-09-22T09:05:23.208Z	info	staff-logger	scenario/viewer.go:56	visit top
2026-09-22T09:05:23.208Z	info	staff-logger	scenario/viewer.go:64	get livestream
2026-09-22T09:05:23.208Z	info	staff-logger	scenario/viewer.go:83	visit livestream
2026-09-22T09:05:23.208Z	info	staff-logger	scenario/viewer.go:83	visit livestream
2026-09-22T09:05:23.209Z	info	staff-logger	scenario/viewer.go:32	basic viewer scenario
2026-09-22T09:05:23.209Z	info	staff-logger	scenario/viewer.go:56	visit top
2026-09-22T09:05:23.209Z	info	staff-logger	scenario/viewer.go:64	get livestream
2026-09-22T09:05:23.209Z	info	staff-logger	scenario/viewer.go:83	visit livestream
2026-09-22T09:05:23.231Z	info	staff-logger	scenario/viewer.go:90	get livestream stats
2026-09-22T09:05:23.281Z	info	staff-logger	scenario/viewer.go:32	basic viewer scenario
2026-09-22T09:05:23.281Z	info	staff-logger	scenario/viewer.go:56	visit top
2026-09-22T09:05:23.281Z	info	staff-logger	scenario/viewer.go:64	get livestream
2026-09-22T09:05:23.281Z	info	staff-logger	scenario/viewer.go:83	visit livestream
2026-09-22T09:05:23.344Z	info	staff-logger	scenario/streamer.go:48	change icon
2026-09-22T09:05:23.383Z	info	staff-logger	scenario/viewer.go:32	basic viewer scenario
2026-09-22T09:05:23.383Z	info	staff-logger	scenario/viewer.go:56	visit top
2026-09-22T09:05:23.383Z	info	staff-logger	scenario/viewer.go:64	get livestream
2026-09-22T09:05:23.383Z	info	staff-logger	scenario/viewer.go:83	visit livestream
2026-09-22T09:05:23.387Z	info	staff-logger	scenario/viewer.go:32	basic viewer scenario
2026-09-22T09:05:23.387Z	info	staff-logger	scenario/viewer.go:56	visit top
2026-09-22T09:05:23.387Z	info	staff-logger	scenario/viewer.go:64	get livestream
2026-09-22T09:05:23.387Z	info	staff-logger	scenario/viewer.go:83	visit livestream
2026-09-22T09:05:23.469Z	info	isupipe-benchmarker	DNS水責め負荷が上昇します	{"parallelis": 6}
2026-09-22T09:05:23.584Z	info	staff-logger	scenario/viewer.go:32	basic viewer scenario
2026-09-22T09:05:23.584Z	info	staff-logger	scenario/viewer.go:56	visit top
2026-09-22T09:05:23.584Z	info	staff-logger	scenario/viewer.go:64	get livestream
2026-09-22T09:05:23.584Z	info	staff-logger	scenario/viewer.go:83	visit livestream
2026-09-22T09:05:23.625Z	info	staff-logger	scenario/viewer.go:32	basic viewer scenario
2026-09-22T09:05:23.625Z	info	staff-logger	scenario/viewer.go:56	visit top
2026-09-22T09:05:23.625Z	info	staff-logger	scenario/viewer.go:64	get livestream
2026-09-22T09:05:23.625Z	info	staff-logger	scenario/viewer.go:83	visit livestream
2026-09-22T09:05:23.630Z	info	staff-logger	scenario/viewer.go:32	basic viewer scenario
2026-09-22T09:05:23.630Z	info	staff-logger	scenario/viewer.go:56	visit top
2026-09-22T09:05:23.630Z	info	staff-logger	scenario/viewer.go:64	get livestream
2026-09-22T09:05:23.630Z	info	staff-logger	scenario/viewer.go:83	visit livestream
2026-09-22T09:05:23.705Z	info	staff-logger	scenario/viewer.go:32	basic viewer scenario
2026-09-22T09:05:23.705Z	info	staff-logger	scenario/viewer.go:56	visit top
2026-09-22T09:05:23.705Z	info	staff-logger	scenario/viewer.go:64	get livestream
2026-09-22T09:05:23.705Z	info	staff-logger	scenario/viewer.go:83	visit livestream
2026-09-22T09:05:23.727Z	info	staff-logger	scenario/viewer.go:32	basic viewer scenario
2026-09-22T09:05:23.728Z	info	staff-logger	scenario/viewer.go:56	visit top
2026-09-22T09:05:23.728Z	info	staff-logger	scenario/viewer.go:64	get livestream
2026-09-22T09:05:23.728Z	info	staff-logger	scenario/viewer.go:83	visit livestream
2026-09-22T09:05:23.830Z	info	staff-logger	scenario/viewer.go:32	basic viewer scenario
2026-09-22T09:05:23.830Z	info	staff-logger	scenario/viewer.go:56	visit top
2026-09-22T09:05:23.830Z	info	staff-logger	scenario/viewer.go:64	get livestream
2026-09-22T09:05:23.830Z	info	staff-logger	scenario/viewer.go:83	visit livestream
2026-09-22T09:05:23.864Z	info	staff-logger	scenario/viewer.go:32	basic viewer scenario
2026-09-22T09:05:23.864Z	info	staff-logger	scenario/viewer.go:56	visit top
2026-09-22T09:05:23.864Z	info	staff-logger	scenario/viewer.go:64	get livestream
2026-09-22T09:05:23.864Z	info	staff-logger	scenario/viewer.go:83	visit livestream
2026-09-22T09:05:23.869Z	info	staff-logger	scenario/viewer.go:90	get livestream stats
2026-09-22T09:05:23.898Z	info	staff-logger	scenario/viewer.go:32	basic viewer scenario
2026-09-22T09:05:23.898Z	info	staff-logger	scenario/viewer.go:56	visit top
2026-09-22T09:05:23.898Z	info	staff-logger	scenario/viewer.go:64	get livestream
2026-09-22T09:05:23.898Z	info	staff-logger	scenario/viewer.go:83	visit livestream
2026-09-22T09:05:23.990Z	info	staff-logger	scenario/viewer.go:32	basic viewer scenario
2026-09-22T09:05:23.990Z	info	staff-logger	scenario/viewer.go:56	visit top
2026-09-22T09:05:23.990Z	info	staff-logger	scenario/viewer.go:64	get livestream
2026-09-22T09:05:23.990Z	info	staff-logger	scenario/viewer.go:83	visit livestream
2026-09-22T09:05:24.002Z	info	staff-logger	scenario/viewer.go:32	basic viewer scenario
2026-09-22T09:05:24.002Z	info	staff-logger	scenario/viewer.go:56	visit top
2026-09-22T09:05:24.002Z	info	staff-logger	scenario/viewer.go:64	get livestream
2026-09-22T09:05:24.002Z	info	staff-logger	scenario/viewer.go:83	visit livestream
2026-09-22T09:05:24.022Z	info	staff-logger	scenario/viewer.go:32	basic viewer scenario
2026-09-22T09:05:24.022Z	info	staff-logger	scenario/viewer.go:56	visit top
2026-09-22T09:05:24.022Z	info	staff-logger	scenario/viewer.go:64	get livestream
2026-09-22T09:05:24.022Z	info	staff-logger	scenario/viewer.go:83	visit livestream
2026-09-22T09:05:24.068Z	info	staff-logger	scenario/viewer.go:32	basic viewer scenario
2026-09-22T09:05:24.068Z	info	staff-logger	scenario/viewer.go:56	visit top
2026-09-22T09:05:24.069Z	info	staff-logger	scenario/viewer.go:64	get livestream
2026-09-22T09:05:24.069Z	info	staff-logger	scenario/viewer.go:83	visit livestream
2026-09-22T09:05:24.076Z	info	staff-logger	scenario/viewer.go:32	basic viewer scenario
2026-09-22T09:05:24.076Z	info	staff-logger	scenario/viewer.go:56	visit top
2026-09-22T09:05:24.076Z	info	staff-logger	scenario/viewer.go:64	get livestream
2026-09-22T09:05:24.076Z	info	staff-logger	scenario/viewer.go:83	visit livestream
2026-09-22T09:05:24.126Z	info	staff-logger	scenario/streamer.go:48	change icon
2026-09-22T09:05:24.202Z	info	staff-logger	scenario/viewer.go:32	basic viewer scenario
2026-09-22T09:05:24.202Z	info	staff-logger	scenario/viewer.go:56	visit top
2026-09-22T09:05:24.202Z	info	staff-logger	scenario/viewer.go:64	get livestream
2026-09-22T09:05:24.202Z	info	staff-logger	scenario/viewer.go:83	visit livestream
2026-09-22T09:05:24.283Z	info	staff-logger	scenario/viewer.go:32	basic viewer scenario
2026-09-22T09:05:24.283Z	info	staff-logger	scenario/viewer.go:56	visit top
2026-09-22T09:05:24.459Z	info	staff-logger	scenario/viewer.go:32	basic viewer scenario
2026-09-22T09:05:24.459Z	info	staff-logger	scenario/viewer.go:56	visit top
2026-09-22T09:05:24.489Z	info	staff-logger	scenario/viewer.go:32	basic viewer scenario
2026-09-22T09:05:24.489Z	info	staff-logger	scenario/viewer.go:56	visit top
2026-09-22T09:05:24.489Z	info	staff-logger	scenario/viewer.go:64	get livestream
2026-09-22T09:05:24.489Z	info	staff-logger	scenario/viewer.go:83	visit livestream
2026-09-22T09:05:24.511Z	info	staff-logger	scenario/viewer.go:32	basic viewer scenario
2026-09-22T09:05:24.511Z	info	staff-logger	scenario/viewer.go:56	visit top
2026-09-22T09:05:24.526Z	info	staff-logger	scenario/viewer.go:32	basic viewer scenario
2026-09-22T09:05:24.526Z	info	staff-logger	scenario/viewer.go:56	visit top
2026-09-22T09:05:24.526Z	info	staff-logger	scenario/viewer.go:64	get livestream
2026-09-22T09:05:24.526Z	info	staff-logger	scenario/viewer.go:83	visit livestream
2026-09-22T09:05:24.588Z	info	staff-logger	scenario/viewer.go:32	basic viewer scenario
2026-09-22T09:05:24.588Z	info	staff-logger	scenario/viewer.go:56	visit top
2026-09-22T09:05:24.588Z	info	staff-logger	scenario/viewer.go:64	get livestream
2026-09-22T09:05:24.588Z	info	staff-logger	scenario/viewer.go:83	visit livestream
2026-09-22T09:05:24.741Z	info	staff-logger	scenario/viewer.go:64	get livestream
2026-09-22T09:05:24.741Z	info	staff-logger	scenario/viewer.go:76	visit user profile
2026-09-22T09:05:24.775Z	info	staff-logger	scenario/viewer.go:32	basic viewer scenario
2026-09-22T09:05:24.775Z	info	staff-logger	scenario/viewer.go:56	visit top
2026-09-22T09:05:24.775Z	info	staff-logger	scenario/viewer.go:64	get livestream
2026-09-22T09:05:24.775Z	info	staff-logger	scenario/viewer.go:83	visit livestream
2026-09-22T09:05:24.787Z	info	staff-logger	scenario/streamer.go:48	change icon
2026-09-22T09:05:24.807Z	info	staff-logger	scenario/viewer.go:32	basic viewer scenario
2026-09-22T09:05:24.807Z	info	staff-logger	scenario/viewer.go:56	visit top
2026-09-22T09:05:24.808Z	info	staff-logger	scenario/viewer.go:64	get livestream
2026-09-22T09:05:24.808Z	info	staff-logger	scenario/viewer.go:83	visit livestream
2026-09-22T09:05:24.808Z	info	staff-logger	scenario/viewer.go:83	visit livestream
2026-09-22T09:05:24.829Z	info	staff-logger	scenario/viewer.go:32	basic viewer scenario
2026-09-22T09:05:24.829Z	info	staff-logger	scenario/viewer.go:56	visit top
2026-09-22T09:05:24.829Z	info	staff-logger	scenario/viewer.go:64	get livestream
2026-09-22T09:05:24.829Z	info	staff-logger	scenario/viewer.go:83	visit livestream
2026-09-22T09:05:24.879Z	info	staff-logger	scenario/viewer.go:32	basic viewer scenario
2026-09-22T09:05:24.880Z	info	staff-logger	scenario/viewer.go:56	visit top
2026-09-22T09:05:24.880Z	info	staff-logger	scenario/viewer.go:64	get livestream
2026-09-22T09:05:24.880Z	info	staff-logger	scenario/viewer.go:83	visit livestream
2026-09-22T09:05:24.919Z	info	staff-logger	scenario/viewer.go:32	basic viewer scenario
2026-09-22T09:05:24.919Z	info	staff-logger	scenario/viewer.go:56	visit top
2026-09-22T09:05:24.919Z	info	staff-logger	scenario/viewer.go:64	get livestream
2026-09-22T09:05:24.919Z	info	staff-logger	scenario/viewer.go:83	visit livestream
2026-09-22T09:05:24.979Z	info	staff-logger	scenario/streamer.go:48	change icon
2026-09-22T09:05:24.998Z	info	staff-logger	scenario/viewer.go:64	get livestream
2026-09-22T09:05:24.998Z	info	staff-logger	scenario/viewer.go:76	visit user profile
2026-09-22T09:05:25.015Z	info	staff-logger	scenario/viewer.go:32	basic viewer scenario
2026-09-22T09:05:25.015Z	info	staff-logger	scenario/viewer.go:56	visit top
2026-09-22T09:05:25.015Z	info	staff-logger	scenario/viewer.go:64	get livestream
2026-09-22T09:05:25.015Z	info	staff-logger	scenario/viewer.go:83	visit livestream
2026-09-22T09:05:25.044Z	info	staff-logger	scenario/viewer.go:32	basic viewer scenario
2026-09-22T09:05:25.044Z	info	staff-logger	scenario/viewer.go:56	visit top
2026-09-22T09:05:25.044Z	info	staff-logger	scenario/viewer.go:64	get livestream
2026-09-22T09:05:25.044Z	info	staff-logger	scenario/viewer.go:83	visit livestream
2026-09-22T09:05:25.044Z	info	staff-logger	scenario/viewer.go:32	basic viewer scenario
2026-09-22T09:05:25.044Z	info	staff-logger	scenario/viewer.go:56	visit top
2026-09-22T09:05:25.044Z	info	staff-logger	scenario/viewer.go:64	get livestream
2026-09-22T09:05:25.044Z	info	staff-logger	scenario/viewer.go:83	visit livestream
2026-09-22T09:05:25.062Z	info	staff-logger	scenario/viewer.go:83	visit livestream
2026-09-22T09:05:25.082Z	info	staff-logger	scenario/viewer.go:64	get livestream
2026-09-22T09:05:25.082Z	info	staff-logger	scenario/viewer.go:76	visit user profile
2026-09-22T09:05:25.140Z	info	staff-logger	scenario/viewer.go:83	visit livestream
2026-09-22T09:05:25.159Z	info	staff-logger	scenario/streamer.go:48	change icon
2026-09-22T09:05:25.159Z	info	staff-logger	scenario/viewer.go:32	basic viewer scenario
2026-09-22T09:05:25.159Z	info	staff-logger	scenario/viewer.go:46	change icon
2026-09-22T09:05:25.174Z	info	staff-logger	scenario/viewer.go:56	visit top
2026-09-22T09:05:25.244Z	info	staff-logger	scenario/viewer.go:32	basic viewer scenario
2026-09-22T09:05:25.244Z	info	staff-logger	scenario/viewer.go:56	visit top
2026-09-22T09:05:25.244Z	info	staff-logger	scenario/viewer.go:64	get livestream
2026-09-22T09:05:25.244Z	info	staff-logger	scenario/viewer.go:83	visit livestream
2026-09-22T09:05:25.446Z	info	staff-logger	scenario/viewer.go:32	basic viewer scenario
2026-09-22T09:05:25.446Z	info	staff-logger	scenario/viewer.go:56	visit top
2026-09-22T09:05:25.446Z	info	staff-logger	scenario/viewer.go:64	get livestream
2026-09-22T09:05:25.446Z	info	staff-logger	scenario/viewer.go:83	visit livestream
2026-09-22T09:05:25.469Z	info	isupipe-benchmarker	DNS水責め負荷が上昇します	{"parallelis": 9}
2026-09-22T09:05:25.515Z	info	staff-logger	scenario/viewer.go:32	basic viewer scenario
2026-09-22T09:05:25.515Z	info	staff-logger	scenario/viewer.go:56	visit top
2026-09-22T09:05:25.515Z	info	staff-logger	scenario/viewer.go:64	get livestream
2026-09-22T09:05:25.515Z	info	staff-logger	scenario/viewer.go:83	visit livestream
2026-09-22T09:05:25.522Z	info	staff-logger	scenario/viewer.go:32	basic viewer scenario
2026-09-22T09:05:25.522Z	info	staff-logger	scenario/viewer.go:56	visit top
2026-09-22T09:05:25.522Z	info	staff-logger	scenario/viewer.go:64	get livestream
2026-09-22T09:05:25.522Z	info	staff-logger	scenario/viewer.go:83	visit livestream
2026-09-22T09:05:25.567Z	info	staff-logger	scenario/streamer.go:48	change icon
2026-09-22T09:05:25.623Z	info	staff-logger	scenario/viewer.go:32	basic viewer scenario
2026-09-22T09:05:25.623Z	info	staff-logger	scenario/viewer.go:56	visit top
2026-09-22T09:05:25.623Z	info	staff-logger	scenario/viewer.go:64	get livestream
2026-09-22T09:05:25.624Z	info	staff-logger	scenario/viewer.go:83	visit livestream
2026-09-22T09:05:25.626Z	info	staff-logger	scenario/viewer.go:32	basic viewer scenario
2026-09-22T09:05:25.626Z	info	staff-logger	scenario/viewer.go:56	visit top
2026-09-22T09:05:25.626Z	info	staff-logger	scenario/viewer.go:64	get livestream
2026-09-22T09:05:25.626Z	info	staff-logger	scenario/viewer.go:83	visit livestream
2026-09-22T09:05:25.641Z	info	staff-logger	scenario/streamer.go:48	change icon
2026-09-22T09:05:25.674Z	info	staff-logger	scenario/viewer.go:64	get livestream
2026-09-22T09:05:25.675Z	info	staff-logger	scenario/viewer.go:76	visit user profile
2026-09-22T09:05:25.705Z	info	staff-logger	scenario/streamer.go:48	change icon
2026-09-22T09:05:25.726Z	info	staff-logger	scenario/viewer.go:83	visit livestream
2026-09-22T09:05:25.761Z	info	staff-logger	scenario/streamer.go:48	change icon
2026-09-22T09:05:25.787Z	info	staff-logger	scenario/viewer.go:32	basic viewer scenario
2026-09-22T09:05:25.787Z	info	staff-logger	scenario/viewer.go:56	visit top
2026-09-22T09:05:25.787Z	info	staff-logger	scenario/viewer.go:64	get livestream
2026-09-22T09:05:25.787Z	info	staff-logger	scenario/viewer.go:83	visit livestream
2026-09-22T09:05:25.831Z	info	staff-logger	scenario/viewer.go:90	get livestream stats
2026-09-22T09:05:25.871Z	info	staff-logger	scenario/viewer.go:32	basic viewer scenario
2026-09-22T09:05:25.871Z	info	staff-logger	scenario/viewer.go:56	visit top
2026-09-22T09:05:25.871Z	info	staff-logger	scenario/viewer.go:64	get livestream
2026-09-22T09:05:25.871Z	info	staff-logger	scenario/viewer.go:83	visit livestream
2026-09-22T09:05:25.895Z	info	staff-logger	scenario/viewer.go:90	get livestream stats
2026-09-22T09:05:25.945Z	info	staff-logger	scenario/viewer.go:32	basic viewer scenario
2026-09-22T09:05:25.945Z	info	staff-logger	scenario/viewer.go:56	visit top
2026-09-22T09:05:25.945Z	info	staff-logger	scenario/viewer.go:64	get livestream
2026-09-22T09:05:25.945Z	info	staff-logger	scenario/viewer.go:83	visit livestream
2026-09-22T09:05:25.953Z	info	staff-logger	scenario/viewer.go:32	basic viewer scenario
2026-09-22T09:05:25.953Z	info	staff-logger	scenario/viewer.go:56	visit top
2026-09-22T09:05:25.954Z	info	staff-logger	scenario/viewer.go:64	get livestream
2026-09-22T09:05:25.954Z	info	staff-logger	scenario/viewer.go:83	visit livestream
2026-09-22T09:05:25.959Z	info	staff-logger	scenario/viewer.go:32	basic viewer scenario
2026-09-22T09:05:25.959Z	info	staff-logger	scenario/viewer.go:56	visit top
2026-09-22T09:05:25.959Z	info	staff-logger	scenario/viewer.go:64	get livestream
2026-09-22T09:05:25.959Z	info	staff-logger	scenario/viewer.go:83	visit livestream
2026-09-22T09:05:26.068Z	info	staff-logger	scenario/viewer.go:32	basic viewer scenario
2026-09-22T09:05:26.068Z	info	staff-logger	scenario/viewer.go:56	visit top
2026-09-22T09:05:26.068Z	info	staff-logger	scenario/viewer.go:64	get livestream
2026-09-22T09:05:26.068Z	info	staff-logger	scenario/viewer.go:83	visit livestream
2026-09-22T09:05:26.098Z	info	staff-logger	scenario/viewer.go:32	basic viewer scenario
2026-09-22T09:05:26.098Z	info	staff-logger	scenario/viewer.go:56	visit top
2026-09-22T09:05:26.098Z	info	staff-logger	scenario/viewer.go:64	get livestream
2026-09-22T09:05:26.098Z	info	staff-logger	scenario/viewer.go:83	visit livestream
2026-09-22T09:05:26.113Z	info	staff-logger	scenario/viewer.go:32	basic viewer scenario
2026-09-22T09:05:26.113Z	info	staff-logger	scenario/viewer.go:56	visit top
2026-09-22T09:05:26.113Z	info	staff-logger	scenario/viewer.go:64	get livestream
2026-09-22T09:05:26.113Z	info	staff-logger	scenario/viewer.go:83	visit livestream
2026-09-22T09:05:26.181Z	info	staff-logger	scenario/viewer.go:32	basic viewer scenario
2026-09-22T09:05:26.181Z	info	staff-logger	scenario/viewer.go:56	visit top
2026-09-22T09:05:26.181Z	info	staff-logger	scenario/viewer.go:64	get livestream
2026-09-22T09:05:26.181Z	info	staff-logger	scenario/viewer.go:83	visit livestream
2026-09-22T09:05:26.291Z	info	staff-logger	scenario/viewer.go:32	basic viewer scenario
2026-09-22T09:05:26.291Z	info	staff-logger	scenario/viewer.go:56	visit top
2026-09-22T09:05:26.291Z	info	staff-logger	scenario/viewer.go:64	get livestream
2026-09-22T09:05:26.291Z	info	staff-logger	scenario/viewer.go:83	visit livestream
2026-09-22T09:05:26.322Z	info	staff-logger	scenario/viewer.go:32	basic viewer scenario
2026-09-22T09:05:26.322Z	info	staff-logger	scenario/viewer.go:56	visit top
2026-09-22T09:05:26.323Z	info	staff-logger	scenario/viewer.go:64	get livestream
2026-09-22T09:05:26.323Z	info	staff-logger	scenario/viewer.go:83	visit livestream
2026-09-22T09:05:26.378Z	info	staff-logger	scenario/viewer.go:32	basic viewer scenario
2026-09-22T09:05:26.379Z	info	staff-logger	scenario/viewer.go:56	visit top
2026-09-22T09:05:26.413Z	info	staff-logger	scenario/viewer.go:32	basic viewer scenario
2026-09-22T09:05:26.413Z	info	staff-logger	scenario/viewer.go:56	visit top
2026-09-22T09:05:26.413Z	info	staff-logger	scenario/viewer.go:64	get livestream
2026-09-22T09:05:26.413Z	info	staff-logger	scenario/viewer.go:83	visit livestream
2026-09-22T09:05:26.460Z	info	staff-logger	scenario/viewer.go:32	basic viewer scenario
2026-09-22T09:05:26.460Z	info	staff-logger	scenario/viewer.go:56	visit top
2026-09-22T09:05:26.460Z	info	staff-logger	scenario/viewer.go:64	get livestream
2026-09-22T09:05:26.460Z	info	staff-logger	scenario/viewer.go:83	visit livestream
2026-09-22T09:05:26.587Z	info	staff-logger	scenario/streamer.go:48	change icon
2026-09-22T09:05:26.835Z	info	staff-logger	scenario/viewer.go:32	basic viewer scenario
2026-09-22T09:05:26.835Z	info	staff-logger	scenario/viewer.go:56	visit top
2026-09-22T09:05:26.835Z	info	staff-logger	scenario/viewer.go:64	get livestream
2026-09-22T09:05:26.835Z	info	staff-logger	scenario/viewer.go:83	visit livestream
2026-09-22T09:05:26.847Z	info	staff-logger	scenario/viewer.go:32	basic viewer scenario
2026-09-22T09:05:26.847Z	info	staff-logger	scenario/viewer.go:56	visit top
2026-09-22T09:05:26.847Z	info	staff-logger	scenario/viewer.go:64	get livestream
2026-09-22T09:05:26.847Z	info	staff-logger	scenario/viewer.go:83	visit livestream
2026-09-22T09:05:26.851Z	info	staff-logger	scenario/viewer.go:32	basic viewer scenario
2026-09-22T09:05:26.851Z	info	staff-logger	scenario/viewer.go:56	visit top
2026-09-22T09:05:26.851Z	info	staff-logger	scenario/viewer.go:64	get livestream
2026-09-22T09:05:26.851Z	info	staff-logger	scenario/viewer.go:83	visit livestream
2026-09-22T09:05:26.890Z	info	staff-logger	scenario/viewer.go:32	basic viewer scenario
2026-09-22T09:05:26.890Z	info	staff-logger	scenario/viewer.go:56	visit top
2026-09-22T09:05:26.890Z	info	staff-logger	scenario/viewer.go:64	get livestream
2026-09-22T09:05:26.891Z	info	staff-logger	scenario/viewer.go:83	visit livestream
2026-09-22T09:05:26.897Z	info	staff-logger	scenario/viewer.go:32	basic viewer scenario
2026-09-22T09:05:26.898Z	info	staff-logger	scenario/viewer.go:56	visit top
2026-09-22T09:05:26.898Z	info	staff-logger	scenario/viewer.go:64	get livestream
2026-09-22T09:05:26.898Z	info	staff-logger	scenario/viewer.go:83	visit livestream
2026-09-22T09:05:27.009Z	warn	staff-logger	scenario/viewer.go:178	viewer_spam: failed to post livecomment (moderated spam): benchmark-application: [一般エラー] POST /api/livestream/7642/livecomment へのリクエストに対して、期待されたHTTPステータスコードが確認できませんでした (expected:400, actual:201)

2026-09-22T09:05:27.020Z	info	staff-logger	scenario/viewer.go:64	get livestream
2026-09-22T09:05:27.020Z	info	staff-logger	scenario/viewer.go:76	visit user profile
2026-09-22T09:05:27.060Z	info	staff-logger	scenario/viewer.go:32	basic viewer scenario
2026-09-22T09:05:27.061Z	info	staff-logger	scenario/viewer.go:56	visit top
2026-09-22T09:05:27.061Z	info	staff-logger	scenario/viewer.go:64	get livestream
2026-09-22T09:05:27.061Z	info	staff-logger	scenario/viewer.go:83	visit livestream
2026-09-22T09:05:27.061Z	info	staff-logger	scenario/streamer.go:48	change icon
2026-09-22T09:05:27.081Z	info	staff-logger	scenario/viewer.go:83	visit livestream
2026-09-22T09:05:27.088Z	info	staff-logger	scenario/viewer.go:32	basic viewer scenario
2026-09-22T09:05:27.088Z	info	staff-logger	scenario/viewer.go:56	visit top
2026-09-22T09:05:27.091Z	info	staff-logger	scenario/viewer.go:32	basic viewer scenario
2026-09-22T09:05:27.091Z	info	staff-logger	scenario/viewer.go:56	visit top
2026-09-22T09:05:27.091Z	info	staff-logger	scenario/viewer.go:64	get livestream
2026-09-22T09:05:27.091Z	info	staff-logger	scenario/viewer.go:83	visit livestream
2026-09-22T09:05:27.152Z	info	staff-logger	scenario/viewer.go:32	basic viewer scenario
2026-09-22T09:05:27.152Z	info	staff-logger	scenario/viewer.go:56	visit top
2026-09-22T09:05:27.152Z	info	staff-logger	scenario/viewer.go:64	get livestream
2026-09-22T09:05:27.152Z	info	staff-logger	scenario/viewer.go:83	visit livestream
2026-09-22T09:05:27.180Z	info	staff-logger	scenario/viewer.go:32	basic viewer scenario
2026-09-22T09:05:27.180Z	info	staff-logger	scenario/viewer.go:56	visit top
2026-09-22T09:05:27.180Z	info	staff-logger	scenario/viewer.go:64	get livestream
2026-09-22T09:05:27.180Z	info	staff-logger	scenario/viewer.go:83	visit livestream
2026-09-22T09:05:27.198Z	info	staff-logger	scenario/viewer.go:32	basic viewer scenario
2026-09-22T09:05:27.198Z	info	staff-logger	scenario/viewer.go:56	visit top
2026-09-22T09:05:27.198Z	info	staff-logger	scenario/viewer.go:64	get livestream
2026-09-22T09:05:27.198Z	info	staff-logger	scenario/viewer.go:83	visit livestream
2026-09-22T09:05:27.305Z	info	staff-logger	scenario/viewer.go:32	basic viewer scenario
2026-09-22T09:05:27.305Z	info	staff-logger	scenario/viewer.go:56	visit top
2026-09-22T09:05:27.305Z	info	staff-logger	scenario/viewer.go:64	get livestream
2026-09-22T09:05:27.305Z	info	staff-logger	scenario/viewer.go:83	visit livestream
2026-09-22T09:05:27.353Z	info	staff-logger	scenario/viewer.go:32	basic viewer scenario
2026-09-22T09:05:27.353Z	info	staff-logger	scenario/viewer.go:56	visit top
2026-09-22T09:05:27.353Z	info	staff-logger	scenario/viewer.go:64	get livestream
2026-09-22T09:05:27.353Z	info	staff-logger	scenario/viewer.go:83	visit livestream
2026-09-22T09:05:27.360Z	warn	staff-logger	scenario/viewer.go:178	viewer_spam: failed to post livecomment (moderated spam): benchmark-application: [一般エラー] POST /api/livestream/7683/livecomment へのリクエストに対して、期待されたHTTPステータスコードが確認できませんでした (expected:400, actual:201)

2026-09-22T09:05:27.441Z	info	staff-logger	scenario/viewer.go:32	basic viewer scenario
2026-09-22T09:05:27.441Z	info	staff-logger	scenario/viewer.go:56	visit top
2026-09-22T09:05:27.441Z	info	staff-logger	scenario/viewer.go:64	get livestream
2026-09-22T09:05:27.441Z	info	staff-logger	scenario/viewer.go:83	visit livestream
2026-09-22T09:05:27.469Z	info	isupipe-benchmarker	DNS水責め負荷が上昇します	{"parallelis": 13}
2026-09-22T09:05:27.535Z	info	staff-logger	scenario/streamer.go:48	change icon
2026-09-22T09:05:27.626Z	info	staff-logger	scenario/viewer.go:32	basic viewer scenario
2026-09-22T09:05:27.626Z	info	staff-logger	scenario/viewer.go:56	visit top
2026-09-22T09:05:27.626Z	info	staff-logger	scenario/viewer.go:64	get livestream
2026-09-22T09:05:27.626Z	info	staff-logger	scenario/viewer.go:83	visit livestream
2026-09-22T09:05:27.676Z	info	staff-logger	scenario/viewer.go:64	get livestream
2026-09-22T09:05:27.676Z	info	staff-logger	scenario/viewer.go:76	visit user profile
2026-09-22T09:05:27.736Z	info	staff-logger	scenario/viewer.go:83	visit livestream
2026-09-22T09:05:27.749Z	info	staff-logger	scenario/viewer.go:32	basic viewer scenario
2026-09-22T09:05:27.749Z	info	staff-logger	scenario/viewer.go:56	visit top
2026-09-22T09:05:27.749Z	info	staff-logger	scenario/viewer.go:64	get livestream
2026-09-22T09:05:27.749Z	info	staff-logger	scenario/viewer.go:83	visit livestream
2026-09-22T09:05:27.762Z	info	staff-logger	scenario/viewer.go:32	basic viewer scenario
2026-09-22T09:05:27.762Z	info	staff-logger	scenario/viewer.go:56	visit top
2026-09-22T09:05:27.762Z	info	staff-logger	scenario/viewer.go:64	get livestream
2026-09-22T09:05:27.762Z	info	staff-logger	scenario/viewer.go:83	visit livestream
2026-09-22T09:05:27.770Z	info	staff-logger	scenario/viewer.go:32	basic viewer scenario
2026-09-22T09:05:27.770Z	info	staff-logger	scenario/viewer.go:56	visit top
2026-09-22T09:05:27.770Z	info	staff-logger	scenario/viewer.go:64	get livestream
2026-09-22T09:05:27.770Z	info	staff-logger	scenario/viewer.go:83	visit livestream
2026-09-22T09:05:27.892Z	info	staff-logger	scenario/viewer.go:32	basic viewer scenario
2026-09-22T09:05:27.892Z	info	staff-logger	scenario/viewer.go:56	visit top
2026-09-22T09:05:27.892Z	info	staff-logger	scenario/viewer.go:64	get livestream
2026-09-22T09:05:27.892Z	info	staff-logger	scenario/viewer.go:83	visit livestream
2026-09-22T09:05:27.892Z	info	staff-logger	scenario/viewer.go:32	basic viewer scenario
2026-09-22T09:05:27.892Z	info	staff-logger	scenario/viewer.go:56	visit top
2026-09-22T09:05:27.892Z	info	staff-logger	scenario/viewer.go:64	get livestream
2026-09-22T09:05:27.892Z	info	staff-logger	scenario/viewer.go:83	visit livestream
2026-09-22T09:05:27.964Z	info	staff-logger	scenario/viewer.go:32	basic viewer scenario
2026-09-22T09:05:27.964Z	info	staff-logger	scenario/viewer.go:56	visit top
2026-09-22T09:05:27.964Z	info	staff-logger	scenario/viewer.go:64	get livestream
2026-09-22T09:05:27.964Z	info	staff-logger	scenario/viewer.go:83	visit livestream
2026-09-22T09:05:27.994Z	info	staff-logger	scenario/viewer.go:32	basic viewer scenario
2026-09-22T09:05:27.994Z	info	staff-logger	scenario/viewer.go:56	visit top
2026-09-22T09:05:27.994Z	info	staff-logger	scenario/viewer.go:64	get livestream
2026-09-22T09:05:27.994Z	info	staff-logger	scenario/viewer.go:83	visit livestream
2026-09-22T09:05:28.069Z	info	staff-logger	scenario/viewer.go:32	basic viewer scenario
2026-09-22T09:05:28.069Z	info	staff-logger	scenario/viewer.go:56	visit top
2026-09-22T09:05:28.069Z	info	staff-logger	scenario/viewer.go:64	get livestream
2026-09-22T09:05:28.069Z	info	staff-logger	scenario/viewer.go:83	visit livestream
2026-09-22T09:05:28.086Z	info	staff-logger	scenario/viewer.go:32	basic viewer scenario
2026-09-22T09:05:28.086Z	info	staff-logger	scenario/viewer.go:56	visit top
2026-09-22T09:05:28.086Z	info	staff-logger	scenario/viewer.go:64	get livestream
2026-09-22T09:05:28.086Z	info	staff-logger	scenario/viewer.go:83	visit livestream
2026-09-22T09:05:28.123Z	info	staff-logger	scenario/viewer.go:32	basic viewer scenario
2026-09-22T09:05:28.124Z	info	staff-logger	scenario/viewer.go:56	visit top
2026-09-22T09:05:28.124Z	info	staff-logger	scenario/viewer.go:64	get livestream
2026-09-22T09:05:28.124Z	info	staff-logger	scenario/viewer.go:83	visit livestream
2026-09-22T09:05:28.211Z	info	staff-logger	scenario/viewer.go:32	basic viewer scenario
2026-09-22T09:05:28.211Z	info	staff-logger	scenario/viewer.go:56	visit top
2026-09-22T09:05:28.211Z	info	staff-logger	scenario/viewer.go:64	get livestream
2026-09-22T09:05:28.211Z	info	staff-logger	scenario/viewer.go:83	visit livestream
2026-09-22T09:05:28.345Z	info	staff-logger	scenario/viewer.go:32	basic viewer scenario
2026-09-22T09:05:28.346Z	info	staff-logger	scenario/viewer.go:56	visit top
2026-09-22T09:05:28.346Z	info	staff-logger	scenario/viewer.go:64	get livestream
2026-09-22T09:05:28.346Z	info	staff-logger	scenario/viewer.go:83	visit livestream
2026-09-22T09:05:28.412Z	info	staff-logger	scenario/viewer.go:32	basic viewer scenario
2026-09-22T09:05:28.412Z	info	staff-logger	scenario/viewer.go:56	visit top
2026-09-22T09:05:28.412Z	info	staff-logger	scenario/viewer.go:64	get livestream
2026-09-22T09:05:28.412Z	info	staff-logger	scenario/viewer.go:83	visit livestream
2026-09-22T09:05:28.432Z	info	staff-logger	scenario/viewer.go:32	basic viewer scenario
2026-09-22T09:05:28.432Z	info	staff-logger	scenario/viewer.go:56	visit top
2026-09-22T09:05:28.432Z	info	staff-logger	scenario/viewer.go:64	get livestream
2026-09-22T09:05:28.432Z	info	staff-logger	scenario/viewer.go:83	visit livestream
2026-09-22T09:05:28.472Z	info	staff-logger	scenario/viewer.go:32	basic viewer scenario
2026-09-22T09:05:28.472Z	info	staff-logger	scenario/viewer.go:56	visit top
2026-09-22T09:05:28.472Z	info	staff-logger	scenario/viewer.go:64	get livestream
2026-09-22T09:05:28.472Z	info	staff-logger	scenario/viewer.go:83	visit livestream
2026-09-22T09:05:28.790Z	info	staff-logger	scenario/viewer.go:32	basic viewer scenario
2026-09-22T09:05:28.790Z	info	staff-logger	scenario/viewer.go:56	visit top
2026-09-22T09:05:28.790Z	info	staff-logger	scenario/viewer.go:64	get livestream
2026-09-22T09:05:28.790Z	info	staff-logger	scenario/viewer.go:83	visit livestream
2026-09-22T09:05:28.812Z	info	staff-logger	scenario/viewer.go:32	basic viewer scenario
2026-09-22T09:05:28.812Z	info	staff-logger	scenario/viewer.go:56	visit top
2026-09-22T09:05:28.812Z	info	staff-logger	scenario/viewer.go:64	get livestream
2026-09-22T09:05:28.812Z	info	staff-logger	scenario/viewer.go:83	visit livestream
2026-09-22T09:05:28.929Z	info	staff-logger	scenario/viewer.go:32	basic viewer scenario
2026-09-22T09:05:28.929Z	info	staff-logger	scenario/viewer.go:56	visit top
2026-09-22T09:05:28.943Z	info	staff-logger	scenario/viewer.go:32	basic viewer scenario
2026-09-22T09:05:28.943Z	info	staff-logger	scenario/viewer.go:56	visit top
2026-09-22T09:05:28.944Z	info	staff-logger	scenario/viewer.go:64	get livestream
2026-09-22T09:05:28.944Z	info	staff-logger	scenario/viewer.go:83	visit livestream
2026-09-22T09:05:28.988Z	info	staff-logger	scenario/streamer.go:48	change icon
2026-09-22T09:05:29.007Z	info	staff-logger	scenario/viewer.go:32	basic viewer scenario
2026-09-22T09:05:29.007Z	info	staff-logger	scenario/viewer.go:56	visit top
2026-09-22T09:05:29.011Z	info	staff-logger	scenario/viewer.go:32	basic viewer scenario
2026-09-22T09:05:29.011Z	info	staff-logger	scenario/viewer.go:56	visit top
2026-09-22T09:05:29.011Z	info	staff-logger	scenario/viewer.go:64	get livestream
2026-09-22T09:05:29.011Z	info	staff-logger	scenario/viewer.go:83	visit livestream
2026-09-22T09:05:29.031Z	info	staff-logger	scenario/viewer.go:32	basic viewer scenario
2026-09-22T09:05:29.031Z	info	staff-logger	scenario/viewer.go:56	visit top
2026-09-22T09:05:29.031Z	info	staff-logger	scenario/viewer.go:64	get livestream
2026-09-22T09:05:29.031Z	info	staff-logger	scenario/viewer.go:83	visit livestream
2026-09-22T09:05:29.050Z	info	staff-logger	scenario/viewer.go:32	basic viewer scenario
2026-09-22T09:05:29.050Z	info	staff-logger	scenario/viewer.go:56	visit top
2026-09-22T09:05:29.065Z	info	staff-logger	scenario/viewer.go:32	basic viewer scenario
2026-09-22T09:05:29.065Z	info	staff-logger	scenario/viewer.go:56	visit top
2026-09-22T09:05:29.065Z	info	staff-logger	scenario/viewer.go:64	get livestream
2026-09-22T09:05:29.065Z	info	staff-logger	scenario/viewer.go:83	visit livestream
2026-09-22T09:05:29.120Z	info	staff-logger	scenario/viewer.go:90	get livestream stats
2026-09-22T09:05:29.133Z	info	staff-logger	scenario/viewer.go:32	basic viewer scenario
2026-09-22T09:05:29.133Z	info	staff-logger	scenario/viewer.go:56	visit top
2026-09-22T09:05:29.133Z	info	staff-logger	scenario/viewer.go:64	get livestream
2026-09-22T09:05:29.133Z	info	staff-logger	scenario/viewer.go:83	visit livestream
2026-09-22T09:05:29.285Z	info	staff-logger	scenario/viewer.go:32	basic viewer scenario
2026-09-22T09:05:29.285Z	info	staff-logger	scenario/viewer.go:56	visit top
2026-09-22T09:05:29.285Z	info	staff-logger	scenario/viewer.go:64	get livestream
2026-09-22T09:05:29.285Z	info	staff-logger	scenario/viewer.go:83	visit livestream
2026-09-22T09:05:29.339Z	info	staff-logger	scenario/streamer.go:48	change icon
2026-09-22T09:05:29.363Z	info	staff-logger	scenario/viewer.go:32	basic viewer scenario
2026-09-22T09:05:29.363Z	info	staff-logger	scenario/viewer.go:56	visit top
2026-09-22T09:05:29.363Z	info	staff-logger	scenario/viewer.go:64	get livestream
2026-09-22T09:05:29.363Z	info	staff-logger	scenario/viewer.go:83	visit livestream
2026-09-22T09:05:29.469Z	info	isupipe-benchmarker	DNS水責め負荷が上昇します	{"parallelis": 15}
2026-09-22T09:05:29.507Z	info	staff-logger	scenario/viewer.go:32	basic viewer scenario
2026-09-22T09:05:29.507Z	info	staff-logger	scenario/viewer.go:56	visit top
2026-09-22T09:05:29.507Z	info	staff-logger	scenario/viewer.go:64	get livestream
2026-09-22T09:05:29.507Z	info	staff-logger	scenario/viewer.go:83	visit livestream
2026-09-22T09:05:29.521Z	info	staff-logger	scenario/viewer.go:64	get livestream
2026-09-22T09:05:29.521Z	info	staff-logger	scenario/viewer.go:76	visit user profile
2026-09-22T09:05:29.539Z	info	staff-logger	scenario/viewer.go:64	get livestream
2026-09-22T09:05:29.539Z	info	staff-logger	scenario/viewer.go:76	visit user profile
2026-09-22T09:05:29.582Z	info	staff-logger	scenario/viewer.go:64	get livestream
2026-09-22T09:05:29.582Z	info	staff-logger	scenario/viewer.go:76	visit user profile
2026-09-22T09:05:29.582Z	info	staff-logger	scenario/viewer.go:83	visit livestream
2026-09-22T09:05:29.602Z	info	staff-logger	scenario/viewer.go:83	visit livestream
2026-09-22T09:05:29.620Z	info	staff-logger	scenario/viewer.go:32	basic viewer scenario
2026-09-22T09:05:29.621Z	info	staff-logger	scenario/viewer.go:56	visit top
2026-09-22T09:05:29.645Z	info	staff-logger	scenario/viewer.go:83	visit livestream
2026-09-22T09:05:29.679Z	info	staff-logger	scenario/viewer.go:32	basic viewer scenario
2026-09-22T09:05:29.679Z	info	staff-logger	scenario/viewer.go:56	visit top
2026-09-22T09:05:29.679Z	info	staff-logger	scenario/viewer.go:64	get livestream
2026-09-22T09:05:29.679Z	info	staff-logger	scenario/viewer.go:83	visit livestream
2026-09-22T09:05:29.737Z	info	staff-logger	scenario/viewer.go:32	basic viewer scenario
2026-09-22T09:05:29.737Z	info	staff-logger	scenario/viewer.go:56	visit top
2026-09-22T09:05:29.737Z	info	staff-logger	scenario/viewer.go:64	get livestream
2026-09-22T09:05:29.737Z	info	staff-logger	scenario/viewer.go:83	visit livestream
2026-09-22T09:05:29.752Z	info	staff-logger	scenario/viewer.go:32	basic viewer scenario
2026-09-22T09:05:29.752Z	info	staff-logger	scenario/viewer.go:56	visit top
2026-09-22T09:05:29.752Z	info	staff-logger	scenario/viewer.go:64	get livestream
2026-09-22T09:05:29.752Z	info	staff-logger	scenario/viewer.go:83	visit livestream
2026-09-22T09:05:29.789Z	info	staff-logger	scenario/viewer.go:32	basic viewer scenario
2026-09-22T09:05:29.789Z	info	staff-logger	scenario/viewer.go:56	visit top
2026-09-22T09:05:29.789Z	info	staff-logger	scenario/viewer.go:64	get livestream
2026-09-22T09:05:29.789Z	info	staff-logger	scenario/viewer.go:83	visit livestream
2026-09-22T09:05:29.828Z	info	staff-logger	scenario/viewer.go:32	basic viewer scenario
2026-09-22T09:05:29.828Z	info	staff-logger	scenario/viewer.go:56	visit top
2026-09-22T09:05:29.828Z	info	staff-logger	scenario/viewer.go:64	get livestream
2026-09-22T09:05:29.828Z	info	staff-logger	scenario/viewer.go:83	visit livestream
2026-09-22T09:05:29.880Z	info	staff-logger	scenario/viewer.go:90	get livestream stats
2026-09-22T09:05:29.885Z	warn	staff-logger	scenario/viewer.go:178	viewer_spam: failed to post livecomment (moderated spam): benchmark-application: [一般エラー] POST /api/livestream/7531/livecomment へのリクエストに対して、期待されたHTTPステータスコードが確認できませんでした (expected:400, actual:201)

2026-09-22T09:05:29.913Z	info	staff-logger	scenario/streamer.go:48	change icon
2026-09-22T09:05:29.989Z	info	staff-logger	scenario/viewer.go:32	basic viewer scenario
2026-09-22T09:05:29.989Z	info	staff-logger	scenario/viewer.go:56	visit top
2026-09-22T09:05:29.989Z	info	staff-logger	scenario/viewer.go:64	get livestream
2026-09-22T09:05:29.989Z	info	staff-logger	scenario/viewer.go:83	visit livestream
2026-09-22T09:05:30.025Z	info	staff-logger	scenario/viewer.go:32	basic viewer scenario
2026-09-22T09:05:30.025Z	info	staff-logger	scenario/viewer.go:56	visit top
2026-09-22T09:05:30.025Z	info	staff-logger	scenario/viewer.go:64	get livestream
2026-09-22T09:05:30.025Z	info	staff-logger	scenario/viewer.go:83	visit livestream
2026-09-22T09:05:30.088Z	info	staff-logger	scenario/viewer.go:32	basic viewer scenario
2026-09-22T09:05:30.088Z	info	staff-logger	scenario/viewer.go:56	visit top
2026-09-22T09:05:30.088Z	info	staff-logger	scenario/viewer.go:64	get livestream
2026-09-22T09:05:30.088Z	info	staff-logger	scenario/viewer.go:83	visit livestream
2026-09-22T09:05:30.114Z	info	staff-logger	scenario/viewer.go:90	get livestream stats
2026-09-22T09:05:30.186Z	info	staff-logger	scenario/viewer.go:64	get livestream
2026-09-22T09:05:30.186Z	info	staff-logger	scenario/viewer.go:76	visit user profile
2026-09-22T09:05:30.231Z	info	staff-logger	scenario/viewer.go:32	basic viewer scenario
2026-09-22T09:05:30.231Z	info	staff-logger	scenario/viewer.go:56	visit top
2026-09-22T09:05:30.231Z	info	staff-logger	scenario/viewer.go:64	get livestream
2026-09-22T09:05:30.231Z	info	staff-logger	scenario/viewer.go:83	visit livestream
2026-09-22T09:05:30.251Z	info	staff-logger	scenario/viewer.go:32	basic viewer scenario
2026-09-22T09:05:30.251Z	info	staff-logger	scenario/viewer.go:56	visit top
2026-09-22T09:05:30.251Z	info	staff-logger	scenario/viewer.go:64	get livestream
2026-09-22T09:05:30.251Z	info	staff-logger	scenario/viewer.go:83	visit livestream
2026-09-22T09:05:30.257Z	info	staff-logger	scenario/viewer.go:83	visit livestream
2026-09-22T09:05:30.273Z	info	staff-logger	scenario/viewer.go:90	get livestream stats
2026-09-22T09:05:30.324Z	info	staff-logger	scenario/viewer.go:32	basic viewer scenario
2026-09-22T09:05:30.324Z	info	staff-logger	scenario/viewer.go:56	visit top
2026-09-22T09:05:30.324Z	info	staff-logger	scenario/viewer.go:64	get livestream
2026-09-22T09:05:30.324Z	info	staff-logger	scenario/viewer.go:83	visit livestream
2026-09-22T09:05:30.355Z	info	staff-logger	scenario/streamer.go:48	change icon
2026-09-22T09:05:30.524Z	info	staff-logger	scenario/streamer.go:48	change icon
2026-09-22T09:05:30.644Z	info	staff-logger	scenario/viewer.go:32	basic viewer scenario
2026-09-22T09:05:30.644Z	info	staff-logger	scenario/viewer.go:56	visit top
2026-09-22T09:05:30.644Z	info	staff-logger	scenario/viewer.go:64	get livestream
2026-09-22T09:05:30.644Z	info	staff-logger	scenario/viewer.go:83	visit livestream
2026-09-22T09:05:30.689Z	info	staff-logger	scenario/viewer.go:32	basic viewer scenario
2026-09-22T09:05:30.689Z	info	staff-logger	scenario/viewer.go:56	visit top
2026-09-22T09:05:30.689Z	info	staff-logger	scenario/viewer.go:64	get livestream
2026-09-22T09:05:30.689Z	info	staff-logger	scenario/viewer.go:83	visit livestream
2026-09-22T09:05:30.727Z	info	staff-logger	scenario/viewer.go:32	basic viewer scenario
2026-09-22T09:05:30.727Z	info	staff-logger	scenario/viewer.go:46	change icon
2026-09-22T09:05:30.737Z	info	staff-logger	scenario/viewer.go:56	visit top
2026-09-22T09:05:30.787Z	info	staff-logger	scenario/viewer.go:32	basic viewer scenario
2026-09-22T09:05:30.787Z	info	staff-logger	scenario/viewer.go:56	visit top
2026-09-22T09:05:30.787Z	info	staff-logger	scenario/viewer.go:64	get livestream
2026-09-22T09:05:30.787Z	info	staff-logger	scenario/viewer.go:83	visit livestream
2026-09-22T09:05:30.814Z	info	staff-logger	scenario/viewer.go:32	basic viewer scenario
2026-09-22T09:05:30.814Z	info	staff-logger	scenario/viewer.go:56	visit top
2026-09-22T09:05:30.814Z	info	staff-logger	scenario/viewer.go:64	get livestream
2026-09-22T09:05:30.814Z	info	staff-logger	scenario/viewer.go:83	visit livestream
2026-09-22T09:05:30.834Z	info	staff-logger	scenario/viewer.go:32	basic viewer scenario
2026-09-22T09:05:30.834Z	info	staff-logger	scenario/viewer.go:56	visit top
2026-09-22T09:05:30.834Z	info	staff-logger	scenario/viewer.go:64	get livestream
2026-09-22T09:05:30.834Z	info	staff-logger	scenario/viewer.go:83	visit livestream
2026-09-22T09:05:30.885Z	info	staff-logger	scenario/viewer.go:32	basic viewer scenario
2026-09-22T09:05:30.887Z	info	staff-logger	scenario/viewer.go:56	visit top
2026-09-22T09:05:30.887Z	info	staff-logger	scenario/viewer.go:64	get livestream
2026-09-22T09:05:30.887Z	info	staff-logger	scenario/viewer.go:83	visit livestream
2026-09-22T09:05:30.975Z	info	staff-logger	scenario/viewer.go:32	basic viewer scenario
2026-09-22T09:05:30.976Z	info	staff-logger	scenario/viewer.go:56	visit top
2026-09-22T09:05:30.976Z	info	staff-logger	scenario/viewer.go:64	get livestream
2026-09-22T09:05:30.976Z	info	staff-logger	scenario/viewer.go:83	visit livestream
2026-09-22T09:05:31.032Z	info	staff-logger	scenario/viewer.go:32	basic viewer scenario
2026-09-22T09:05:31.032Z	info	staff-logger	scenario/viewer.go:56	visit top
2026-09-22T09:05:31.032Z	info	staff-logger	scenario/viewer.go:64	get livestream
2026-09-22T09:05:31.032Z	info	staff-logger	scenario/viewer.go:83	visit livestream
2026-09-22T09:05:31.140Z	info	staff-logger	scenario/streamer.go:48	change icon
2026-09-22T09:05:31.142Z	info	staff-logger	scenario/viewer.go:32	basic viewer scenario
2026-09-22T09:05:31.142Z	info	staff-logger	scenario/viewer.go:56	visit top
2026-09-22T09:05:31.142Z	info	staff-logger	scenario/viewer.go:64	get livestream
2026-09-22T09:05:31.142Z	info	staff-logger	scenario/viewer.go:83	visit livestream
2026-09-22T09:05:31.151Z	info	staff-logger	scenario/viewer.go:32	basic viewer scenario
2026-09-22T09:05:31.151Z	info	staff-logger	scenario/viewer.go:56	visit top
2026-09-22T09:05:31.151Z	info	staff-logger	scenario/viewer.go:64	get livestream
2026-09-22T09:05:31.151Z	info	staff-logger	scenario/viewer.go:83	visit livestream
2026-09-22T09:05:31.167Z	info	staff-logger	scenario/viewer.go:32	basic viewer scenario
2026-09-22T09:05:31.167Z	info	staff-logger	scenario/viewer.go:56	visit top
2026-09-22T09:05:31.167Z	info	staff-logger	scenario/viewer.go:64	get livestream
2026-09-22T09:05:31.167Z	info	staff-logger	scenario/viewer.go:83	visit livestream
2026-09-22T09:05:31.190Z	info	staff-logger	scenario/streamer.go:48	change icon
2026-09-22T09:05:31.245Z	info	staff-logger	scenario/streamer.go:48	change icon
2026-09-22T09:05:31.255Z	info	staff-logger	scenario/viewer.go:64	get livestream
2026-09-22T09:05:31.255Z	info	staff-logger	scenario/viewer.go:76	visit user profile
2026-09-22T09:05:31.311Z	info	staff-logger	scenario/viewer.go:83	visit livestream
2026-09-22T09:05:31.396Z	info	staff-logger	scenario/streamer.go:48	change icon
2026-09-22T09:05:31.547Z	info	staff-logger	scenario/viewer.go:32	basic viewer scenario
2026-09-22T09:05:31.547Z	info	staff-logger	scenario/viewer.go:56	visit top
2026-09-22T09:05:31.547Z	info	staff-logger	scenario/viewer.go:64	get livestream
2026-09-22T09:05:31.547Z	info	staff-logger	scenario/viewer.go:83	visit livestream
2026-09-22T09:05:31.550Z	info	staff-logger	scenario/viewer.go:32	basic viewer scenario
2026-09-22T09:05:31.550Z	info	staff-logger	scenario/viewer.go:56	visit top
2026-09-22T09:05:31.550Z	info	staff-logger	scenario/viewer.go:64	get livestream
2026-09-22T09:05:31.550Z	info	staff-logger	scenario/viewer.go:83	visit livestream
2026-09-22T09:05:31.574Z	info	staff-logger	scenario/viewer.go:32	basic viewer scenario
2026-09-22T09:05:31.574Z	info	staff-logger	scenario/viewer.go:56	visit top
2026-09-22T09:05:31.574Z	info	staff-logger	scenario/viewer.go:64	get livestream
2026-09-22T09:05:31.574Z	info	staff-logger	scenario/viewer.go:83	visit livestream
2026-09-22T09:05:31.580Z	info	staff-logger	scenario/viewer.go:32	basic viewer scenario
2026-09-22T09:05:31.580Z	info	staff-logger	scenario/viewer.go:56	visit top
2026-09-22T09:05:31.580Z	info	staff-logger	scenario/viewer.go:64	get livestream
2026-09-22T09:05:31.580Z	info	staff-logger	scenario/viewer.go:83	visit livestream
2026-09-22T09:05:31.743Z	info	staff-logger	scenario/viewer.go:32	basic viewer scenario
2026-09-22T09:05:31.743Z	info	staff-logger	scenario/viewer.go:56	visit top
2026-09-22T09:05:31.743Z	info	staff-logger	scenario/viewer.go:64	get livestream
2026-09-22T09:05:31.743Z	info	staff-logger	scenario/viewer.go:83	visit livestream
2026-09-22T09:05:31.829Z	info	staff-logger	scenario/viewer.go:32	basic viewer scenario
2026-09-22T09:05:31.829Z	info	staff-logger	scenario/viewer.go:56	visit top
2026-09-22T09:05:31.829Z	info	staff-logger	scenario/viewer.go:64	get livestream
2026-09-22T09:05:31.829Z	info	staff-logger	scenario/viewer.go:83	visit livestream
2026-09-22T09:05:31.926Z	info	staff-logger	scenario/viewer.go:32	basic viewer scenario
2026-09-22T09:05:31.926Z	info	staff-logger	scenario/viewer.go:56	visit top
2026-09-22T09:05:31.926Z	info	staff-logger	scenario/viewer.go:64	get livestream
2026-09-22T09:05:31.926Z	info	staff-logger	scenario/viewer.go:83	visit livestream
2026-09-22T09:05:31.945Z	info	staff-logger	scenario/viewer.go:32	basic viewer scenario
2026-09-22T09:05:31.945Z	info	staff-logger	scenario/viewer.go:56	visit top
2026-09-22T09:05:31.945Z	info	staff-logger	scenario/viewer.go:64	get livestream
2026-09-22T09:05:31.945Z	info	staff-logger	scenario/viewer.go:83	visit livestream
2026-09-22T09:05:31.949Z	info	staff-logger	scenario/viewer.go:32	basic viewer scenario
2026-09-22T09:05:31.949Z	info	staff-logger	scenario/viewer.go:56	visit top
2026-09-22T09:05:31.949Z	info	staff-logger	scenario/viewer.go:64	get livestream
2026-09-22T09:05:31.949Z	info	staff-logger	scenario/viewer.go:83	visit livestream
2026-09-22T09:05:31.969Z	info	staff-logger	scenario/viewer.go:32	basic viewer scenario
2026-09-22T09:05:31.969Z	info	staff-logger	scenario/viewer.go:56	visit top
2026-09-22T09:05:31.969Z	info	staff-logger	scenario/viewer.go:64	get livestream
2026-09-22T09:05:31.969Z	info	staff-logger	scenario/viewer.go:83	visit livestream
2026-09-22T09:05:32.005Z	info	staff-logger	scenario/viewer.go:90	get livestream stats
2026-09-22T09:05:32.090Z	info	staff-logger	scenario/viewer.go:32	basic viewer scenario
2026-09-22T09:05:32.090Z	info	staff-logger	scenario/viewer.go:56	visit top
2026-09-22T09:05:32.090Z	info	staff-logger	scenario/viewer.go:64	get livestream
2026-09-22T09:05:32.090Z	info	staff-logger	scenario/viewer.go:83	visit livestream
2026-09-22T09:05:32.186Z	info	staff-logger	scenario/viewer.go:32	basic viewer scenario
2026-09-22T09:05:32.187Z	info	staff-logger	scenario/viewer.go:56	visit top
2026-09-22T09:05:32.187Z	info	staff-logger	scenario/viewer.go:64	get livestream
2026-09-22T09:05:32.187Z	info	staff-logger	scenario/viewer.go:83	visit livestream
2026-09-22T09:05:32.208Z	info	staff-logger	scenario/viewer.go:32	basic viewer scenario
2026-09-22T09:05:32.208Z	info	staff-logger	scenario/viewer.go:56	visit top
2026-09-22T09:05:32.208Z	info	staff-logger	scenario/viewer.go:64	get livestream
2026-09-22T09:05:32.208Z	info	staff-logger	scenario/viewer.go:83	visit livestream
2026-09-22T09:05:32.233Z	info	staff-logger	scenario/viewer.go:32	basic viewer scenario
2026-09-22T09:05:32.233Z	info	staff-logger	scenario/viewer.go:56	visit top
2026-09-22T09:05:32.257Z	info	staff-logger	scenario/viewer.go:32	basic viewer scenario
2026-09-22T09:05:32.258Z	info	staff-logger	scenario/viewer.go:56	visit top
2026-09-22T09:05:32.339Z	info	staff-logger	scenario/streamer.go:48	change icon
2026-09-22T09:05:32.384Z	info	staff-logger	scenario/viewer.go:32	basic viewer scenario
2026-09-22T09:05:32.384Z	info	staff-logger	scenario/viewer.go:56	visit top
2026-09-22T09:05:32.384Z	info	staff-logger	scenario/viewer.go:64	get livestream
2026-09-22T09:05:32.384Z	info	staff-logger	scenario/viewer.go:83	visit livestream
2026-09-22T09:05:32.442Z	info	staff-logger	scenario/viewer.go:32	basic viewer scenario
2026-09-22T09:05:32.442Z	info	staff-logger	scenario/viewer.go:56	visit top
2026-09-22T09:05:32.442Z	info	staff-logger	scenario/viewer.go:64	get livestream
2026-09-22T09:05:32.442Z	info	staff-logger	scenario/viewer.go:83	visit livestream
2026-09-22T09:05:32.513Z	info	staff-logger	scenario/viewer.go:32	basic viewer scenario
2026-09-22T09:05:32.513Z	info	staff-logger	scenario/viewer.go:56	visit top
2026-09-22T09:05:32.513Z	info	staff-logger	scenario/viewer.go:64	get livestream
2026-09-22T09:05:32.513Z	info	staff-logger	scenario/viewer.go:83	visit livestream
2026-09-22T09:05:32.579Z	info	staff-logger	scenario/viewer.go:32	basic viewer scenario
2026-09-22T09:05:32.579Z	info	staff-logger	scenario/viewer.go:56	visit top
2026-09-22T09:05:32.579Z	info	staff-logger	scenario/viewer.go:64	get livestream
2026-09-22T09:05:32.579Z	info	staff-logger	scenario/viewer.go:83	visit livestream
2026-09-22T09:05:32.713Z	info	staff-logger	scenario/viewer.go:32	basic viewer scenario
2026-09-22T09:05:32.713Z	info	staff-logger	scenario/viewer.go:56	visit top
2026-09-22T09:05:32.713Z	info	staff-logger	scenario/viewer.go:64	get livestream
2026-09-22T09:05:32.713Z	info	staff-logger	scenario/viewer.go:83	visit livestream
2026-09-22T09:05:32.733Z	info	staff-logger	scenario/viewer.go:64	get livestream
2026-09-22T09:05:32.733Z	info	staff-logger	scenario/viewer.go:76	visit user profile
2026-09-22T09:05:32.757Z	info	staff-logger	scenario/viewer.go:64	get livestream
2026-09-22T09:05:32.757Z	info	staff-logger	scenario/viewer.go:76	visit user profile
2026-09-22T09:05:32.764Z	info	staff-logger	scenario/viewer.go:32	basic viewer scenario
2026-09-22T09:05:32.764Z	info	staff-logger	scenario/viewer.go:56	visit top
2026-09-22T09:05:32.779Z	info	staff-logger	scenario/viewer.go:32	basic viewer scenario
2026-09-22T09:05:32.779Z	info	staff-logger	scenario/viewer.go:56	visit top
2026-09-22T09:05:32.784Z	info	staff-logger	scenario/viewer.go:32	basic viewer scenario
2026-09-22T09:05:32.784Z	info	staff-logger	scenario/viewer.go:56	visit top
2026-09-22T09:05:32.784Z	info	staff-logger	scenario/viewer.go:64	get livestream
2026-09-22T09:05:32.784Z	info	staff-logger	scenario/viewer.go:83	visit livestream
2026-09-22T09:05:32.784Z	info	staff-logger	scenario/viewer.go:32	basic viewer scenario
2026-09-22T09:05:32.784Z	info	staff-logger	scenario/viewer.go:56	visit top
2026-09-22T09:05:32.784Z	info	staff-logger	scenario/viewer.go:64	get livestream
2026-09-22T09:05:32.784Z	info	staff-logger	scenario/viewer.go:83	visit livestream
2026-09-22T09:05:32.792Z	info	staff-logger	scenario/viewer.go:32	basic viewer scenario
2026-09-22T09:05:32.792Z	info	staff-logger	scenario/viewer.go:56	visit top
2026-09-22T09:05:32.792Z	info	staff-logger	scenario/viewer.go:64	get livestream
2026-09-22T09:05:32.792Z	info	staff-logger	scenario/viewer.go:83	visit livestream
2026-09-22T09:05:32.799Z	info	staff-logger	scenario/viewer.go:83	visit livestream
2026-09-22T09:05:32.820Z	info	staff-logger	scenario/viewer.go:83	visit livestream
2026-09-22T09:05:32.840Z	info	staff-logger	scenario/viewer.go:90	get livestream stats
2026-09-22T09:05:33.180Z	info	staff-logger	scenario/viewer.go:32	basic viewer scenario
2026-09-22T09:05:33.180Z	info	staff-logger	scenario/viewer.go:56	visit top
2026-09-22T09:05:33.180Z	info	staff-logger	scenario/viewer.go:64	get livestream
2026-09-22T09:05:33.180Z	info	staff-logger	scenario/viewer.go:83	visit livestream
2026-09-22T09:05:33.195Z	info	staff-logger	scenario/viewer.go:32	basic viewer scenario
2026-09-22T09:05:33.195Z	info	staff-logger	scenario/viewer.go:56	visit top
2026-09-22T09:05:33.195Z	info	staff-logger	scenario/viewer.go:64	get livestream
2026-09-22T09:05:33.195Z	info	staff-logger	scenario/viewer.go:83	visit livestream
2026-09-22T09:05:33.207Z	info	staff-logger	scenario/viewer.go:90	get livestream stats
2026-09-22T09:05:33.354Z	info	staff-logger	scenario/viewer.go:32	basic viewer scenario
2026-09-22T09:05:33.354Z	info	staff-logger	scenario/viewer.go:56	visit top
2026-09-22T09:05:33.354Z	info	staff-logger	scenario/viewer.go:64	get livestream
2026-09-22T09:05:33.354Z	info	staff-logger	scenario/viewer.go:83	visit livestream
2026-09-22T09:05:33.367Z	info	staff-logger	scenario/viewer.go:32	basic viewer scenario
2026-09-22T09:05:33.368Z	info	staff-logger	scenario/viewer.go:56	visit top
2026-09-22T09:05:33.368Z	info	staff-logger	scenario/viewer.go:64	get livestream
2026-09-22T09:05:33.368Z	info	staff-logger	scenario/viewer.go:64	get livestream
2026-09-22T09:05:33.368Z	info	staff-logger	scenario/viewer.go:83	visit livestream
2026-09-22T09:05:33.368Z	info	staff-logger	scenario/viewer.go:76	visit user profile
2026-09-22T09:05:33.409Z	info	staff-logger	scenario/viewer.go:64	get livestream
2026-09-22T09:05:33.409Z	info	staff-logger	scenario/viewer.go:76	visit user profile
2026-09-22T09:05:33.428Z	info	staff-logger	scenario/viewer.go:83	visit livestream
2026-09-22T09:05:33.428Z	info	staff-logger	scenario/viewer.go:32	basic viewer scenario
2026-09-22T09:05:33.428Z	info	staff-logger	scenario/viewer.go:56	visit top
2026-09-22T09:05:33.428Z	info	staff-logger	scenario/viewer.go:64	get livestream
2026-09-22T09:05:33.428Z	info	staff-logger	scenario/viewer.go:83	visit livestream
2026-09-22T09:05:33.489Z	info	staff-logger	scenario/viewer.go:32	basic viewer scenario
2026-09-22T09:05:33.489Z	info	staff-logger	scenario/viewer.go:56	visit top
2026-09-22T09:05:33.489Z	info	staff-logger	scenario/viewer.go:64	get livestream
2026-09-22T09:05:33.489Z	info	staff-logger	scenario/viewer.go:83	visit livestream
2026-09-22T09:05:33.495Z	info	staff-logger	scenario/viewer.go:83	visit livestream
2026-09-22T09:05:33.497Z	info	staff-logger	scenario/viewer.go:32	basic viewer scenario
2026-09-22T09:05:33.497Z	info	staff-logger	scenario/viewer.go:56	visit top
2026-09-22T09:05:33.497Z	info	staff-logger	scenario/viewer.go:64	get livestream
2026-09-22T09:05:33.497Z	info	staff-logger	scenario/viewer.go:83	visit livestream
2026-09-22T09:05:33.498Z	info	staff-logger	scenario/viewer.go:32	basic viewer scenario
2026-09-22T09:05:33.498Z	info	staff-logger	scenario/viewer.go:56	visit top
2026-09-22T09:05:33.521Z	info	staff-logger	scenario/viewer.go:90	get livestream stats
2026-09-22T09:05:33.552Z	info	staff-logger	scenario/viewer.go:32	basic viewer scenario
2026-09-22T09:05:33.552Z	info	staff-logger	scenario/viewer.go:56	visit top
2026-09-22T09:05:33.552Z	info	staff-logger	scenario/viewer.go:64	get livestream
2026-09-22T09:05:33.552Z	info	staff-logger	scenario/viewer.go:83	visit livestream
2026-09-22T09:05:33.562Z	info	staff-logger	scenario/viewer.go:32	basic viewer scenario
2026-09-22T09:05:33.563Z	info	staff-logger	scenario/viewer.go:56	visit top
2026-09-22T09:05:33.563Z	info	staff-logger	scenario/viewer.go:64	get livestream
2026-09-22T09:05:33.563Z	info	staff-logger	scenario/viewer.go:83	visit livestream
2026-09-22T09:05:33.586Z	info	staff-logger	scenario/viewer.go:90	get livestream stats
2026-09-22T09:05:33.596Z	info	staff-logger	scenario/viewer.go:32	basic viewer scenario
2026-09-22T09:05:33.596Z	info	staff-logger	scenario/viewer.go:56	visit top
2026-09-22T09:05:33.596Z	info	staff-logger	scenario/viewer.go:64	get livestream
2026-09-22T09:05:33.596Z	info	staff-logger	scenario/viewer.go:83	visit livestream
2026-09-22T09:05:33.628Z	info	staff-logger	scenario/streamer.go:48	change icon
2026-09-22T09:05:33.708Z	info	staff-logger	scenario/viewer.go:32	basic viewer scenario
2026-09-22T09:05:33.708Z	info	staff-logger	scenario/viewer.go:56	visit top
2026-09-22T09:05:33.708Z	info	staff-logger	scenario/viewer.go:64	get livestream
2026-09-22T09:05:33.708Z	info	staff-logger	scenario/viewer.go:83	visit livestream
2026-09-22T09:05:33.716Z	info	staff-logger	scenario/viewer.go:32	basic viewer scenario
2026-09-22T09:05:33.716Z	info	staff-logger	scenario/viewer.go:56	visit top
2026-09-22T09:05:33.831Z	info	staff-logger	scenario/viewer.go:32	basic viewer scenario
2026-09-22T09:05:33.831Z	info	staff-logger	scenario/viewer.go:56	visit top
2026-09-22T09:05:33.831Z	info	staff-logger	scenario/viewer.go:64	get livestream
2026-09-22T09:05:33.831Z	info	staff-logger	scenario/viewer.go:83	visit livestream
2026-09-22T09:05:33.893Z	info	staff-logger	scenario/viewer.go:32	basic viewer scenario
2026-09-22T09:05:33.893Z	info	staff-logger	scenario/viewer.go:56	visit top
2026-09-22T09:05:33.893Z	info	staff-logger	scenario/viewer.go:64	get livestream
2026-09-22T09:05:33.893Z	info	staff-logger	scenario/viewer.go:83	visit livestream
2026-09-22T09:05:33.962Z	info	staff-logger	scenario/viewer.go:32	basic viewer scenario
2026-09-22T09:05:33.962Z	info	staff-logger	scenario/viewer.go:56	visit top
2026-09-22T09:05:33.962Z	info	staff-logger	scenario/viewer.go:64	get livestream
2026-09-22T09:05:33.962Z	info	staff-logger	scenario/viewer.go:83	visit livestream
2026-09-22T09:05:33.996Z	info	staff-logger	scenario/viewer.go:90	get livestream stats
2026-09-22T09:05:34.039Z	info	staff-logger	scenario/viewer.go:32	basic viewer scenario
2026-09-22T09:05:34.039Z	info	staff-logger	scenario/viewer.go:56	visit top
2026-09-22T09:05:34.039Z	info	staff-logger	scenario/viewer.go:64	get livestream
2026-09-22T09:05:34.039Z	info	staff-logger	scenario/viewer.go:83	visit livestream
2026-09-22T09:05:34.094Z	info	staff-logger	scenario/viewer.go:32	basic viewer scenario
2026-09-22T09:05:34.094Z	info	staff-logger	scenario/viewer.go:56	visit top
2026-09-22T09:05:34.094Z	info	staff-logger	scenario/viewer.go:64	get livestream
2026-09-22T09:05:34.094Z	info	staff-logger	scenario/viewer.go:83	visit livestream
2026-09-22T09:05:34.112Z	info	staff-logger	scenario/viewer.go:64	get livestream
2026-09-22T09:05:34.112Z	info	staff-logger	scenario/viewer.go:76	visit user profile
2026-09-22T09:05:34.161Z	info	staff-logger	scenario/viewer.go:83	visit livestream
2026-09-22T09:05:34.256Z	info	staff-logger	scenario/viewer.go:32	basic viewer scenario
2026-09-22T09:05:34.256Z	info	staff-logger	scenario/viewer.go:56	visit top
2026-09-22T09:05:34.256Z	info	staff-logger	scenario/viewer.go:64	get livestream
2026-09-22T09:05:34.256Z	info	staff-logger	scenario/viewer.go:83	visit livestream
2026-09-22T09:05:34.319Z	info	staff-logger	scenario/viewer.go:32	basic viewer scenario
2026-09-22T09:05:34.319Z	info	staff-logger	scenario/viewer.go:56	visit top
2026-09-22T09:05:34.319Z	info	staff-logger	scenario/viewer.go:64	get livestream
2026-09-22T09:05:34.319Z	info	staff-logger	scenario/viewer.go:83	visit livestream
2026-09-22T09:05:34.340Z	info	staff-logger	scenario/viewer.go:64	get livestream
2026-09-22T09:05:34.341Z	info	staff-logger	scenario/viewer.go:76	visit user profile
2026-09-22T09:05:34.366Z	info	staff-logger	scenario/viewer.go:32	basic viewer scenario
2026-09-22T09:05:34.366Z	info	staff-logger	scenario/viewer.go:56	visit top
2026-09-22T09:05:34.366Z	info	staff-logger	scenario/viewer.go:64	get livestream
2026-09-22T09:05:34.366Z	info	staff-logger	scenario/viewer.go:83	visit livestream
2026-09-22T09:05:34.408Z	info	staff-logger	scenario/viewer.go:83	visit livestream
2026-09-22T09:05:34.430Z	info	staff-logger	scenario/viewer.go:32	basic viewer scenario
2026-09-22T09:05:34.430Z	info	staff-logger	scenario/viewer.go:56	visit top
2026-09-22T09:05:34.430Z	info	staff-logger	scenario/viewer.go:64	get livestream
2026-09-22T09:05:34.430Z	info	staff-logger	scenario/viewer.go:83	visit livestream
2026-09-22T09:05:34.441Z	info	staff-logger	scenario/viewer.go:32	basic viewer scenario
2026-09-22T09:05:34.442Z	info	staff-logger	scenario/viewer.go:56	visit top
2026-09-22T09:05:34.442Z	info	staff-logger	scenario/viewer.go:64	get livestream
2026-09-22T09:05:34.442Z	info	staff-logger	scenario/viewer.go:83	visit livestream
2026-09-22T09:05:34.486Z	warn	staff-logger	scenario/viewer.go:178	viewer_spam: failed to post livecomment (moderated spam): benchmark-application: [一般エラー] POST /api/livestream/7592/livecomment へのリクエストに対して、期待されたHTTPステータスコードが確認できませんでした (expected:400, actual:201)

2026-09-22T09:05:34.650Z	info	staff-logger	scenario/viewer.go:32	basic viewer scenario
2026-09-22T09:05:34.650Z	info	staff-logger	scenario/viewer.go:56	visit top
2026-09-22T09:05:34.650Z	info	staff-logger	scenario/viewer.go:64	get livestream
2026-09-22T09:05:34.650Z	info	staff-logger	scenario/viewer.go:83	visit livestream
2026-09-22T09:05:34.843Z	info	staff-logger	scenario/viewer.go:32	basic viewer scenario
2026-09-22T09:05:34.843Z	info	staff-logger	scenario/viewer.go:56	visit top
2026-09-22T09:05:34.843Z	info	staff-logger	scenario/viewer.go:64	get livestream
2026-09-22T09:05:34.843Z	info	staff-logger	scenario/viewer.go:83	visit livestream
2026-09-22T09:05:34.890Z	info	staff-logger	scenario/viewer.go:32	basic viewer scenario
2026-09-22T09:05:34.890Z	info	staff-logger	scenario/viewer.go:56	visit top
2026-09-22T09:05:34.890Z	info	staff-logger	scenario/viewer.go:64	get livestream
2026-09-22T09:05:34.890Z	info	staff-logger	scenario/viewer.go:83	visit livestream
2026-09-22T09:05:34.944Z	info	staff-logger	scenario/viewer.go:32	basic viewer scenario
2026-09-22T09:05:34.944Z	info	staff-logger	scenario/viewer.go:56	visit top
2026-09-22T09:05:34.944Z	info	staff-logger	scenario/viewer.go:64	get livestream
2026-09-22T09:05:34.944Z	info	staff-logger	scenario/viewer.go:83	visit livestream
2026-09-22T09:05:35.002Z	info	staff-logger	scenario/viewer.go:32	basic viewer scenario
2026-09-22T09:05:35.002Z	info	staff-logger	scenario/viewer.go:56	visit top
2026-09-22T09:05:35.002Z	info	staff-logger	scenario/viewer.go:64	get livestream
2026-09-22T09:05:35.002Z	info	staff-logger	scenario/viewer.go:83	visit livestream
2026-09-22T09:05:35.059Z	info	staff-logger	scenario/viewer.go:32	basic viewer scenario
2026-09-22T09:05:35.059Z	info	staff-logger	scenario/viewer.go:56	visit top
2026-09-22T09:05:35.059Z	info	staff-logger	scenario/viewer.go:64	get livestream
2026-09-22T09:05:35.059Z	info	staff-logger	scenario/viewer.go:83	visit livestream
2026-09-22T09:05:35.063Z	info	staff-logger	scenario/streamer.go:48	change icon
2026-09-22T09:05:35.215Z	info	staff-logger	scenario/viewer.go:32	basic viewer scenario
2026-09-22T09:05:35.215Z	info	staff-logger	scenario/viewer.go:56	visit top
2026-09-22T09:05:35.215Z	info	staff-logger	scenario/viewer.go:64	get livestream
2026-09-22T09:05:35.215Z	info	staff-logger	scenario/viewer.go:83	visit livestream
2026-09-22T09:05:35.235Z	info	staff-logger	scenario/viewer.go:90	get livestream stats
2026-09-22T09:05:35.246Z	info	staff-logger	scenario/viewer.go:32	basic viewer scenario
2026-09-22T09:05:35.246Z	info	staff-logger	scenario/viewer.go:56	visit top
2026-09-22T09:05:35.246Z	info	staff-logger	scenario/viewer.go:64	get livestream
2026-09-22T09:05:35.246Z	info	staff-logger	scenario/viewer.go:83	visit livestream
2026-09-22T09:05:35.255Z	info	staff-logger	scenario/viewer.go:32	basic viewer scenario
2026-09-22T09:05:35.255Z	info	staff-logger	scenario/viewer.go:56	visit top
2026-09-22T09:05:35.255Z	info	staff-logger	scenario/viewer.go:64	get livestream
2026-09-22T09:05:35.255Z	info	staff-logger	scenario/viewer.go:83	visit livestream
2026-09-22T09:05:35.292Z	info	staff-logger	scenario/viewer.go:32	basic viewer scenario
2026-09-22T09:05:35.292Z	info	staff-logger	scenario/viewer.go:56	visit top
2026-09-22T09:05:35.292Z	info	staff-logger	scenario/viewer.go:64	get livestream
2026-09-22T09:05:35.292Z	info	staff-logger	scenario/viewer.go:83	visit livestream
2026-09-22T09:05:35.380Z	info	staff-logger	scenario/viewer.go:32	basic viewer scenario
2026-09-22T09:05:35.380Z	info	staff-logger	scenario/viewer.go:56	visit top
2026-09-22T09:05:35.380Z	info	staff-logger	scenario/viewer.go:64	get livestream
2026-09-22T09:05:35.380Z	info	staff-logger	scenario/viewer.go:83	visit livestream
2026-09-22T09:05:35.392Z	info	staff-logger	scenario/viewer.go:32	basic viewer scenario
2026-09-22T09:05:35.392Z	info	staff-logger	scenario/viewer.go:56	visit top
2026-09-22T09:05:35.392Z	info	staff-logger	scenario/viewer.go:64	get livestream
2026-09-22T09:05:35.392Z	info	staff-logger	scenario/viewer.go:83	visit livestream
2026-09-22T09:05:35.495Z	info	staff-logger	scenario/viewer.go:32	basic viewer scenario
2026-09-22T09:05:35.495Z	info	staff-logger	scenario/viewer.go:56	visit top
2026-09-22T09:05:35.495Z	info	staff-logger	scenario/viewer.go:64	get livestream
2026-09-22T09:05:35.495Z	info	staff-logger	scenario/viewer.go:83	visit livestream
2026-09-22T09:05:35.566Z	info	staff-logger	scenario/viewer.go:32	basic viewer scenario
2026-09-22T09:05:35.566Z	info	staff-logger	scenario/viewer.go:56	visit top
2026-09-22T09:05:35.566Z	info	staff-logger	scenario/viewer.go:64	get livestream
2026-09-22T09:05:35.566Z	info	staff-logger	scenario/viewer.go:83	visit livestream
2026-09-22T09:05:35.598Z	info	staff-logger	scenario/viewer.go:32	basic viewer scenario
2026-09-22T09:05:35.598Z	info	staff-logger	scenario/viewer.go:56	visit top
2026-09-22T09:05:35.598Z	info	staff-logger	scenario/viewer.go:64	get livestream
2026-09-22T09:05:35.599Z	info	staff-logger	scenario/viewer.go:83	visit livestream
2026-09-22T09:05:35.761Z	info	staff-logger	scenario/viewer.go:32	basic viewer scenario
2026-09-22T09:05:35.761Z	info	staff-logger	scenario/viewer.go:56	visit top
2026-09-22T09:05:35.761Z	info	staff-logger	scenario/viewer.go:64	get livestream
2026-09-22T09:05:35.761Z	info	staff-logger	scenario/viewer.go:83	visit livestream
2026-09-22T09:05:35.830Z	info	staff-logger	scenario/viewer.go:32	basic viewer scenario
2026-09-22T09:05:35.830Z	info	staff-logger	scenario/viewer.go:56	visit top
2026-09-22T09:05:35.830Z	info	staff-logger	scenario/viewer.go:64	get livestream
2026-09-22T09:05:35.830Z	info	staff-logger	scenario/viewer.go:83	visit livestream
2026-09-22T09:05:36.079Z	info	staff-logger	scenario/viewer.go:32	basic viewer scenario
2026-09-22T09:05:36.079Z	info	staff-logger	scenario/viewer.go:56	visit top
2026-09-22T09:05:36.080Z	info	staff-logger	scenario/viewer.go:64	get livestream
2026-09-22T09:05:36.080Z	info	staff-logger	scenario/viewer.go:83	visit livestream
2026-09-22T09:05:36.341Z	info	staff-logger	scenario/viewer.go:32	basic viewer scenario
2026-09-22T09:05:36.341Z	info	staff-logger	scenario/viewer.go:56	visit top
2026-09-22T09:05:36.341Z	info	staff-logger	scenario/viewer.go:64	get livestream
2026-09-22T09:05:36.341Z	info	staff-logger	scenario/viewer.go:83	visit livestream
2026-09-22T09:05:36.416Z	info	staff-logger	scenario/viewer.go:32	basic viewer scenario
2026-09-22T09:05:36.416Z	info	staff-logger	scenario/viewer.go:56	visit top
2026-09-22T09:05:36.416Z	info	staff-logger	scenario/viewer.go:64	get livestream
2026-09-22T09:05:36.416Z	info	staff-logger	scenario/viewer.go:83	visit livestream
2026-09-22T09:05:36.443Z	info	staff-logger	scenario/viewer.go:32	basic viewer scenario
2026-09-22T09:05:36.443Z	info	staff-logger	scenario/viewer.go:56	visit top
2026-09-22T09:05:36.443Z	info	staff-logger	scenario/viewer.go:64	get livestream
2026-09-22T09:05:36.443Z	info	staff-logger	scenario/viewer.go:83	visit livestream
2026-09-22T09:05:36.506Z	info	staff-logger	scenario/viewer.go:32	basic viewer scenario
2026-09-22T09:05:36.506Z	info	staff-logger	scenario/viewer.go:56	visit top
2026-09-22T09:05:36.506Z	info	staff-logger	scenario/viewer.go:64	get livestream
2026-09-22T09:05:36.506Z	info	staff-logger	scenario/viewer.go:83	visit livestream
2026-09-22T09:05:36.532Z	warn	staff-logger	scenario/viewer.go:178	viewer_spam: failed to post livecomment (moderated spam): benchmark-application: [一般エラー] POST /api/livestream/7711/livecomment へのリクエストに対して、期待されたHTTPステータスコードが確認できませんでした (expected:400, actual:201)

2026-09-22T09:05:36.604Z	info	staff-logger	scenario/viewer.go:32	basic viewer scenario
2026-09-22T09:05:36.604Z	info	staff-logger	scenario/viewer.go:56	visit top
2026-09-22T09:05:36.604Z	info	staff-logger	scenario/viewer.go:64	get livestream
2026-09-22T09:05:36.604Z	info	staff-logger	scenario/viewer.go:83	visit livestream
2026-09-22T09:05:36.604Z	info	staff-logger	scenario/viewer.go:32	basic viewer scenario
2026-09-22T09:05:36.604Z	info	staff-logger	scenario/viewer.go:56	visit top
2026-09-22T09:05:36.604Z	info	staff-logger	scenario/viewer.go:64	get livestream
2026-09-22T09:05:36.604Z	info	staff-logger	scenario/viewer.go:83	visit livestream
2026-09-22T09:05:36.610Z	info	staff-logger	scenario/viewer.go:32	basic viewer scenario
2026-09-22T09:05:36.610Z	info	staff-logger	scenario/viewer.go:56	visit top
2026-09-22T09:05:36.610Z	info	staff-logger	scenario/viewer.go:64	get livestream
2026-09-22T09:05:36.610Z	info	staff-logger	scenario/viewer.go:83	visit livestream
2026-09-22T09:05:36.627Z	info	staff-logger	scenario/streamer.go:48	change icon
2026-09-22T09:05:36.646Z	info	staff-logger	scenario/viewer.go:90	get livestream stats
2026-09-22T09:05:36.652Z	info	staff-logger	scenario/viewer.go:32	basic viewer scenario
2026-09-22T09:05:36.652Z	info	staff-logger	scenario/viewer.go:56	visit top
2026-09-22T09:05:36.652Z	info	staff-logger	scenario/viewer.go:64	get livestream
2026-09-22T09:05:36.652Z	info	staff-logger	scenario/viewer.go:83	visit livestream
2026-09-22T09:05:36.685Z	info	staff-logger	scenario/viewer.go:32	basic viewer scenario
2026-09-22T09:05:36.685Z	info	staff-logger	scenario/viewer.go:56	visit top
2026-09-22T09:05:36.749Z	info	staff-logger	scenario/viewer.go:32	basic viewer scenario
2026-09-22T09:05:36.749Z	info	staff-logger	scenario/viewer.go:56	visit top
2026-09-22T09:05:36.749Z	info	staff-logger	scenario/viewer.go:64	get livestream
2026-09-22T09:05:36.749Z	info	staff-logger	scenario/viewer.go:83	visit livestream
2026-09-22T09:05:36.834Z	info	staff-logger	scenario/viewer.go:32	basic viewer scenario
2026-09-22T09:05:36.834Z	info	staff-logger	scenario/viewer.go:56	visit top
2026-09-22T09:05:36.834Z	info	staff-logger	scenario/viewer.go:64	get livestream
2026-09-22T09:05:36.834Z	info	staff-logger	scenario/viewer.go:83	visit livestream
2026-09-22T09:05:36.834Z	info	staff-logger	scenario/viewer.go:32	basic viewer scenario
2026-09-22T09:05:36.834Z	info	staff-logger	scenario/viewer.go:56	visit top
2026-09-22T09:05:36.835Z	info	staff-logger	scenario/viewer.go:64	get livestream
2026-09-22T09:05:36.835Z	info	staff-logger	scenario/viewer.go:83	visit livestream
2026-09-22T09:05:36.859Z	info	staff-logger	scenario/viewer.go:90	get livestream stats
2026-09-22T09:05:36.962Z	info	staff-logger	scenario/viewer.go:32	basic viewer scenario
2026-09-22T09:05:36.962Z	info	staff-logger	scenario/viewer.go:56	visit top
2026-09-22T09:05:36.962Z	info	staff-logger	scenario/viewer.go:64	get livestream
2026-09-22T09:05:36.962Z	info	staff-logger	scenario/viewer.go:83	visit livestream
2026-09-22T09:05:36.995Z	info	staff-logger	scenario/viewer.go:32	basic viewer scenario
2026-09-22T09:05:36.995Z	info	staff-logger	scenario/viewer.go:56	visit top
2026-09-22T09:05:36.995Z	info	staff-logger	scenario/viewer.go:64	get livestream
2026-09-22T09:05:36.995Z	info	staff-logger	scenario/viewer.go:83	visit livestream
2026-09-22T09:05:37.201Z	info	staff-logger	scenario/viewer.go:32	basic viewer scenario
2026-09-22T09:05:37.201Z	info	staff-logger	scenario/viewer.go:56	visit top
2026-09-22T09:05:37.201Z	info	staff-logger	scenario/viewer.go:64	get livestream
2026-09-22T09:05:37.201Z	info	staff-logger	scenario/viewer.go:83	visit livestream
2026-09-22T09:05:37.314Z	info	staff-logger	scenario/viewer.go:32	basic viewer scenario
2026-09-22T09:05:37.314Z	info	staff-logger	scenario/viewer.go:56	visit top
2026-09-22T09:05:37.314Z	info	staff-logger	scenario/viewer.go:64	get livestream
2026-09-22T09:05:37.314Z	info	staff-logger	scenario/viewer.go:83	visit livestream
2026-09-22T09:05:37.375Z	info	staff-logger	scenario/viewer.go:32	basic viewer scenario
2026-09-22T09:05:37.376Z	info	staff-logger	scenario/viewer.go:56	visit top
2026-09-22T09:05:37.376Z	info	staff-logger	scenario/viewer.go:64	get livestream
2026-09-22T09:05:37.376Z	info	staff-logger	scenario/viewer.go:83	visit livestream
2026-09-22T09:05:37.398Z	info	staff-logger	scenario/viewer.go:32	basic viewer scenario
2026-09-22T09:05:37.399Z	info	staff-logger	scenario/viewer.go:56	visit top
2026-09-22T09:05:37.399Z	info	staff-logger	scenario/viewer.go:64	get livestream
2026-09-22T09:05:37.399Z	info	staff-logger	scenario/viewer.go:83	visit livestream
2026-09-22T09:05:37.435Z	info	staff-logger	scenario/viewer.go:64	get livestream
2026-09-22T09:05:37.435Z	info	staff-logger	scenario/viewer.go:76	visit user profile
2026-09-22T09:05:37.504Z	info	staff-logger	scenario/viewer.go:83	visit livestream
2026-09-22T09:05:37.535Z	info	staff-logger	scenario/viewer.go:32	basic viewer scenario
2026-09-22T09:05:37.535Z	info	staff-logger	scenario/viewer.go:56	visit top
2026-09-22T09:05:37.535Z	info	staff-logger	scenario/viewer.go:64	get livestream
2026-09-22T09:05:37.535Z	info	staff-logger	scenario/viewer.go:83	visit livestream
2026-09-22T09:05:37.642Z	info	staff-logger	scenario/viewer.go:32	basic viewer scenario
2026-09-22T09:05:37.642Z	info	staff-logger	scenario/viewer.go:56	visit top
2026-09-22T09:05:37.642Z	info	staff-logger	scenario/viewer.go:64	get livestream
2026-09-22T09:05:37.642Z	info	staff-logger	scenario/viewer.go:83	visit livestream
2026-09-22T09:05:37.652Z	info	staff-logger	scenario/viewer.go:32	basic viewer scenario
2026-09-22T09:05:37.652Z	info	staff-logger	scenario/viewer.go:56	visit top
2026-09-22T09:05:37.652Z	info	staff-logger	scenario/viewer.go:64	get livestream
2026-09-22T09:05:37.652Z	info	staff-logger	scenario/viewer.go:83	visit livestream
2026-09-22T09:05:37.674Z	info	staff-logger	scenario/viewer.go:32	basic viewer scenario
2026-09-22T09:05:37.674Z	info	staff-logger	scenario/viewer.go:56	visit top
2026-09-22T09:05:37.674Z	info	staff-logger	scenario/viewer.go:64	get livestream
2026-09-22T09:05:37.674Z	info	staff-logger	scenario/viewer.go:83	visit livestream
2026-09-22T09:05:37.696Z	info	staff-logger	scenario/viewer.go:32	basic viewer scenario
2026-09-22T09:05:37.696Z	info	staff-logger	scenario/viewer.go:56	visit top
2026-09-22T09:05:37.696Z	info	staff-logger	scenario/viewer.go:64	get livestream
2026-09-22T09:05:37.696Z	info	staff-logger	scenario/viewer.go:83	visit livestream
2026-09-22T09:05:37.759Z	info	staff-logger	scenario/streamer.go:48	change icon
2026-09-22T09:05:37.772Z	info	staff-logger	scenario/viewer.go:32	basic viewer scenario
2026-09-22T09:05:37.772Z	info	staff-logger	scenario/viewer.go:56	visit top
2026-09-22T09:05:37.819Z	info	staff-logger	scenario/streamer.go:48	change icon
2026-09-22T09:05:37.999Z	info	staff-logger	scenario/streamer.go:48	change icon
2026-09-22T09:05:38.222Z	info	staff-logger	scenario/streamer.go:48	change icon
2026-09-22T09:05:38.235Z	info	staff-logger	scenario/viewer.go:32	basic viewer scenario
2026-09-22T09:05:38.235Z	info	staff-logger	scenario/viewer.go:56	visit top
2026-09-22T09:05:38.235Z	info	staff-logger	scenario/viewer.go:64	get livestream
2026-09-22T09:05:38.235Z	info	staff-logger	scenario/viewer.go:83	visit livestream
2026-09-22T09:05:38.270Z	info	staff-logger	scenario/viewer.go:32	basic viewer scenario
2026-09-22T09:05:38.270Z	info	staff-logger	scenario/viewer.go:56	visit top
2026-09-22T09:05:38.270Z	info	staff-logger	scenario/viewer.go:64	get livestream
2026-09-22T09:05:38.270Z	info	staff-logger	scenario/viewer.go:83	visit livestream
2026-09-22T09:05:38.331Z	info	staff-logger	scenario/viewer.go:32	basic viewer scenario
2026-09-22T09:05:38.331Z	info	staff-logger	scenario/viewer.go:56	visit top
2026-09-22T09:05:38.331Z	info	staff-logger	scenario/viewer.go:64	get livestream
2026-09-22T09:05:38.331Z	info	staff-logger	scenario/viewer.go:83	visit livestream
2026-09-22T09:05:38.417Z	info	staff-logger	scenario/viewer.go:32	basic viewer scenario
2026-09-22T09:05:38.417Z	info	staff-logger	scenario/viewer.go:56	visit top
2026-09-22T09:05:38.417Z	info	staff-logger	scenario/viewer.go:64	get livestream
2026-09-22T09:05:38.417Z	info	staff-logger	scenario/viewer.go:83	visit livestream
2026-09-22T09:05:38.499Z	info	staff-logger	scenario/viewer.go:64	get livestream
2026-09-22T09:05:38.499Z	info	staff-logger	scenario/viewer.go:76	visit user profile
2026-09-22T09:05:38.544Z	info	staff-logger	scenario/viewer.go:32	basic viewer scenario
2026-09-22T09:05:38.544Z	info	staff-logger	scenario/viewer.go:56	visit top
2026-09-22T09:05:38.544Z	info	staff-logger	scenario/viewer.go:64	get livestream
2026-09-22T09:05:38.544Z	info	staff-logger	scenario/viewer.go:83	visit livestream
2026-09-22T09:05:38.570Z	info	staff-logger	scenario/viewer.go:32	basic viewer scenario
2026-09-22T09:05:38.570Z	info	staff-logger	scenario/viewer.go:56	visit top
2026-09-22T09:05:38.570Z	info	staff-logger	scenario/viewer.go:64	get livestream
2026-09-22T09:05:38.570Z	info	staff-logger	scenario/viewer.go:83	visit livestream
2026-09-22T09:05:38.588Z	info	staff-logger	scenario/viewer.go:83	visit livestream
2026-09-22T09:05:38.700Z	info	staff-logger	scenario/viewer.go:32	basic viewer scenario
2026-09-22T09:05:38.701Z	info	staff-logger	scenario/viewer.go:56	visit top
2026-09-22T09:05:38.701Z	info	staff-logger	scenario/viewer.go:64	get livestream
2026-09-22T09:05:38.701Z	info	staff-logger	scenario/viewer.go:83	visit livestream
2026-09-22T09:05:38.740Z	info	staff-logger	scenario/streamer.go:48	change icon
2026-09-22T09:05:38.837Z	info	staff-logger	scenario/viewer.go:32	basic viewer scenario
2026-09-22T09:05:38.837Z	info	staff-logger	scenario/viewer.go:56	visit top
2026-09-22T09:05:38.864Z	info	staff-logger	scenario/viewer.go:32	basic viewer scenario
2026-09-22T09:05:38.864Z	info	staff-logger	scenario/viewer.go:56	visit top
2026-09-22T09:05:38.864Z	info	staff-logger	scenario/viewer.go:64	get livestream
2026-09-22T09:05:38.864Z	info	staff-logger	scenario/viewer.go:83	visit livestream
2026-09-22T09:05:38.977Z	info	staff-logger	scenario/viewer.go:32	basic viewer scenario
2026-09-22T09:05:38.977Z	info	staff-logger	scenario/viewer.go:56	visit top
2026-09-22T09:05:38.977Z	info	staff-logger	scenario/viewer.go:64	get livestream
2026-09-22T09:05:38.977Z	info	staff-logger	scenario/viewer.go:83	visit livestream
2026-09-22T09:05:39.026Z	info	staff-logger	scenario/viewer.go:32	basic viewer scenario
2026-09-22T09:05:39.026Z	info	staff-logger	scenario/viewer.go:56	visit top
2026-09-22T09:05:39.026Z	info	staff-logger	scenario/viewer.go:64	get livestream
2026-09-22T09:05:39.026Z	info	staff-logger	scenario/viewer.go:83	visit livestream
2026-09-22T09:05:39.033Z	info	staff-logger	scenario/viewer.go:32	basic viewer scenario
2026-09-22T09:05:39.033Z	info	staff-logger	scenario/viewer.go:56	visit top
2026-09-22T09:05:39.033Z	info	staff-logger	scenario/viewer.go:64	get livestream
2026-09-22T09:05:39.033Z	info	staff-logger	scenario/viewer.go:83	visit livestream
2026-09-22T09:05:39.063Z	warn	staff-logger	scenario/viewer.go:178	viewer_spam: failed to post livecomment (moderated spam): benchmark-application: [一般エラー] POST /api/livestream/7790/livecomment へのリクエストに対して、期待されたHTTPステータスコードが確認できませんでした (expected:400, actual:201)

2026-09-22T09:05:39.090Z	info	staff-logger	scenario/viewer.go:32	basic viewer scenario
2026-09-22T09:05:39.090Z	info	staff-logger	scenario/viewer.go:56	visit top
2026-09-22T09:05:39.090Z	info	staff-logger	scenario/viewer.go:64	get livestream
2026-09-22T09:05:39.090Z	info	staff-logger	scenario/viewer.go:83	visit livestream
2026-09-22T09:05:39.177Z	info	staff-logger	scenario/viewer.go:32	basic viewer scenario
2026-09-22T09:05:39.177Z	info	staff-logger	scenario/viewer.go:56	visit top
2026-09-22T09:05:39.177Z	info	staff-logger	scenario/viewer.go:64	get livestream
2026-09-22T09:05:39.177Z	info	staff-logger	scenario/viewer.go:83	visit livestream
2026-09-22T09:05:39.250Z	info	staff-logger	scenario/viewer.go:32	basic viewer scenario
2026-09-22T09:05:39.250Z	info	staff-logger	scenario/viewer.go:56	visit top
2026-09-22T09:05:39.250Z	info	staff-logger	scenario/viewer.go:64	get livestream
2026-09-22T09:05:39.250Z	info	staff-logger	scenario/viewer.go:83	visit livestream
2026-09-22T09:05:39.614Z	info	staff-logger	scenario/viewer.go:64	get livestream
2026-09-22T09:05:39.614Z	info	staff-logger	scenario/viewer.go:76	visit user profile
2026-09-22T09:05:39.615Z	info	staff-logger	scenario/streamer.go:48	change icon
2026-09-22T09:05:39.686Z	info	staff-logger	scenario/viewer.go:83	visit livestream
2026-09-22T09:05:39.691Z	info	staff-logger	scenario/viewer.go:32	basic viewer scenario
2026-09-22T09:05:39.691Z	info	staff-logger	scenario/viewer.go:56	visit top
2026-09-22T09:05:39.691Z	info	staff-logger	scenario/viewer.go:64	get livestream
2026-09-22T09:05:39.691Z	info	staff-logger	scenario/viewer.go:83	visit livestream
2026-09-22T09:05:39.820Z	info	staff-logger	scenario/viewer.go:32	basic viewer scenario
2026-09-22T09:05:39.820Z	info	staff-logger	scenario/viewer.go:56	visit top
2026-09-22T09:05:39.820Z	info	staff-logger	scenario/viewer.go:64	get livestream
2026-09-22T09:05:39.820Z	info	staff-logger	scenario/viewer.go:83	visit livestream
2026-09-22T09:05:39.866Z	info	staff-logger	scenario/viewer.go:32	basic viewer scenario
2026-09-22T09:05:39.867Z	info	staff-logger	scenario/viewer.go:56	visit top
2026-09-22T09:05:39.867Z	info	staff-logger	scenario/viewer.go:64	get livestream
2026-09-22T09:05:39.867Z	info	staff-logger	scenario/viewer.go:83	visit livestream
2026-09-22T09:05:39.988Z	info	staff-logger	scenario/viewer.go:32	basic viewer scenario
2026-09-22T09:05:39.988Z	info	staff-logger	scenario/viewer.go:56	visit top
2026-09-22T09:05:39.988Z	info	staff-logger	scenario/viewer.go:64	get livestream
2026-09-22T09:05:39.988Z	info	staff-logger	scenario/viewer.go:83	visit livestream
2026-09-22T09:05:39.995Z	info	staff-logger	scenario/viewer.go:32	basic viewer scenario
2026-09-22T09:05:39.995Z	info	staff-logger	scenario/viewer.go:56	visit top
2026-09-22T09:05:39.995Z	info	staff-logger	scenario/viewer.go:64	get livestream
2026-09-22T09:05:39.995Z	info	staff-logger	scenario/viewer.go:83	visit livestream
2026-09-22T09:05:40.021Z	info	staff-logger	scenario/viewer.go:32	basic viewer scenario
2026-09-22T09:05:40.021Z	info	staff-logger	scenario/viewer.go:56	visit top
2026-09-22T09:05:40.021Z	info	staff-logger	scenario/viewer.go:64	get livestream
2026-09-22T09:05:40.021Z	info	staff-logger	scenario/viewer.go:83	visit livestream
2026-09-22T09:05:40.052Z	info	staff-logger	scenario/viewer.go:32	basic viewer scenario
2026-09-22T09:05:40.052Z	info	staff-logger	scenario/viewer.go:56	visit top
2026-09-22T09:05:40.052Z	info	staff-logger	scenario/viewer.go:64	get livestream
2026-09-22T09:05:40.052Z	info	staff-logger	scenario/viewer.go:83	visit livestream
2026-09-22T09:05:40.109Z	info	staff-logger	scenario/streamer.go:48	change icon
2026-09-22T09:05:40.112Z	info	staff-logger	scenario/viewer.go:32	basic viewer scenario
2026-09-22T09:05:40.112Z	info	staff-logger	scenario/viewer.go:56	visit top
2026-09-22T09:05:40.112Z	info	staff-logger	scenario/viewer.go:64	get livestream
2026-09-22T09:05:40.112Z	info	staff-logger	scenario/viewer.go:83	visit livestream
2026-09-22T09:05:40.182Z	info	staff-logger	scenario/viewer.go:32	basic viewer scenario
2026-09-22T09:05:40.182Z	info	staff-logger	scenario/viewer.go:56	visit top
2026-09-22T09:05:40.182Z	info	staff-logger	scenario/viewer.go:64	get livestream
2026-09-22T09:05:40.182Z	info	staff-logger	scenario/viewer.go:83	visit livestream
2026-09-22T09:05:40.245Z	info	staff-logger	scenario/viewer.go:32	basic viewer scenario
2026-09-22T09:05:40.245Z	info	staff-logger	scenario/viewer.go:56	visit top
2026-09-22T09:05:40.245Z	info	staff-logger	scenario/viewer.go:64	get livestream
2026-09-22T09:05:40.245Z	info	staff-logger	scenario/viewer.go:83	visit livestream
2026-09-22T09:05:40.258Z	info	staff-logger	scenario/viewer.go:32	basic viewer scenario
2026-09-22T09:05:40.258Z	info	staff-logger	scenario/viewer.go:56	visit top
2026-09-22T09:05:40.258Z	info	staff-logger	scenario/viewer.go:64	get livestream
2026-09-22T09:05:40.258Z	info	staff-logger	scenario/viewer.go:83	visit livestream
2026-09-22T09:05:40.278Z	info	staff-logger	scenario/viewer.go:32	basic viewer scenario
2026-09-22T09:05:40.278Z	info	staff-logger	scenario/viewer.go:56	visit top
2026-09-22T09:05:40.278Z	info	staff-logger	scenario/viewer.go:64	get livestream
2026-09-22T09:05:40.278Z	info	staff-logger	scenario/viewer.go:83	visit livestream
2026-09-22T09:05:40.394Z	info	staff-logger	scenario/streamer.go:48	change icon
2026-09-22T09:05:40.455Z	info	staff-logger	scenario/viewer.go:32	basic viewer scenario
2026-09-22T09:05:40.455Z	info	staff-logger	scenario/viewer.go:56	visit top
2026-09-22T09:05:40.508Z	info	staff-logger	scenario/viewer.go:32	basic viewer scenario
2026-09-22T09:05:40.508Z	info	staff-logger	scenario/viewer.go:56	visit top
2026-09-22T09:05:40.508Z	info	staff-logger	scenario/viewer.go:64	get livestream
2026-09-22T09:05:40.508Z	info	staff-logger	scenario/viewer.go:83	visit livestream
2026-09-22T09:05:40.564Z	info	staff-logger	scenario/viewer.go:32	basic viewer scenario
2026-09-22T09:05:40.564Z	info	staff-logger	scenario/viewer.go:56	visit top
2026-09-22T09:05:40.565Z	info	staff-logger	scenario/viewer.go:64	get livestream
2026-09-22T09:05:40.565Z	info	staff-logger	scenario/viewer.go:83	visit livestream
2026-09-22T09:05:40.603Z	info	staff-logger	scenario/viewer.go:32	basic viewer scenario
2026-09-22T09:05:40.604Z	info	staff-logger	scenario/viewer.go:56	visit top
2026-09-22T09:05:40.604Z	info	staff-logger	scenario/viewer.go:64	get livestream
2026-09-22T09:05:40.604Z	info	staff-logger	scenario/viewer.go:83	visit livestream
2026-09-22T09:05:40.657Z	info	staff-logger	scenario/viewer.go:32	basic viewer scenario
2026-09-22T09:05:40.657Z	info	staff-logger	scenario/viewer.go:56	visit top
2026-09-22T09:05:40.657Z	info	staff-logger	scenario/viewer.go:64	get livestream
2026-09-22T09:05:40.657Z	info	staff-logger	scenario/viewer.go:83	visit livestream
2026-09-22T09:05:40.704Z	info	staff-logger	scenario/viewer.go:32	basic viewer scenario
2026-09-22T09:05:40.704Z	info	staff-logger	scenario/viewer.go:56	visit top
2026-09-22T09:05:40.704Z	info	staff-logger	scenario/viewer.go:64	get livestream
2026-09-22T09:05:40.704Z	info	staff-logger	scenario/viewer.go:83	visit livestream
2026-09-22T09:05:40.741Z	info	staff-logger	scenario/viewer.go:32	basic viewer scenario
2026-09-22T09:05:40.741Z	info	staff-logger	scenario/viewer.go:56	visit top
2026-09-22T09:05:40.741Z	info	staff-logger	scenario/viewer.go:64	get livestream
2026-09-22T09:05:40.741Z	info	staff-logger	scenario/viewer.go:83	visit livestream
2026-09-22T09:05:40.747Z	info	staff-logger	scenario/viewer.go:90	get livestream stats
2026-09-22T09:05:40.778Z	info	staff-logger	scenario/viewer.go:32	basic viewer scenario
2026-09-22T09:05:40.778Z	info	staff-logger	scenario/viewer.go:56	visit top
2026-09-22T09:05:40.778Z	info	staff-logger	scenario/viewer.go:64	get livestream
2026-09-22T09:05:40.778Z	info	staff-logger	scenario/viewer.go:83	visit livestream
2026-09-22T09:05:40.883Z	info	staff-logger	scenario/viewer.go:32	basic viewer scenario
2026-09-22T09:05:40.883Z	info	staff-logger	scenario/viewer.go:56	visit top
2026-09-22T09:05:40.883Z	info	staff-logger	scenario/viewer.go:64	get livestream
2026-09-22T09:05:40.883Z	info	staff-logger	scenario/viewer.go:83	visit livestream
2026-09-22T09:05:40.964Z	info	staff-logger	scenario/viewer.go:32	basic viewer scenario
2026-09-22T09:05:40.964Z	info	staff-logger	scenario/viewer.go:46	change icon
2026-09-22T09:05:40.965Z	warn	staff-logger	scenario/viewer.go:178	viewer_spam: failed to post livecomment (moderated spam): benchmark-application: [一般エラー] POST /api/livestream/7746/livecomment へのリクエストに対して、期待されたHTTPステータスコードが確認できませんでした (expected:400, actual:201)

2026-09-22T09:05:40.979Z	info	staff-logger	scenario/viewer.go:56	visit top
2026-09-22T09:05:40.988Z	info	staff-logger	scenario/viewer.go:32	basic viewer scenario
2026-09-22T09:05:40.988Z	info	staff-logger	scenario/viewer.go:56	visit top
2026-09-22T09:05:40.988Z	info	staff-logger	scenario/viewer.go:64	get livestream
2026-09-22T09:05:40.988Z	info	staff-logger	scenario/viewer.go:83	visit livestream
2026-09-22T09:05:41.055Z	info	staff-logger	scenario/viewer.go:32	basic viewer scenario
2026-09-22T09:05:41.056Z	info	staff-logger	scenario/viewer.go:56	visit top
2026-09-22T09:05:41.056Z	info	staff-logger	scenario/viewer.go:64	get livestream
2026-09-22T09:05:41.056Z	info	staff-logger	scenario/viewer.go:83	visit livestream
2026-09-22T09:05:41.132Z	info	staff-logger	scenario/viewer.go:32	basic viewer scenario
2026-09-22T09:05:41.132Z	info	staff-logger	scenario/viewer.go:56	visit top
2026-09-22T09:05:41.132Z	info	staff-logger	scenario/viewer.go:64	get livestream
2026-09-22T09:05:41.132Z	info	staff-logger	scenario/viewer.go:83	visit livestream
2026-09-22T09:05:41.213Z	info	staff-logger	scenario/viewer.go:64	get livestream
2026-09-22T09:05:41.213Z	info	staff-logger	scenario/viewer.go:76	visit user profile
2026-09-22T09:05:41.288Z	info	staff-logger	scenario/viewer.go:83	visit livestream
2026-09-22T09:05:41.298Z	info	staff-logger	scenario/viewer.go:32	basic viewer scenario
2026-09-22T09:05:41.298Z	info	staff-logger	scenario/viewer.go:56	visit top
2026-09-22T09:05:41.305Z	info	staff-logger	scenario/viewer.go:32	basic viewer scenario
2026-09-22T09:05:41.305Z	info	staff-logger	scenario/viewer.go:56	visit top
2026-09-22T09:05:41.305Z	info	staff-logger	scenario/viewer.go:64	get livestream
2026-09-22T09:05:41.305Z	info	staff-logger	scenario/viewer.go:83	visit livestream
2026-09-22T09:05:41.349Z	info	staff-logger	scenario/streamer.go:48	change icon
2026-09-22T09:05:41.490Z	info	staff-logger	scenario/viewer.go:32	basic viewer scenario
2026-09-22T09:05:41.490Z	info	staff-logger	scenario/viewer.go:56	visit top
2026-09-22T09:05:41.565Z	info	staff-logger	scenario/viewer.go:32	basic viewer scenario
2026-09-22T09:05:41.565Z	info	staff-logger	scenario/viewer.go:56	visit top
2026-09-22T09:05:41.565Z	info	staff-logger	scenario/viewer.go:64	get livestream
2026-09-22T09:05:41.565Z	info	staff-logger	scenario/viewer.go:83	visit livestream
2026-09-22T09:05:41.608Z	info	staff-logger	scenario/viewer.go:32	basic viewer scenario
2026-09-22T09:05:41.608Z	info	staff-logger	scenario/viewer.go:56	visit top
2026-09-22T09:05:41.608Z	info	staff-logger	scenario/viewer.go:64	get livestream
2026-09-22T09:05:41.608Z	info	staff-logger	scenario/viewer.go:83	visit livestream
2026-09-22T09:05:41.695Z	info	staff-logger	scenario/viewer.go:32	basic viewer scenario
2026-09-22T09:05:41.695Z	info	staff-logger	scenario/viewer.go:56	visit top
2026-09-22T09:05:41.695Z	info	staff-logger	scenario/viewer.go:64	get livestream
2026-09-22T09:05:41.695Z	info	staff-logger	scenario/viewer.go:83	visit livestream
2026-09-22T09:05:41.763Z	info	staff-logger	scenario/viewer.go:32	basic viewer scenario
2026-09-22T09:05:41.763Z	info	staff-logger	scenario/viewer.go:56	visit top
2026-09-22T09:05:41.763Z	info	staff-logger	scenario/viewer.go:64	get livestream
2026-09-22T09:05:41.763Z	info	staff-logger	scenario/viewer.go:83	visit livestream
2026-09-22T09:05:41.817Z	info	staff-logger	scenario/viewer.go:64	get livestream
2026-09-22T09:05:41.817Z	info	staff-logger	scenario/viewer.go:76	visit user profile
2026-09-22T09:05:41.893Z	info	staff-logger	scenario/viewer.go:83	visit livestream
2026-09-22T09:05:41.896Z	info	staff-logger	scenario/viewer.go:32	basic viewer scenario
2026-09-22T09:05:41.896Z	info	staff-logger	scenario/viewer.go:56	visit top
2026-09-22T09:05:41.896Z	info	staff-logger	scenario/viewer.go:64	get livestream
2026-09-22T09:05:41.896Z	info	staff-logger	scenario/viewer.go:83	visit livestream
2026-09-22T09:05:41.971Z	warn	staff-logger	scenario/viewer.go:178	viewer_spam: failed to post livecomment (moderated spam): benchmark-application: [一般エラー] POST /api/livestream/7663/livecomment へのリクエストに対して、期待されたHTTPステータスコードが確認できませんでした (expected:400, actual:201)

2026-09-22T09:05:42.018Z	info	staff-logger	scenario/viewer.go:32	basic viewer scenario
2026-09-22T09:05:42.018Z	info	staff-logger	scenario/viewer.go:56	visit top
2026-09-22T09:05:42.018Z	info	staff-logger	scenario/viewer.go:64	get livestream
2026-09-22T09:05:42.018Z	info	staff-logger	scenario/viewer.go:83	visit livestream
2026-09-22T09:05:42.020Z	info	staff-logger	scenario/viewer.go:64	get livestream
2026-09-22T09:05:42.020Z	info	staff-logger	scenario/viewer.go:76	visit user profile
2026-09-22T09:05:42.021Z	info	staff-logger	scenario/streamer.go:48	change icon
2026-09-22T09:05:42.093Z	info	staff-logger	scenario/viewer.go:32	basic viewer scenario
2026-09-22T09:05:42.093Z	info	staff-logger	scenario/viewer.go:56	visit top
2026-09-22T09:05:42.093Z	info	staff-logger	scenario/viewer.go:64	get livestream
2026-09-22T09:05:42.093Z	info	staff-logger	scenario/viewer.go:83	visit livestream
2026-09-22T09:05:42.104Z	info	staff-logger	scenario/viewer.go:83	visit livestream
2026-09-22T09:05:42.137Z	info	staff-logger	scenario/viewer.go:32	basic viewer scenario
2026-09-22T09:05:42.137Z	info	staff-logger	scenario/viewer.go:56	visit top
2026-09-22T09:05:42.137Z	info	staff-logger	scenario/viewer.go:64	get livestream
2026-09-22T09:05:42.137Z	info	staff-logger	scenario/viewer.go:83	visit livestream
2026-09-22T09:05:42.211Z	info	staff-logger	scenario/viewer.go:32	basic viewer scenario
2026-09-22T09:05:42.211Z	info	staff-logger	scenario/viewer.go:56	visit top
2026-09-22T09:05:42.227Z	info	staff-logger	scenario/viewer.go:64	get livestream
2026-09-22T09:05:42.227Z	info	staff-logger	scenario/viewer.go:76	visit user profile
2026-09-22T09:05:42.240Z	info	staff-logger	scenario/streamer.go:48	change icon
2026-09-22T09:05:42.292Z	info	staff-logger	scenario/viewer.go:83	visit livestream
2026-09-22T09:05:42.375Z	info	staff-logger	scenario/viewer.go:32	basic viewer scenario
2026-09-22T09:05:42.375Z	info	staff-logger	scenario/viewer.go:56	visit top
2026-09-22T09:05:42.375Z	info	staff-logger	scenario/viewer.go:64	get livestream
2026-09-22T09:05:42.375Z	info	staff-logger	scenario/viewer.go:83	visit livestream
2026-09-22T09:05:42.425Z	info	staff-logger	scenario/viewer.go:32	basic viewer scenario
2026-09-22T09:05:42.425Z	info	staff-logger	scenario/viewer.go:56	visit top
2026-09-22T09:05:42.425Z	info	staff-logger	scenario/viewer.go:64	get livestream
2026-09-22T09:05:42.425Z	info	staff-logger	scenario/viewer.go:83	visit livestream
2026-09-22T09:05:42.524Z	info	staff-logger	scenario/viewer.go:32	basic viewer scenario
2026-09-22T09:05:42.524Z	info	staff-logger	scenario/viewer.go:56	visit top
2026-09-22T09:05:42.535Z	info	staff-logger	scenario/viewer.go:32	basic viewer scenario
2026-09-22T09:05:42.535Z	info	staff-logger	scenario/viewer.go:56	visit top
2026-09-22T09:05:42.535Z	info	staff-logger	scenario/viewer.go:64	get livestream
2026-09-22T09:05:42.535Z	info	staff-logger	scenario/viewer.go:83	visit livestream
2026-09-22T09:05:42.598Z	info	staff-logger	scenario/streamer.go:48	change icon
2026-09-22T09:05:42.699Z	info	staff-logger	scenario/viewer.go:32	basic viewer scenario
2026-09-22T09:05:42.699Z	info	staff-logger	scenario/viewer.go:56	visit top
2026-09-22T09:05:42.699Z	info	staff-logger	scenario/viewer.go:64	get livestream
2026-09-22T09:05:42.699Z	info	staff-logger	scenario/viewer.go:83	visit livestream
2026-09-22T09:05:42.710Z	info	staff-logger	scenario/viewer.go:32	basic viewer scenario
2026-09-22T09:05:42.710Z	info	staff-logger	scenario/viewer.go:56	visit top
2026-09-22T09:05:42.710Z	info	staff-logger	scenario/viewer.go:64	get livestream
2026-09-22T09:05:42.710Z	info	staff-logger	scenario/viewer.go:83	visit livestream
2026-09-22T09:05:42.736Z	info	staff-logger	scenario/viewer.go:90	get livestream stats
2026-09-22T09:05:42.737Z	info	staff-logger	scenario/viewer.go:32	basic viewer scenario
2026-09-22T09:05:42.737Z	info	staff-logger	scenario/viewer.go:56	visit top
2026-09-22T09:05:42.737Z	info	staff-logger	scenario/viewer.go:64	get livestream
2026-09-22T09:05:42.737Z	info	staff-logger	scenario/viewer.go:83	visit livestream
2026-09-22T09:05:42.753Z	info	staff-logger	scenario/streamer.go:48	change icon
2026-09-22T09:05:42.756Z	info	staff-logger	scenario/viewer.go:32	basic viewer scenario
2026-09-22T09:05:42.756Z	info	staff-logger	scenario/viewer.go:56	visit top
2026-09-22T09:05:42.756Z	info	staff-logger	scenario/viewer.go:64	get livestream
2026-09-22T09:05:42.756Z	info	staff-logger	scenario/viewer.go:83	visit livestream
2026-09-22T09:05:42.839Z	info	staff-logger	scenario/viewer.go:90	get livestream stats
2026-09-22T09:05:42.922Z	info	staff-logger	scenario/viewer.go:64	get livestream
2026-09-22T09:05:42.922Z	info	staff-logger	scenario/viewer.go:76	visit user profile
2026-09-22T09:05:43.006Z	info	staff-logger	scenario/viewer.go:83	visit livestream
2026-09-22T09:05:43.054Z	info	staff-logger	scenario/viewer.go:32	basic viewer scenario
2026-09-22T09:05:43.054Z	info	staff-logger	scenario/viewer.go:56	visit top
2026-09-22T09:05:43.054Z	info	staff-logger	scenario/viewer.go:64	get livestream
2026-09-22T09:05:43.054Z	info	staff-logger	scenario/viewer.go:83	visit livestream
2026-09-22T09:05:43.141Z	info	staff-logger	scenario/viewer.go:32	basic viewer scenario
2026-09-22T09:05:43.141Z	info	staff-logger	scenario/viewer.go:56	visit top
2026-09-22T09:05:43.141Z	info	staff-logger	scenario/viewer.go:64	get livestream
2026-09-22T09:05:43.141Z	info	staff-logger	scenario/viewer.go:83	visit livestream
2026-09-22T09:05:43.224Z	info	staff-logger	scenario/viewer.go:64	get livestream
2026-09-22T09:05:43.225Z	info	staff-logger	scenario/viewer.go:76	visit user profile
2026-09-22T09:05:43.289Z	info	staff-logger	scenario/viewer.go:32	basic viewer scenario
2026-09-22T09:05:43.289Z	info	staff-logger	scenario/viewer.go:56	visit top
2026-09-22T09:05:43.289Z	info	staff-logger	scenario/viewer.go:64	get livestream
2026-09-22T09:05:43.289Z	info	staff-logger	scenario/viewer.go:83	visit livestream
2026-09-22T09:05:43.301Z	info	staff-logger	scenario/viewer.go:83	visit livestream
2026-09-22T09:05:43.318Z	info	staff-logger	scenario/streamer.go:48	change icon
2026-09-22T09:05:43.362Z	info	staff-logger	scenario/viewer.go:32	basic viewer scenario
2026-09-22T09:05:43.362Z	info	staff-logger	scenario/viewer.go:56	visit top
2026-09-22T09:05:43.362Z	info	staff-logger	scenario/viewer.go:64	get livestream
2026-09-22T09:05:43.362Z	info	staff-logger	scenario/viewer.go:83	visit livestream
2026-09-22T09:05:43.420Z	info	staff-logger	scenario/viewer.go:32	basic viewer scenario
2026-09-22T09:05:43.420Z	info	staff-logger	scenario/viewer.go:56	visit top
2026-09-22T09:05:43.420Z	info	staff-logger	scenario/viewer.go:64	get livestream
2026-09-22T09:05:43.420Z	info	staff-logger	scenario/viewer.go:83	visit livestream
2026-09-22T09:05:43.428Z	info	staff-logger	scenario/viewer.go:32	basic viewer scenario
2026-09-22T09:05:43.428Z	info	staff-logger	scenario/viewer.go:56	visit top
2026-09-22T09:05:43.428Z	info	staff-logger	scenario/viewer.go:64	get livestream
2026-09-22T09:05:43.428Z	info	staff-logger	scenario/viewer.go:83	visit livestream
2026-09-22T09:05:43.457Z	info	staff-logger	scenario/viewer.go:32	basic viewer scenario
2026-09-22T09:05:43.457Z	info	staff-logger	scenario/viewer.go:56	visit top
2026-09-22T09:05:43.457Z	info	staff-logger	scenario/viewer.go:64	get livestream
2026-09-22T09:05:43.457Z	info	staff-logger	scenario/viewer.go:83	visit livestream
2026-09-22T09:05:43.517Z	info	staff-logger	scenario/streamer.go:48	change icon
2026-09-22T09:05:43.565Z	info	staff-logger	scenario/viewer.go:32	basic viewer scenario
2026-09-22T09:05:43.566Z	info	staff-logger	scenario/viewer.go:56	visit top
2026-09-22T09:05:43.566Z	info	staff-logger	scenario/viewer.go:64	get livestream
2026-09-22T09:05:43.566Z	info	staff-logger	scenario/viewer.go:83	visit livestream
2026-09-22T09:05:43.568Z	info	staff-logger	scenario/viewer.go:32	basic viewer scenario
2026-09-22T09:05:43.568Z	info	staff-logger	scenario/viewer.go:56	visit top
2026-09-22T09:05:43.568Z	info	staff-logger	scenario/viewer.go:64	get livestream
2026-09-22T09:05:43.568Z	info	staff-logger	scenario/viewer.go:83	visit livestream
2026-09-22T09:05:43.649Z	info	staff-logger	scenario/viewer.go:32	basic viewer scenario
2026-09-22T09:05:43.649Z	info	staff-logger	scenario/viewer.go:56	visit top
2026-09-22T09:05:43.649Z	info	staff-logger	scenario/viewer.go:64	get livestream
2026-09-22T09:05:43.649Z	info	staff-logger	scenario/viewer.go:83	visit livestream
2026-09-22T09:05:43.691Z	info	staff-logger	scenario/viewer.go:32	basic viewer scenario
2026-09-22T09:05:43.691Z	info	staff-logger	scenario/viewer.go:56	visit top
2026-09-22T09:05:43.731Z	info	staff-logger	scenario/viewer.go:32	basic viewer scenario
2026-09-22T09:05:43.731Z	info	staff-logger	scenario/viewer.go:56	visit top
2026-09-22T09:05:43.731Z	info	staff-logger	scenario/viewer.go:64	get livestream
2026-09-22T09:05:43.731Z	info	staff-logger	scenario/viewer.go:83	visit livestream
2026-09-22T09:05:43.770Z	info	staff-logger	scenario/viewer.go:32	basic viewer scenario
2026-09-22T09:05:43.770Z	info	staff-logger	scenario/viewer.go:56	visit top
2026-09-22T09:05:43.770Z	info	staff-logger	scenario/viewer.go:64	get livestream
2026-09-22T09:05:43.770Z	info	staff-logger	scenario/viewer.go:83	visit livestream
2026-09-22T09:05:43.819Z	info	staff-logger	scenario/viewer.go:32	basic viewer scenario
2026-09-22T09:05:43.819Z	info	staff-logger	scenario/viewer.go:56	visit top
2026-09-22T09:05:43.819Z	info	staff-logger	scenario/viewer.go:64	get livestream
2026-09-22T09:05:43.819Z	info	staff-logger	scenario/viewer.go:83	visit livestream
2026-09-22T09:05:43.825Z	info	staff-logger	scenario/viewer.go:32	basic viewer scenario
2026-09-22T09:05:43.825Z	info	staff-logger	scenario/viewer.go:56	visit top
2026-09-22T09:05:43.825Z	info	staff-logger	scenario/viewer.go:64	get livestream
2026-09-22T09:05:43.825Z	info	staff-logger	scenario/viewer.go:83	visit livestream
2026-09-22T09:05:43.836Z	info	staff-logger	scenario/viewer.go:32	basic viewer scenario
2026-09-22T09:05:43.836Z	info	staff-logger	scenario/viewer.go:56	visit top
2026-09-22T09:05:43.836Z	info	staff-logger	scenario/viewer.go:64	get livestream
2026-09-22T09:05:43.836Z	info	staff-logger	scenario/viewer.go:83	visit livestream
2026-09-22T09:05:43.869Z	info	staff-logger	scenario/viewer.go:32	basic viewer scenario
2026-09-22T09:05:43.869Z	info	staff-logger	scenario/viewer.go:56	visit top
2026-09-22T09:05:43.869Z	info	staff-logger	scenario/viewer.go:64	get livestream
2026-09-22T09:05:43.869Z	info	staff-logger	scenario/viewer.go:83	visit livestream
2026-09-22T09:05:43.937Z	warn	staff-logger	scenario/viewer.go:178	viewer_spam: failed to post livecomment (moderated spam): benchmark-application: [一般エラー] POST /api/livestream/7842/livecomment へのリクエストに対して、期待されたHTTPステータスコードが確認できませんでした (expected:400, actual:201)

2026-09-22T09:05:44.013Z	info	staff-logger	scenario/viewer.go:32	basic viewer scenario
2026-09-22T09:05:44.013Z	info	staff-logger	scenario/viewer.go:56	visit top
2026-09-22T09:05:44.013Z	info	staff-logger	scenario/viewer.go:64	get livestream
2026-09-22T09:05:44.013Z	info	staff-logger	scenario/viewer.go:83	visit livestream
2026-09-22T09:05:44.147Z	info	staff-logger	scenario/viewer.go:32	basic viewer scenario
2026-09-22T09:05:44.147Z	info	staff-logger	scenario/viewer.go:56	visit top
2026-09-22T09:05:44.147Z	info	staff-logger	scenario/viewer.go:64	get livestream
2026-09-22T09:05:44.147Z	info	staff-logger	scenario/viewer.go:83	visit livestream
2026-09-22T09:05:44.341Z	info	staff-logger	scenario/viewer.go:32	basic viewer scenario
2026-09-22T09:05:44.341Z	info	staff-logger	scenario/viewer.go:56	visit top
2026-09-22T09:05:44.341Z	info	staff-logger	scenario/viewer.go:64	get livestream
2026-09-22T09:05:44.341Z	info	staff-logger	scenario/viewer.go:83	visit livestream
2026-09-22T09:05:44.444Z	info	staff-logger	scenario/viewer.go:32	basic viewer scenario
2026-09-22T09:05:44.444Z	info	staff-logger	scenario/viewer.go:56	visit top
2026-09-22T09:05:44.444Z	info	staff-logger	scenario/viewer.go:64	get livestream
2026-09-22T09:05:44.444Z	info	staff-logger	scenario/viewer.go:83	visit livestream
2026-09-22T09:05:44.482Z	info	staff-logger	scenario/viewer.go:64	get livestream
2026-09-22T09:05:44.482Z	info	staff-logger	scenario/viewer.go:76	visit user profile
2026-09-22T09:05:44.508Z	info	staff-logger	scenario/viewer.go:32	basic viewer scenario
2026-09-22T09:05:44.508Z	info	staff-logger	scenario/viewer.go:56	visit top
2026-09-22T09:05:44.541Z	info	staff-logger	scenario/viewer.go:83	visit livestream
2026-09-22T09:05:44.555Z	info	staff-logger	scenario/viewer.go:32	basic viewer scenario
2026-09-22T09:05:44.555Z	info	staff-logger	scenario/viewer.go:56	visit top
2026-09-22T09:05:44.555Z	info	staff-logger	scenario/viewer.go:64	get livestream
2026-09-22T09:05:44.555Z	info	staff-logger	scenario/viewer.go:83	visit livestream
2026-09-22T09:05:44.575Z	info	staff-logger	scenario/viewer.go:32	basic viewer scenario
2026-09-22T09:05:44.575Z	info	staff-logger	scenario/viewer.go:56	visit top
2026-09-22T09:05:44.575Z	info	staff-logger	scenario/viewer.go:64	get livestream
2026-09-22T09:05:44.575Z	info	staff-logger	scenario/viewer.go:83	visit livestream
2026-09-22T09:05:44.588Z	info	staff-logger	scenario/viewer.go:32	basic viewer scenario
2026-09-22T09:05:44.588Z	info	staff-logger	scenario/viewer.go:56	visit top
2026-09-22T09:05:44.588Z	info	staff-logger	scenario/viewer.go:64	get livestream
2026-09-22T09:05:44.588Z	info	staff-logger	scenario/viewer.go:83	visit livestream
2026-09-22T09:05:44.624Z	info	staff-logger	scenario/viewer.go:90	get livestream stats
2026-09-22T09:05:44.633Z	info	staff-logger	scenario/viewer.go:32	basic viewer scenario
2026-09-22T09:05:44.633Z	info	staff-logger	scenario/viewer.go:56	visit top
2026-09-22T09:05:44.633Z	info	staff-logger	scenario/viewer.go:64	get livestream
2026-09-22T09:05:44.633Z	info	staff-logger	scenario/viewer.go:83	visit livestream
2026-09-22T09:05:44.653Z	info	staff-logger	scenario/viewer.go:32	basic viewer scenario
2026-09-22T09:05:44.654Z	info	staff-logger	scenario/viewer.go:56	visit top
2026-09-22T09:05:44.654Z	info	staff-logger	scenario/viewer.go:64	get livestream
2026-09-22T09:05:44.654Z	info	staff-logger	scenario/viewer.go:83	visit livestream
2026-09-22T09:05:44.725Z	info	staff-logger	scenario/viewer.go:32	basic viewer scenario
2026-09-22T09:05:44.725Z	info	staff-logger	scenario/viewer.go:56	visit top
2026-09-22T09:05:44.725Z	info	staff-logger	scenario/viewer.go:64	get livestream
2026-09-22T09:05:44.725Z	info	staff-logger	scenario/viewer.go:83	visit livestream
2026-09-22T09:05:44.735Z	warn	staff-logger	scenario/viewer.go:178	viewer_spam: failed to post livecomment (moderated spam): benchmark-application: [一般エラー] POST /api/livestream/7942/livecomment へのリクエストに対して、期待されたHTTPステータスコードが確認できませんでした (expected:400, actual:201)

2026-09-22T09:05:44.943Z	info	staff-logger	scenario/viewer.go:32	basic viewer scenario
2026-09-22T09:05:44.943Z	info	staff-logger	scenario/viewer.go:56	visit top
2026-09-22T09:05:44.943Z	info	staff-logger	scenario/viewer.go:64	get livestream
2026-09-22T09:05:44.943Z	info	staff-logger	scenario/viewer.go:83	visit livestream
2026-09-22T09:05:44.963Z	info	staff-logger	scenario/viewer.go:32	basic viewer scenario
2026-09-22T09:05:44.963Z	info	staff-logger	scenario/viewer.go:56	visit top
2026-09-22T09:05:44.963Z	info	staff-logger	scenario/viewer.go:64	get livestream
2026-09-22T09:05:44.963Z	info	staff-logger	scenario/viewer.go:83	visit livestream
2026-09-22T09:05:45.013Z	info	staff-logger	scenario/viewer.go:90	get livestream stats
2026-09-22T09:05:45.048Z	info	staff-logger	scenario/viewer.go:32	basic viewer scenario
2026-09-22T09:05:45.048Z	info	staff-logger	scenario/viewer.go:56	visit top
2026-09-22T09:05:45.048Z	info	staff-logger	scenario/viewer.go:64	get livestream
2026-09-22T09:05:45.048Z	info	staff-logger	scenario/viewer.go:83	visit livestream
2026-09-22T09:05:45.074Z	info	staff-logger	scenario/viewer.go:32	basic viewer scenario
2026-09-22T09:05:45.074Z	info	staff-logger	scenario/viewer.go:56	visit top
2026-09-22T09:05:45.074Z	info	staff-logger	scenario/viewer.go:64	get livestream
2026-09-22T09:05:45.074Z	info	staff-logger	scenario/viewer.go:83	visit livestream
2026-09-22T09:05:45.100Z	info	staff-logger	scenario/viewer.go:32	basic viewer scenario
2026-09-22T09:05:45.100Z	info	staff-logger	scenario/viewer.go:56	visit top
2026-09-22T09:05:45.100Z	info	staff-logger	scenario/viewer.go:64	get livestream
2026-09-22T09:05:45.100Z	info	staff-logger	scenario/viewer.go:83	visit livestream
2026-09-22T09:05:45.190Z	info	staff-logger	scenario/viewer.go:64	get livestream
2026-09-22T09:05:45.190Z	info	staff-logger	scenario/viewer.go:76	visit user profile
2026-09-22T09:05:45.239Z	info	staff-logger	scenario/viewer.go:32	basic viewer scenario
2026-09-22T09:05:45.239Z	info	staff-logger	scenario/viewer.go:56	visit top
2026-09-22T09:05:45.263Z	info	staff-logger	scenario/viewer.go:83	visit livestream
2026-09-22T09:05:45.329Z	info	staff-logger	scenario/viewer.go:32	basic viewer scenario
2026-09-22T09:05:45.329Z	info	staff-logger	scenario/viewer.go:56	visit top
2026-09-22T09:05:45.329Z	info	staff-logger	scenario/viewer.go:64	get livestream
2026-09-22T09:05:45.329Z	info	staff-logger	scenario/viewer.go:83	visit livestream
2026-09-22T09:05:45.413Z	info	staff-logger	scenario/viewer.go:32	basic viewer scenario
2026-09-22T09:05:45.413Z	info	staff-logger	scenario/viewer.go:56	visit top
2026-09-22T09:05:45.413Z	info	staff-logger	scenario/viewer.go:64	get livestream
2026-09-22T09:05:45.413Z	info	staff-logger	scenario/viewer.go:83	visit livestream
2026-09-22T09:05:45.609Z	info	staff-logger	scenario/viewer.go:32	basic viewer scenario
2026-09-22T09:05:45.609Z	info	staff-logger	scenario/viewer.go:56	visit top
2026-09-22T09:05:45.649Z	info	staff-logger	scenario/viewer.go:32	basic viewer scenario
2026-09-22T09:05:45.649Z	info	staff-logger	scenario/viewer.go:56	visit top
2026-09-22T09:05:45.649Z	info	staff-logger	scenario/viewer.go:64	get livestream
2026-09-22T09:05:45.649Z	info	staff-logger	scenario/viewer.go:83	visit livestream
2026-09-22T09:05:45.783Z	info	staff-logger	scenario/streamer.go:48	change icon
2026-09-22T09:05:45.914Z	info	staff-logger	scenario/viewer.go:32	basic viewer scenario
2026-09-22T09:05:45.914Z	info	staff-logger	scenario/viewer.go:56	visit top
2026-09-22T09:05:45.914Z	info	staff-logger	scenario/viewer.go:64	get livestream
2026-09-22T09:05:45.914Z	info	staff-logger	scenario/viewer.go:83	visit livestream
2026-09-22T09:05:45.967Z	info	staff-logger	scenario/viewer.go:64	get livestream
2026-09-22T09:05:45.967Z	info	staff-logger	scenario/viewer.go:76	visit user profile
2026-09-22T09:05:45.968Z	info	staff-logger	scenario/viewer.go:32	basic viewer scenario
2026-09-22T09:05:45.968Z	info	staff-logger	scenario/viewer.go:56	visit top
2026-09-22T09:05:45.968Z	info	staff-logger	scenario/viewer.go:64	get livestream
2026-09-22T09:05:45.968Z	info	staff-logger	scenario/viewer.go:83	visit livestream
2026-09-22T09:05:46.003Z	info	staff-logger	scenario/viewer.go:32	basic viewer scenario
2026-09-22T09:05:46.003Z	info	staff-logger	scenario/viewer.go:56	visit top
2026-09-22T09:05:46.003Z	info	staff-logger	scenario/viewer.go:64	get livestream
2026-09-22T09:05:46.003Z	info	staff-logger	scenario/viewer.go:83	visit livestream
2026-09-22T09:05:46.017Z	info	staff-logger	scenario/viewer.go:90	get livestream stats
2026-09-22T09:05:46.041Z	info	staff-logger	scenario/streamer.go:48	change icon
2026-09-22T09:05:46.046Z	info	staff-logger	scenario/viewer.go:83	visit livestream
2026-09-22T09:05:46.184Z	info	staff-logger	scenario/streamer.go:48	change icon
2026-09-22T09:05:46.215Z	info	staff-logger	scenario/viewer.go:32	basic viewer scenario
2026-09-22T09:05:46.215Z	info	staff-logger	scenario/viewer.go:56	visit top
2026-09-22T09:05:46.215Z	info	staff-logger	scenario/viewer.go:64	get livestream
2026-09-22T09:05:46.215Z	info	staff-logger	scenario/viewer.go:83	visit livestream
2026-09-22T09:05:46.257Z	info	staff-logger	scenario/viewer.go:64	get livestream
2026-09-22T09:05:46.257Z	info	staff-logger	scenario/viewer.go:76	visit user profile
2026-09-22T09:05:46.275Z	warn	staff-logger	scenario/viewer.go:178	viewer_spam: failed to post livecomment (moderated spam): benchmark-application: [一般エラー] POST /api/livestream/7868/livecomment へのリクエストに対して、期待されたHTTPステータスコードが確認できませんでした (expected:400, actual:201)

2026-09-22T09:05:46.312Z	info	staff-logger	scenario/viewer.go:32	basic viewer scenario
2026-09-22T09:05:46.312Z	info	staff-logger	scenario/viewer.go:56	visit top
2026-09-22T09:05:46.313Z	info	staff-logger	scenario/viewer.go:64	get livestream
2026-09-22T09:05:46.313Z	info	staff-logger	scenario/viewer.go:83	visit livestream
2026-09-22T09:05:46.325Z	info	staff-logger	scenario/viewer.go:32	basic viewer scenario
2026-09-22T09:05:46.325Z	info	staff-logger	scenario/viewer.go:56	visit top
2026-09-22T09:05:46.325Z	info	staff-logger	scenario/viewer.go:64	get livestream
2026-09-22T09:05:46.325Z	info	staff-logger	scenario/viewer.go:83	visit livestream
2026-09-22T09:05:46.331Z	info	staff-logger	scenario/viewer.go:83	visit livestream
2026-09-22T09:05:46.349Z	info	staff-logger	scenario/viewer.go:90	get livestream stats
2026-09-22T09:05:46.367Z	info	staff-logger	scenario/viewer.go:32	basic viewer scenario
2026-09-22T09:05:46.367Z	info	staff-logger	scenario/viewer.go:56	visit top
2026-09-22T09:05:46.367Z	info	staff-logger	scenario/viewer.go:64	get livestream
2026-09-22T09:05:46.367Z	info	staff-logger	scenario/viewer.go:83	visit livestream
2026-09-22T09:05:46.494Z	info	staff-logger	scenario/viewer.go:32	basic viewer scenario
2026-09-22T09:05:46.494Z	info	staff-logger	scenario/viewer.go:56	visit top
2026-09-22T09:05:46.494Z	info	staff-logger	scenario/viewer.go:64	get livestream
2026-09-22T09:05:46.494Z	info	staff-logger	scenario/viewer.go:83	visit livestream
2026-09-22T09:05:46.563Z	info	staff-logger	scenario/streamer.go:48	change icon
2026-09-22T09:05:46.574Z	info	staff-logger	scenario/viewer.go:32	basic viewer scenario
2026-09-22T09:05:46.574Z	info	staff-logger	scenario/viewer.go:56	visit top
2026-09-22T09:05:46.574Z	info	staff-logger	scenario/viewer.go:64	get livestream
2026-09-22T09:05:46.574Z	info	staff-logger	scenario/viewer.go:83	visit livestream
2026-09-22T09:05:46.644Z	info	staff-logger	scenario/viewer.go:32	basic viewer scenario
2026-09-22T09:05:46.644Z	info	staff-logger	scenario/viewer.go:56	visit top
2026-09-22T09:05:46.651Z	info	staff-logger	scenario/viewer.go:32	basic viewer scenario
2026-09-22T09:05:46.651Z	info	staff-logger	scenario/viewer.go:56	visit top
2026-09-22T09:05:46.651Z	info	staff-logger	scenario/viewer.go:64	get livestream
2026-09-22T09:05:46.651Z	info	staff-logger	scenario/viewer.go:83	visit livestream
2026-09-22T09:05:46.654Z	info	staff-logger	scenario/viewer.go:32	basic viewer scenario
2026-09-22T09:05:46.654Z	info	staff-logger	scenario/viewer.go:56	visit top
2026-09-22T09:05:46.654Z	info	staff-logger	scenario/viewer.go:64	get livestream
2026-09-22T09:05:46.654Z	info	staff-logger	scenario/viewer.go:83	visit livestream
2026-09-22T09:05:46.654Z	info	staff-logger	scenario/viewer.go:32	basic viewer scenario
2026-09-22T09:05:46.655Z	info	staff-logger	scenario/viewer.go:56	visit top
2026-09-22T09:05:46.655Z	info	staff-logger	scenario/viewer.go:64	get livestream
2026-09-22T09:05:46.655Z	info	staff-logger	scenario/viewer.go:83	visit livestream
2026-09-22T09:05:46.763Z	info	staff-logger	scenario/viewer.go:32	basic viewer scenario
2026-09-22T09:05:46.763Z	info	staff-logger	scenario/viewer.go:56	visit top
2026-09-22T09:05:46.763Z	info	staff-logger	scenario/viewer.go:64	get livestream
2026-09-22T09:05:46.763Z	info	staff-logger	scenario/viewer.go:83	visit livestream
2026-09-22T09:05:46.778Z	info	staff-logger	scenario/viewer.go:32	basic viewer scenario
2026-09-22T09:05:46.778Z	info	staff-logger	scenario/viewer.go:56	visit top
2026-09-22T09:05:46.919Z	warn	staff-logger	scenario/viewer.go:178	viewer_spam: failed to post livecomment (moderated spam): benchmark-application: [一般エラー] POST /api/livestream/7665/livecomment へのリクエストに対して、期待されたHTTPステータスコードが確認できませんでした (expected:400, actual:201)

2026-09-22T09:05:46.973Z	info	staff-logger	scenario/viewer.go:32	basic viewer scenario
2026-09-22T09:05:46.973Z	info	staff-logger	scenario/viewer.go:56	visit top
2026-09-22T09:05:46.973Z	info	staff-logger	scenario/viewer.go:64	get livestream
2026-09-22T09:05:46.973Z	info	staff-logger	scenario/viewer.go:83	visit livestream
2026-09-22T09:05:47.183Z	info	staff-logger	scenario/viewer.go:32	basic viewer scenario
2026-09-22T09:05:47.183Z	info	staff-logger	scenario/viewer.go:56	visit top
2026-09-22T09:05:47.183Z	info	staff-logger	scenario/viewer.go:64	get livestream
2026-09-22T09:05:47.183Z	info	staff-logger	scenario/viewer.go:83	visit livestream
2026-09-22T09:05:47.210Z	info	staff-logger	scenario/viewer.go:32	basic viewer scenario
2026-09-22T09:05:47.210Z	info	staff-logger	scenario/viewer.go:56	visit top
2026-09-22T09:05:47.210Z	info	staff-logger	scenario/viewer.go:64	get livestream
2026-09-22T09:05:47.210Z	info	staff-logger	scenario/viewer.go:83	visit livestream
2026-09-22T09:05:47.231Z	info	staff-logger	scenario/viewer.go:90	get livestream stats
2026-09-22T09:05:47.246Z	info	staff-logger	scenario/viewer.go:32	basic viewer scenario
2026-09-22T09:05:47.246Z	info	staff-logger	scenario/viewer.go:56	visit top
2026-09-22T09:05:47.246Z	info	staff-logger	scenario/viewer.go:64	get livestream
2026-09-22T09:05:47.246Z	info	staff-logger	scenario/viewer.go:83	visit livestream
2026-09-22T09:05:47.259Z	info	staff-logger	scenario/viewer.go:32	basic viewer scenario
2026-09-22T09:05:47.259Z	info	staff-logger	scenario/viewer.go:56	visit top
2026-09-22T09:05:47.259Z	info	staff-logger	scenario/viewer.go:64	get livestream
2026-09-22T09:05:47.259Z	info	staff-logger	scenario/viewer.go:83	visit livestream
2026-09-22T09:05:47.340Z	info	staff-logger	scenario/viewer.go:64	get livestream
2026-09-22T09:05:47.340Z	info	staff-logger	scenario/viewer.go:76	visit user profile
2026-09-22T09:05:47.419Z	info	staff-logger	scenario/viewer.go:83	visit livestream
2026-09-22T09:05:47.516Z	info	staff-logger	scenario/viewer.go:64	get livestream
2026-09-22T09:05:47.516Z	info	staff-logger	scenario/viewer.go:76	visit user profile
2026-09-22T09:05:47.545Z	info	staff-logger	scenario/viewer.go:32	basic viewer scenario
2026-09-22T09:05:47.545Z	info	staff-logger	scenario/viewer.go:56	visit top
2026-09-22T09:05:47.545Z	info	staff-logger	scenario/viewer.go:64	get livestream
2026-09-22T09:05:47.545Z	info	staff-logger	scenario/viewer.go:83	visit livestream
2026-09-22T09:05:47.561Z	info	staff-logger	scenario/viewer.go:32	basic viewer scenario
2026-09-22T09:05:47.561Z	info	staff-logger	scenario/viewer.go:56	visit top
2026-09-22T09:05:47.561Z	info	staff-logger	scenario/viewer.go:64	get livestream
2026-09-22T09:05:47.561Z	info	staff-logger	scenario/viewer.go:83	visit livestream
2026-09-22T09:05:47.582Z	info	staff-logger	scenario/viewer.go:32	basic viewer scenario
2026-09-22T09:05:47.582Z	info	staff-logger	scenario/viewer.go:56	visit top
2026-09-22T09:05:47.582Z	info	staff-logger	scenario/viewer.go:64	get livestream
2026-09-22T09:05:47.582Z	info	staff-logger	scenario/viewer.go:83	visit livestream
2026-09-22T09:05:47.587Z	info	staff-logger	scenario/viewer.go:90	get livestream stats
2026-09-22T09:05:47.597Z	info	staff-logger	scenario/viewer.go:32	basic viewer scenario
2026-09-22T09:05:47.597Z	info	staff-logger	scenario/viewer.go:56	visit top
2026-09-22T09:05:47.597Z	info	staff-logger	scenario/viewer.go:64	get livestream
2026-09-22T09:05:47.597Z	info	staff-logger	scenario/viewer.go:83	visit livestream
2026-09-22T09:05:47.602Z	info	staff-logger	scenario/viewer.go:83	visit livestream
2026-09-22T09:05:47.641Z	info	staff-logger	scenario/viewer.go:90	get livestream stats
2026-09-22T09:05:47.688Z	info	staff-logger	scenario/viewer.go:32	basic viewer scenario
2026-09-22T09:05:47.688Z	info	staff-logger	scenario/viewer.go:56	visit top
2026-09-22T09:05:47.688Z	info	staff-logger	scenario/viewer.go:64	get livestream
2026-09-22T09:05:47.688Z	info	staff-logger	scenario/viewer.go:83	visit livestream
2026-09-22T09:05:47.837Z	info	staff-logger	scenario/viewer.go:32	basic viewer scenario
2026-09-22T09:05:47.837Z	info	staff-logger	scenario/viewer.go:56	visit top
2026-09-22T09:05:47.837Z	info	staff-logger	scenario/viewer.go:64	get livestream
2026-09-22T09:05:47.837Z	info	staff-logger	scenario/viewer.go:83	visit livestream
2026-09-22T09:05:47.837Z	info	staff-logger	scenario/viewer.go:32	basic viewer scenario
2026-09-22T09:05:47.837Z	info	staff-logger	scenario/viewer.go:56	visit top
2026-09-22T09:05:47.837Z	info	staff-logger	scenario/viewer.go:64	get livestream
2026-09-22T09:05:47.837Z	info	staff-logger	scenario/viewer.go:83	visit livestream
2026-09-22T09:05:47.951Z	info	staff-logger	scenario/viewer.go:32	basic viewer scenario
2026-09-22T09:05:47.951Z	info	staff-logger	scenario/viewer.go:56	visit top
2026-09-22T09:05:47.951Z	info	staff-logger	scenario/viewer.go:64	get livestream
2026-09-22T09:05:47.951Z	info	staff-logger	scenario/viewer.go:83	visit livestream
2026-09-22T09:05:47.993Z	info	staff-logger	scenario/viewer.go:32	basic viewer scenario
2026-09-22T09:05:47.993Z	info	staff-logger	scenario/viewer.go:56	visit top
2026-09-22T09:05:47.993Z	info	staff-logger	scenario/viewer.go:64	get livestream
2026-09-22T09:05:47.993Z	info	staff-logger	scenario/viewer.go:83	visit livestream
2026-09-22T09:05:48.026Z	info	staff-logger	scenario/viewer.go:90	get livestream stats
2026-09-22T09:05:48.115Z	info	staff-logger	scenario/viewer.go:32	basic viewer scenario
2026-09-22T09:05:48.115Z	info	staff-logger	scenario/viewer.go:56	visit top
2026-09-22T09:05:48.115Z	info	staff-logger	scenario/viewer.go:64	get livestream
2026-09-22T09:05:48.115Z	info	staff-logger	scenario/viewer.go:83	visit livestream
2026-09-22T09:05:48.127Z	info	staff-logger	scenario/viewer.go:90	get livestream stats
2026-09-22T09:05:48.180Z	info	staff-logger	scenario/viewer.go:32	basic viewer scenario
2026-09-22T09:05:48.180Z	info	staff-logger	scenario/viewer.go:56	visit top
2026-09-22T09:05:48.338Z	info	staff-logger	scenario/viewer.go:32	basic viewer scenario
2026-09-22T09:05:48.338Z	info	staff-logger	scenario/viewer.go:56	visit top
2026-09-22T09:05:48.442Z	info	staff-logger	scenario/viewer.go:32	basic viewer scenario
2026-09-22T09:05:48.442Z	info	staff-logger	scenario/viewer.go:56	visit top
2026-09-22T09:05:48.442Z	info	staff-logger	scenario/viewer.go:64	get livestream
2026-09-22T09:05:48.442Z	info	staff-logger	scenario/viewer.go:83	visit livestream
2026-09-22T09:05:48.509Z	info	staff-logger	scenario/viewer.go:32	basic viewer scenario
2026-09-22T09:05:48.509Z	info	staff-logger	scenario/viewer.go:56	visit top
2026-09-22T09:05:48.509Z	info	staff-logger	scenario/viewer.go:64	get livestream
2026-09-22T09:05:48.509Z	info	staff-logger	scenario/viewer.go:83	visit livestream
2026-09-22T09:05:48.562Z	info	staff-logger	scenario/viewer.go:32	basic viewer scenario
2026-09-22T09:05:48.562Z	info	staff-logger	scenario/viewer.go:56	visit top
2026-09-22T09:05:48.562Z	info	staff-logger	scenario/viewer.go:64	get livestream
2026-09-22T09:05:48.562Z	info	staff-logger	scenario/viewer.go:83	visit livestream
2026-09-22T09:05:48.636Z	info	staff-logger	scenario/viewer.go:32	basic viewer scenario
2026-09-22T09:05:48.636Z	info	staff-logger	scenario/viewer.go:56	visit top
2026-09-22T09:05:48.641Z	warn	staff-logger	scenario/viewer.go:178	viewer_spam: failed to post livecomment (moderated spam): benchmark-application: [一般エラー] POST /api/livestream/7894/livecomment へのリクエストに対して、期待されたHTTPステータスコードが確認できませんでした (expected:400, actual:201)

2026-09-22T09:05:48.727Z	info	staff-logger	scenario/viewer.go:32	basic viewer scenario
2026-09-22T09:05:48.727Z	info	staff-logger	scenario/viewer.go:56	visit top
2026-09-22T09:05:48.727Z	info	staff-logger	scenario/viewer.go:64	get livestream
2026-09-22T09:05:48.727Z	info	staff-logger	scenario/viewer.go:83	visit livestream
2026-09-22T09:05:48.793Z	info	staff-logger	scenario/viewer.go:32	basic viewer scenario
2026-09-22T09:05:48.793Z	info	staff-logger	scenario/viewer.go:56	visit top
2026-09-22T09:05:48.793Z	info	staff-logger	scenario/viewer.go:64	get livestream
2026-09-22T09:05:48.793Z	info	staff-logger	scenario/viewer.go:83	visit livestream
2026-09-22T09:05:49.008Z	info	staff-logger	scenario/viewer.go:32	basic viewer scenario
2026-09-22T09:05:49.008Z	info	staff-logger	scenario/viewer.go:56	visit top
2026-09-22T09:05:49.008Z	info	staff-logger	scenario/viewer.go:64	get livestream
2026-09-22T09:05:49.008Z	info	staff-logger	scenario/viewer.go:83	visit livestream
2026-09-22T09:05:49.016Z	warn	staff-logger	scenario/viewer.go:178	viewer_spam: failed to post livecomment (moderated spam): benchmark-application: [一般エラー] POST /api/livestream/7715/livecomment へのリクエストに対して、期待されたHTTPステータスコードが確認できませんでした (expected:400, actual:201)

2026-09-22T09:05:49.048Z	info	staff-logger	scenario/viewer.go:64	get livestream
2026-09-22T09:05:49.048Z	info	staff-logger	scenario/viewer.go:76	visit user profile
2026-09-22T09:05:49.064Z	info	staff-logger	scenario/viewer.go:64	get livestream
2026-09-22T09:05:49.064Z	info	staff-logger	scenario/viewer.go:76	visit user profile
2026-09-22T09:05:49.136Z	info	staff-logger	scenario/viewer.go:83	visit livestream
2026-09-22T09:05:49.157Z	info	staff-logger	scenario/viewer.go:83	visit livestream
2026-09-22T09:05:49.220Z	warn	staff-logger	scenario/viewer.go:178	viewer_spam: failed to post livecomment (moderated spam): benchmark-application: [一般エラー] POST /api/livestream/7683/livecomment へのリクエストに対して、期待されたHTTPステータスコードが確認できませんでした (expected:400, actual:201)

2026-09-22T09:05:49.247Z	info	staff-logger	scenario/viewer.go:32	basic viewer scenario
2026-09-22T09:05:49.247Z	info	staff-logger	scenario/viewer.go:56	visit top
2026-09-22T09:05:49.247Z	info	staff-logger	scenario/viewer.go:64	get livestream
2026-09-22T09:05:49.247Z	info	staff-logger	scenario/viewer.go:83	visit livestream
2026-09-22T09:05:49.272Z	info	staff-logger	scenario/viewer.go:32	basic viewer scenario
2026-09-22T09:05:49.272Z	info	staff-logger	scenario/viewer.go:56	visit top
2026-09-22T09:05:49.272Z	info	staff-logger	scenario/viewer.go:64	get livestream
2026-09-22T09:05:49.272Z	info	staff-logger	scenario/viewer.go:83	visit livestream
2026-09-22T09:05:49.296Z	info	staff-logger	scenario/viewer.go:32	basic viewer scenario
2026-09-22T09:05:49.296Z	info	staff-logger	scenario/viewer.go:56	visit top
2026-09-22T09:05:49.296Z	info	staff-logger	scenario/viewer.go:64	get livestream
2026-09-22T09:05:49.296Z	info	staff-logger	scenario/viewer.go:83	visit livestream
2026-09-22T09:05:49.307Z	info	staff-logger	scenario/viewer.go:32	basic viewer scenario
2026-09-22T09:05:49.307Z	info	staff-logger	scenario/viewer.go:56	visit top
2026-09-22T09:05:49.307Z	info	staff-logger	scenario/viewer.go:64	get livestream
2026-09-22T09:05:49.308Z	info	staff-logger	scenario/viewer.go:83	visit livestream
2026-09-22T09:05:49.325Z	info	staff-logger	scenario/viewer.go:32	basic viewer scenario
2026-09-22T09:05:49.325Z	info	staff-logger	scenario/viewer.go:56	visit top
2026-09-22T09:05:49.325Z	info	staff-logger	scenario/viewer.go:64	get livestream
2026-09-22T09:05:49.325Z	info	staff-logger	scenario/viewer.go:83	visit livestream
2026-09-22T09:05:49.330Z	warn	staff-logger	scenario/viewer.go:178	viewer_spam: failed to post livecomment (moderated spam): benchmark-application: [一般エラー] POST /api/livestream/7820/livecomment へのリクエストに対して、期待されたHTTPステータスコードが確認できませんでした (expected:400, actual:201)

2026-09-22T09:05:49.437Z	info	staff-logger	scenario/viewer.go:64	get livestream
2026-09-22T09:05:49.437Z	info	staff-logger	scenario/viewer.go:76	visit user profile
2026-09-22T09:05:49.467Z	info	staff-logger	scenario/viewer.go:32	basic viewer scenario
2026-09-22T09:05:49.467Z	info	staff-logger	scenario/viewer.go:56	visit top
2026-09-22T09:05:49.467Z	info	staff-logger	scenario/viewer.go:64	get livestream
2026-09-22T09:05:49.467Z	info	staff-logger	scenario/viewer.go:83	visit livestream
2026-09-22T09:05:49.471Z	info	staff-logger	scenario/viewer.go:32	basic viewer scenario
2026-09-22T09:05:49.471Z	info	staff-logger	scenario/viewer.go:56	visit top
2026-09-22T09:05:49.471Z	info	staff-logger	scenario/viewer.go:64	get livestream
2026-09-22T09:05:49.471Z	info	staff-logger	scenario/viewer.go:83	visit livestream
2026-09-22T09:05:49.508Z	info	staff-logger	scenario/viewer.go:83	visit livestream
2026-09-22T09:05:49.548Z	info	staff-logger	scenario/viewer.go:32	basic viewer scenario
2026-09-22T09:05:49.548Z	info	staff-logger	scenario/viewer.go:56	visit top
2026-09-22T09:05:49.548Z	info	staff-logger	scenario/viewer.go:64	get livestream
2026-09-22T09:05:49.548Z	info	staff-logger	scenario/viewer.go:83	visit livestream
2026-09-22T09:05:49.585Z	info	staff-logger	scenario/viewer.go:32	basic viewer scenario
2026-09-22T09:05:49.585Z	info	staff-logger	scenario/viewer.go:56	visit top
2026-09-22T09:05:49.585Z	info	staff-logger	scenario/viewer.go:64	get livestream
2026-09-22T09:05:49.585Z	info	staff-logger	scenario/viewer.go:83	visit livestream
2026-09-22T09:05:49.603Z	info	staff-logger	scenario/viewer.go:32	basic viewer scenario
2026-09-22T09:05:49.603Z	info	staff-logger	scenario/viewer.go:56	visit top
2026-09-22T09:05:49.603Z	info	staff-logger	scenario/viewer.go:64	get livestream
2026-09-22T09:05:49.603Z	info	staff-logger	scenario/viewer.go:83	visit livestream
2026-09-22T09:05:49.607Z	info	staff-logger	scenario/viewer.go:32	basic viewer scenario
2026-09-22T09:05:49.607Z	info	staff-logger	scenario/viewer.go:56	visit top
2026-09-22T09:05:49.607Z	info	staff-logger	scenario/viewer.go:64	get livestream
2026-09-22T09:05:49.607Z	info	staff-logger	scenario/viewer.go:83	visit livestream
2026-09-22T09:05:49.620Z	info	staff-logger	scenario/viewer.go:32	basic viewer scenario
2026-09-22T09:05:49.620Z	info	staff-logger	scenario/viewer.go:56	visit top
2026-09-22T09:05:49.620Z	info	staff-logger	scenario/viewer.go:64	get livestream
2026-09-22T09:05:49.620Z	info	staff-logger	scenario/viewer.go:83	visit livestream
2026-09-22T09:05:49.687Z	info	staff-logger	scenario/viewer.go:32	basic viewer scenario
2026-09-22T09:05:49.687Z	info	staff-logger	scenario/viewer.go:56	visit top
2026-09-22T09:05:49.687Z	info	staff-logger	scenario/viewer.go:64	get livestream
2026-09-22T09:05:49.687Z	info	staff-logger	scenario/viewer.go:83	visit livestream
2026-09-22T09:05:49.707Z	info	staff-logger	scenario/viewer.go:32	basic viewer scenario
2026-09-22T09:05:49.707Z	info	staff-logger	scenario/viewer.go:56	visit top
2026-09-22T09:05:49.707Z	info	staff-logger	scenario/viewer.go:64	get livestream
2026-09-22T09:05:49.707Z	info	staff-logger	scenario/viewer.go:83	visit livestream
2026-09-22T09:05:49.762Z	warn	staff-logger	scenario/viewer.go:178	viewer_spam: failed to post livecomment (moderated spam): benchmark-application: [一般エラー] POST /api/livestream/7718/livecomment へのリクエストに対して、期待されたHTTPステータスコードが確認できませんでした (expected:400, actual:201)

2026-09-22T09:05:49.856Z	info	staff-logger	scenario/viewer.go:32	basic viewer scenario
2026-09-22T09:05:49.856Z	info	staff-logger	scenario/viewer.go:56	visit top
2026-09-22T09:05:49.856Z	info	staff-logger	scenario/viewer.go:64	get livestream
2026-09-22T09:05:49.856Z	info	staff-logger	scenario/viewer.go:83	visit livestream
2026-09-22T09:05:49.976Z	info	staff-logger	scenario/viewer.go:32	basic viewer scenario
2026-09-22T09:05:49.976Z	info	staff-logger	scenario/viewer.go:56	visit top
2026-09-22T09:05:49.976Z	info	staff-logger	scenario/viewer.go:64	get livestream
2026-09-22T09:05:49.976Z	info	staff-logger	scenario/viewer.go:83	visit livestream
2026-09-22T09:05:50.138Z	info	staff-logger	scenario/viewer.go:32	basic viewer scenario
2026-09-22T09:05:50.138Z	info	staff-logger	scenario/viewer.go:56	visit top
2026-09-22T09:05:50.138Z	info	staff-logger	scenario/viewer.go:64	get livestream
2026-09-22T09:05:50.138Z	info	staff-logger	scenario/viewer.go:83	visit livestream
2026-09-22T09:05:50.230Z	info	staff-logger	scenario/viewer.go:32	basic viewer scenario
2026-09-22T09:05:50.230Z	info	staff-logger	scenario/viewer.go:56	visit top
2026-09-22T09:05:50.230Z	info	staff-logger	scenario/viewer.go:64	get livestream
2026-09-22T09:05:50.230Z	info	staff-logger	scenario/viewer.go:83	visit livestream
2026-09-22T09:05:50.248Z	info	staff-logger	scenario/viewer.go:32	basic viewer scenario
2026-09-22T09:05:50.248Z	info	staff-logger	scenario/viewer.go:56	visit top
2026-09-22T09:05:50.248Z	info	staff-logger	scenario/viewer.go:64	get livestream
2026-09-22T09:05:50.248Z	info	staff-logger	scenario/viewer.go:83	visit livestream
2026-09-22T09:05:50.263Z	info	staff-logger	scenario/streamer.go:48	change icon
2026-09-22T09:05:50.291Z	info	staff-logger	scenario/viewer.go:32	basic viewer scenario
2026-09-22T09:05:50.291Z	info	staff-logger	scenario/viewer.go:56	visit top
2026-09-22T09:05:50.291Z	info	staff-logger	scenario/viewer.go:64	get livestream
2026-09-22T09:05:50.291Z	info	staff-logger	scenario/viewer.go:83	visit livestream
2026-09-22T09:05:50.317Z	info	staff-logger	scenario/viewer.go:32	basic viewer scenario
2026-09-22T09:05:50.317Z	info	staff-logger	scenario/viewer.go:56	visit top
2026-09-22T09:05:50.317Z	info	staff-logger	scenario/viewer.go:64	get livestream
2026-09-22T09:05:50.317Z	info	staff-logger	scenario/viewer.go:83	visit livestream
2026-09-22T09:05:50.325Z	info	staff-logger	scenario/viewer.go:32	basic viewer scenario
2026-09-22T09:05:50.325Z	info	staff-logger	scenario/viewer.go:56	visit top
2026-09-22T09:05:50.325Z	info	staff-logger	scenario/viewer.go:64	get livestream
2026-09-22T09:05:50.325Z	info	staff-logger	scenario/viewer.go:83	visit livestream
2026-09-22T09:05:50.392Z	info	staff-logger	scenario/viewer.go:32	basic viewer scenario
2026-09-22T09:05:50.392Z	info	staff-logger	scenario/viewer.go:56	visit top
2026-09-22T09:05:50.392Z	info	staff-logger	scenario/viewer.go:64	get livestream
2026-09-22T09:05:50.392Z	info	staff-logger	scenario/viewer.go:83	visit livestream
2026-09-22T09:05:50.419Z	info	staff-logger	scenario/viewer.go:32	basic viewer scenario
2026-09-22T09:05:50.419Z	info	staff-logger	scenario/viewer.go:56	visit top
2026-09-22T09:05:50.420Z	info	staff-logger	scenario/viewer.go:64	get livestream
2026-09-22T09:05:50.420Z	info	staff-logger	scenario/viewer.go:83	visit livestream
2026-09-22T09:05:50.486Z	info	staff-logger	scenario/viewer.go:32	basic viewer scenario
2026-09-22T09:05:50.486Z	info	staff-logger	scenario/viewer.go:56	visit top
2026-09-22T09:05:50.508Z	info	staff-logger	scenario/viewer.go:32	basic viewer scenario
2026-09-22T09:05:50.508Z	info	staff-logger	scenario/viewer.go:56	visit top
2026-09-22T09:05:50.508Z	info	staff-logger	scenario/viewer.go:64	get livestream
2026-09-22T09:05:50.508Z	info	staff-logger	scenario/viewer.go:83	visit livestream
2026-09-22T09:05:50.569Z	info	staff-logger	scenario/viewer.go:32	basic viewer scenario
2026-09-22T09:05:50.569Z	info	staff-logger	scenario/viewer.go:56	visit top
2026-09-22T09:05:50.569Z	info	staff-logger	scenario/viewer.go:64	get livestream
2026-09-22T09:05:50.569Z	info	staff-logger	scenario/viewer.go:83	visit livestream
2026-09-22T09:05:50.642Z	info	staff-logger	scenario/viewer.go:32	basic viewer scenario
2026-09-22T09:05:50.642Z	info	staff-logger	scenario/viewer.go:56	visit top
2026-09-22T09:05:50.642Z	info	staff-logger	scenario/viewer.go:64	get livestream
2026-09-22T09:05:50.642Z	info	staff-logger	scenario/viewer.go:83	visit livestream
2026-09-22T09:05:50.666Z	warn	staff-logger	scenario/viewer.go:178	viewer_spam: failed to post livecomment (moderated spam): benchmark-application: [一般エラー] POST /api/livestream/7614/livecomment へのリクエストに対して、期待されたHTTPステータスコードが確認できませんでした (expected:400, actual:201)

2026-09-22T09:05:50.825Z	warn	staff-logger	scenario/viewer.go:178	viewer_spam: failed to post livecomment (moderated spam): benchmark-application: [一般エラー] POST /api/livestream/8030/livecomment へのリクエストに対して、期待されたHTTPステータスコードが確認できませんでした (expected:400, actual:201)

2026-09-22T09:05:50.867Z	info	staff-logger	scenario/viewer.go:32	basic viewer scenario
2026-09-22T09:05:50.867Z	info	staff-logger	scenario/viewer.go:56	visit top
2026-09-22T09:05:50.867Z	info	staff-logger	scenario/viewer.go:64	get livestream
2026-09-22T09:05:50.867Z	info	staff-logger	scenario/viewer.go:83	visit livestream
2026-09-22T09:05:50.877Z	info	staff-logger	scenario/viewer.go:32	basic viewer scenario
2026-09-22T09:05:50.877Z	info	staff-logger	scenario/viewer.go:56	visit top
2026-09-22T09:05:50.877Z	info	staff-logger	scenario/viewer.go:64	get livestream
2026-09-22T09:05:50.877Z	info	staff-logger	scenario/viewer.go:83	visit livestream
2026-09-22T09:05:51.022Z	info	staff-logger	scenario/viewer.go:32	basic viewer scenario
2026-09-22T09:05:51.022Z	info	staff-logger	scenario/viewer.go:56	visit top
2026-09-22T09:05:51.022Z	info	staff-logger	scenario/viewer.go:64	get livestream
2026-09-22T09:05:51.022Z	info	staff-logger	scenario/viewer.go:83	visit livestream
2026-09-22T09:05:51.115Z	info	staff-logger	scenario/viewer.go:32	basic viewer scenario
2026-09-22T09:05:51.115Z	info	staff-logger	scenario/viewer.go:56	visit top
2026-09-22T09:05:51.115Z	info	staff-logger	scenario/viewer.go:64	get livestream
2026-09-22T09:05:51.115Z	info	staff-logger	scenario/viewer.go:83	visit livestream
2026-09-22T09:05:51.153Z	info	staff-logger	scenario/viewer.go:90	get livestream stats
2026-09-22T09:05:51.184Z	warn	staff-logger	scenario/viewer.go:178	viewer_spam: failed to post livecomment (moderated spam): benchmark-application: [一般エラー] POST /api/livestream/7916/livecomment へのリクエストに対して、期待されたHTTPステータスコードが確認できませんでした (expected:400, actual:201)

2026-09-22T09:05:51.192Z	info	staff-logger	scenario/viewer.go:32	basic viewer scenario
2026-09-22T09:05:51.192Z	info	staff-logger	scenario/viewer.go:56	visit top
2026-09-22T09:05:51.192Z	info	staff-logger	scenario/viewer.go:64	get livestream
2026-09-22T09:05:51.192Z	info	staff-logger	scenario/viewer.go:83	visit livestream
2026-09-22T09:05:51.290Z	info	staff-logger	scenario/viewer.go:32	basic viewer scenario
2026-09-22T09:05:51.290Z	info	staff-logger	scenario/viewer.go:56	visit top
2026-09-22T09:05:51.290Z	info	staff-logger	scenario/viewer.go:64	get livestream
2026-09-22T09:05:51.290Z	info	staff-logger	scenario/viewer.go:83	visit livestream
2026-09-22T09:05:51.361Z	info	staff-logger	scenario/viewer.go:64	get livestream
2026-09-22T09:05:51.361Z	info	staff-logger	scenario/viewer.go:76	visit user profile
2026-09-22T09:05:51.441Z	info	staff-logger	scenario/viewer.go:32	basic viewer scenario
2026-09-22T09:05:51.441Z	info	staff-logger	scenario/viewer.go:56	visit top
2026-09-22T09:05:51.441Z	info	staff-logger	scenario/viewer.go:64	get livestream
2026-09-22T09:05:51.441Z	info	staff-logger	scenario/viewer.go:83	visit livestream
2026-09-22T09:05:51.444Z	info	staff-logger	scenario/viewer.go:83	visit livestream
2026-09-22T09:05:51.456Z	info	staff-logger	scenario/viewer.go:32	basic viewer scenario
2026-09-22T09:05:51.456Z	info	staff-logger	scenario/viewer.go:56	visit top
2026-09-22T09:05:51.456Z	info	staff-logger	scenario/viewer.go:64	get livestream
2026-09-22T09:05:51.456Z	info	staff-logger	scenario/viewer.go:83	visit livestream
2026-09-22T09:05:51.706Z	info	staff-logger	scenario/viewer.go:32	basic viewer scenario
2026-09-22T09:05:51.706Z	info	staff-logger	scenario/viewer.go:56	visit top
2026-09-22T09:05:51.706Z	info	staff-logger	scenario/viewer.go:64	get livestream
2026-09-22T09:05:51.706Z	info	staff-logger	scenario/viewer.go:83	visit livestream
2026-09-22T09:05:51.729Z	info	staff-logger	scenario/viewer.go:90	get livestream stats
2026-09-22T09:05:51.735Z	info	staff-logger	scenario/viewer.go:32	basic viewer scenario
2026-09-22T09:05:51.735Z	info	staff-logger	scenario/viewer.go:56	visit top
2026-09-22T09:05:51.735Z	info	staff-logger	scenario/viewer.go:64	get livestream
2026-09-22T09:05:51.735Z	info	staff-logger	scenario/viewer.go:83	visit livestream
2026-09-22T09:05:51.755Z	info	staff-logger	scenario/viewer.go:32	basic viewer scenario
2026-09-22T09:05:51.755Z	info	staff-logger	scenario/viewer.go:56	visit top
2026-09-22T09:05:51.755Z	info	staff-logger	scenario/viewer.go:64	get livestream
2026-09-22T09:05:51.755Z	info	staff-logger	scenario/viewer.go:83	visit livestream
2026-09-22T09:05:51.776Z	info	staff-logger	scenario/viewer.go:90	get livestream stats
2026-09-22T09:05:51.862Z	info	staff-logger	scenario/viewer.go:32	basic viewer scenario
2026-09-22T09:05:51.862Z	info	staff-logger	scenario/viewer.go:56	visit top
2026-09-22T09:05:51.862Z	info	staff-logger	scenario/viewer.go:64	get livestream
2026-09-22T09:05:51.862Z	info	staff-logger	scenario/viewer.go:83	visit livestream
2026-09-22T09:05:51.919Z	info	staff-logger	scenario/viewer.go:32	basic viewer scenario
2026-09-22T09:05:51.919Z	info	staff-logger	scenario/viewer.go:56	visit top
2026-09-22T09:05:51.919Z	info	staff-logger	scenario/viewer.go:64	get livestream
2026-09-22T09:05:51.919Z	info	staff-logger	scenario/viewer.go:83	visit livestream
2026-09-22T09:05:51.938Z	info	staff-logger	scenario/viewer.go:32	basic viewer scenario
2026-09-22T09:05:51.938Z	info	staff-logger	scenario/viewer.go:56	visit top
2026-09-22T09:05:51.938Z	info	staff-logger	scenario/viewer.go:64	get livestream
2026-09-22T09:05:51.938Z	info	staff-logger	scenario/viewer.go:83	visit livestream
2026-09-22T09:05:52.062Z	info	staff-logger	scenario/viewer.go:32	basic viewer scenario
2026-09-22T09:05:52.062Z	info	staff-logger	scenario/viewer.go:56	visit top
2026-09-22T09:05:52.062Z	info	staff-logger	scenario/viewer.go:64	get livestream
2026-09-22T09:05:52.062Z	info	staff-logger	scenario/viewer.go:83	visit livestream
2026-09-22T09:05:52.128Z	info	staff-logger	scenario/viewer.go:32	basic viewer scenario
2026-09-22T09:05:52.128Z	info	staff-logger	scenario/viewer.go:56	visit top
2026-09-22T09:05:52.128Z	info	staff-logger	scenario/viewer.go:64	get livestream
2026-09-22T09:05:52.128Z	info	staff-logger	scenario/viewer.go:83	visit livestream
2026-09-22T09:05:52.188Z	info	staff-logger	scenario/viewer.go:32	basic viewer scenario
2026-09-22T09:05:52.188Z	info	staff-logger	scenario/viewer.go:56	visit top
2026-09-22T09:05:52.254Z	info	staff-logger	scenario/viewer.go:32	basic viewer scenario
2026-09-22T09:05:52.254Z	info	staff-logger	scenario/viewer.go:56	visit top
2026-09-22T09:05:52.254Z	info	staff-logger	scenario/viewer.go:64	get livestream
2026-09-22T09:05:52.254Z	info	staff-logger	scenario/viewer.go:83	visit livestream
2026-09-22T09:05:52.308Z	info	staff-logger	scenario/viewer.go:90	get livestream stats
2026-09-22T09:05:52.400Z	info	staff-logger	scenario/viewer.go:32	basic viewer scenario
2026-09-22T09:05:52.400Z	info	staff-logger	scenario/viewer.go:56	visit top
2026-09-22T09:05:52.400Z	info	staff-logger	scenario/viewer.go:64	get livestream
2026-09-22T09:05:52.401Z	info	staff-logger	scenario/viewer.go:83	visit livestream
2026-09-22T09:05:52.408Z	info	staff-logger	scenario/viewer.go:32	basic viewer scenario
2026-09-22T09:05:52.408Z	info	staff-logger	scenario/viewer.go:56	visit top
2026-09-22T09:05:52.408Z	info	staff-logger	scenario/viewer.go:64	get livestream
2026-09-22T09:05:52.408Z	info	staff-logger	scenario/viewer.go:83	visit livestream
2026-09-22T09:05:52.460Z	info	staff-logger	scenario/viewer.go:32	basic viewer scenario
2026-09-22T09:05:52.460Z	info	staff-logger	scenario/viewer.go:56	visit top
2026-09-22T09:05:52.460Z	info	staff-logger	scenario/viewer.go:64	get livestream
2026-09-22T09:05:52.460Z	info	staff-logger	scenario/viewer.go:83	visit livestream
2026-09-22T09:05:52.548Z	warn	staff-logger	scenario/viewer.go:178	viewer_spam: failed to post livecomment (moderated spam): benchmark-application: [一般エラー] POST /api/livestream/7602/livecomment へのリクエストに対して、期待されたHTTPステータスコードが確認できませんでした (expected:400, actual:201)

2026-09-22T09:05:52.577Z	info	staff-logger	scenario/viewer.go:32	basic viewer scenario
2026-09-22T09:05:52.577Z	info	staff-logger	scenario/viewer.go:56	visit top
2026-09-22T09:05:52.577Z	info	staff-logger	scenario/viewer.go:64	get livestream
2026-09-22T09:05:52.577Z	info	staff-logger	scenario/viewer.go:83	visit livestream
2026-09-22T09:05:52.813Z	info	staff-logger	scenario/viewer.go:32	basic viewer scenario
2026-09-22T09:05:52.813Z	info	staff-logger	scenario/viewer.go:56	visit top
2026-09-22T09:05:52.813Z	info	staff-logger	scenario/viewer.go:64	get livestream
2026-09-22T09:05:52.813Z	info	staff-logger	scenario/viewer.go:83	visit livestream
2026-09-22T09:05:52.943Z	info	staff-logger	scenario/viewer.go:32	basic viewer scenario
2026-09-22T09:05:52.943Z	info	staff-logger	scenario/viewer.go:56	visit top
2026-09-22T09:05:52.943Z	info	staff-logger	scenario/viewer.go:64	get livestream
2026-09-22T09:05:52.943Z	info	staff-logger	scenario/viewer.go:83	visit livestream
2026-09-22T09:05:52.945Z	info	staff-logger	scenario/viewer.go:32	basic viewer scenario
2026-09-22T09:05:52.945Z	info	staff-logger	scenario/viewer.go:56	visit top
2026-09-22T09:05:52.945Z	info	staff-logger	scenario/viewer.go:64	get livestream
2026-09-22T09:05:52.945Z	info	staff-logger	scenario/viewer.go:83	visit livestream
2026-09-22T09:05:52.997Z	info	staff-logger	scenario/viewer.go:32	basic viewer scenario
2026-09-22T09:05:52.997Z	info	staff-logger	scenario/viewer.go:56	visit top
2026-09-22T09:05:52.997Z	info	staff-logger	scenario/viewer.go:64	get livestream
2026-09-22T09:05:52.997Z	info	staff-logger	scenario/viewer.go:83	visit livestream
2026-09-22T09:05:52.999Z	info	staff-logger	scenario/viewer.go:32	basic viewer scenario
2026-09-22T09:05:52.999Z	info	staff-logger	scenario/viewer.go:56	visit top
2026-09-22T09:05:52.999Z	info	staff-logger	scenario/viewer.go:64	get livestream
2026-09-22T09:05:52.999Z	info	staff-logger	scenario/viewer.go:83	visit livestream
2026-09-22T09:05:53.006Z	info	staff-logger	scenario/viewer.go:64	get livestream
2026-09-22T09:05:53.006Z	info	staff-logger	scenario/viewer.go:76	visit user profile
2026-09-22T09:05:53.016Z	info	staff-logger	scenario/viewer.go:32	basic viewer scenario
2026-09-22T09:05:53.016Z	info	staff-logger	scenario/viewer.go:56	visit top
2026-09-22T09:05:53.016Z	info	staff-logger	scenario/viewer.go:64	get livestream
2026-09-22T09:05:53.016Z	info	staff-logger	scenario/viewer.go:83	visit livestream
2026-09-22T09:05:53.060Z	info	staff-logger	scenario/viewer.go:32	basic viewer scenario
2026-09-22T09:05:53.061Z	info	staff-logger	scenario/viewer.go:56	visit top
2026-09-22T09:05:53.061Z	info	staff-logger	scenario/viewer.go:64	get livestream
2026-09-22T09:05:53.061Z	info	staff-logger	scenario/viewer.go:83	visit livestream
2026-09-22T09:05:53.096Z	info	staff-logger	scenario/viewer.go:83	visit livestream
2026-09-22T09:05:53.118Z	info	staff-logger	scenario/viewer.go:32	basic viewer scenario
2026-09-22T09:05:53.118Z	info	staff-logger	scenario/viewer.go:56	visit top
2026-09-22T09:05:53.118Z	info	staff-logger	scenario/viewer.go:64	get livestream
2026-09-22T09:05:53.118Z	info	staff-logger	scenario/viewer.go:83	visit livestream
2026-09-22T09:05:53.159Z	info	staff-logger	scenario/viewer.go:32	basic viewer scenario
2026-09-22T09:05:53.159Z	info	staff-logger	scenario/viewer.go:56	visit top
2026-09-22T09:05:53.159Z	info	staff-logger	scenario/viewer.go:64	get livestream
2026-09-22T09:05:53.159Z	info	staff-logger	scenario/viewer.go:83	visit livestream
2026-09-22T09:05:53.207Z	warn	staff-logger	scenario/viewer.go:178	viewer_spam: failed to post livecomment (moderated spam): benchmark-application: [一般エラー] POST /api/livestream/7857/livecomment へのリクエストに対して、期待されたHTTPステータスコードが確認できませんでした (expected:400, actual:201)

2026-09-22T09:05:53.265Z	info	staff-logger	scenario/viewer.go:32	basic viewer scenario
2026-09-22T09:05:53.265Z	info	staff-logger	scenario/viewer.go:56	visit top
2026-09-22T09:05:53.265Z	info	staff-logger	scenario/viewer.go:64	get livestream
2026-09-22T09:05:53.265Z	info	staff-logger	scenario/viewer.go:83	visit livestream
2026-09-22T09:05:53.294Z	info	staff-logger	scenario/streamer.go:48	change icon
2026-09-22T09:05:53.300Z	info	staff-logger	scenario/viewer.go:90	get livestream stats
2026-09-22T09:05:53.384Z	info	staff-logger	scenario/viewer.go:32	basic viewer scenario
2026-09-22T09:05:53.384Z	info	staff-logger	scenario/viewer.go:56	visit top
2026-09-22T09:05:53.384Z	info	staff-logger	scenario/viewer.go:64	get livestream
2026-09-22T09:05:53.384Z	info	staff-logger	scenario/viewer.go:83	visit livestream
2026-09-22T09:05:53.651Z	info	staff-logger	scenario/viewer.go:32	basic viewer scenario
2026-09-22T09:05:53.651Z	info	staff-logger	scenario/viewer.go:56	visit top
2026-09-22T09:05:53.651Z	info	staff-logger	scenario/viewer.go:64	get livestream
2026-09-22T09:05:53.651Z	info	staff-logger	scenario/viewer.go:83	visit livestream
2026-09-22T09:05:53.695Z	info	staff-logger	scenario/viewer.go:32	basic viewer scenario
2026-09-22T09:05:53.695Z	info	staff-logger	scenario/viewer.go:56	visit top
2026-09-22T09:05:53.695Z	info	staff-logger	scenario/viewer.go:64	get livestream
2026-09-22T09:05:53.695Z	info	staff-logger	scenario/viewer.go:83	visit livestream
2026-09-22T09:05:53.747Z	info	staff-logger	scenario/viewer.go:32	basic viewer scenario
2026-09-22T09:05:53.747Z	info	staff-logger	scenario/viewer.go:56	visit top
2026-09-22T09:05:53.747Z	info	staff-logger	scenario/viewer.go:64	get livestream
2026-09-22T09:05:53.747Z	info	staff-logger	scenario/viewer.go:83	visit livestream
2026-09-22T09:05:53.765Z	info	staff-logger	scenario/viewer.go:32	basic viewer scenario
2026-09-22T09:05:53.765Z	info	staff-logger	scenario/viewer.go:56	visit top
2026-09-22T09:05:53.765Z	info	staff-logger	scenario/viewer.go:64	get livestream
2026-09-22T09:05:53.765Z	info	staff-logger	scenario/viewer.go:83	visit livestream
2026-09-22T09:05:53.784Z	info	staff-logger	scenario/viewer.go:90	get livestream stats
2026-09-22T09:05:53.830Z	info	staff-logger	scenario/viewer.go:32	basic viewer scenario
2026-09-22T09:05:53.830Z	info	staff-logger	scenario/viewer.go:56	visit top
2026-09-22T09:05:53.830Z	info	staff-logger	scenario/viewer.go:64	get livestream
2026-09-22T09:05:53.830Z	info	staff-logger	scenario/viewer.go:83	visit livestream
2026-09-22T09:05:53.856Z	info	staff-logger	scenario/viewer.go:32	basic viewer scenario
2026-09-22T09:05:53.856Z	info	staff-logger	scenario/viewer.go:56	visit top
2026-09-22T09:05:53.856Z	info	staff-logger	scenario/viewer.go:64	get livestream
2026-09-22T09:05:53.856Z	info	staff-logger	scenario/viewer.go:83	visit livestream
2026-09-22T09:05:53.885Z	info	staff-logger	scenario/viewer.go:32	basic viewer scenario
2026-09-22T09:05:53.885Z	info	staff-logger	scenario/viewer.go:56	visit top
2026-09-22T09:05:53.885Z	info	staff-logger	scenario/viewer.go:64	get livestream
2026-09-22T09:05:53.885Z	info	staff-logger	scenario/viewer.go:83	visit livestream
2026-09-22T09:05:53.897Z	info	staff-logger	scenario/viewer.go:90	get livestream stats
2026-09-22T09:05:53.928Z	warn	staff-logger	scenario/viewer.go:178	viewer_spam: failed to post livecomment (moderated spam): benchmark-application: [一般エラー] POST /api/livestream/7962/livecomment へのリクエストに対して、期待されたHTTPステータスコードが確認できませんでした (expected:400, actual:201)

2026-09-22T09:05:53.943Z	info	staff-logger	scenario/viewer.go:32	basic viewer scenario
2026-09-22T09:05:53.943Z	info	staff-logger	scenario/viewer.go:56	visit top
2026-09-22T09:05:53.944Z	info	staff-logger	scenario/viewer.go:64	get livestream
2026-09-22T09:05:53.944Z	info	staff-logger	scenario/viewer.go:83	visit livestream
2026-09-22T09:05:54.015Z	info	staff-logger	scenario/viewer.go:32	basic viewer scenario
2026-09-22T09:05:54.015Z	info	staff-logger	scenario/viewer.go:56	visit top
2026-09-22T09:05:54.015Z	info	staff-logger	scenario/viewer.go:64	get livestream
2026-09-22T09:05:54.015Z	info	staff-logger	scenario/viewer.go:83	visit livestream
2026-09-22T09:05:54.034Z	info	staff-logger	scenario/viewer.go:90	get livestream stats
2026-09-22T09:05:54.062Z	info	staff-logger	scenario/viewer.go:32	basic viewer scenario
2026-09-22T09:05:54.062Z	info	staff-logger	scenario/viewer.go:56	visit top
2026-09-22T09:05:54.062Z	info	staff-logger	scenario/viewer.go:64	get livestream
2026-09-22T09:05:54.062Z	info	staff-logger	scenario/viewer.go:83	visit livestream
2026-09-22T09:05:54.085Z	info	staff-logger	scenario/viewer.go:32	basic viewer scenario
2026-09-22T09:05:54.085Z	info	staff-logger	scenario/viewer.go:56	visit top
2026-09-22T09:05:54.085Z	info	staff-logger	scenario/viewer.go:64	get livestream
2026-09-22T09:05:54.085Z	info	staff-logger	scenario/viewer.go:83	visit livestream
2026-09-22T09:05:54.150Z	info	staff-logger	scenario/viewer.go:90	get livestream stats
2026-09-22T09:05:54.219Z	info	staff-logger	scenario/viewer.go:32	basic viewer scenario
2026-09-22T09:05:54.219Z	info	staff-logger	scenario/viewer.go:56	visit top
2026-09-22T09:05:54.219Z	info	staff-logger	scenario/viewer.go:64	get livestream
2026-09-22T09:05:54.219Z	info	staff-logger	scenario/viewer.go:83	visit livestream
2026-09-22T09:05:54.224Z	info	staff-logger	scenario/viewer.go:32	basic viewer scenario
2026-09-22T09:05:54.224Z	info	staff-logger	scenario/viewer.go:56	visit top
2026-09-22T09:05:54.224Z	info	staff-logger	scenario/viewer.go:64	get livestream
2026-09-22T09:05:54.224Z	info	staff-logger	scenario/viewer.go:83	visit livestream
2026-09-22T09:05:54.228Z	info	staff-logger	scenario/viewer.go:32	basic viewer scenario
2026-09-22T09:05:54.228Z	info	staff-logger	scenario/viewer.go:56	visit top
2026-09-22T09:05:54.228Z	info	staff-logger	scenario/viewer.go:64	get livestream
2026-09-22T09:05:54.228Z	info	staff-logger	scenario/viewer.go:83	visit livestream
2026-09-22T09:05:54.341Z	info	staff-logger	scenario/viewer.go:32	basic viewer scenario
2026-09-22T09:05:54.341Z	info	staff-logger	scenario/viewer.go:56	visit top
2026-09-22T09:05:54.341Z	info	staff-logger	scenario/viewer.go:64	get livestream
2026-09-22T09:05:54.341Z	info	staff-logger	scenario/viewer.go:83	visit livestream
2026-09-22T09:05:54.384Z	warn	staff-logger	scenario/viewer.go:178	viewer_spam: failed to post livecomment (moderated spam): benchmark-application: [一般エラー] POST /api/livestream/7968/livecomment へのリクエストに対して、期待されたHTTPステータスコードが確認できませんでした (expected:400, actual:201)

2026-09-22T09:05:54.402Z	warn	staff-logger	scenario/viewer.go:178	viewer_spam: failed to post livecomment (moderated spam): benchmark-application: [一般エラー] POST /api/livestream/7869/livecomment へのリクエストに対して、期待されたHTTPステータスコードが確認できませんでした (expected:400, actual:201)

2026-09-22T09:05:54.476Z	info	staff-logger	scenario/viewer.go:32	basic viewer scenario
2026-09-22T09:05:54.476Z	info	staff-logger	scenario/viewer.go:56	visit top
2026-09-22T09:05:54.476Z	info	staff-logger	scenario/viewer.go:64	get livestream
2026-09-22T09:05:54.476Z	info	staff-logger	scenario/viewer.go:83	visit livestream
2026-09-22T09:05:54.548Z	warn	staff-logger	scenario/viewer.go:178	viewer_spam: failed to post livecomment (moderated spam): benchmark-application: [一般エラー] POST /api/livestream/7603/livecomment へのリクエストに対して、期待されたHTTPステータスコードが確認できませんでした (expected:400, actual:201)

2026-09-22T09:05:54.602Z	info	staff-logger	scenario/viewer.go:32	basic viewer scenario
2026-09-22T09:05:54.602Z	info	staff-logger	scenario/viewer.go:56	visit top
2026-09-22T09:05:54.602Z	info	staff-logger	scenario/viewer.go:64	get livestream
2026-09-22T09:05:54.602Z	info	staff-logger	scenario/viewer.go:83	visit livestream
2026-09-22T09:05:54.644Z	info	staff-logger	scenario/viewer.go:32	basic viewer scenario
2026-09-22T09:05:54.644Z	info	staff-logger	scenario/viewer.go:56	visit top
2026-09-22T09:05:54.650Z	info	staff-logger	scenario/viewer.go:32	basic viewer scenario
2026-09-22T09:05:54.650Z	info	staff-logger	scenario/viewer.go:56	visit top
2026-09-22T09:05:54.650Z	info	staff-logger	scenario/viewer.go:64	get livestream
2026-09-22T09:05:54.650Z	info	staff-logger	scenario/viewer.go:83	visit livestream
2026-09-22T09:05:54.707Z	info	staff-logger	scenario/streamer.go:48	change icon
2026-09-22T09:05:54.715Z	info	staff-logger	scenario/viewer.go:32	basic viewer scenario
2026-09-22T09:05:54.715Z	info	staff-logger	scenario/viewer.go:56	visit top
2026-09-22T09:05:54.715Z	info	staff-logger	scenario/viewer.go:64	get livestream
2026-09-22T09:05:54.715Z	info	staff-logger	scenario/viewer.go:83	visit livestream
2026-09-22T09:05:54.718Z	info	staff-logger	scenario/viewer.go:32	basic viewer scenario
2026-09-22T09:05:54.718Z	info	staff-logger	scenario/viewer.go:56	visit top
2026-09-22T09:05:54.718Z	info	staff-logger	scenario/viewer.go:64	get livestream
2026-09-22T09:05:54.718Z	info	staff-logger	scenario/viewer.go:83	visit livestream
2026-09-22T09:05:54.791Z	info	staff-logger	scenario/viewer.go:32	basic viewer scenario
2026-09-22T09:05:54.791Z	info	staff-logger	scenario/viewer.go:56	visit top
2026-09-22T09:05:54.805Z	info	staff-logger	scenario/viewer.go:32	basic viewer scenario
2026-09-22T09:05:54.805Z	info	staff-logger	scenario/viewer.go:56	visit top
2026-09-22T09:05:54.805Z	info	staff-logger	scenario/viewer.go:64	get livestream
2026-09-22T09:05:54.805Z	info	staff-logger	scenario/viewer.go:83	visit livestream
2026-09-22T09:05:54.898Z	info	staff-logger	scenario/viewer.go:32	basic viewer scenario
2026-09-22T09:05:54.898Z	info	staff-logger	scenario/viewer.go:56	visit top
2026-09-22T09:05:54.898Z	info	staff-logger	scenario/viewer.go:64	get livestream
2026-09-22T09:05:54.898Z	info	staff-logger	scenario/viewer.go:83	visit livestream
2026-09-22T09:05:55.015Z	info	staff-logger	scenario/streamer.go:48	change icon
2026-09-22T09:05:55.128Z	info	staff-logger	scenario/viewer.go:32	basic viewer scenario
2026-09-22T09:05:55.128Z	info	staff-logger	scenario/viewer.go:56	visit top
2026-09-22T09:05:55.128Z	info	staff-logger	scenario/viewer.go:64	get livestream
2026-09-22T09:05:55.128Z	info	staff-logger	scenario/viewer.go:83	visit livestream
2026-09-22T09:05:55.160Z	info	staff-logger	scenario/viewer.go:32	basic viewer scenario
2026-09-22T09:05:55.160Z	info	staff-logger	scenario/viewer.go:56	visit top
2026-09-22T09:05:55.160Z	info	staff-logger	scenario/viewer.go:64	get livestream
2026-09-22T09:05:55.160Z	info	staff-logger	scenario/viewer.go:83	visit livestream
2026-09-22T09:05:55.201Z	info	staff-logger	scenario/viewer.go:32	basic viewer scenario
2026-09-22T09:05:55.201Z	info	staff-logger	scenario/viewer.go:56	visit top
2026-09-22T09:05:55.201Z	info	staff-logger	scenario/viewer.go:64	get livestream
2026-09-22T09:05:55.201Z	info	staff-logger	scenario/viewer.go:83	visit livestream
2026-09-22T09:05:55.229Z	info	staff-logger	scenario/streamer.go:48	change icon
2026-09-22T09:05:55.256Z	info	staff-logger	scenario/viewer.go:32	basic viewer scenario
2026-09-22T09:05:55.256Z	info	staff-logger	scenario/viewer.go:56	visit top
2026-09-22T09:05:55.256Z	info	staff-logger	scenario/viewer.go:64	get livestream
2026-09-22T09:05:55.256Z	info	staff-logger	scenario/viewer.go:83	visit livestream
2026-09-22T09:05:55.263Z	info	staff-logger	scenario/viewer.go:32	basic viewer scenario
2026-09-22T09:05:55.263Z	info	staff-logger	scenario/viewer.go:56	visit top
2026-09-22T09:05:55.263Z	info	staff-logger	scenario/viewer.go:64	get livestream
2026-09-22T09:05:55.263Z	info	staff-logger	scenario/viewer.go:83	visit livestream
2026-09-22T09:05:55.286Z	info	staff-logger	scenario/viewer.go:90	get livestream stats
2026-09-22T09:05:55.485Z	info	staff-logger	scenario/viewer.go:32	basic viewer scenario
2026-09-22T09:05:55.485Z	info	staff-logger	scenario/viewer.go:56	visit top
2026-09-22T09:05:55.485Z	info	staff-logger	scenario/viewer.go:64	get livestream
2026-09-22T09:05:55.485Z	info	staff-logger	scenario/viewer.go:83	visit livestream
2026-09-22T09:05:55.517Z	info	staff-logger	scenario/viewer.go:64	get livestream
2026-09-22T09:05:55.517Z	info	staff-logger	scenario/viewer.go:76	visit user profile
2026-09-22T09:05:55.533Z	info	staff-logger	scenario/viewer.go:32	basic viewer scenario
2026-09-22T09:05:55.533Z	info	staff-logger	scenario/viewer.go:56	visit top
2026-09-22T09:05:55.533Z	info	staff-logger	scenario/viewer.go:64	get livestream
2026-09-22T09:05:55.533Z	info	staff-logger	scenario/viewer.go:83	visit livestream
2026-09-22T09:05:55.597Z	info	staff-logger	scenario/viewer.go:83	visit livestream
2026-09-22T09:05:55.624Z	info	staff-logger	scenario/viewer.go:32	basic viewer scenario
2026-09-22T09:05:55.624Z	info	staff-logger	scenario/viewer.go:56	visit top
2026-09-22T09:05:55.624Z	info	staff-logger	scenario/viewer.go:64	get livestream
2026-09-22T09:05:55.624Z	info	staff-logger	scenario/viewer.go:83	visit livestream
2026-09-22T09:05:55.657Z	info	staff-logger	scenario/viewer.go:32	basic viewer scenario
2026-09-22T09:05:55.657Z	info	staff-logger	scenario/viewer.go:56	visit top
2026-09-22T09:05:55.657Z	info	staff-logger	scenario/viewer.go:64	get livestream
2026-09-22T09:05:55.657Z	info	staff-logger	scenario/viewer.go:83	visit livestream
2026-09-22T09:05:55.660Z	info	staff-logger	scenario/viewer.go:64	get livestream
2026-09-22T09:05:55.661Z	info	staff-logger	scenario/viewer.go:76	visit user profile
2026-09-22T09:05:55.713Z	info	staff-logger	scenario/viewer.go:32	basic viewer scenario
2026-09-22T09:05:55.713Z	info	staff-logger	scenario/viewer.go:56	visit top
2026-09-22T09:05:55.713Z	info	staff-logger	scenario/viewer.go:64	get livestream
2026-09-22T09:05:55.713Z	info	staff-logger	scenario/viewer.go:83	visit livestream
2026-09-22T09:05:55.741Z	info	staff-logger	scenario/viewer.go:83	visit livestream
2026-09-22T09:05:55.743Z	info	staff-logger	scenario/viewer.go:90	get livestream stats
2026-09-22T09:05:55.773Z	info	staff-logger	scenario/viewer.go:32	basic viewer scenario
2026-09-22T09:05:55.774Z	info	staff-logger	scenario/viewer.go:56	visit top
2026-09-22T09:05:55.774Z	info	staff-logger	scenario/viewer.go:64	get livestream
2026-09-22T09:05:55.774Z	info	staff-logger	scenario/viewer.go:83	visit livestream
2026-09-22T09:05:55.937Z	warn	staff-logger	scenario/viewer.go:178	viewer_spam: failed to post livecomment (moderated spam): benchmark-application: [一般エラー] POST /api/livestream/7986/livecomment へのリクエストに対して、期待されたHTTPステータスコードが確認できませんでした (expected:400, actual:201)

2026-09-22T09:05:56.057Z	info	staff-logger	scenario/streamer.go:48	change icon
2026-09-22T09:05:56.075Z	info	staff-logger	scenario/viewer.go:32	basic viewer scenario
2026-09-22T09:05:56.076Z	info	staff-logger	scenario/viewer.go:56	visit top
2026-09-22T09:05:56.076Z	info	staff-logger	scenario/viewer.go:64	get livestream
2026-09-22T09:05:56.076Z	info	staff-logger	scenario/viewer.go:83	visit livestream
2026-09-22T09:05:56.082Z	info	staff-logger	scenario/viewer.go:32	basic viewer scenario
2026-09-22T09:05:56.082Z	info	staff-logger	scenario/viewer.go:56	visit top
2026-09-22T09:05:56.082Z	info	staff-logger	scenario/viewer.go:64	get livestream
2026-09-22T09:05:56.082Z	info	staff-logger	scenario/viewer.go:83	visit livestream
2026-09-22T09:05:56.166Z	info	staff-logger	scenario/viewer.go:32	basic viewer scenario
2026-09-22T09:05:56.166Z	info	staff-logger	scenario/viewer.go:56	visit top
2026-09-22T09:05:56.174Z	info	staff-logger	scenario/viewer.go:32	basic viewer scenario
2026-09-22T09:05:56.174Z	info	staff-logger	scenario/viewer.go:56	visit top
2026-09-22T09:05:56.174Z	info	staff-logger	scenario/viewer.go:64	get livestream
2026-09-22T09:05:56.174Z	info	staff-logger	scenario/viewer.go:83	visit livestream
2026-09-22T09:05:56.309Z	info	staff-logger	scenario/viewer.go:32	basic viewer scenario
2026-09-22T09:05:56.309Z	info	staff-logger	scenario/viewer.go:56	visit top
2026-09-22T09:05:56.310Z	info	staff-logger	scenario/viewer.go:64	get livestream
2026-09-22T09:05:56.310Z	info	staff-logger	scenario/viewer.go:83	visit livestream
2026-09-22T09:05:56.432Z	info	staff-logger	scenario/streamer.go:48	change icon
2026-09-22T09:05:56.479Z	info	staff-logger	scenario/viewer.go:32	basic viewer scenario
2026-09-22T09:05:56.479Z	info	staff-logger	scenario/viewer.go:56	visit top
2026-09-22T09:05:56.479Z	info	staff-logger	scenario/viewer.go:64	get livestream
2026-09-22T09:05:56.479Z	info	staff-logger	scenario/viewer.go:83	visit livestream
2026-09-22T09:05:56.532Z	info	staff-logger	scenario/viewer.go:32	basic viewer scenario
2026-09-22T09:05:56.532Z	info	staff-logger	scenario/viewer.go:56	visit top
2026-09-22T09:05:56.532Z	info	staff-logger	scenario/viewer.go:64	get livestream
2026-09-22T09:05:56.532Z	info	staff-logger	scenario/viewer.go:83	visit livestream
2026-09-22T09:05:56.543Z	info	staff-logger	scenario/streamer.go:48	change icon
2026-09-22T09:05:56.571Z	warn	staff-logger	scenario/viewer.go:178	viewer_spam: failed to post livecomment (moderated spam): benchmark-application: [一般エラー] POST /api/livestream/7814/livecomment へのリクエストに対して、期待されたHTTPステータスコードが確認できませんでした (expected:400, actual:201)

2026-09-22T09:05:56.677Z	info	staff-logger	scenario/viewer.go:32	basic viewer scenario
2026-09-22T09:05:56.677Z	info	staff-logger	scenario/viewer.go:56	visit top
2026-09-22T09:05:56.677Z	info	staff-logger	scenario/viewer.go:64	get livestream
2026-09-22T09:05:56.677Z	info	staff-logger	scenario/viewer.go:83	visit livestream
2026-09-22T09:05:56.717Z	info	staff-logger	scenario/viewer.go:32	basic viewer scenario
2026-09-22T09:05:56.717Z	info	staff-logger	scenario/viewer.go:56	visit top
2026-09-22T09:05:56.717Z	info	staff-logger	scenario/viewer.go:64	get livestream
2026-09-22T09:05:56.717Z	info	staff-logger	scenario/viewer.go:83	visit livestream
2026-09-22T09:05:56.727Z	info	staff-logger	scenario/viewer.go:32	basic viewer scenario
2026-09-22T09:05:56.727Z	info	staff-logger	scenario/viewer.go:56	visit top
2026-09-22T09:05:56.739Z	info	staff-logger	scenario/viewer.go:90	get livestream stats
2026-09-22T09:05:56.785Z	info	staff-logger	scenario/viewer.go:32	basic viewer scenario
2026-09-22T09:05:56.785Z	info	staff-logger	scenario/viewer.go:56	visit top
2026-09-22T09:05:56.785Z	info	staff-logger	scenario/viewer.go:64	get livestream
2026-09-22T09:05:56.786Z	info	staff-logger	scenario/viewer.go:83	visit livestream
2026-09-22T09:05:56.904Z	info	staff-logger	scenario/viewer.go:32	basic viewer scenario
2026-09-22T09:05:56.904Z	info	staff-logger	scenario/viewer.go:56	visit top
2026-09-22T09:05:56.904Z	info	staff-logger	scenario/viewer.go:64	get livestream
2026-09-22T09:05:56.904Z	info	staff-logger	scenario/viewer.go:83	visit livestream
2026-09-22T09:05:56.961Z	info	staff-logger	scenario/viewer.go:32	basic viewer scenario
2026-09-22T09:05:56.961Z	info	staff-logger	scenario/viewer.go:56	visit top
2026-09-22T09:05:56.961Z	info	staff-logger	scenario/viewer.go:64	get livestream
2026-09-22T09:05:56.961Z	info	staff-logger	scenario/viewer.go:83	visit livestream
2026-09-22T09:05:56.973Z	info	staff-logger	scenario/viewer.go:32	basic viewer scenario
2026-09-22T09:05:56.973Z	info	staff-logger	scenario/viewer.go:56	visit top
2026-09-22T09:05:56.973Z	info	staff-logger	scenario/viewer.go:64	get livestream
2026-09-22T09:05:56.973Z	info	staff-logger	scenario/viewer.go:83	visit livestream
2026-09-22T09:05:57.047Z	info	staff-logger	scenario/viewer.go:32	basic viewer scenario
2026-09-22T09:05:57.047Z	info	staff-logger	scenario/viewer.go:56	visit top
2026-09-22T09:05:57.047Z	info	staff-logger	scenario/viewer.go:64	get livestream
2026-09-22T09:05:57.047Z	info	staff-logger	scenario/viewer.go:83	visit livestream
2026-09-22T09:05:57.056Z	info	staff-logger	scenario/viewer.go:32	basic viewer scenario
2026-09-22T09:05:57.056Z	info	staff-logger	scenario/viewer.go:56	visit top
2026-09-22T09:05:57.056Z	info	staff-logger	scenario/viewer.go:64	get livestream
2026-09-22T09:05:57.056Z	info	staff-logger	scenario/viewer.go:83	visit livestream
2026-09-22T09:05:57.098Z	info	staff-logger	scenario/viewer.go:90	get livestream stats
2026-09-22T09:05:57.156Z	info	staff-logger	scenario/viewer.go:64	get livestream
2026-09-22T09:05:57.156Z	info	staff-logger	scenario/viewer.go:76	visit user profile
2026-09-22T09:05:57.253Z	info	staff-logger	scenario/viewer.go:83	visit livestream
2026-09-22T09:05:57.266Z	info	staff-logger	scenario/viewer.go:32	basic viewer scenario
2026-09-22T09:05:57.266Z	info	staff-logger	scenario/viewer.go:56	visit top
2026-09-22T09:05:57.266Z	info	staff-logger	scenario/viewer.go:32	basic viewer scenario
2026-09-22T09:05:57.266Z	info	staff-logger	scenario/viewer.go:64	get livestream
2026-09-22T09:05:57.266Z	info	staff-logger	scenario/viewer.go:56	visit top
2026-09-22T09:05:57.266Z	info	staff-logger	scenario/viewer.go:83	visit livestream
2026-09-22T09:05:57.266Z	info	staff-logger	scenario/viewer.go:64	get livestream
2026-09-22T09:05:57.267Z	info	staff-logger	scenario/viewer.go:83	visit livestream
2026-09-22T09:05:57.383Z	warn	staff-logger	scenario/viewer.go:178	viewer_spam: failed to post livecomment (moderated spam): benchmark-application: [一般エラー] POST /api/livestream/7999/livecomment へのリクエストに対して、期待されたHTTPステータスコードが確認できませんでした (expected:400, actual:201)

2026-09-22T09:05:57.403Z	info	staff-logger	scenario/viewer.go:32	basic viewer scenario
2026-09-22T09:05:57.403Z	info	staff-logger	scenario/viewer.go:56	visit top
2026-09-22T09:05:57.403Z	info	staff-logger	scenario/viewer.go:64	get livestream
2026-09-22T09:05:57.403Z	info	staff-logger	scenario/viewer.go:83	visit livestream
2026-09-22T09:05:57.426Z	info	staff-logger	scenario/viewer.go:32	basic viewer scenario
2026-09-22T09:05:57.426Z	info	staff-logger	scenario/viewer.go:56	visit top
2026-09-22T09:05:57.426Z	info	staff-logger	scenario/viewer.go:64	get livestream
2026-09-22T09:05:57.426Z	info	staff-logger	scenario/viewer.go:83	visit livestream
2026-09-22T09:05:57.433Z	info	staff-logger	scenario/viewer.go:90	get livestream stats
2026-09-22T09:05:57.489Z	info	staff-logger	scenario/streamer.go:48	change icon
2026-09-22T09:05:57.489Z	info	staff-logger	scenario/viewer.go:32	basic viewer scenario
2026-09-22T09:05:57.489Z	info	staff-logger	scenario/viewer.go:56	visit top
2026-09-22T09:05:57.489Z	info	staff-logger	scenario/viewer.go:64	get livestream
2026-09-22T09:05:57.489Z	info	staff-logger	scenario/viewer.go:83	visit livestream
2026-09-22T09:05:57.516Z	info	staff-logger	scenario/viewer.go:64	get livestream
2026-09-22T09:05:57.516Z	info	staff-logger	scenario/viewer.go:76	visit user profile
2026-09-22T09:05:57.580Z	info	staff-logger	scenario/streamer.go:48	change icon
2026-09-22T09:05:57.608Z	info	staff-logger	scenario/viewer.go:83	visit livestream
2026-09-22T09:05:57.640Z	info	staff-logger	scenario/viewer.go:32	basic viewer scenario
2026-09-22T09:05:57.640Z	info	staff-logger	scenario/viewer.go:56	visit top
2026-09-22T09:05:57.640Z	info	staff-logger	scenario/viewer.go:64	get livestream
2026-09-22T09:05:57.640Z	info	staff-logger	scenario/viewer.go:83	visit livestream
2026-09-22T09:05:57.641Z	info	staff-logger	scenario/viewer.go:32	basic viewer scenario
2026-09-22T09:05:57.642Z	info	staff-logger	scenario/viewer.go:56	visit top
2026-09-22T09:05:57.642Z	info	staff-logger	scenario/viewer.go:64	get livestream
2026-09-22T09:05:57.642Z	info	staff-logger	scenario/viewer.go:83	visit livestream
2026-09-22T09:05:57.678Z	info	staff-logger	scenario/viewer.go:32	basic viewer scenario
2026-09-22T09:05:57.678Z	info	staff-logger	scenario/viewer.go:56	visit top
2026-09-22T09:05:57.678Z	info	staff-logger	scenario/viewer.go:64	get livestream
2026-09-22T09:05:57.678Z	info	staff-logger	scenario/viewer.go:83	visit livestream
2026-09-22T09:05:57.703Z	info	staff-logger	scenario/viewer.go:90	get livestream stats
2026-09-22T09:05:57.726Z	info	staff-logger	scenario/viewer.go:90	get livestream stats
2026-09-22T09:05:57.813Z	info	staff-logger	scenario/viewer.go:32	basic viewer scenario
2026-09-22T09:05:57.813Z	info	staff-logger	scenario/viewer.go:56	visit top
2026-09-22T09:05:57.902Z	info	staff-logger	scenario/viewer.go:32	basic viewer scenario
2026-09-22T09:05:57.902Z	info	staff-logger	scenario/viewer.go:56	visit top
2026-09-22T09:05:57.902Z	info	staff-logger	scenario/viewer.go:64	get livestream
2026-09-22T09:05:57.902Z	info	staff-logger	scenario/viewer.go:83	visit livestream
2026-09-22T09:05:57.919Z	info	staff-logger	scenario/streamer.go:48	change icon
2026-09-22T09:05:58.058Z	info	staff-logger	scenario/viewer.go:32	basic viewer scenario
2026-09-22T09:05:58.058Z	info	staff-logger	scenario/viewer.go:56	visit top
2026-09-22T09:05:58.058Z	info	staff-logger	scenario/viewer.go:64	get livestream
2026-09-22T09:05:58.058Z	info	staff-logger	scenario/viewer.go:83	visit livestream
2026-09-22T09:05:58.061Z	warn	staff-logger	scenario/viewer.go:178	viewer_spam: failed to post livecomment (moderated spam): benchmark-application: [一般エラー] POST /api/livestream/7823/livecomment へのリクエストに対して、期待されたHTTPステータスコードが確認できませんでした (expected:400, actual:201)

2026-09-22T09:05:58.192Z	info	staff-logger	scenario/viewer.go:32	basic viewer scenario
2026-09-22T09:05:58.192Z	info	staff-logger	scenario/viewer.go:56	visit top
2026-09-22T09:05:58.192Z	info	staff-logger	scenario/viewer.go:64	get livestream
2026-09-22T09:05:58.192Z	info	staff-logger	scenario/viewer.go:83	visit livestream
2026-09-22T09:05:58.220Z	info	staff-logger	scenario/viewer.go:32	basic viewer scenario
2026-09-22T09:05:58.220Z	info	staff-logger	scenario/viewer.go:56	visit top
2026-09-22T09:05:58.220Z	info	staff-logger	scenario/viewer.go:64	get livestream
2026-09-22T09:05:58.220Z	info	staff-logger	scenario/viewer.go:83	visit livestream
2026-09-22T09:05:58.232Z	warn	staff-logger	scenario/viewer.go:178	viewer_spam: failed to post livecomment (moderated spam): benchmark-application: [一般エラー] POST /api/livestream/7538/livecomment へのリクエストに対して、期待されたHTTPステータスコードが確認できませんでした (expected:400, actual:201)

2026-09-22T09:05:58.241Z	info	staff-logger	scenario/viewer.go:32	basic viewer scenario
2026-09-22T09:05:58.241Z	info	staff-logger	scenario/viewer.go:56	visit top
2026-09-22T09:05:58.241Z	info	staff-logger	scenario/viewer.go:64	get livestream
2026-09-22T09:05:58.241Z	info	staff-logger	scenario/viewer.go:83	visit livestream
2026-09-22T09:05:58.291Z	info	staff-logger	scenario/viewer.go:32	basic viewer scenario
2026-09-22T09:05:58.291Z	info	staff-logger	scenario/viewer.go:56	visit top
2026-09-22T09:05:58.291Z	info	staff-logger	scenario/viewer.go:64	get livestream
2026-09-22T09:05:58.291Z	info	staff-logger	scenario/viewer.go:83	visit livestream
2026-09-22T09:05:58.296Z	info	staff-logger	scenario/viewer.go:32	basic viewer scenario
2026-09-22T09:05:58.296Z	info	staff-logger	scenario/viewer.go:46	change icon
2026-09-22T09:05:58.330Z	info	staff-logger	scenario/viewer.go:56	visit top
2026-09-22T09:05:58.420Z	info	staff-logger	scenario/viewer.go:32	basic viewer scenario
2026-09-22T09:05:58.420Z	info	staff-logger	scenario/viewer.go:56	visit top
2026-09-22T09:05:58.420Z	info	staff-logger	scenario/viewer.go:64	get livestream
2026-09-22T09:05:58.420Z	info	staff-logger	scenario/viewer.go:83	visit livestream
2026-09-22T09:05:58.428Z	info	staff-logger	scenario/viewer.go:32	basic viewer scenario
2026-09-22T09:05:58.428Z	info	staff-logger	scenario/viewer.go:56	visit top
2026-09-22T09:05:58.428Z	info	staff-logger	scenario/viewer.go:64	get livestream
2026-09-22T09:05:58.428Z	info	staff-logger	scenario/viewer.go:83	visit livestream
2026-09-22T09:05:58.443Z	info	staff-logger	scenario/viewer.go:32	basic viewer scenario
2026-09-22T09:05:58.443Z	info	staff-logger	scenario/viewer.go:56	visit top
2026-09-22T09:05:58.486Z	warn	staff-logger	scenario/viewer.go:178	viewer_spam: failed to post livecomment (moderated spam): benchmark-application: [一般エラー] POST /api/livestream/7905/livecomment へのリクエストに対して、期待されたHTTPステータスコードが確認できませんでした (expected:400, actual:201)

2026-09-22T09:05:58.519Z	info	staff-logger	scenario/viewer.go:64	get livestream
2026-09-22T09:05:58.519Z	info	staff-logger	scenario/viewer.go:76	visit user profile
2026-09-22T09:05:58.528Z	info	staff-logger	scenario/viewer.go:32	basic viewer scenario
2026-09-22T09:05:58.528Z	info	staff-logger	scenario/viewer.go:56	visit top
2026-09-22T09:05:58.528Z	info	staff-logger	scenario/viewer.go:64	get livestream
2026-09-22T09:05:58.528Z	info	staff-logger	scenario/viewer.go:83	visit livestream
2026-09-22T09:05:58.571Z	info	staff-logger	scenario/viewer.go:32	basic viewer scenario
2026-09-22T09:05:58.571Z	info	staff-logger	scenario/viewer.go:56	visit top
2026-09-22T09:05:58.571Z	info	staff-logger	scenario/viewer.go:64	get livestream
2026-09-22T09:05:58.571Z	info	staff-logger	scenario/viewer.go:83	visit livestream
2026-09-22T09:05:58.601Z	info	staff-logger	scenario/streamer.go:48	change icon
2026-09-22T09:05:58.607Z	info	staff-logger	scenario/viewer.go:83	visit livestream
2026-09-22T09:05:58.660Z	info	staff-logger	scenario/streamer.go:48	change icon
2026-09-22T09:05:58.660Z	info	staff-logger	scenario/viewer.go:32	basic viewer scenario
2026-09-22T09:05:58.660Z	info	staff-logger	scenario/viewer.go:56	visit top
2026-09-22T09:05:58.660Z	info	staff-logger	scenario/viewer.go:64	get livestream
2026-09-22T09:05:58.660Z	info	staff-logger	scenario/viewer.go:83	visit livestream
2026-09-22T09:05:58.673Z	info	staff-logger	scenario/viewer.go:32	basic viewer scenario
2026-09-22T09:05:58.673Z	info	staff-logger	scenario/viewer.go:56	visit top
2026-09-22T09:05:58.673Z	info	staff-logger	scenario/viewer.go:64	get livestream
2026-09-22T09:05:58.673Z	info	staff-logger	scenario/viewer.go:83	visit livestream
2026-09-22T09:05:58.693Z	info	staff-logger	scenario/viewer.go:32	basic viewer scenario
2026-09-22T09:05:58.693Z	info	staff-logger	scenario/viewer.go:56	visit top
2026-09-22T09:05:58.720Z	warn	staff-logger	scenario/viewer.go:178	viewer_spam: failed to post livecomment (moderated spam): benchmark-application: [一般エラー] POST /api/livestream/7908/livecomment へのリクエストに対して、期待されたHTTPステータスコードが確認できませんでした (expected:400, actual:201)

2026-09-22T09:05:58.727Z	info	staff-logger	scenario/streamer.go:48	change icon
2026-09-22T09:05:58.736Z	info	staff-logger	scenario/viewer.go:32	basic viewer scenario
2026-09-22T09:05:58.736Z	info	staff-logger	scenario/viewer.go:56	visit top
2026-09-22T09:05:58.736Z	info	staff-logger	scenario/viewer.go:64	get livestream
2026-09-22T09:05:58.736Z	info	staff-logger	scenario/viewer.go:83	visit livestream
2026-09-22T09:05:58.838Z	info	staff-logger	scenario/viewer.go:32	basic viewer scenario
2026-09-22T09:05:58.838Z	info	staff-logger	scenario/viewer.go:56	visit top
2026-09-22T09:05:58.881Z	info	staff-logger	scenario/viewer.go:32	basic viewer scenario
2026-09-22T09:05:58.881Z	info	staff-logger	scenario/viewer.go:56	visit top
2026-09-22T09:05:58.881Z	info	staff-logger	scenario/viewer.go:64	get livestream
2026-09-22T09:05:58.881Z	info	staff-logger	scenario/viewer.go:83	visit livestream
2026-09-22T09:05:58.907Z	info	staff-logger	scenario/viewer.go:90	get livestream stats
2026-09-22T09:05:59.045Z	info	staff-logger	scenario/viewer.go:64	get livestream
2026-09-22T09:05:59.045Z	info	staff-logger	scenario/viewer.go:76	visit user profile
2026-09-22T09:05:59.108Z	info	staff-logger	scenario/viewer.go:32	basic viewer scenario
2026-09-22T09:05:59.108Z	info	staff-logger	scenario/viewer.go:56	visit top
2026-09-22T09:05:59.108Z	info	staff-logger	scenario/viewer.go:64	get livestream
2026-09-22T09:05:59.108Z	info	staff-logger	scenario/viewer.go:83	visit livestream
2026-09-22T09:05:59.135Z	info	staff-logger	scenario/viewer.go:83	visit livestream
2026-09-22T09:05:59.192Z	info	staff-logger	scenario/viewer.go:32	basic viewer scenario
2026-09-22T09:05:59.192Z	info	staff-logger	scenario/viewer.go:56	visit top
2026-09-22T09:05:59.192Z	info	staff-logger	scenario/viewer.go:64	get livestream
2026-09-22T09:05:59.192Z	info	staff-logger	scenario/viewer.go:83	visit livestream
2026-09-22T09:05:59.282Z	info	staff-logger	scenario/viewer.go:64	get livestream
2026-09-22T09:05:59.282Z	info	staff-logger	scenario/viewer.go:76	visit user profile
2026-09-22T09:05:59.288Z	info	staff-logger	scenario/viewer.go:32	basic viewer scenario
2026-09-22T09:05:59.288Z	info	staff-logger	scenario/viewer.go:56	visit top
2026-09-22T09:05:59.288Z	info	staff-logger	scenario/viewer.go:64	get livestream
2026-09-22T09:05:59.288Z	info	staff-logger	scenario/viewer.go:83	visit livestream
2026-09-22T09:05:59.372Z	info	staff-logger	scenario/viewer.go:32	basic viewer scenario
2026-09-22T09:05:59.372Z	info	staff-logger	scenario/viewer.go:56	visit top
2026-09-22T09:05:59.372Z	info	staff-logger	scenario/viewer.go:64	get livestream
2026-09-22T09:05:59.372Z	info	staff-logger	scenario/viewer.go:83	visit livestream
2026-09-22T09:05:59.378Z	info	staff-logger	scenario/viewer.go:83	visit livestream
2026-09-22T09:05:59.408Z	info	staff-logger	scenario/streamer.go:48	change icon
2026-09-22T09:05:59.522Z	info	staff-logger	scenario/viewer.go:64	get livestream
2026-09-22T09:05:59.522Z	info	staff-logger	scenario/viewer.go:76	visit user profile
2026-09-22T09:05:59.536Z	info	staff-logger	scenario/viewer.go:32	basic viewer scenario
2026-09-22T09:05:59.536Z	info	staff-logger	scenario/viewer.go:56	visit top
2026-09-22T09:05:59.598Z	info	staff-logger	scenario/viewer.go:64	get livestream
2026-09-22T09:05:59.598Z	info	staff-logger	scenario/viewer.go:76	visit user profile
2026-09-22T09:05:59.604Z	info	staff-logger	scenario/viewer.go:83	visit livestream
2026-09-22T09:05:59.643Z	info	staff-logger	scenario/viewer.go:32	basic viewer scenario
2026-09-22T09:05:59.643Z	info	staff-logger	scenario/viewer.go:56	visit top
2026-09-22T09:05:59.643Z	info	staff-logger	scenario/viewer.go:64	get livestream
2026-09-22T09:05:59.643Z	info	staff-logger	scenario/viewer.go:83	visit livestream
2026-09-22T09:05:59.694Z	info	staff-logger	scenario/viewer.go:83	visit livestream
2026-09-22T09:05:59.719Z	info	staff-logger	scenario/streamer.go:48	change icon
2026-09-22T09:05:59.796Z	warn	staff-logger	scenario/viewer.go:178	viewer_spam: failed to post livecomment (moderated spam): benchmark-application: [一般エラー] POST /api/livestream/7657/livecomment へのリクエストに対して、期待されたHTTPステータスコードが確認できませんでした (expected:400, actual:201)

2026-09-22T09:05:59.911Z	info	staff-logger	scenario/viewer.go:32	basic viewer scenario
2026-09-22T09:05:59.911Z	info	staff-logger	scenario/viewer.go:56	visit top
2026-09-22T09:05:59.911Z	info	staff-logger	scenario/viewer.go:64	get livestream
2026-09-22T09:05:59.911Z	info	staff-logger	scenario/viewer.go:83	visit livestream
2026-09-22T09:06:00.017Z	info	staff-logger	scenario/viewer.go:32	basic viewer scenario
2026-09-22T09:06:00.017Z	info	staff-logger	scenario/viewer.go:56	visit top
2026-09-22T09:06:00.017Z	info	staff-logger	scenario/viewer.go:64	get livestream
2026-09-22T09:06:00.017Z	info	staff-logger	scenario/viewer.go:83	visit livestream
2026-09-22T09:06:00.124Z	info	staff-logger	scenario/viewer.go:32	basic viewer scenario
2026-09-22T09:06:00.124Z	info	staff-logger	scenario/viewer.go:56	visit top
2026-09-22T09:06:00.124Z	info	staff-logger	scenario/viewer.go:64	get livestream
2026-09-22T09:06:00.124Z	info	staff-logger	scenario/viewer.go:83	visit livestream
2026-09-22T09:06:00.239Z	info	staff-logger	scenario/viewer.go:32	basic viewer scenario
2026-09-22T09:06:00.239Z	info	staff-logger	scenario/viewer.go:32	basic viewer scenario
2026-09-22T09:06:00.239Z	info	staff-logger	scenario/viewer.go:56	visit top
2026-09-22T09:06:00.239Z	info	staff-logger	scenario/viewer.go:56	visit top
2026-09-22T09:06:00.239Z	info	staff-logger	scenario/viewer.go:64	get livestream
2026-09-22T09:06:00.239Z	info	staff-logger	scenario/viewer.go:64	get livestream
2026-09-22T09:06:00.239Z	info	staff-logger	scenario/viewer.go:83	visit livestream
2026-09-22T09:06:00.239Z	info	staff-logger	scenario/viewer.go:83	visit livestream
2026-09-22T09:06:00.301Z	info	staff-logger	scenario/viewer.go:32	basic viewer scenario
2026-09-22T09:06:00.301Z	info	staff-logger	scenario/viewer.go:56	visit top
2026-09-22T09:06:00.301Z	info	staff-logger	scenario/viewer.go:64	get livestream
2026-09-22T09:06:00.301Z	info	staff-logger	scenario/viewer.go:83	visit livestream
2026-09-22T09:06:00.367Z	info	staff-logger	scenario/viewer.go:90	get livestream stats
2026-09-22T09:06:00.369Z	info	staff-logger	scenario/viewer.go:32	basic viewer scenario
2026-09-22T09:06:00.369Z	info	staff-logger	scenario/viewer.go:56	visit top
2026-09-22T09:06:00.369Z	info	staff-logger	scenario/viewer.go:64	get livestream
2026-09-22T09:06:00.369Z	info	staff-logger	scenario/viewer.go:83	visit livestream
2026-09-22T09:06:00.371Z	info	staff-logger	scenario/streamer.go:48	change icon
2026-09-22T09:06:00.445Z	info	staff-logger	scenario/viewer.go:64	get livestream
2026-09-22T09:06:00.445Z	info	staff-logger	scenario/viewer.go:76	visit user profile
2026-09-22T09:06:00.495Z	info	staff-logger	scenario/viewer.go:32	basic viewer scenario
2026-09-22T09:06:00.496Z	info	staff-logger	scenario/viewer.go:56	visit top
2026-09-22T09:06:00.496Z	info	staff-logger	scenario/viewer.go:64	get livestream
2026-09-22T09:06:00.496Z	info	staff-logger	scenario/viewer.go:83	visit livestream
2026-09-22T09:06:00.554Z	info	staff-logger	scenario/viewer.go:83	visit livestream
2026-09-22T09:06:00.573Z	info	staff-logger	scenario/viewer.go:32	basic viewer scenario
2026-09-22T09:06:00.573Z	info	staff-logger	scenario/viewer.go:56	visit top
2026-09-22T09:06:00.573Z	info	staff-logger	scenario/viewer.go:64	get livestream
2026-09-22T09:06:00.573Z	info	staff-logger	scenario/viewer.go:83	visit livestream
2026-09-22T09:06:00.578Z	info	staff-logger	scenario/streamer.go:48	change icon
2026-09-22T09:06:00.602Z	info	staff-logger	scenario/viewer.go:32	basic viewer scenario
2026-09-22T09:06:00.602Z	info	staff-logger	scenario/viewer.go:56	visit top
2026-09-22T09:06:00.602Z	info	staff-logger	scenario/viewer.go:64	get livestream
2026-09-22T09:06:00.602Z	info	staff-logger	scenario/viewer.go:83	visit livestream
2026-09-22T09:06:00.611Z	info	staff-logger	scenario/viewer.go:32	basic viewer scenario
2026-09-22T09:06:00.611Z	info	staff-logger	scenario/viewer.go:56	visit top
2026-09-22T09:06:00.611Z	info	staff-logger	scenario/viewer.go:64	get livestream
2026-09-22T09:06:00.611Z	info	staff-logger	scenario/viewer.go:83	visit livestream
2026-09-22T09:06:00.802Z	info	staff-logger	scenario/viewer.go:32	basic viewer scenario
2026-09-22T09:06:00.802Z	info	staff-logger	scenario/viewer.go:56	visit top
2026-09-22T09:06:00.802Z	info	staff-logger	scenario/viewer.go:64	get livestream
2026-09-22T09:06:00.802Z	info	staff-logger	scenario/viewer.go:83	visit livestream
2026-09-22T09:06:00.810Z	info	staff-logger	scenario/viewer.go:32	basic viewer scenario
2026-09-22T09:06:00.810Z	info	staff-logger	scenario/viewer.go:56	visit top
2026-09-22T09:06:00.810Z	info	staff-logger	scenario/viewer.go:64	get livestream
2026-09-22T09:06:00.810Z	info	staff-logger	scenario/viewer.go:83	visit livestream
2026-09-22T09:06:00.839Z	info	staff-logger	scenario/viewer.go:90	get livestream stats
2026-09-22T09:06:00.881Z	info	staff-logger	scenario/viewer.go:32	basic viewer scenario
2026-09-22T09:06:00.881Z	info	staff-logger	scenario/viewer.go:56	visit top
2026-09-22T09:06:00.881Z	info	staff-logger	scenario/viewer.go:64	get livestream
2026-09-22T09:06:00.881Z	info	staff-logger	scenario/viewer.go:83	visit livestream
2026-09-22T09:06:00.980Z	info	staff-logger	scenario/viewer.go:32	basic viewer scenario
2026-09-22T09:06:00.981Z	info	staff-logger	scenario/viewer.go:56	visit top
2026-09-22T09:06:00.981Z	info	staff-logger	scenario/viewer.go:64	get livestream
2026-09-22T09:06:00.981Z	info	staff-logger	scenario/viewer.go:83	visit livestream
2026-09-22T09:06:01.100Z	info	staff-logger	scenario/viewer.go:32	basic viewer scenario
2026-09-22T09:06:01.100Z	info	staff-logger	scenario/viewer.go:56	visit top
2026-09-22T09:06:01.100Z	info	staff-logger	scenario/viewer.go:64	get livestream
2026-09-22T09:06:01.100Z	info	staff-logger	scenario/viewer.go:83	visit livestream
2026-09-22T09:06:01.132Z	info	staff-logger	scenario/viewer.go:90	get livestream stats
2026-09-22T09:06:01.219Z	info	staff-logger	scenario/viewer.go:32	basic viewer scenario
2026-09-22T09:06:01.219Z	info	staff-logger	scenario/viewer.go:56	visit top
2026-09-22T09:06:01.219Z	info	staff-logger	scenario/viewer.go:64	get livestream
2026-09-22T09:06:01.219Z	info	staff-logger	scenario/viewer.go:83	visit livestream
2026-09-22T09:06:01.222Z	info	staff-logger	scenario/viewer.go:32	basic viewer scenario
2026-09-22T09:06:01.222Z	info	staff-logger	scenario/viewer.go:56	visit top
2026-09-22T09:06:01.222Z	info	staff-logger	scenario/viewer.go:64	get livestream
2026-09-22T09:06:01.222Z	info	staff-logger	scenario/viewer.go:83	visit livestream
2026-09-22T09:06:01.288Z	warn	staff-logger	scenario/viewer.go:178	viewer_spam: failed to post livecomment (moderated spam): benchmark-application: [一般エラー] POST /api/livestream/7575/livecomment へのリクエストに対して、期待されたHTTPステータスコードが確認できませんでした (expected:400, actual:201)

2026-09-22T09:06:01.407Z	warn	staff-logger	scenario/viewer.go:178	viewer_spam: failed to post livecomment (moderated spam): benchmark-application: [一般エラー] POST /api/livestream/7844/livecomment へのリクエストに対して、期待されたHTTPステータスコードが確認できませんでした (expected:400, actual:201)

2026-09-22T09:06:01.506Z	info	staff-logger	scenario/viewer.go:32	basic viewer scenario
2026-09-22T09:06:01.506Z	info	staff-logger	scenario/viewer.go:56	visit top
2026-09-22T09:06:01.506Z	info	staff-logger	scenario/viewer.go:64	get livestream
2026-09-22T09:06:01.506Z	info	staff-logger	scenario/viewer.go:83	visit livestream
2026-09-22T09:06:01.580Z	info	staff-logger	scenario/viewer.go:32	basic viewer scenario
2026-09-22T09:06:01.580Z	info	staff-logger	scenario/viewer.go:56	visit top
2026-09-22T09:06:01.580Z	info	staff-logger	scenario/viewer.go:64	get livestream
2026-09-22T09:06:01.580Z	info	staff-logger	scenario/viewer.go:83	visit livestream
2026-09-22T09:06:01.638Z	info	staff-logger	scenario/viewer.go:32	basic viewer scenario
2026-09-22T09:06:01.638Z	info	staff-logger	scenario/viewer.go:56	visit top
2026-09-22T09:06:01.638Z	info	staff-logger	scenario/viewer.go:64	get livestream
2026-09-22T09:06:01.638Z	info	staff-logger	scenario/viewer.go:83	visit livestream
2026-09-22T09:06:01.728Z	info	staff-logger	scenario/viewer.go:32	basic viewer scenario
2026-09-22T09:06:01.728Z	info	staff-logger	scenario/viewer.go:56	visit top
2026-09-22T09:06:01.728Z	info	staff-logger	scenario/viewer.go:64	get livestream
2026-09-22T09:06:01.728Z	info	staff-logger	scenario/viewer.go:83	visit livestream
2026-09-22T09:06:01.766Z	info	staff-logger	scenario/viewer.go:32	basic viewer scenario
2026-09-22T09:06:01.766Z	info	staff-logger	scenario/viewer.go:56	visit top
2026-09-22T09:06:01.766Z	info	staff-logger	scenario/viewer.go:64	get livestream
2026-09-22T09:06:01.766Z	info	staff-logger	scenario/viewer.go:83	visit livestream
2026-09-22T09:06:01.882Z	info	staff-logger	scenario/viewer.go:32	basic viewer scenario
2026-09-22T09:06:01.882Z	info	staff-logger	scenario/viewer.go:56	visit top
2026-09-22T09:06:01.882Z	info	staff-logger	scenario/viewer.go:64	get livestream
2026-09-22T09:06:01.882Z	info	staff-logger	scenario/viewer.go:83	visit livestream
2026-09-22T09:06:01.900Z	info	staff-logger	scenario/viewer.go:32	basic viewer scenario
2026-09-22T09:06:01.901Z	info	staff-logger	scenario/viewer.go:56	visit top
2026-09-22T09:06:01.901Z	info	staff-logger	scenario/viewer.go:64	get livestream
2026-09-22T09:06:01.901Z	info	staff-logger	scenario/viewer.go:83	visit livestream
2026-09-22T09:06:01.962Z	info	staff-logger	scenario/viewer.go:32	basic viewer scenario
2026-09-22T09:06:01.962Z	info	staff-logger	scenario/viewer.go:56	visit top
2026-09-22T09:06:01.962Z	info	staff-logger	scenario/viewer.go:64	get livestream
2026-09-22T09:06:01.962Z	info	staff-logger	scenario/viewer.go:83	visit livestream
2026-09-22T09:06:02.071Z	info	staff-logger	scenario/viewer.go:32	basic viewer scenario
2026-09-22T09:06:02.071Z	info	staff-logger	scenario/viewer.go:56	visit top
2026-09-22T09:06:02.071Z	info	staff-logger	scenario/viewer.go:64	get livestream
2026-09-22T09:06:02.071Z	info	staff-logger	scenario/viewer.go:83	visit livestream
2026-09-22T09:06:02.071Z	info	staff-logger	scenario/viewer.go:32	basic viewer scenario
2026-09-22T09:06:02.071Z	info	staff-logger	scenario/viewer.go:56	visit top
2026-09-22T09:06:02.071Z	info	staff-logger	scenario/viewer.go:64	get livestream
2026-09-22T09:06:02.071Z	info	staff-logger	scenario/viewer.go:83	visit livestream
2026-09-22T09:06:02.094Z	info	staff-logger	scenario/viewer.go:90	get livestream stats
2026-09-22T09:06:02.099Z	warn	staff-logger	scenario/viewer.go:178	viewer_spam: failed to post livecomment (moderated spam): benchmark-application: [一般エラー] POST /api/livestream/8195/livecomment へのリクエストに対して、期待されたHTTPステータスコードが確認できませんでした (expected:400, actual:201)

2026-09-22T09:06:02.153Z	warn	staff-logger	scenario/viewer.go:178	viewer_spam: failed to post livecomment (moderated spam): benchmark-application: [一般エラー] POST /api/livestream/7630/livecomment へのリクエストに対して、期待されたHTTPステータスコードが確認できませんでした (expected:400, actual:201)

2026-09-22T09:06:02.176Z	info	staff-logger	scenario/viewer.go:32	basic viewer scenario
2026-09-22T09:06:02.176Z	info	staff-logger	scenario/viewer.go:56	visit top
2026-09-22T09:06:02.176Z	info	staff-logger	scenario/viewer.go:64	get livestream
2026-09-22T09:06:02.176Z	info	staff-logger	scenario/viewer.go:83	visit livestream
2026-09-22T09:06:02.248Z	info	staff-logger	scenario/viewer.go:32	basic viewer scenario
2026-09-22T09:06:02.248Z	info	staff-logger	scenario/viewer.go:56	visit top
2026-09-22T09:06:02.248Z	info	staff-logger	scenario/viewer.go:64	get livestream
2026-09-22T09:06:02.248Z	info	staff-logger	scenario/viewer.go:83	visit livestream
2026-09-22T09:06:02.317Z	info	staff-logger	scenario/viewer.go:32	basic viewer scenario
2026-09-22T09:06:02.317Z	info	staff-logger	scenario/viewer.go:56	visit top
2026-09-22T09:06:02.317Z	info	staff-logger	scenario/viewer.go:64	get livestream
2026-09-22T09:06:02.317Z	info	staff-logger	scenario/viewer.go:83	visit livestream
2026-09-22T09:06:02.386Z	info	staff-logger	scenario/streamer.go:48	change icon
2026-09-22T09:06:02.457Z	info	staff-logger	scenario/viewer.go:32	basic viewer scenario
2026-09-22T09:06:02.457Z	info	staff-logger	scenario/viewer.go:56	visit top
2026-09-22T09:06:02.457Z	info	staff-logger	scenario/viewer.go:64	get livestream
2026-09-22T09:06:02.457Z	info	staff-logger	scenario/viewer.go:83	visit livestream
2026-09-22T09:06:02.635Z	warn	staff-logger	scenario/viewer.go:178	viewer_spam: failed to post livecomment (moderated spam): benchmark-application: [一般エラー] POST /api/livestream/8205/livecomment へのリクエストに対して、期待されたHTTPステータスコードが確認できませんでした (expected:400, actual:201)

2026-09-22T09:06:02.692Z	info	staff-logger	scenario/streamer.go:48	change icon
2026-09-22T09:06:02.725Z	info	staff-logger	scenario/viewer.go:32	basic viewer scenario
2026-09-22T09:06:02.725Z	info	staff-logger	scenario/viewer.go:56	visit top
2026-09-22T09:06:02.725Z	info	staff-logger	scenario/viewer.go:64	get livestream
2026-09-22T09:06:02.725Z	info	staff-logger	scenario/viewer.go:83	visit livestream
2026-09-22T09:06:02.753Z	info	staff-logger	scenario/viewer.go:32	basic viewer scenario
2026-09-22T09:06:02.753Z	info	staff-logger	scenario/viewer.go:56	visit top
2026-09-22T09:06:02.753Z	info	staff-logger	scenario/viewer.go:64	get livestream
2026-09-22T09:06:02.753Z	info	staff-logger	scenario/viewer.go:83	visit livestream
2026-09-22T09:06:02.820Z	info	staff-logger	scenario/viewer.go:32	basic viewer scenario
2026-09-22T09:06:02.820Z	info	staff-logger	scenario/viewer.go:56	visit top
2026-09-22T09:06:02.820Z	info	staff-logger	scenario/viewer.go:64	get livestream
2026-09-22T09:06:02.820Z	info	staff-logger	scenario/viewer.go:83	visit livestream
2026-09-22T09:06:02.834Z	info	staff-logger	scenario/viewer.go:32	basic viewer scenario
2026-09-22T09:06:02.834Z	info	staff-logger	scenario/viewer.go:56	visit top
2026-09-22T09:06:02.834Z	info	staff-logger	scenario/viewer.go:64	get livestream
2026-09-22T09:06:02.834Z	info	staff-logger	scenario/viewer.go:83	visit livestream
2026-09-22T09:06:02.900Z	info	staff-logger	scenario/viewer.go:32	basic viewer scenario
2026-09-22T09:06:02.900Z	info	staff-logger	scenario/viewer.go:56	visit top
2026-09-22T09:06:02.900Z	info	staff-logger	scenario/viewer.go:64	get livestream
2026-09-22T09:06:02.900Z	info	staff-logger	scenario/viewer.go:83	visit livestream
2026-09-22T09:06:03.085Z	info	staff-logger	scenario/viewer.go:32	basic viewer scenario
2026-09-22T09:06:03.085Z	info	staff-logger	scenario/viewer.go:56	visit top
2026-09-22T09:06:03.121Z	info	staff-logger	scenario/viewer.go:32	basic viewer scenario
2026-09-22T09:06:03.121Z	info	staff-logger	scenario/viewer.go:56	visit top
2026-09-22T09:06:03.121Z	info	staff-logger	scenario/viewer.go:64	get livestream
2026-09-22T09:06:03.121Z	info	staff-logger	scenario/viewer.go:83	visit livestream
2026-09-22T09:06:03.234Z	info	staff-logger	scenario/viewer.go:32	basic viewer scenario
2026-09-22T09:06:03.234Z	info	staff-logger	scenario/viewer.go:56	visit top
2026-09-22T09:06:03.234Z	info	staff-logger	scenario/viewer.go:64	get livestream
2026-09-22T09:06:03.234Z	info	staff-logger	scenario/viewer.go:83	visit livestream
2026-09-22T09:06:03.236Z	info	staff-logger	scenario/streamer.go:48	change icon
2026-09-22T09:06:03.271Z	warn	staff-logger	scenario/viewer.go:178	viewer_spam: failed to post livecomment (moderated spam): benchmark-application: [一般エラー] POST /api/livestream/7564/livecomment へのリクエストに対して、期待されたHTTPステータスコードが確認できませんでした (expected:400, actual:201)

2026-09-22T09:06:03.318Z	info	staff-logger	scenario/viewer.go:32	basic viewer scenario
2026-09-22T09:06:03.318Z	info	staff-logger	scenario/viewer.go:56	visit top
2026-09-22T09:06:03.408Z	info	staff-logger	scenario/viewer.go:32	basic viewer scenario
2026-09-22T09:06:03.408Z	info	staff-logger	scenario/viewer.go:56	visit top
2026-09-22T09:06:03.408Z	info	staff-logger	scenario/viewer.go:64	get livestream
2026-09-22T09:06:03.408Z	info	staff-logger	scenario/viewer.go:83	visit livestream
2026-09-22T09:06:03.423Z	info	staff-logger	scenario/streamer.go:48	change icon
2026-09-22T09:06:03.507Z	info	staff-logger	scenario/viewer.go:32	basic viewer scenario
2026-09-22T09:06:03.507Z	info	staff-logger	scenario/viewer.go:56	visit top
2026-09-22T09:06:03.507Z	info	staff-logger	scenario/viewer.go:64	get livestream
2026-09-22T09:06:03.507Z	info	staff-logger	scenario/viewer.go:83	visit livestream
2026-09-22T09:06:03.594Z	info	staff-logger	scenario/viewer.go:32	basic viewer scenario
2026-09-22T09:06:03.594Z	info	staff-logger	scenario/viewer.go:56	visit top
2026-09-22T09:06:03.594Z	info	staff-logger	scenario/viewer.go:64	get livestream
2026-09-22T09:06:03.594Z	info	staff-logger	scenario/viewer.go:83	visit livestream
2026-09-22T09:06:03.610Z	info	staff-logger	scenario/viewer.go:90	get livestream stats
2026-09-22T09:06:03.612Z	info	staff-logger	scenario/viewer.go:32	basic viewer scenario
2026-09-22T09:06:03.612Z	info	staff-logger	scenario/viewer.go:56	visit top
2026-09-22T09:06:03.731Z	info	staff-logger	scenario/viewer.go:32	basic viewer scenario
2026-09-22T09:06:03.731Z	info	staff-logger	scenario/viewer.go:56	visit top
2026-09-22T09:06:03.731Z	info	staff-logger	scenario/viewer.go:64	get livestream
2026-09-22T09:06:03.731Z	info	staff-logger	scenario/viewer.go:83	visit livestream
2026-09-22T09:06:03.848Z	info	staff-logger	scenario/viewer.go:32	basic viewer scenario
2026-09-22T09:06:03.848Z	info	staff-logger	scenario/viewer.go:56	visit top
2026-09-22T09:06:03.848Z	info	staff-logger	scenario/viewer.go:64	get livestream
2026-09-22T09:06:03.848Z	info	staff-logger	scenario/viewer.go:83	visit livestream
2026-09-22T09:06:03.868Z	info	staff-logger	scenario/viewer.go:90	get livestream stats
2026-09-22T09:06:03.915Z	warn	staff-logger	scenario/viewer.go:178	viewer_spam: failed to post livecomment (moderated spam): benchmark-application: [一般エラー] POST /api/livestream/7956/livecomment へのリクエストに対して、期待されたHTTPステータスコードが確認できませんでした (expected:400, actual:201)

2026-09-22T09:06:03.935Z	info	staff-logger	scenario/viewer.go:32	basic viewer scenario
2026-09-22T09:06:03.935Z	info	staff-logger	scenario/viewer.go:56	visit top
2026-09-22T09:06:03.935Z	info	staff-logger	scenario/viewer.go:64	get livestream
2026-09-22T09:06:03.935Z	info	staff-logger	scenario/viewer.go:83	visit livestream
2026-09-22T09:06:03.947Z	info	staff-logger	scenario/viewer.go:64	get livestream
2026-09-22T09:06:03.947Z	info	staff-logger	scenario/viewer.go:76	visit user profile
2026-09-22T09:06:03.951Z	info	staff-logger	scenario/viewer.go:32	basic viewer scenario
2026-09-22T09:06:03.951Z	info	staff-logger	scenario/viewer.go:56	visit top
2026-09-22T09:06:03.951Z	info	staff-logger	scenario/viewer.go:64	get livestream
2026-09-22T09:06:03.951Z	info	staff-logger	scenario/viewer.go:83	visit livestream
2026-09-22T09:06:03.995Z	info	staff-logger	scenario/streamer.go:48	change icon
2026-09-22T09:06:04.005Z	info	staff-logger	scenario/viewer.go:32	basic viewer scenario
2026-09-22T09:06:04.005Z	info	staff-logger	scenario/viewer.go:56	visit top
2026-09-22T09:06:04.005Z	info	staff-logger	scenario/viewer.go:64	get livestream
2026-09-22T09:06:04.005Z	info	staff-logger	scenario/viewer.go:83	visit livestream
2026-09-22T09:06:04.028Z	info	staff-logger	scenario/viewer.go:83	visit livestream
2026-09-22T09:06:04.036Z	info	staff-logger	scenario/viewer.go:64	get livestream
2026-09-22T09:06:04.036Z	info	staff-logger	scenario/viewer.go:76	visit user profile
2026-09-22T09:06:04.123Z	info	staff-logger	scenario/viewer.go:83	visit livestream
2026-09-22T09:06:04.186Z	info	staff-logger	scenario/viewer.go:32	basic viewer scenario
2026-09-22T09:06:04.186Z	info	staff-logger	scenario/viewer.go:56	visit top
2026-09-22T09:06:04.186Z	info	staff-logger	scenario/viewer.go:64	get livestream
2026-09-22T09:06:04.186Z	info	staff-logger	scenario/viewer.go:83	visit livestream
2026-09-22T09:06:04.332Z	info	staff-logger	scenario/streamer.go:48	change icon
2026-09-22T09:06:04.350Z	info	staff-logger	scenario/viewer.go:64	get livestream
2026-09-22T09:06:04.350Z	info	staff-logger	scenario/viewer.go:76	visit user profile
2026-09-22T09:06:04.380Z	warn	staff-logger	scenario/viewer.go:178	viewer_spam: failed to post livecomment (moderated spam): benchmark-application: [一般エラー] POST /api/livestream/7867/livecomment へのリクエストに対して、期待されたHTTPステータスコードが確認できませんでした (expected:400, actual:201)

2026-09-22T09:06:04.434Z	info	staff-logger	scenario/viewer.go:32	basic viewer scenario
2026-09-22T09:06:04.434Z	info	staff-logger	scenario/viewer.go:56	visit top
2026-09-22T09:06:04.434Z	info	staff-logger	scenario/viewer.go:64	get livestream
2026-09-22T09:06:04.434Z	info	staff-logger	scenario/viewer.go:83	visit livestream
2026-09-22T09:06:04.444Z	info	staff-logger	scenario/viewer.go:83	visit livestream
2026-09-22T09:06:04.513Z	info	staff-logger	scenario/viewer.go:32	basic viewer scenario
2026-09-22T09:06:04.514Z	info	staff-logger	scenario/viewer.go:56	visit top
2026-09-22T09:06:04.514Z	info	staff-logger	scenario/viewer.go:64	get livestream
2026-09-22T09:06:04.514Z	info	staff-logger	scenario/viewer.go:83	visit livestream
2026-09-22T09:06:04.595Z	warn	staff-logger	scenario/viewer.go:178	viewer_spam: failed to post livecomment (moderated spam): benchmark-application: [一般エラー] POST /api/livestream/8231/livecomment へのリクエストに対して、期待されたHTTPステータスコードが確認できませんでした (expected:400, actual:201)

2026-09-22T09:06:04.657Z	info	staff-logger	scenario/viewer.go:32	basic viewer scenario
2026-09-22T09:06:04.657Z	info	staff-logger	scenario/viewer.go:56	visit top
2026-09-22T09:06:04.657Z	info	staff-logger	scenario/viewer.go:64	get livestream
2026-09-22T09:06:04.657Z	info	staff-logger	scenario/viewer.go:83	visit livestream
2026-09-22T09:06:04.677Z	info	staff-logger	scenario/viewer.go:32	basic viewer scenario
2026-09-22T09:06:04.677Z	info	staff-logger	scenario/viewer.go:56	visit top
2026-09-22T09:06:04.677Z	info	staff-logger	scenario/viewer.go:64	get livestream
2026-09-22T09:06:04.677Z	info	staff-logger	scenario/viewer.go:83	visit livestream
2026-09-22T09:06:04.692Z	info	staff-logger	scenario/viewer.go:32	basic viewer scenario
2026-09-22T09:06:04.692Z	info	staff-logger	scenario/viewer.go:56	visit top
2026-09-22T09:06:04.692Z	info	staff-logger	scenario/viewer.go:64	get livestream
2026-09-22T09:06:04.692Z	info	staff-logger	scenario/viewer.go:83	visit livestream
2026-09-22T09:06:04.718Z	info	staff-logger	scenario/viewer.go:32	basic viewer scenario
2026-09-22T09:06:04.718Z	info	staff-logger	scenario/viewer.go:56	visit top
2026-09-22T09:06:04.718Z	info	staff-logger	scenario/viewer.go:64	get livestream
2026-09-22T09:06:04.718Z	info	staff-logger	scenario/viewer.go:83	visit livestream
2026-09-22T09:06:04.761Z	info	staff-logger	scenario/viewer.go:32	basic viewer scenario
2026-09-22T09:06:04.761Z	info	staff-logger	scenario/viewer.go:56	visit top
2026-09-22T09:06:04.761Z	info	staff-logger	scenario/viewer.go:64	get livestream
2026-09-22T09:06:04.761Z	info	staff-logger	scenario/viewer.go:83	visit livestream
2026-09-22T09:06:04.798Z	info	staff-logger	scenario/viewer.go:32	basic viewer scenario
2026-09-22T09:06:04.798Z	info	staff-logger	scenario/viewer.go:56	visit top
2026-09-22T09:06:04.835Z	info	staff-logger	scenario/viewer.go:90	get livestream stats
2026-09-22T09:06:04.845Z	info	staff-logger	scenario/viewer.go:32	basic viewer scenario
2026-09-22T09:06:04.845Z	info	staff-logger	scenario/viewer.go:56	visit top
2026-09-22T09:06:04.845Z	info	staff-logger	scenario/viewer.go:64	get livestream
2026-09-22T09:06:04.845Z	info	staff-logger	scenario/viewer.go:83	visit livestream
2026-09-22T09:06:04.851Z	info	staff-logger	scenario/viewer.go:32	basic viewer scenario
2026-09-22T09:06:04.851Z	info	staff-logger	scenario/viewer.go:56	visit top
2026-09-22T09:06:04.851Z	info	staff-logger	scenario/viewer.go:64	get livestream
2026-09-22T09:06:04.851Z	info	staff-logger	scenario/viewer.go:83	visit livestream
2026-09-22T09:06:04.957Z	info	staff-logger	scenario/streamer.go:48	change icon
2026-09-22T09:06:05.089Z	info	staff-logger	scenario/viewer.go:32	basic viewer scenario
2026-09-22T09:06:05.090Z	info	staff-logger	scenario/viewer.go:56	visit top
2026-09-22T09:06:05.090Z	info	staff-logger	scenario/viewer.go:64	get livestream
2026-09-22T09:06:05.090Z	info	staff-logger	scenario/viewer.go:83	visit livestream
2026-09-22T09:06:05.123Z	info	staff-logger	scenario/viewer.go:32	basic viewer scenario
2026-09-22T09:06:05.123Z	info	staff-logger	scenario/viewer.go:56	visit top
2026-09-22T09:06:05.123Z	info	staff-logger	scenario/viewer.go:64	get livestream
2026-09-22T09:06:05.123Z	info	staff-logger	scenario/viewer.go:83	visit livestream
2026-09-22T09:06:05.145Z	info	staff-logger	scenario/streamer.go:48	change icon
2026-09-22T09:06:05.173Z	info	staff-logger	scenario/viewer.go:32	basic viewer scenario
2026-09-22T09:06:05.173Z	info	staff-logger	scenario/viewer.go:56	visit top
2026-09-22T09:06:05.173Z	info	staff-logger	scenario/viewer.go:64	get livestream
2026-09-22T09:06:05.173Z	info	staff-logger	scenario/viewer.go:83	visit livestream
2026-09-22T09:06:05.197Z	info	staff-logger	scenario/viewer.go:90	get livestream stats
2026-09-22T09:06:05.386Z	info	staff-logger	scenario/viewer.go:32	basic viewer scenario
2026-09-22T09:06:05.386Z	info	staff-logger	scenario/viewer.go:56	visit top
2026-09-22T09:06:05.386Z	info	staff-logger	scenario/viewer.go:64	get livestream
2026-09-22T09:06:05.386Z	info	staff-logger	scenario/viewer.go:83	visit livestream
2026-09-22T09:06:05.400Z	info	staff-logger	scenario/viewer.go:90	get livestream stats
2026-09-22T09:06:05.455Z	info	staff-logger	scenario/viewer.go:32	basic viewer scenario
2026-09-22T09:06:05.455Z	info	staff-logger	scenario/viewer.go:56	visit top
2026-09-22T09:06:05.455Z	info	staff-logger	scenario/viewer.go:64	get livestream
2026-09-22T09:06:05.455Z	info	staff-logger	scenario/viewer.go:83	visit livestream
2026-09-22T09:06:05.594Z	info	staff-logger	scenario/viewer.go:32	basic viewer scenario
2026-09-22T09:06:05.594Z	info	staff-logger	scenario/viewer.go:56	visit top
2026-09-22T09:06:05.594Z	info	staff-logger	scenario/viewer.go:64	get livestream
2026-09-22T09:06:05.594Z	info	staff-logger	scenario/viewer.go:83	visit livestream
2026-09-22T09:06:05.630Z	info	staff-logger	scenario/streamer.go:48	change icon
2026-09-22T09:06:05.645Z	info	staff-logger	scenario/viewer.go:64	get livestream
2026-09-22T09:06:05.645Z	info	staff-logger	scenario/viewer.go:76	visit user profile
2026-09-22T09:06:05.652Z	info	staff-logger	scenario/viewer.go:32	basic viewer scenario
2026-09-22T09:06:05.652Z	info	staff-logger	scenario/viewer.go:56	visit top
2026-09-22T09:06:05.652Z	info	staff-logger	scenario/viewer.go:64	get livestream
2026-09-22T09:06:05.652Z	info	staff-logger	scenario/viewer.go:83	visit livestream
2026-09-22T09:06:05.657Z	info	staff-logger	scenario/viewer.go:32	basic viewer scenario
2026-09-22T09:06:05.657Z	info	staff-logger	scenario/viewer.go:56	visit top
2026-09-22T09:06:05.657Z	info	staff-logger	scenario/viewer.go:64	get livestream
2026-09-22T09:06:05.657Z	info	staff-logger	scenario/viewer.go:83	visit livestream
2026-09-22T09:06:05.701Z	info	staff-logger	scenario/viewer.go:90	get livestream stats
2026-09-22T09:06:05.731Z	info	staff-logger	scenario/viewer.go:32	basic viewer scenario
2026-09-22T09:06:05.731Z	info	staff-logger	scenario/viewer.go:56	visit top
2026-09-22T09:06:05.731Z	info	staff-logger	scenario/viewer.go:64	get livestream
2026-09-22T09:06:05.731Z	info	staff-logger	scenario/viewer.go:83	visit livestream
2026-09-22T09:06:05.762Z	info	staff-logger	scenario/viewer.go:83	visit livestream
2026-09-22T09:06:05.766Z	info	staff-logger	scenario/viewer.go:32	basic viewer scenario
2026-09-22T09:06:05.766Z	info	staff-logger	scenario/viewer.go:56	visit top
2026-09-22T09:06:05.792Z	warn	staff-logger	scenario/viewer.go:178	viewer_spam: failed to post livecomment (moderated spam): benchmark-application: [一般エラー] POST /api/livestream/8096/livecomment へのリクエストに対して、期待されたHTTPステータスコードが確認できませんでした (expected:400, actual:201)

2026-09-22T09:06:05.864Z	warn	staff-logger	scenario/viewer.go:178	viewer_spam: failed to post livecomment (moderated spam): benchmark-application: [一般エラー] POST /api/livestream/8087/livecomment へのリクエストに対して、期待されたHTTPステータスコードが確認できませんでした (expected:400, actual:201)

2026-09-22T09:06:06.116Z	info	staff-logger	scenario/viewer.go:32	basic viewer scenario
2026-09-22T09:06:06.116Z	info	staff-logger	scenario/viewer.go:56	visit top
2026-09-22T09:06:06.116Z	info	staff-logger	scenario/viewer.go:64	get livestream
2026-09-22T09:06:06.116Z	info	staff-logger	scenario/viewer.go:83	visit livestream
2026-09-22T09:06:06.153Z	info	staff-logger	scenario/streamer.go:48	change icon
2026-09-22T09:06:06.257Z	info	staff-logger	scenario/viewer.go:32	basic viewer scenario
2026-09-22T09:06:06.257Z	info	staff-logger	scenario/viewer.go:56	visit top
2026-09-22T09:06:06.257Z	info	staff-logger	scenario/viewer.go:64	get livestream
2026-09-22T09:06:06.257Z	info	staff-logger	scenario/viewer.go:83	visit livestream
2026-09-22T09:06:06.284Z	info	staff-logger	scenario/streamer.go:48	change icon
2026-09-22T09:06:06.522Z	info	staff-logger	scenario/viewer.go:32	basic viewer scenario
2026-09-22T09:06:06.522Z	info	staff-logger	scenario/viewer.go:56	visit top
2026-09-22T09:06:06.522Z	info	staff-logger	scenario/viewer.go:64	get livestream
2026-09-22T09:06:06.522Z	info	staff-logger	scenario/viewer.go:32	basic viewer scenario
2026-09-22T09:06:06.522Z	info	staff-logger	scenario/viewer.go:83	visit livestream
2026-09-22T09:06:06.522Z	info	staff-logger	scenario/viewer.go:56	visit top
2026-09-22T09:06:06.522Z	info	staff-logger	scenario/viewer.go:64	get livestream
2026-09-22T09:06:06.522Z	info	staff-logger	scenario/viewer.go:83	visit livestream
2026-09-22T09:06:06.544Z	info	staff-logger	scenario/viewer.go:32	basic viewer scenario
2026-09-22T09:06:06.544Z	info	staff-logger	scenario/viewer.go:56	visit top
2026-09-22T09:06:06.544Z	info	staff-logger	scenario/viewer.go:64	get livestream
2026-09-22T09:06:06.544Z	info	staff-logger	scenario/viewer.go:83	visit livestream
2026-09-22T09:06:06.550Z	warn	staff-logger	scenario/viewer.go:178	viewer_spam: failed to post livecomment (moderated spam): benchmark-application: [一般エラー] POST /api/livestream/7535/livecomment へのリクエストに対して、期待されたHTTPステータスコードが確認できませんでした (expected:400, actual:201)

2026-09-22T09:06:06.590Z	info	staff-logger	scenario/viewer.go:64	get livestream
2026-09-22T09:06:06.590Z	info	staff-logger	scenario/viewer.go:76	visit user profile
2026-09-22T09:06:06.627Z	info	staff-logger	scenario/viewer.go:32	basic viewer scenario
2026-09-22T09:06:06.627Z	info	staff-logger	scenario/viewer.go:56	visit top
2026-09-22T09:06:06.627Z	info	staff-logger	scenario/viewer.go:64	get livestream
2026-09-22T09:06:06.627Z	info	staff-logger	scenario/viewer.go:83	visit livestream
2026-09-22T09:06:06.681Z	info	staff-logger	scenario/viewer.go:83	visit livestream
2026-09-22T09:06:06.748Z	warn	staff-logger	scenario/viewer.go:178	viewer_spam: failed to post livecomment (moderated spam): benchmark-application: [一般エラー] POST /api/livestream/8107/livecomment へのリクエストに対して、期待されたHTTPステータスコードが確認できませんでした (expected:400, actual:201)

2026-09-22T09:06:06.773Z	info	staff-logger	scenario/viewer.go:32	basic viewer scenario
2026-09-22T09:06:06.773Z	info	staff-logger	scenario/viewer.go:56	visit top
2026-09-22T09:06:06.773Z	info	staff-logger	scenario/viewer.go:64	get livestream
2026-09-22T09:06:06.773Z	info	staff-logger	scenario/viewer.go:83	visit livestream
2026-09-22T09:06:06.836Z	info	staff-logger	scenario/viewer.go:32	basic viewer scenario
2026-09-22T09:06:06.836Z	info	staff-logger	scenario/viewer.go:56	visit top
2026-09-22T09:06:06.836Z	info	staff-logger	scenario/viewer.go:64	get livestream
2026-09-22T09:06:06.836Z	info	staff-logger	scenario/viewer.go:83	visit livestream
2026-09-22T09:06:06.886Z	warn	staff-logger	scenario/viewer.go:178	viewer_spam: failed to post livecomment (moderated spam): benchmark-application: [一般エラー] POST /api/livestream/7986/livecomment へのリクエストに対して、期待されたHTTPステータスコードが確認できませんでした (expected:400, actual:201)

2026-09-22T09:06:06.969Z	info	staff-logger	scenario/viewer.go:32	basic viewer scenario
2026-09-22T09:06:06.969Z	info	staff-logger	scenario/viewer.go:56	visit top
2026-09-22T09:06:06.969Z	info	staff-logger	scenario/viewer.go:64	get livestream
2026-09-22T09:06:06.969Z	info	staff-logger	scenario/viewer.go:83	visit livestream
2026-09-22T09:06:06.972Z	info	staff-logger	scenario/viewer.go:32	basic viewer scenario
2026-09-22T09:06:06.972Z	info	staff-logger	scenario/viewer.go:56	visit top
2026-09-22T09:06:06.972Z	info	staff-logger	scenario/viewer.go:64	get livestream
2026-09-22T09:06:06.972Z	info	staff-logger	scenario/viewer.go:83	visit livestream
2026-09-22T09:06:07.054Z	info	staff-logger	scenario/viewer.go:32	basic viewer scenario
2026-09-22T09:06:07.054Z	info	staff-logger	scenario/viewer.go:56	visit top
2026-09-22T09:06:07.054Z	info	staff-logger	scenario/viewer.go:64	get livestream
2026-09-22T09:06:07.054Z	info	staff-logger	scenario/viewer.go:83	visit livestream
2026-09-22T09:06:07.163Z	info	staff-logger	scenario/viewer.go:32	basic viewer scenario
2026-09-22T09:06:07.164Z	info	staff-logger	scenario/viewer.go:56	visit top
2026-09-22T09:06:07.164Z	info	staff-logger	scenario/viewer.go:64	get livestream
2026-09-22T09:06:07.164Z	info	staff-logger	scenario/viewer.go:83	visit livestream
2026-09-22T09:06:07.181Z	info	staff-logger	scenario/viewer.go:32	basic viewer scenario
2026-09-22T09:06:07.181Z	info	staff-logger	scenario/viewer.go:56	visit top
2026-09-22T09:06:07.181Z	info	staff-logger	scenario/viewer.go:64	get livestream
2026-09-22T09:06:07.181Z	info	staff-logger	scenario/viewer.go:83	visit livestream
2026-09-22T09:06:07.195Z	info	staff-logger	scenario/viewer.go:32	basic viewer scenario
2026-09-22T09:06:07.195Z	info	staff-logger	scenario/viewer.go:56	visit top
2026-09-22T09:06:07.195Z	info	staff-logger	scenario/viewer.go:64	get livestream
2026-09-22T09:06:07.195Z	info	staff-logger	scenario/viewer.go:83	visit livestream
2026-09-22T09:06:07.217Z	info	staff-logger	scenario/viewer.go:90	get livestream stats
2026-09-22T09:06:07.235Z	info	staff-logger	scenario/viewer.go:90	get livestream stats
2026-09-22T09:06:07.248Z	info	staff-logger	scenario/viewer.go:32	basic viewer scenario
2026-09-22T09:06:07.248Z	info	staff-logger	scenario/viewer.go:56	visit top
2026-09-22T09:06:07.248Z	info	staff-logger	scenario/viewer.go:64	get livestream
2026-09-22T09:06:07.248Z	info	staff-logger	scenario/viewer.go:83	visit livestream
2026-09-22T09:06:07.305Z	info	staff-logger	scenario/viewer.go:32	basic viewer scenario
2026-09-22T09:06:07.305Z	info	staff-logger	scenario/viewer.go:56	visit top
2026-09-22T09:06:07.305Z	info	staff-logger	scenario/viewer.go:64	get livestream
2026-09-22T09:06:07.305Z	info	staff-logger	scenario/viewer.go:83	visit livestream
2026-09-22T09:06:07.318Z	info	staff-logger	scenario/viewer.go:32	basic viewer scenario
2026-09-22T09:06:07.318Z	info	staff-logger	scenario/viewer.go:56	visit top
2026-09-22T09:06:07.318Z	info	staff-logger	scenario/viewer.go:64	get livestream
2026-09-22T09:06:07.318Z	info	staff-logger	scenario/viewer.go:83	visit livestream
2026-09-22T09:06:07.352Z	info	staff-logger	scenario/viewer.go:32	basic viewer scenario
2026-09-22T09:06:07.352Z	info	staff-logger	scenario/viewer.go:56	visit top
2026-09-22T09:06:07.352Z	info	staff-logger	scenario/viewer.go:64	get livestream
2026-09-22T09:06:07.352Z	info	staff-logger	scenario/viewer.go:83	visit livestream
2026-09-22T09:06:07.387Z	info	staff-logger	scenario/viewer.go:32	basic viewer scenario
2026-09-22T09:06:07.387Z	info	staff-logger	scenario/viewer.go:56	visit top
2026-09-22T09:06:07.387Z	info	staff-logger	scenario/viewer.go:64	get livestream
2026-09-22T09:06:07.387Z	info	staff-logger	scenario/viewer.go:83	visit livestream
2026-09-22T09:06:07.397Z	info	staff-logger	scenario/viewer.go:90	get livestream stats
2026-09-22T09:06:07.530Z	info	staff-logger	scenario/viewer.go:32	basic viewer scenario
2026-09-22T09:06:07.530Z	info	staff-logger	scenario/viewer.go:56	visit top
2026-09-22T09:06:07.530Z	info	staff-logger	scenario/viewer.go:64	get livestream
2026-09-22T09:06:07.530Z	info	staff-logger	scenario/viewer.go:83	visit livestream
2026-09-22T09:06:07.689Z	info	staff-logger	scenario/viewer.go:32	basic viewer scenario
2026-09-22T09:06:07.689Z	info	staff-logger	scenario/viewer.go:56	visit top
2026-09-22T09:06:07.835Z	info	staff-logger	scenario/viewer.go:32	basic viewer scenario
2026-09-22T09:06:07.835Z	info	staff-logger	scenario/viewer.go:56	visit top
2026-09-22T09:06:07.871Z	info	staff-logger	scenario/streamer.go:48	change icon
2026-09-22T09:06:07.934Z	info	staff-logger	scenario/viewer.go:32	basic viewer scenario
2026-09-22T09:06:07.934Z	info	staff-logger	scenario/viewer.go:56	visit top
2026-09-22T09:06:07.934Z	info	staff-logger	scenario/viewer.go:64	get livestream
2026-09-22T09:06:07.934Z	info	staff-logger	scenario/viewer.go:83	visit livestream
2026-09-22T09:06:07.948Z	info	staff-logger	scenario/streamer.go:48	change icon
2026-09-22T09:06:07.956Z	info	staff-logger	scenario/viewer.go:90	get livestream stats
2026-09-22T09:06:08.014Z	info	staff-logger	scenario/streamer.go:48	change icon
2026-09-22T09:06:08.068Z	info	staff-logger	scenario/viewer.go:32	basic viewer scenario
2026-09-22T09:06:08.068Z	info	staff-logger	scenario/viewer.go:56	visit top
2026-09-22T09:06:08.068Z	info	staff-logger	scenario/viewer.go:64	get livestream
2026-09-22T09:06:08.068Z	info	staff-logger	scenario/viewer.go:83	visit livestream
2026-09-22T09:06:08.106Z	info	staff-logger	scenario/viewer.go:32	basic viewer scenario
2026-09-22T09:06:08.106Z	info	staff-logger	scenario/viewer.go:56	visit top
2026-09-22T09:06:08.106Z	info	staff-logger	scenario/viewer.go:64	get livestream
2026-09-22T09:06:08.106Z	info	staff-logger	scenario/viewer.go:83	visit livestream
2026-09-22T09:06:08.160Z	info	staff-logger	scenario/viewer.go:32	basic viewer scenario
2026-09-22T09:06:08.160Z	info	staff-logger	scenario/viewer.go:56	visit top
2026-09-22T09:06:08.160Z	info	staff-logger	scenario/viewer.go:64	get livestream
2026-09-22T09:06:08.160Z	info	staff-logger	scenario/viewer.go:83	visit livestream
2026-09-22T09:06:08.181Z	info	staff-logger	scenario/streamer.go:48	change icon
2026-09-22T09:06:08.253Z	info	staff-logger	scenario/viewer.go:32	basic viewer scenario
2026-09-22T09:06:08.253Z	info	staff-logger	scenario/viewer.go:56	visit top
2026-09-22T09:06:08.253Z	info	staff-logger	scenario/viewer.go:64	get livestream
2026-09-22T09:06:08.253Z	info	staff-logger	scenario/viewer.go:83	visit livestream
2026-09-22T09:06:08.272Z	info	staff-logger	scenario/viewer.go:32	basic viewer scenario
2026-09-22T09:06:08.272Z	info	staff-logger	scenario/viewer.go:56	visit top
2026-09-22T09:06:08.272Z	info	staff-logger	scenario/viewer.go:64	get livestream
2026-09-22T09:06:08.272Z	info	staff-logger	scenario/viewer.go:83	visit livestream
2026-09-22T09:06:08.277Z	warn	staff-logger	scenario/viewer.go:178	viewer_spam: failed to post livecomment (moderated spam): benchmark-application: [一般エラー] POST /api/livestream/8125/livecomment へのリクエストに対して、期待されたHTTPステータスコードが確認できませんでした (expected:400, actual:201)

2026-09-22T09:06:08.425Z	info	staff-logger	scenario/viewer.go:32	basic viewer scenario
2026-09-22T09:06:08.425Z	info	staff-logger	scenario/viewer.go:56	visit top
2026-09-22T09:06:08.425Z	info	staff-logger	scenario/viewer.go:64	get livestream
2026-09-22T09:06:08.425Z	info	staff-logger	scenario/viewer.go:83	visit livestream
2026-09-22T09:06:08.441Z	info	staff-logger	scenario/viewer.go:32	basic viewer scenario
2026-09-22T09:06:08.441Z	info	staff-logger	scenario/viewer.go:56	visit top
2026-09-22T09:06:08.441Z	info	staff-logger	scenario/viewer.go:64	get livestream
2026-09-22T09:06:08.441Z	info	staff-logger	scenario/viewer.go:83	visit livestream
2026-09-22T09:06:08.451Z	info	staff-logger	scenario/viewer.go:32	basic viewer scenario
2026-09-22T09:06:08.451Z	info	staff-logger	scenario/viewer.go:56	visit top
2026-09-22T09:06:08.451Z	info	staff-logger	scenario/viewer.go:64	get livestream
2026-09-22T09:06:08.451Z	info	staff-logger	scenario/viewer.go:83	visit livestream
2026-09-22T09:06:08.479Z	info	staff-logger	scenario/viewer.go:64	get livestream
2026-09-22T09:06:08.479Z	info	staff-logger	scenario/viewer.go:76	visit user profile
2026-09-22T09:06:08.556Z	info	staff-logger	scenario/viewer.go:32	basic viewer scenario
2026-09-22T09:06:08.557Z	info	staff-logger	scenario/viewer.go:56	visit top
2026-09-22T09:06:08.557Z	info	staff-logger	scenario/viewer.go:64	get livestream
2026-09-22T09:06:08.557Z	info	staff-logger	scenario/viewer.go:83	visit livestream
2026-09-22T09:06:08.567Z	info	staff-logger	scenario/viewer.go:83	visit livestream
2026-09-22T09:06:08.578Z	info	staff-logger	scenario/viewer.go:32	basic viewer scenario
2026-09-22T09:06:08.578Z	info	staff-logger	scenario/viewer.go:56	visit top
2026-09-22T09:06:08.720Z	info	staff-logger	scenario/viewer.go:32	basic viewer scenario
2026-09-22T09:06:08.720Z	info	staff-logger	scenario/viewer.go:64	get livestream
2026-09-22T09:06:08.720Z	info	staff-logger	scenario/viewer.go:56	visit top
2026-09-22T09:06:08.720Z	info	staff-logger	scenario/viewer.go:76	visit user profile
2026-09-22T09:06:08.720Z	info	staff-logger	scenario/viewer.go:64	get livestream
2026-09-22T09:06:08.720Z	info	staff-logger	scenario/viewer.go:83	visit livestream
2026-09-22T09:06:08.725Z	info	staff-logger	scenario/viewer.go:32	basic viewer scenario
2026-09-22T09:06:08.725Z	info	staff-logger	scenario/viewer.go:56	visit top
2026-09-22T09:06:08.725Z	info	staff-logger	scenario/viewer.go:64	get livestream
2026-09-22T09:06:08.725Z	info	staff-logger	scenario/viewer.go:83	visit livestream
2026-09-22T09:06:08.757Z	info	staff-logger	scenario/viewer.go:32	basic viewer scenario
2026-09-22T09:06:08.757Z	info	staff-logger	scenario/viewer.go:56	visit top
2026-09-22T09:06:08.757Z	info	staff-logger	scenario/viewer.go:64	get livestream
2026-09-22T09:06:08.757Z	info	staff-logger	scenario/viewer.go:83	visit livestream
2026-09-22T09:06:08.767Z	info	staff-logger	scenario/viewer.go:90	get livestream stats
2026-09-22T09:06:08.852Z	info	staff-logger	scenario/viewer.go:83	visit livestream
2026-09-22T09:06:08.901Z	warn	staff-logger	scenario/viewer.go:178	viewer_spam: failed to post livecomment (moderated spam): benchmark-application: [一般エラー] POST /api/livestream/8003/livecomment へのリクエストに対して、期待されたHTTPステータスコードが確認できませんでした (expected:400, actual:201)

2026-09-22T09:06:08.912Z	info	staff-logger	scenario/streamer.go:48	change icon
2026-09-22T09:06:08.965Z	info	staff-logger	scenario/viewer.go:32	basic viewer scenario
2026-09-22T09:06:08.965Z	info	staff-logger	scenario/viewer.go:56	visit top
2026-09-22T09:06:08.965Z	info	staff-logger	scenario/viewer.go:64	get livestream
2026-09-22T09:06:08.966Z	info	staff-logger	scenario/viewer.go:83	visit livestream
2026-09-22T09:06:08.989Z	info	staff-logger	scenario/viewer.go:90	get livestream stats
2026-09-22T09:06:09.151Z	info	staff-logger	scenario/viewer.go:32	basic viewer scenario
2026-09-22T09:06:09.151Z	info	staff-logger	scenario/viewer.go:56	visit top
2026-09-22T09:06:09.151Z	info	staff-logger	scenario/viewer.go:64	get livestream
2026-09-22T09:06:09.151Z	info	staff-logger	scenario/viewer.go:83	visit livestream
2026-09-22T09:06:09.157Z	info	staff-logger	scenario/viewer.go:32	basic viewer scenario
2026-09-22T09:06:09.157Z	info	staff-logger	scenario/viewer.go:56	visit top
2026-09-22T09:06:09.157Z	info	staff-logger	scenario/viewer.go:64	get livestream
2026-09-22T09:06:09.157Z	info	staff-logger	scenario/viewer.go:83	visit livestream
2026-09-22T09:06:09.240Z	info	staff-logger	scenario/viewer.go:32	basic viewer scenario
2026-09-22T09:06:09.240Z	info	staff-logger	scenario/viewer.go:56	visit top
2026-09-22T09:06:09.240Z	info	staff-logger	scenario/viewer.go:64	get livestream
2026-09-22T09:06:09.240Z	info	staff-logger	scenario/viewer.go:83	visit livestream
2026-09-22T09:06:09.313Z	info	staff-logger	scenario/viewer.go:32	basic viewer scenario
2026-09-22T09:06:09.313Z	info	staff-logger	scenario/viewer.go:56	visit top
2026-09-22T09:06:09.313Z	info	staff-logger	scenario/viewer.go:64	get livestream
2026-09-22T09:06:09.313Z	info	staff-logger	scenario/viewer.go:83	visit livestream
2026-09-22T09:06:09.381Z	info	staff-logger	scenario/viewer.go:32	basic viewer scenario
2026-09-22T09:06:09.381Z	info	staff-logger	scenario/viewer.go:56	visit top
2026-09-22T09:06:09.381Z	info	staff-logger	scenario/viewer.go:64	get livestream
2026-09-22T09:06:09.381Z	info	staff-logger	scenario/viewer.go:83	visit livestream
2026-09-22T09:06:09.423Z	info	staff-logger	scenario/viewer.go:32	basic viewer scenario
2026-09-22T09:06:09.423Z	info	staff-logger	scenario/viewer.go:56	visit top
2026-09-22T09:06:09.423Z	info	staff-logger	scenario/viewer.go:64	get livestream
2026-09-22T09:06:09.423Z	info	staff-logger	scenario/viewer.go:83	visit livestream
2026-09-22T09:06:09.434Z	info	staff-logger	scenario/streamer.go:48	change icon
2026-09-22T09:06:09.443Z	warn	staff-logger	scenario/viewer.go:178	viewer_spam: failed to post livecomment (moderated spam): benchmark-application: [一般エラー] POST /api/livestream/7991/livecomment へのリクエストに対して、期待されたHTTPステータスコードが確認できませんでした (expected:400, actual:201)

2026-09-22T09:06:09.458Z	info	staff-logger	scenario/viewer.go:32	basic viewer scenario
2026-09-22T09:06:09.458Z	info	staff-logger	scenario/viewer.go:56	visit top
2026-09-22T09:06:09.458Z	info	staff-logger	scenario/viewer.go:64	get livestream
2026-09-22T09:06:09.458Z	info	staff-logger	scenario/viewer.go:83	visit livestream
2026-09-22T09:06:09.469Z	info	staff-logger	scenario/viewer.go:32	basic viewer scenario
2026-09-22T09:06:09.470Z	info	staff-logger	scenario/viewer.go:56	visit top
2026-09-22T09:06:09.470Z	info	staff-logger	scenario/viewer.go:64	get livestream
2026-09-22T09:06:09.470Z	info	staff-logger	scenario/viewer.go:83	visit livestream
2026-09-22T09:06:09.515Z	warn	staff-logger	scenario/viewer.go:178	viewer_spam: failed to post livecomment (moderated spam): benchmark-application: [一般エラー] POST /api/livestream/8140/livecomment へのリクエストに対して、期待されたHTTPステータスコードが確認できませんでした (expected:400, actual:201)

2026-09-22T09:06:09.591Z	info	staff-logger	scenario/viewer.go:64	get livestream
2026-09-22T09:06:09.591Z	info	staff-logger	scenario/viewer.go:76	visit user profile
2026-09-22T09:06:09.638Z	info	staff-logger	scenario/viewer.go:32	basic viewer scenario
2026-09-22T09:06:09.639Z	info	staff-logger	scenario/viewer.go:56	visit top
2026-09-22T09:06:09.639Z	info	staff-logger	scenario/viewer.go:64	get livestream
2026-09-22T09:06:09.639Z	info	staff-logger	scenario/viewer.go:83	visit livestream
2026-09-22T09:06:09.675Z	info	staff-logger	scenario/viewer.go:32	basic viewer scenario
2026-09-22T09:06:09.675Z	info	staff-logger	scenario/viewer.go:56	visit top
2026-09-22T09:06:09.683Z	info	staff-logger	scenario/viewer.go:83	visit livestream
2026-09-22T09:06:09.752Z	warn	staff-logger	scenario/viewer.go:178	viewer_spam: failed to post livecomment (moderated spam): benchmark-application: [一般エラー] POST /api/livestream/8304/livecomment へのリクエストに対して、期待されたHTTPステータスコードが確認できませんでした (expected:400, actual:201)

2026-09-22T09:06:09.811Z	info	staff-logger	scenario/viewer.go:32	basic viewer scenario
2026-09-22T09:06:09.811Z	info	staff-logger	scenario/viewer.go:56	visit top
2026-09-22T09:06:09.811Z	info	staff-logger	scenario/viewer.go:64	get livestream
2026-09-22T09:06:09.811Z	info	staff-logger	scenario/viewer.go:83	visit livestream
2026-09-22T09:06:09.826Z	info	staff-logger	scenario/viewer.go:32	basic viewer scenario
2026-09-22T09:06:09.826Z	info	staff-logger	scenario/viewer.go:56	visit top
2026-09-22T09:06:09.826Z	info	staff-logger	scenario/viewer.go:64	get livestream
2026-09-22T09:06:09.826Z	info	staff-logger	scenario/viewer.go:83	visit livestream
2026-09-22T09:06:09.863Z	info	staff-logger	scenario/viewer.go:32	basic viewer scenario
2026-09-22T09:06:09.863Z	info	staff-logger	scenario/viewer.go:56	visit top
2026-09-22T09:06:09.863Z	info	staff-logger	scenario/viewer.go:64	get livestream
2026-09-22T09:06:09.863Z	info	staff-logger	scenario/viewer.go:83	visit livestream
2026-09-22T09:06:09.884Z	warn	staff-logger	scenario/viewer.go:178	viewer_spam: failed to post livecomment (moderated spam): benchmark-application: [一般エラー] POST /api/livestream/7639/livecomment へのリクエストに対して、期待されたHTTPステータスコードが確認できませんでした (expected:400, actual:201)

2026-09-22T09:06:09.909Z	info	staff-logger	scenario/viewer.go:32	basic viewer scenario
2026-09-22T09:06:09.909Z	info	staff-logger	scenario/viewer.go:56	visit top
2026-09-22T09:06:09.909Z	info	staff-logger	scenario/viewer.go:64	get livestream
2026-09-22T09:06:09.909Z	info	staff-logger	scenario/viewer.go:83	visit livestream
2026-09-22T09:06:09.910Z	warn	staff-logger	scenario/viewer.go:178	viewer_spam: failed to post livecomment (moderated spam): benchmark-application: [一般エラー] POST /api/livestream/7905/livecomment へのリクエストに対して、期待されたHTTPステータスコードが確認できませんでした (expected:400, actual:201)

2026-09-22T09:06:09.924Z	info	staff-logger	scenario/viewer.go:32	basic viewer scenario
2026-09-22T09:06:09.924Z	info	staff-logger	scenario/viewer.go:56	visit top
2026-09-22T09:06:09.924Z	info	staff-logger	scenario/viewer.go:64	get livestream
2026-09-22T09:06:09.924Z	info	staff-logger	scenario/viewer.go:83	visit livestream
2026-09-22T09:06:09.953Z	info	staff-logger	scenario/viewer.go:32	basic viewer scenario
2026-09-22T09:06:09.953Z	info	staff-logger	scenario/viewer.go:56	visit top
2026-09-22T09:06:09.953Z	info	staff-logger	scenario/viewer.go:64	get livestream
2026-09-22T09:06:09.953Z	info	staff-logger	scenario/viewer.go:83	visit livestream
2026-09-22T09:06:09.964Z	info	staff-logger	scenario/viewer.go:90	get livestream stats
2026-09-22T09:06:10.042Z	info	staff-logger	scenario/viewer.go:32	basic viewer scenario
2026-09-22T09:06:10.042Z	info	staff-logger	scenario/viewer.go:56	visit top
2026-09-22T09:06:10.042Z	info	staff-logger	scenario/viewer.go:64	get livestream
2026-09-22T09:06:10.042Z	info	staff-logger	scenario/viewer.go:83	visit livestream
2026-09-22T09:06:10.182Z	info	staff-logger	scenario/viewer.go:32	basic viewer scenario
2026-09-22T09:06:10.182Z	info	staff-logger	scenario/viewer.go:56	visit top
2026-09-22T09:06:10.182Z	info	staff-logger	scenario/viewer.go:64	get livestream
2026-09-22T09:06:10.182Z	info	staff-logger	scenario/viewer.go:83	visit livestream
2026-09-22T09:06:10.209Z	info	staff-logger	scenario/streamer.go:48	change icon
2026-09-22T09:06:10.253Z	warn	staff-logger	scenario/viewer.go:178	viewer_spam: failed to post livecomment (moderated spam): benchmark-application: [一般エラー] POST /api/livestream/7908/livecomment へのリクエストに対して、期待されたHTTPステータスコードが確認できませんでした (expected:400, actual:201)

2026-09-22T09:06:10.278Z	warn	staff-logger	scenario/viewer.go:178	viewer_spam: failed to post livecomment (moderated spam): benchmark-application: [一般エラー] POST /api/livestream/8312/livecomment へのリクエストに対して、期待されたHTTPステータスコードが確認できませんでした (expected:400, actual:201)

2026-09-22T09:06:10.339Z	info	staff-logger	scenario/viewer.go:32	basic viewer scenario
2026-09-22T09:06:10.339Z	info	staff-logger	scenario/viewer.go:56	visit top
2026-09-22T09:06:10.339Z	info	staff-logger	scenario/viewer.go:64	get livestream
2026-09-22T09:06:10.339Z	info	staff-logger	scenario/viewer.go:83	visit livestream
2026-09-22T09:06:10.357Z	info	staff-logger	scenario/viewer.go:32	basic viewer scenario
2026-09-22T09:06:10.357Z	info	staff-logger	scenario/viewer.go:56	visit top
2026-09-22T09:06:10.357Z	info	staff-logger	scenario/viewer.go:64	get livestream
2026-09-22T09:06:10.357Z	info	staff-logger	scenario/viewer.go:83	visit livestream
2026-09-22T09:06:10.378Z	info	staff-logger	scenario/viewer.go:90	get livestream stats
2026-09-22T09:06:10.380Z	info	staff-logger	scenario/viewer.go:90	get livestream stats
2026-09-22T09:06:10.385Z	info	staff-logger	scenario/streamer.go:48	change icon
2026-09-22T09:06:10.500Z	info	staff-logger	scenario/viewer.go:32	basic viewer scenario
2026-09-22T09:06:10.500Z	info	staff-logger	scenario/viewer.go:64	get livestream
2026-09-22T09:06:10.500Z	info	staff-logger	scenario/viewer.go:56	visit top
2026-09-22T09:06:10.500Z	info	staff-logger	scenario/viewer.go:76	visit user profile
2026-09-22T09:06:10.519Z	info	staff-logger	scenario/viewer.go:32	basic viewer scenario
2026-09-22T09:06:10.519Z	info	staff-logger	scenario/viewer.go:56	visit top
2026-09-22T09:06:10.595Z	info	staff-logger	scenario/viewer.go:83	visit livestream
2026-09-22T09:06:10.626Z	info	staff-logger	scenario/viewer.go:32	basic viewer scenario
2026-09-22T09:06:10.626Z	info	staff-logger	scenario/viewer.go:56	visit top
2026-09-22T09:06:10.626Z	info	staff-logger	scenario/viewer.go:64	get livestream
2026-09-22T09:06:10.626Z	info	staff-logger	scenario/viewer.go:83	visit livestream
2026-09-22T09:06:10.699Z	info	staff-logger	scenario/streamer.go:48	change icon
2026-09-22T09:06:10.740Z	info	staff-logger	scenario/viewer.go:32	basic viewer scenario
2026-09-22T09:06:10.741Z	info	staff-logger	scenario/viewer.go:56	visit top
2026-09-22T09:06:10.741Z	info	staff-logger	scenario/viewer.go:64	get livestream
2026-09-22T09:06:10.741Z	info	staff-logger	scenario/viewer.go:83	visit livestream
2026-09-22T09:06:10.765Z	info	staff-logger	scenario/viewer.go:32	basic viewer scenario
2026-09-22T09:06:10.765Z	info	staff-logger	scenario/viewer.go:56	visit top
2026-09-22T09:06:10.765Z	info	staff-logger	scenario/viewer.go:64	get livestream
2026-09-22T09:06:10.765Z	info	staff-logger	scenario/viewer.go:83	visit livestream
2026-09-22T09:06:10.810Z	info	staff-logger	scenario/viewer.go:90	get livestream stats
2026-09-22T09:06:10.853Z	info	staff-logger	scenario/viewer.go:32	basic viewer scenario
2026-09-22T09:06:10.853Z	info	staff-logger	scenario/viewer.go:56	visit top
2026-09-22T09:06:10.853Z	info	staff-logger	scenario/viewer.go:64	get livestream
2026-09-22T09:06:10.853Z	info	staff-logger	scenario/viewer.go:83	visit livestream
2026-09-22T09:06:10.865Z	info	staff-logger	scenario/viewer.go:32	basic viewer scenario
2026-09-22T09:06:10.866Z	info	staff-logger	scenario/viewer.go:56	visit top
2026-09-22T09:06:10.866Z	info	staff-logger	scenario/viewer.go:64	get livestream
2026-09-22T09:06:10.866Z	info	staff-logger	scenario/viewer.go:83	visit livestream
2026-09-22T09:06:10.868Z	warn	staff-logger	scenario/viewer.go:178	viewer_spam: failed to post livecomment (moderated spam): benchmark-application: [一般エラー] POST /api/livestream/8153/livecomment へのリクエストに対して、期待されたHTTPステータスコードが確認できませんでした (expected:400, actual:201)

2026-09-22T09:06:10.875Z	info	staff-logger	scenario/viewer.go:32	basic viewer scenario
2026-09-22T09:06:10.875Z	info	staff-logger	scenario/viewer.go:56	visit top
2026-09-22T09:06:10.875Z	info	staff-logger	scenario/viewer.go:64	get livestream
2026-09-22T09:06:10.875Z	info	staff-logger	scenario/viewer.go:83	visit livestream
2026-09-22T09:06:10.883Z	info	staff-logger	scenario/streamer.go:48	change icon
2026-09-22T09:06:11.167Z	info	staff-logger	scenario/viewer.go:64	get livestream
2026-09-22T09:06:11.167Z	info	staff-logger	scenario/viewer.go:76	visit user profile
2026-09-22T09:06:11.194Z	warn	staff-logger	scenario/viewer.go:178	viewer_spam: failed to post livecomment (moderated spam): benchmark-application: [一般エラー] POST /api/livestream/7912/livecomment へのリクエストに対して、期待されたHTTPステータスコードが確認できませんでした (expected:400, actual:201)

2026-09-22T09:06:11.212Z	info	staff-logger	scenario/viewer.go:32	basic viewer scenario
2026-09-22T09:06:11.212Z	info	staff-logger	scenario/viewer.go:56	visit top
2026-09-22T09:06:11.212Z	info	staff-logger	scenario/viewer.go:64	get livestream
2026-09-22T09:06:11.212Z	info	staff-logger	scenario/viewer.go:83	visit livestream
2026-09-22T09:06:11.226Z	info	staff-logger	scenario/viewer.go:32	basic viewer scenario
2026-09-22T09:06:11.226Z	info	staff-logger	scenario/viewer.go:56	visit top
2026-09-22T09:06:11.226Z	info	staff-logger	scenario/viewer.go:64	get livestream
2026-09-22T09:06:11.226Z	info	staff-logger	scenario/viewer.go:83	visit livestream
2026-09-22T09:06:11.233Z	info	staff-logger	scenario/viewer.go:32	basic viewer scenario
2026-09-22T09:06:11.233Z	info	staff-logger	scenario/viewer.go:56	visit top
2026-09-22T09:06:11.233Z	info	staff-logger	scenario/viewer.go:64	get livestream
2026-09-22T09:06:11.233Z	info	staff-logger	scenario/viewer.go:83	visit livestream
2026-09-22T09:06:11.241Z	info	staff-logger	scenario/viewer.go:32	basic viewer scenario
2026-09-22T09:06:11.241Z	info	staff-logger	scenario/viewer.go:56	visit top
2026-09-22T09:06:11.241Z	info	staff-logger	scenario/viewer.go:64	get livestream
2026-09-22T09:06:11.241Z	info	staff-logger	scenario/viewer.go:83	visit livestream
2026-09-22T09:06:11.253Z	info	staff-logger	scenario/viewer.go:90	get livestream stats
2026-09-22T09:06:11.278Z	info	staff-logger	scenario/viewer.go:83	visit livestream
2026-09-22T09:06:11.311Z	info	staff-logger	scenario/viewer.go:90	get livestream stats
2026-09-22T09:06:11.331Z	info	staff-logger	scenario/viewer.go:64	get livestream
2026-09-22T09:06:11.331Z	info	staff-logger	scenario/viewer.go:76	visit user profile
2026-09-22T09:06:11.431Z	info	staff-logger	scenario/viewer.go:83	visit livestream
2026-09-22T09:06:11.483Z	info	staff-logger	scenario/viewer.go:32	basic viewer scenario
2026-09-22T09:06:11.483Z	info	staff-logger	scenario/viewer.go:56	visit top
2026-09-22T09:06:11.483Z	info	staff-logger	scenario/viewer.go:64	get livestream
2026-09-22T09:06:11.483Z	info	staff-logger	scenario/viewer.go:83	visit livestream
2026-09-22T09:06:11.552Z	warn	staff-logger	scenario/viewer.go:178	viewer_spam: failed to post livecomment (moderated spam): benchmark-application: [一般エラー] POST /api/livestream/7917/livecomment へのリクエストに対して、期待されたHTTPステータスコードが確認できませんでした (expected:400, actual:201)

2026-09-22T09:06:11.600Z	info	staff-logger	scenario/viewer.go:32	basic viewer scenario
2026-09-22T09:06:11.600Z	info	staff-logger	scenario/viewer.go:56	visit top
2026-09-22T09:06:11.600Z	info	staff-logger	scenario/viewer.go:64	get livestream
2026-09-22T09:06:11.600Z	info	staff-logger	scenario/viewer.go:83	visit livestream
2026-09-22T09:06:11.651Z	info	staff-logger	scenario/viewer.go:32	basic viewer scenario
2026-09-22T09:06:11.651Z	info	staff-logger	scenario/viewer.go:56	visit top
2026-09-22T09:06:11.651Z	info	staff-logger	scenario/viewer.go:64	get livestream
2026-09-22T09:06:11.651Z	info	staff-logger	scenario/viewer.go:83	visit livestream
2026-09-22T09:06:11.708Z	info	staff-logger	scenario/viewer.go:90	get livestream stats
2026-09-22T09:06:11.742Z	info	staff-logger	scenario/viewer.go:32	basic viewer scenario
2026-09-22T09:06:11.742Z	info	staff-logger	scenario/viewer.go:56	visit top
2026-09-22T09:06:11.742Z	info	staff-logger	scenario/viewer.go:64	get livestream
2026-09-22T09:06:11.742Z	info	staff-logger	scenario/viewer.go:83	visit livestream
2026-09-22T09:06:11.844Z	info	staff-logger	scenario/viewer.go:32	basic viewer scenario
2026-09-22T09:06:11.844Z	info	staff-logger	scenario/viewer.go:56	visit top
2026-09-22T09:06:11.844Z	info	staff-logger	scenario/viewer.go:64	get livestream
2026-09-22T09:06:11.844Z	info	staff-logger	scenario/viewer.go:83	visit livestream
2026-09-22T09:06:11.892Z	info	staff-logger	scenario/viewer.go:32	basic viewer scenario
2026-09-22T09:06:11.892Z	info	staff-logger	scenario/viewer.go:56	visit top
2026-09-22T09:06:11.951Z	warn	staff-logger	scenario/viewer.go:178	viewer_spam: failed to post livecomment (moderated spam): benchmark-application: [一般エラー] POST /api/livestream/8163/livecomment へのリクエストに対して、期待されたHTTPステータスコードが確認できませんでした (expected:400, actual:201)

2026-09-22T09:06:11.974Z	info	staff-logger	scenario/viewer.go:32	basic viewer scenario
2026-09-22T09:06:11.975Z	info	staff-logger	scenario/viewer.go:56	visit top
2026-09-22T09:06:11.975Z	info	staff-logger	scenario/viewer.go:64	get livestream
2026-09-22T09:06:11.975Z	info	staff-logger	scenario/viewer.go:83	visit livestream
2026-09-22T09:06:12.008Z	info	staff-logger	scenario/viewer.go:32	basic viewer scenario
2026-09-22T09:06:12.008Z	info	staff-logger	scenario/viewer.go:56	visit top
2026-09-22T09:06:12.008Z	info	staff-logger	scenario/viewer.go:64	get livestream
2026-09-22T09:06:12.008Z	info	staff-logger	scenario/viewer.go:83	visit livestream
2026-09-22T09:06:12.018Z	info	staff-logger	scenario/viewer.go:90	get livestream stats
2026-09-22T09:06:12.085Z	info	staff-logger	scenario/viewer.go:32	basic viewer scenario
2026-09-22T09:06:12.085Z	info	staff-logger	scenario/viewer.go:56	visit top
2026-09-22T09:06:12.085Z	info	staff-logger	scenario/viewer.go:64	get livestream
2026-09-22T09:06:12.085Z	info	staff-logger	scenario/viewer.go:83	visit livestream
2026-09-22T09:06:12.094Z	warn	staff-logger	scenario/viewer.go:178	viewer_spam: failed to post livecomment (moderated spam): benchmark-application: [一般エラー] POST /api/livestream/7638/livecomment へのリクエストに対して、期待されたHTTPステータスコードが確認できませんでした (expected:400, actual:201)

2026-09-22T09:06:12.111Z	info	staff-logger	scenario/viewer.go:32	basic viewer scenario
2026-09-22T09:06:12.111Z	info	staff-logger	scenario/viewer.go:56	visit top
2026-09-22T09:06:12.111Z	info	staff-logger	scenario/viewer.go:64	get livestream
2026-09-22T09:06:12.111Z	info	staff-logger	scenario/viewer.go:83	visit livestream
2026-09-22T09:06:12.145Z	info	staff-logger	scenario/viewer.go:32	basic viewer scenario
2026-09-22T09:06:12.145Z	info	staff-logger	scenario/viewer.go:56	visit top
2026-09-22T09:06:12.175Z	info	staff-logger	scenario/viewer.go:32	basic viewer scenario
2026-09-22T09:06:12.175Z	info	staff-logger	scenario/viewer.go:56	visit top
2026-09-22T09:06:12.209Z	info	staff-logger	scenario/viewer.go:32	basic viewer scenario
2026-09-22T09:06:12.209Z	info	staff-logger	scenario/viewer.go:56	visit top
2026-09-22T09:06:12.209Z	info	staff-logger	scenario/viewer.go:64	get livestream
2026-09-22T09:06:12.209Z	info	staff-logger	scenario/viewer.go:83	visit livestream
2026-09-22T09:06:12.286Z	info	staff-logger	scenario/viewer.go:90	get livestream stats
2026-09-22T09:06:12.319Z	warn	staff-logger	scenario/viewer.go:178	viewer_spam: failed to post livecomment (moderated spam): benchmark-application: [一般エラー] POST /api/livestream/7923/livecomment へのリクエストに対して、期待されたHTTPステータスコードが確認できませんでした (expected:400, actual:201)

2026-09-22T09:06:12.639Z	info	staff-logger	scenario/viewer.go:32	basic viewer scenario
2026-09-22T09:06:12.639Z	info	staff-logger	scenario/viewer.go:56	visit top
2026-09-22T09:06:12.639Z	info	staff-logger	scenario/viewer.go:64	get livestream
2026-09-22T09:06:12.639Z	info	staff-logger	scenario/viewer.go:83	visit livestream
2026-09-22T09:06:12.755Z	info	staff-logger	scenario/viewer.go:32	basic viewer scenario
2026-09-22T09:06:12.755Z	info	staff-logger	scenario/viewer.go:56	visit top
2026-09-22T09:06:12.755Z	info	staff-logger	scenario/viewer.go:64	get livestream
2026-09-22T09:06:12.755Z	info	staff-logger	scenario/viewer.go:83	visit livestream
2026-09-22T09:06:12.785Z	info	staff-logger	scenario/viewer.go:64	get livestream
2026-09-22T09:06:12.785Z	info	staff-logger	scenario/viewer.go:76	visit user profile
2026-09-22T09:06:12.785Z	info	staff-logger	scenario/viewer.go:32	basic viewer scenario
2026-09-22T09:06:12.785Z	info	staff-logger	scenario/viewer.go:56	visit top
2026-09-22T09:06:12.785Z	info	staff-logger	scenario/viewer.go:64	get livestream
2026-09-22T09:06:12.785Z	info	staff-logger	scenario/viewer.go:83	visit livestream
2026-09-22T09:06:12.823Z	info	staff-logger	scenario/viewer.go:90	get livestream stats
2026-09-22T09:06:12.833Z	info	staff-logger	scenario/viewer.go:32	basic viewer scenario
2026-09-22T09:06:12.833Z	info	staff-logger	scenario/viewer.go:56	visit top
2026-09-22T09:06:12.865Z	info	staff-logger	scenario/viewer.go:32	basic viewer scenario
2026-09-22T09:06:12.865Z	info	staff-logger	scenario/viewer.go:56	visit top
2026-09-22T09:06:12.909Z	info	staff-logger	scenario/viewer.go:83	visit livestream
2026-09-22T09:06:12.996Z	info	staff-logger	scenario/viewer.go:64	get livestream
2026-09-22T09:06:12.996Z	info	staff-logger	scenario/viewer.go:76	visit user profile
2026-09-22T09:06:13.111Z	info	staff-logger	scenario/viewer.go:83	visit livestream
2026-09-22T09:06:13.137Z	info	staff-logger	scenario/viewer.go:32	basic viewer scenario
2026-09-22T09:06:13.137Z	info	staff-logger	scenario/viewer.go:64	get livestream
2026-09-22T09:06:13.137Z	info	staff-logger	scenario/viewer.go:56	visit top
2026-09-22T09:06:13.137Z	info	staff-logger	scenario/viewer.go:64	get livestream
2026-09-22T09:06:13.137Z	info	staff-logger	scenario/viewer.go:76	visit user profile
2026-09-22T09:06:13.137Z	info	staff-logger	scenario/viewer.go:83	visit livestream
2026-09-22T09:06:13.166Z	warn	staff-logger	scenario/viewer.go:178	viewer_spam: failed to post livecomment (moderated spam): benchmark-application: [一般エラー] POST /api/livestream/7927/livecomment へのリクエストに対して、期待されたHTTPステータスコードが確認できませんでした (expected:400, actual:201)

2026-09-22T09:06:13.255Z	info	staff-logger	scenario/viewer.go:83	visit livestream
2026-09-22T09:06:13.289Z	info	staff-logger	scenario/viewer.go:32	basic viewer scenario
2026-09-22T09:06:13.289Z	info	staff-logger	scenario/viewer.go:56	visit top
2026-09-22T09:06:13.289Z	info	staff-logger	scenario/viewer.go:64	get livestream
2026-09-22T09:06:13.289Z	info	staff-logger	scenario/viewer.go:83	visit livestream
2026-09-22T09:06:13.331Z	info	staff-logger	scenario/viewer.go:32	basic viewer scenario
2026-09-22T09:06:13.331Z	info	staff-logger	scenario/viewer.go:56	visit top
2026-09-22T09:06:13.331Z	info	staff-logger	scenario/viewer.go:64	get livestream
2026-09-22T09:06:13.331Z	info	staff-logger	scenario/viewer.go:83	visit livestream
2026-09-22T09:06:13.332Z	info	staff-logger	scenario/viewer.go:32	basic viewer scenario
2026-09-22T09:06:13.332Z	info	staff-logger	scenario/viewer.go:56	visit top
2026-09-22T09:06:13.332Z	info	staff-logger	scenario/viewer.go:64	get livestream
2026-09-22T09:06:13.332Z	info	staff-logger	scenario/viewer.go:83	visit livestream
2026-09-22T09:06:13.364Z	info	staff-logger	scenario/viewer.go:32	basic viewer scenario
2026-09-22T09:06:13.364Z	info	staff-logger	scenario/viewer.go:56	visit top
2026-09-22T09:06:13.364Z	info	staff-logger	scenario/viewer.go:64	get livestream
2026-09-22T09:06:13.364Z	info	staff-logger	scenario/viewer.go:83	visit livestream
2026-09-22T09:06:13.409Z	warn	staff-logger	scenario/viewer.go:178	viewer_spam: failed to post livecomment (moderated spam): benchmark-application: [一般エラー] POST /api/livestream/8181/livecomment へのリクエストに対して、期待されたHTTPステータスコードが確認できませんでした (expected:400, actual:201)

2026-09-22T09:06:13.462Z	info	staff-logger	scenario/viewer.go:32	basic viewer scenario
2026-09-22T09:06:13.462Z	info	staff-logger	scenario/viewer.go:56	visit top
2026-09-22T09:06:13.462Z	info	staff-logger	scenario/viewer.go:64	get livestream
2026-09-22T09:06:13.462Z	info	staff-logger	scenario/viewer.go:83	visit livestream
2026-09-22T09:06:13.494Z	info	staff-logger	scenario/viewer.go:32	basic viewer scenario
2026-09-22T09:06:13.494Z	info	staff-logger	scenario/viewer.go:56	visit top
2026-09-22T09:06:13.607Z	info	staff-logger	scenario/viewer.go:32	basic viewer scenario
2026-09-22T09:06:13.607Z	info	staff-logger	scenario/viewer.go:56	visit top
2026-09-22T09:06:13.607Z	info	staff-logger	scenario/viewer.go:64	get livestream
2026-09-22T09:06:13.607Z	info	staff-logger	scenario/viewer.go:83	visit livestream
2026-09-22T09:06:13.617Z	info	staff-logger	scenario/viewer.go:32	basic viewer scenario
2026-09-22T09:06:13.617Z	info	staff-logger	scenario/viewer.go:56	visit top
2026-09-22T09:06:13.617Z	info	staff-logger	scenario/viewer.go:64	get livestream
2026-09-22T09:06:13.618Z	info	staff-logger	scenario/viewer.go:83	visit livestream
2026-09-22T09:06:13.628Z	warn	staff-logger	scenario/viewer.go:178	viewer_spam: failed to post livecomment (moderated spam): benchmark-application: [一般エラー] POST /api/livestream/7933/livecomment へのリクエストに対して、期待されたHTTPステータスコードが確認できませんでした (expected:400, actual:201)

2026-09-22T09:06:13.775Z	info	staff-logger	scenario/viewer.go:64	get livestream
2026-09-22T09:06:13.775Z	info	staff-logger	scenario/viewer.go:76	visit user profile
2026-09-22T09:06:13.790Z	info	staff-logger	scenario/viewer.go:64	get livestream
2026-09-22T09:06:13.790Z	info	staff-logger	scenario/viewer.go:76	visit user profile
2026-09-22T09:06:13.933Z	info	staff-logger	scenario/viewer.go:83	visit livestream
2026-09-22T09:06:13.938Z	info	staff-logger	scenario/viewer.go:83	visit livestream
2026-09-22T09:06:13.963Z	info	staff-logger	scenario/viewer.go:32	basic viewer scenario
2026-09-22T09:06:13.963Z	info	staff-logger	scenario/viewer.go:56	visit top
2026-09-22T09:06:13.963Z	info	staff-logger	scenario/viewer.go:64	get livestream
2026-09-22T09:06:13.963Z	info	staff-logger	scenario/viewer.go:83	visit livestream
2026-09-22T09:06:13.975Z	info	staff-logger	scenario/streamer.go:48	change icon
2026-09-22T09:06:13.987Z	info	staff-logger	scenario/viewer.go:32	basic viewer scenario
2026-09-22T09:06:13.987Z	info	staff-logger	scenario/viewer.go:56	visit top
2026-09-22T09:06:13.987Z	info	staff-logger	scenario/viewer.go:64	get livestream
2026-09-22T09:06:13.987Z	info	staff-logger	scenario/viewer.go:83	visit livestream
2026-09-22T09:06:14.079Z	warn	staff-logger	scenario/viewer.go:178	viewer_spam: failed to post livecomment (moderated spam): benchmark-application: [一般エラー] POST /api/livestream/7845/livecomment へのリクエストに対して、期待されたHTTPステータスコードが確認できませんでした (expected:400, actual:201)

2026-09-22T09:06:14.112Z	info	staff-logger	scenario/viewer.go:32	basic viewer scenario
2026-09-22T09:06:14.112Z	info	staff-logger	scenario/viewer.go:56	visit top
2026-09-22T09:06:14.112Z	info	staff-logger	scenario/viewer.go:64	get livestream
2026-09-22T09:06:14.112Z	info	staff-logger	scenario/viewer.go:83	visit livestream
2026-09-22T09:06:14.121Z	info	staff-logger	scenario/viewer.go:32	basic viewer scenario
2026-09-22T09:06:14.121Z	info	staff-logger	scenario/viewer.go:56	visit top
2026-09-22T09:06:14.121Z	info	staff-logger	scenario/viewer.go:64	get livestream
2026-09-22T09:06:14.121Z	info	staff-logger	scenario/viewer.go:83	visit livestream
2026-09-22T09:06:14.235Z	info	staff-logger	scenario/viewer.go:32	basic viewer scenario
2026-09-22T09:06:14.235Z	info	staff-logger	scenario/viewer.go:56	visit top
2026-09-22T09:06:14.235Z	info	staff-logger	scenario/viewer.go:64	get livestream
2026-09-22T09:06:14.235Z	info	staff-logger	scenario/viewer.go:83	visit livestream
2026-09-22T09:06:14.294Z	info	staff-logger	scenario/viewer.go:90	get livestream stats
2026-09-22T09:06:14.318Z	info	staff-logger	scenario/viewer.go:32	basic viewer scenario
2026-09-22T09:06:14.318Z	info	staff-logger	scenario/viewer.go:56	visit top
2026-09-22T09:06:14.318Z	info	staff-logger	scenario/viewer.go:64	get livestream
2026-09-22T09:06:14.319Z	info	staff-logger	scenario/viewer.go:83	visit livestream
2026-09-22T09:06:14.377Z	info	staff-logger	scenario/viewer.go:32	basic viewer scenario
2026-09-22T09:06:14.377Z	info	staff-logger	scenario/viewer.go:56	visit top
2026-09-22T09:06:14.377Z	info	staff-logger	scenario/viewer.go:64	get livestream
2026-09-22T09:06:14.377Z	info	staff-logger	scenario/viewer.go:83	visit livestream
2026-09-22T09:06:14.409Z	info	staff-logger	scenario/viewer.go:64	get livestream
2026-09-22T09:06:14.409Z	info	staff-logger	scenario/viewer.go:76	visit user profile
2026-09-22T09:06:14.506Z	info	staff-logger	scenario/viewer.go:83	visit livestream
2026-09-22T09:06:14.562Z	info	staff-logger	scenario/viewer.go:32	basic viewer scenario
2026-09-22T09:06:14.562Z	info	staff-logger	scenario/viewer.go:56	visit top
2026-09-22T09:06:14.562Z	info	staff-logger	scenario/viewer.go:64	get livestream
2026-09-22T09:06:14.562Z	info	staff-logger	scenario/viewer.go:83	visit livestream
2026-09-22T09:06:14.562Z	info	staff-logger	scenario/viewer.go:32	basic viewer scenario
2026-09-22T09:06:14.562Z	info	staff-logger	scenario/viewer.go:56	visit top
2026-09-22T09:06:14.562Z	info	staff-logger	scenario/viewer.go:64	get livestream
2026-09-22T09:06:14.562Z	info	staff-logger	scenario/viewer.go:83	visit livestream
2026-09-22T09:06:14.596Z	info	staff-logger	scenario/viewer.go:32	basic viewer scenario
2026-09-22T09:06:14.596Z	info	staff-logger	scenario/viewer.go:56	visit top
2026-09-22T09:06:14.596Z	info	staff-logger	scenario/viewer.go:64	get livestream
2026-09-22T09:06:14.596Z	info	staff-logger	scenario/viewer.go:83	visit livestream
2026-09-22T09:06:14.672Z	info	staff-logger	scenario/viewer.go:32	basic viewer scenario
2026-09-22T09:06:14.672Z	info	staff-logger	scenario/viewer.go:56	visit top
2026-09-22T09:06:14.672Z	info	staff-logger	scenario/viewer.go:64	get livestream
2026-09-22T09:06:14.672Z	info	staff-logger	scenario/viewer.go:83	visit livestream
2026-09-22T09:06:14.690Z	info	staff-logger	scenario/viewer.go:32	basic viewer scenario
2026-09-22T09:06:14.690Z	info	staff-logger	scenario/streamer.go:48	change icon
2026-09-22T09:06:14.690Z	info	staff-logger	scenario/viewer.go:56	visit top
2026-09-22T09:06:14.690Z	info	staff-logger	scenario/viewer.go:64	get livestream
2026-09-22T09:06:14.690Z	info	staff-logger	scenario/viewer.go:83	visit livestream
2026-09-22T09:06:14.700Z	info	staff-logger	scenario/viewer.go:32	basic viewer scenario
2026-09-22T09:06:14.700Z	info	staff-logger	scenario/viewer.go:56	visit top
2026-09-22T09:06:14.700Z	info	staff-logger	scenario/viewer.go:64	get livestream
2026-09-22T09:06:14.700Z	info	staff-logger	scenario/viewer.go:83	visit livestream
2026-09-22T09:06:14.801Z	info	staff-logger	scenario/viewer.go:32	basic viewer scenario
2026-09-22T09:06:14.801Z	info	staff-logger	scenario/viewer.go:56	visit top
2026-09-22T09:06:14.801Z	info	staff-logger	scenario/viewer.go:64	get livestream
2026-09-22T09:06:14.801Z	info	staff-logger	scenario/viewer.go:83	visit livestream
2026-09-22T09:06:14.910Z	info	staff-logger	scenario/viewer.go:32	basic viewer scenario
2026-09-22T09:06:14.910Z	info	staff-logger	scenario/viewer.go:56	visit top
2026-09-22T09:06:14.910Z	info	staff-logger	scenario/viewer.go:64	get livestream
2026-09-22T09:06:14.910Z	info	staff-logger	scenario/viewer.go:83	visit livestream
2026-09-22T09:06:14.915Z	info	staff-logger	scenario/viewer.go:32	basic viewer scenario
2026-09-22T09:06:14.915Z	info	staff-logger	scenario/viewer.go:46	change icon
2026-09-22T09:06:14.930Z	info	staff-logger	scenario/viewer.go:90	get livestream stats
2026-09-22T09:06:14.931Z	info	staff-logger	scenario/streamer.go:48	change icon
2026-09-22T09:06:14.948Z	info	staff-logger	scenario/viewer.go:56	visit top
2026-09-22T09:06:15.050Z	info	staff-logger	scenario/streamer.go:48	change icon
2026-09-22T09:06:15.207Z	warn	staff-logger	scenario/viewer.go:178	viewer_spam: failed to post livecomment (moderated spam): benchmark-application: [一般エラー] POST /api/livestream/7725/livecomment へのリクエストに対して、期待されたHTTPステータスコードが確認できませんでした (expected:400, actual:201)

2026-09-22T09:06:15.214Z	info	staff-logger	scenario/viewer.go:32	basic viewer scenario
2026-09-22T09:06:15.214Z	info	staff-logger	scenario/viewer.go:56	visit top
2026-09-22T09:06:15.214Z	info	staff-logger	scenario/viewer.go:64	get livestream
2026-09-22T09:06:15.214Z	info	staff-logger	scenario/viewer.go:83	visit livestream
2026-09-22T09:06:15.225Z	info	staff-logger	scenario/viewer.go:32	basic viewer scenario
2026-09-22T09:06:15.225Z	info	staff-logger	scenario/viewer.go:56	visit top
2026-09-22T09:06:15.225Z	info	staff-logger	scenario/viewer.go:64	get livestream
2026-09-22T09:06:15.225Z	info	staff-logger	scenario/viewer.go:83	visit livestream
2026-09-22T09:06:15.226Z	info	staff-logger	scenario/viewer.go:32	basic viewer scenario
2026-09-22T09:06:15.226Z	info	staff-logger	scenario/viewer.go:56	visit top
2026-09-22T09:06:15.313Z	info	staff-logger	scenario/viewer.go:32	basic viewer scenario
2026-09-22T09:06:15.313Z	info	staff-logger	scenario/viewer.go:56	visit top
2026-09-22T09:06:15.313Z	info	staff-logger	scenario/viewer.go:64	get livestream
2026-09-22T09:06:15.313Z	info	staff-logger	scenario/viewer.go:83	visit livestream
2026-09-22T09:06:15.407Z	info	staff-logger	scenario/viewer.go:32	basic viewer scenario
2026-09-22T09:06:15.407Z	info	staff-logger	scenario/viewer.go:56	visit top
2026-09-22T09:06:15.407Z	info	staff-logger	scenario/viewer.go:64	get livestream
2026-09-22T09:06:15.407Z	info	staff-logger	scenario/viewer.go:83	visit livestream
2026-09-22T09:06:15.445Z	info	staff-logger	scenario/viewer.go:32	basic viewer scenario
2026-09-22T09:06:15.445Z	info	staff-logger	scenario/viewer.go:56	visit top
2026-09-22T09:06:15.445Z	info	staff-logger	scenario/viewer.go:64	get livestream
2026-09-22T09:06:15.445Z	info	staff-logger	scenario/viewer.go:83	visit livestream
2026-09-22T09:06:15.476Z	info	staff-logger	scenario/streamer.go:48	change icon
2026-09-22T09:06:15.484Z	info	staff-logger	scenario/viewer.go:32	basic viewer scenario
2026-09-22T09:06:15.484Z	info	staff-logger	scenario/viewer.go:56	visit top
2026-09-22T09:06:15.484Z	info	staff-logger	scenario/viewer.go:64	get livestream
2026-09-22T09:06:15.484Z	info	staff-logger	scenario/viewer.go:83	visit livestream
2026-09-22T09:06:15.506Z	info	staff-logger	scenario/viewer.go:90	get livestream stats
2026-09-22T09:06:15.560Z	info	staff-logger	scenario/viewer.go:32	basic viewer scenario
2026-09-22T09:06:15.560Z	info	staff-logger	scenario/viewer.go:56	visit top
2026-09-22T09:06:15.560Z	info	staff-logger	scenario/viewer.go:64	get livestream
2026-09-22T09:06:15.560Z	info	staff-logger	scenario/viewer.go:83	visit livestream
2026-09-22T09:06:15.735Z	info	staff-logger	scenario/viewer.go:32	basic viewer scenario
2026-09-22T09:06:15.735Z	info	staff-logger	scenario/viewer.go:56	visit top
2026-09-22T09:06:15.735Z	info	staff-logger	scenario/viewer.go:64	get livestream
2026-09-22T09:06:15.735Z	info	staff-logger	scenario/viewer.go:83	visit livestream
2026-09-22T09:06:15.741Z	warn	staff-logger	scenario/viewer.go:178	viewer_spam: failed to post livecomment (moderated spam): benchmark-application: [一般エラー] POST /api/livestream/7942/livecomment へのリクエストに対して、期待されたHTTPステータスコードが確認できませんでした (expected:400, actual:201)

2026-09-22T09:06:15.748Z	info	staff-logger	scenario/viewer.go:32	basic viewer scenario
2026-09-22T09:06:15.748Z	info	staff-logger	scenario/viewer.go:56	visit top
2026-09-22T09:06:15.748Z	info	staff-logger	scenario/viewer.go:64	get livestream
2026-09-22T09:06:15.748Z	info	staff-logger	scenario/viewer.go:83	visit livestream
2026-09-22T09:06:15.774Z	info	staff-logger	scenario/viewer.go:64	get livestream
2026-09-22T09:06:15.774Z	info	staff-logger	scenario/viewer.go:76	visit user profile
2026-09-22T09:06:15.824Z	info	staff-logger	scenario/streamer.go:48	change icon
2026-09-22T09:06:15.872Z	info	staff-logger	scenario/viewer.go:83	visit livestream
2026-09-22T09:06:15.943Z	info	staff-logger	scenario/viewer.go:32	basic viewer scenario
2026-09-22T09:06:15.943Z	info	staff-logger	scenario/viewer.go:56	visit top
2026-09-22T09:06:15.943Z	info	staff-logger	scenario/viewer.go:64	get livestream
2026-09-22T09:06:15.943Z	info	staff-logger	scenario/viewer.go:83	visit livestream
2026-09-22T09:06:15.965Z	info	staff-logger	scenario/streamer.go:48	change icon
2026-09-22T09:06:16.051Z	info	staff-logger	scenario/viewer.go:32	basic viewer scenario
2026-09-22T09:06:16.051Z	info	staff-logger	scenario/viewer.go:56	visit top
2026-09-22T09:06:16.051Z	info	staff-logger	scenario/viewer.go:64	get livestream
2026-09-22T09:06:16.051Z	info	staff-logger	scenario/viewer.go:83	visit livestream
2026-09-22T09:06:16.093Z	info	staff-logger	scenario/viewer.go:64	get livestream
2026-09-22T09:06:16.093Z	info	staff-logger	scenario/viewer.go:76	visit user profile
2026-09-22T09:06:16.164Z	info	staff-logger	scenario/viewer.go:32	basic viewer scenario
2026-09-22T09:06:16.164Z	info	staff-logger	scenario/viewer.go:56	visit top
2026-09-22T09:06:16.164Z	info	staff-logger	scenario/viewer.go:64	get livestream
2026-09-22T09:06:16.164Z	info	staff-logger	scenario/viewer.go:83	visit livestream
2026-09-22T09:06:16.186Z	warn	staff-logger	scenario/viewer.go:178	viewer_spam: failed to post livecomment (moderated spam): benchmark-application: [一般エラー] POST /api/livestream/8213/livecomment へのリクエストに対して、期待されたHTTPステータスコードが確認できませんでした (expected:400, actual:201)

2026-09-22T09:06:16.199Z	info	staff-logger	scenario/viewer.go:83	visit livestream
2026-09-22T09:06:16.234Z	info	staff-logger	scenario/viewer.go:32	basic viewer scenario
2026-09-22T09:06:16.234Z	info	staff-logger	scenario/viewer.go:56	visit top
2026-09-22T09:06:16.234Z	info	staff-logger	scenario/viewer.go:64	get livestream
2026-09-22T09:06:16.234Z	info	staff-logger	scenario/viewer.go:83	visit livestream
2026-09-22T09:06:16.248Z	info	staff-logger	scenario/streamer.go:48	change icon
2026-09-22T09:06:16.264Z	info	staff-logger	scenario/viewer.go:32	basic viewer scenario
2026-09-22T09:06:16.264Z	info	staff-logger	scenario/viewer.go:56	visit top
2026-09-22T09:06:16.264Z	info	staff-logger	scenario/viewer.go:64	get livestream
2026-09-22T09:06:16.264Z	info	staff-logger	scenario/viewer.go:83	visit livestream
2026-09-22T09:06:16.335Z	info	staff-logger	scenario/viewer.go:32	basic viewer scenario
2026-09-22T09:06:16.336Z	info	staff-logger	scenario/viewer.go:56	visit top
2026-09-22T09:06:16.336Z	info	staff-logger	scenario/viewer.go:64	get livestream
2026-09-22T09:06:16.336Z	info	staff-logger	scenario/viewer.go:83	visit livestream
2026-09-22T09:06:16.375Z	info	staff-logger	scenario/viewer.go:90	get livestream stats
2026-09-22T09:06:16.377Z	info	staff-logger	scenario/viewer.go:32	basic viewer scenario
2026-09-22T09:06:16.377Z	info	staff-logger	scenario/viewer.go:56	visit top
2026-09-22T09:06:16.377Z	info	staff-logger	scenario/viewer.go:64	get livestream
2026-09-22T09:06:16.377Z	info	staff-logger	scenario/viewer.go:83	visit livestream
2026-09-22T09:06:16.411Z	info	staff-logger	scenario/viewer.go:32	basic viewer scenario
2026-09-22T09:06:16.411Z	info	staff-logger	scenario/viewer.go:56	visit top
2026-09-22T09:06:16.411Z	info	staff-logger	scenario/viewer.go:64	get livestream
2026-09-22T09:06:16.411Z	info	staff-logger	scenario/viewer.go:83	visit livestream
2026-09-22T09:06:16.494Z	info	staff-logger	scenario/viewer.go:32	basic viewer scenario
2026-09-22T09:06:16.494Z	info	staff-logger	scenario/viewer.go:56	visit top
2026-09-22T09:06:16.494Z	info	staff-logger	scenario/viewer.go:64	get livestream
2026-09-22T09:06:16.494Z	info	staff-logger	scenario/viewer.go:83	visit livestream
2026-09-22T09:06:16.547Z	info	staff-logger	scenario/viewer.go:32	basic viewer scenario
2026-09-22T09:06:16.547Z	info	staff-logger	scenario/viewer.go:56	visit top
2026-09-22T09:06:16.547Z	info	staff-logger	scenario/viewer.go:64	get livestream
2026-09-22T09:06:16.547Z	info	staff-logger	scenario/viewer.go:83	visit livestream
2026-09-22T09:06:16.606Z	info	staff-logger	scenario/viewer.go:32	basic viewer scenario
2026-09-22T09:06:16.606Z	info	staff-logger	scenario/viewer.go:56	visit top
2026-09-22T09:06:16.607Z	info	staff-logger	scenario/viewer.go:64	get livestream
2026-09-22T09:06:16.607Z	info	staff-logger	scenario/viewer.go:83	visit livestream
2026-09-22T09:06:16.608Z	info	staff-logger	scenario/viewer.go:32	basic viewer scenario
2026-09-22T09:06:16.608Z	info	staff-logger	scenario/viewer.go:56	visit top
2026-09-22T09:06:16.608Z	info	staff-logger	scenario/viewer.go:64	get livestream
2026-09-22T09:06:16.608Z	info	staff-logger	scenario/viewer.go:83	visit livestream
2026-09-22T09:06:16.642Z	info	staff-logger	scenario/viewer.go:90	get livestream stats
2026-09-22T09:06:16.764Z	warn	staff-logger	scenario/viewer.go:178	viewer_spam: failed to post livecomment (moderated spam): benchmark-application: [一般エラー] POST /api/livestream/8072/livecomment へのリクエストに対して、期待されたHTTPステータスコードが確認できませんでした (expected:400, actual:201)

2026-09-22T09:06:16.865Z	warn	staff-logger	scenario/viewer.go:178	viewer_spam: failed to post livecomment (moderated spam): benchmark-application: [一般エラー] POST /api/livestream/7668/livecomment へのリクエストに対して、期待されたHTTPステータスコードが確認できませんでした (expected:400, actual:201)

2026-09-22T09:06:16.892Z	info	staff-logger	scenario/viewer.go:32	basic viewer scenario
2026-09-22T09:06:16.892Z	info	staff-logger	scenario/viewer.go:56	visit top
2026-09-22T09:06:16.892Z	info	staff-logger	scenario/viewer.go:64	get livestream
2026-09-22T09:06:16.892Z	info	staff-logger	scenario/viewer.go:83	visit livestream
2026-09-22T09:06:16.909Z	warn	staff-logger	scenario/viewer.go:178	viewer_spam: failed to post livecomment (moderated spam): benchmark-application: [一般エラー] POST /api/livestream/8402/livecomment へのリクエストに対して、期待されたHTTPステータスコードが確認できませんでした (expected:400, actual:201)

2026-09-22T09:06:17.027Z	info	staff-logger	scenario/streamer.go:48	change icon
2026-09-22T09:06:17.092Z	info	staff-logger	scenario/viewer.go:32	basic viewer scenario
2026-09-22T09:06:17.092Z	info	staff-logger	scenario/viewer.go:56	visit top
2026-09-22T09:06:17.092Z	info	staff-logger	scenario/viewer.go:64	get livestream
2026-09-22T09:06:17.092Z	info	staff-logger	scenario/viewer.go:83	visit livestream
2026-09-22T09:06:17.133Z	info	staff-logger	scenario/viewer.go:32	basic viewer scenario
2026-09-22T09:06:17.133Z	info	staff-logger	scenario/viewer.go:56	visit top
2026-09-22T09:06:17.133Z	info	staff-logger	scenario/viewer.go:64	get livestream
2026-09-22T09:06:17.133Z	info	staff-logger	scenario/viewer.go:83	visit livestream
2026-09-22T09:06:17.140Z	info	staff-logger	scenario/viewer.go:32	basic viewer scenario
2026-09-22T09:06:17.140Z	info	staff-logger	scenario/viewer.go:56	visit top
2026-09-22T09:06:17.141Z	info	staff-logger	scenario/viewer.go:64	get livestream
2026-09-22T09:06:17.141Z	info	staff-logger	scenario/viewer.go:83	visit livestream
2026-09-22T09:06:17.146Z	info	staff-logger	scenario/viewer.go:90	get livestream stats
2026-09-22T09:06:17.159Z	info	staff-logger	scenario/viewer.go:32	basic viewer scenario
2026-09-22T09:06:17.159Z	info	staff-logger	scenario/viewer.go:56	visit top
2026-09-22T09:06:17.159Z	info	staff-logger	scenario/viewer.go:64	get livestream
2026-09-22T09:06:17.159Z	info	staff-logger	scenario/viewer.go:83	visit livestream
2026-09-22T09:06:17.191Z	info	staff-logger	scenario/viewer.go:32	basic viewer scenario
2026-09-22T09:06:17.191Z	info	staff-logger	scenario/viewer.go:56	visit top
2026-09-22T09:06:17.191Z	info	staff-logger	scenario/viewer.go:64	get livestream
2026-09-22T09:06:17.191Z	info	staff-logger	scenario/viewer.go:83	visit livestream
2026-09-22T09:06:17.298Z	info	staff-logger	scenario/viewer.go:32	basic viewer scenario
2026-09-22T09:06:17.298Z	info	staff-logger	scenario/viewer.go:56	visit top
2026-09-22T09:06:17.298Z	info	staff-logger	scenario/viewer.go:64	get livestream
2026-09-22T09:06:17.298Z	info	staff-logger	scenario/viewer.go:83	visit livestream
2026-09-22T09:06:17.374Z	info	staff-logger	scenario/viewer.go:32	basic viewer scenario
2026-09-22T09:06:17.374Z	info	staff-logger	scenario/viewer.go:56	visit top
2026-09-22T09:06:17.374Z	info	staff-logger	scenario/viewer.go:64	get livestream
2026-09-22T09:06:17.374Z	info	staff-logger	scenario/viewer.go:83	visit livestream
2026-09-22T09:06:17.422Z	info	staff-logger	scenario/viewer.go:32	basic viewer scenario
2026-09-22T09:06:17.422Z	info	staff-logger	scenario/viewer.go:56	visit top
2026-09-22T09:06:17.422Z	info	staff-logger	scenario/viewer.go:64	get livestream
2026-09-22T09:06:17.422Z	info	staff-logger	scenario/viewer.go:83	visit livestream
2026-09-22T09:06:17.458Z	info	isupipe-benchmarker	ベンチマーク走行を停止します
2026-09-22T09:06:17.459Z	warn	isupipe-benchmarker	ライブコメントを配信に投稿できないため、視聴者が離脱します	{"viewer": "momokomatsuda0", "livestream_id": 7525, "error": "ベンチマーク走行が継続できないエラーが発生しました"}
2026-09-22T09:06:17.460Z	warn	isupipe-benchmarker	ライブコメントを配信に投稿できないため、視聴者が離脱します	{"viewer": "mituru181", "livestream_id": 7954, "error": "ベンチマーク走行が継続できないエラーが発生しました"}
2026-09-22T09:06:17.460Z	warn	isupipe-benchmarker	ライブコメントを配信に投稿できないため、視聴者が離脱します	{"viewer": "hkato0", "livestream_id": 7948, "error": "ベンチマーク走行が継続できないエラーが発生しました"}
2026-09-22T09:06:17.459Z	warn	staff-logger	scenario/viewer.go:85	view: failed to visit livestream: ベンチマーク走行が継続できないエラーが発生しました

2026-09-22T09:06:17.459Z	warn	staff-logger	scenario/viewer.go:134	view: failed to post reactions: ベンチマーク走行が継続できないエラーが発生しました

2026-09-22T09:06:17.459Z	warn	staff-logger	scenario/viewer.go:101	view: failed to get livecomments: ベンチマーク走行が継続できないエラーが発生しました

2026-09-22T09:06:17.459Z	warn	staff-logger	scenario/viewer.go:101	view: failed to get livecomments: ベンチマーク走行が継続できないエラーが発生しました

2026-09-22T09:06:17.460Z	warn	staff-logger	scenario/viewer.go:126	view: failed to get reactions: ベンチマーク走行が継続できないエラーが発生しました

2026-09-22T09:06:17.460Z	warn	staff-logger	scenario/viewer.go:101	view: failed to get livecomments: ベンチマーク走行が継続できないエラーが発生しました

2026-09-22T09:06:17.460Z	warn	staff-logger	scenario/streamer.go:204	aggressive streamer moderate: failed to moderate: ベンチマーク走行が継続できないエラーが発生しました

2026-09-22T09:06:17.460Z	warn	staff-logger	scenario/streamer.go:76	reserve: failed to get random livestream tags: ベンチマーク走行が継続できないエラーが発生しました

2026-09-22T09:06:17.460Z	warn	staff-logger	scenario/viewer.go:121	view: failed to post livecomment: ベンチマーク走行が継続できないエラーが発生しました

2026-09-22T09:06:17.460Z	warn	staff-logger	scenario/viewer.go:134	view: failed to post reactions: ベンチマーク走行が継続できないエラーが発生しました

2026-09-22T09:06:17.460Z	warn	staff-logger	scenario/viewer.go:101	view: failed to get livecomments: ベンチマーク走行が継続できないエラーが発生しました

2026-09-22T09:06:17.460Z	warn	staff-logger	scenario/viewer.go:101	view: failed to get livecomments: ベンチマーク走行が継続できないエラーが発生しました

2026-09-22T09:06:17.460Z	warn	staff-logger	scenario/viewer.go:101	view: failed to get livecomments: ベンチマーク走行が継続できないエラーが発生しました

2026-09-22T09:06:17.460Z	warn	staff-logger	scenario/viewer.go:101	view: failed to get livecomments: ベンチマーク走行が継続できないエラーが発生しました

2026-09-22T09:06:17.460Z	warn	staff-logger	scenario/viewer.go:101	view: failed to get livecomments: ベンチマーク走行が継続できないエラーが発生しました

2026-09-22T09:06:17.460Z	warn	staff-logger	scenario/viewer.go:101	view: failed to get livecomments: ベンチマーク走行が継続できないエラーが発生しました

2026-09-22T09:06:17.460Z	warn	staff-logger	scenario/viewer.go:101	view: failed to get livecomments: ベンチマーク走行が継続できないエラーが発生しました

2026-09-22T09:06:17.460Z	warn	staff-logger	scenario/viewer.go:184	viewer_spam: failed to post livecomment (non-moderated spam): ベンチマーク走行が継続できないエラーが発生しました

2026-09-22T09:06:17.460Z	warn	staff-logger	scenario/streamer.go:130	streamer_moderate: failed to get my livestream: ベンチマーク走行が継続できないエラーが発生しました

2026-09-22T09:06:17.460Z	warn	staff-logger	scenario/viewer.go:101	view: failed to get livecomments: ベンチマーク走行が継続できないエラーが発生しました

2026-09-22T09:06:17.460Z	warn	staff-logger	scenario/viewer.go:142	view: failed to leave from livestream: ベンチマーク走行が継続できないエラーが発生しました

2026-09-22T09:06:17.460Z	warn	staff-logger	scenario/viewer.go:101	view: failed to get livecomments: ベンチマーク走行が継続できないエラーが発生しました

2026-09-22T09:06:17.461Z	warn	staff-logger	scenario/viewer.go:101	view: failed to get livecomments: ベンチマーク走行が継続できないエラーが発生しました

2026-09-22T09:06:17.461Z	warn	staff-logger	scenario/viewer.go:101	view: failed to get livecomments: ベンチマーク走行が継続できないエラーが発生しました

2026-09-22T09:06:17.461Z	warn	staff-logger	scenario/viewer.go:101	view: failed to get livecomments: ベンチマーク走行が継続できないエラーが発生しました

2026-09-22T09:06:17.460Z	warn	staff-logger	scenario/viewer.go:142	view: failed to leave from livestream: ベンチマーク走行が継続できないエラーが発生しました

2026-09-22T09:06:17.460Z	warn	staff-logger	scenario/viewer.go:101	view: failed to get livecomments: benchmark-application: [一般エラー] GET /api/livestream/8054/livecomment へのリクエストに対して、レスポンスボディの形式が不正です: context deadline exceeded

2026-09-22T09:06:17.461Z	warn	staff-logger	scenario/viewer.go:101	view: failed to get livecomments: ベンチマーク走行が継続できないエラーが発生しました

2026-09-22T09:06:17.460Z	warn	staff-logger	scenario/viewer.go:101	view: failed to get livecomments: ベンチマーク走行が継続できないエラーが発生しました

2026-09-22T09:06:17.461Z	warn	staff-logger	scenario/viewer.go:142	view: failed to leave from livestream: ベンチマーク走行が継続できないエラーが発生しました

2026-09-22T09:06:17.461Z	warn	staff-logger	scenario/viewer.go:101	view: failed to get livecomments: ベンチマーク走行が継続できないエラーが発生しました

2026-09-22T09:06:17.461Z	warn	staff-logger	scenario/viewer.go:101	view: failed to get livecomments: ベンチマーク走行が継続できないエラーが発生しました

2026-09-22T09:06:17.460Z	warn	staff-logger	scenario/viewer.go:134	view: failed to post reactions: ベンチマーク走行が継続できないエラーが発生しました

2026-09-22T09:06:17.461Z	warn	staff-logger	scenario/viewer.go:101	view: failed to get livecomments: ベンチマーク走行が継続できないエラーが発生しました

2026-09-22T09:06:17.461Z	warn	staff-logger	scenario/viewer.go:101	view: failed to get livecomments: ベンチマーク走行が継続できないエラーが発生しました

2026-09-22T09:06:17.461Z	warn	staff-logger	scenario/viewer.go:101	view: failed to get livecomments: ベンチマーク走行が継続できないエラーが発生しました

2026-09-22T09:06:17.461Z	warn	staff-logger	scenario/viewer.go:101	view: failed to get livecomments: ベンチマーク走行が継続できないエラーが発生しました

2026-09-22T09:06:17.459Z	warn	staff-logger	scenario/viewer.go:121	view: failed to post livecomment: ベンチマーク走行が継続できないエラーが発生しました

2026-09-22T09:06:17.460Z	warn	staff-logger	scenario/streamer.go:192	aggressive streamer moderate: failed to get my livestream: ベンチマーク走行が継続できないエラーが発生しました

2026-09-22T09:06:17.461Z	warn	staff-logger	scenario/viewer.go:101	view: failed to get livecomments: ベンチマーク走行が継続できないエラーが発生しました

2026-09-22T09:06:17.461Z	warn	staff-logger	scenario/viewer.go:101	view: failed to get livecomments: ベンチマーク走行が継続できないエラーが発生しました

2026-09-22T09:06:17.461Z	warn	staff-logger	scenario/viewer.go:101	view: failed to get livecomments: ベンチマーク走行が継続できないエラーが発生しました

2026-09-22T09:06:17.461Z	warn	staff-logger	scenario/viewer.go:142	view: failed to leave from livestream: ベンチマーク走行が継続できないエラーが発生しました

2026-09-22T09:06:17.461Z	warn	staff-logger	scenario/viewer.go:101	view: failed to get livecomments: ベンチマーク走行が継続できないエラーが発生しました

2026-09-22T09:06:17.461Z	warn	staff-logger	scenario/viewer.go:101	view: failed to get livecomments: ベンチマーク走行が継続できないエラーが発生しました

2026-09-22T09:06:17.461Z	warn	staff-logger	scenario/viewer.go:101	view: failed to get livecomments: ベンチマーク走行が継続できないエラーが発生しました

2026-09-22T09:06:17.461Z	warn	staff-logger	scenario/viewer.go:101	view: failed to get livecomments: ベンチマーク走行が継続できないエラーが発生しました

2026-09-22T09:06:17.461Z	warn	staff-logger	scenario/viewer.go:142	view: failed to leave from livestream: ベンチマーク走行が継続できないエラーが発生しました

2026-09-22T09:06:17.461Z	warn	staff-logger	scenario/viewer.go:101	view: failed to get livecomments: ベンチマーク走行が継続できないエラーが発生しました

2026-09-22T09:06:17.461Z	warn	staff-logger	scenario/viewer.go:101	view: failed to get livecomments: ベンチマーク走行が継続できないエラーが発生しました

2026-09-22T09:06:17.460Z	warn	staff-logger	scenario/viewer.go:121	view: failed to post livecomment: ベンチマーク走行が継続できないエラーが発生しました

2026-09-22T09:06:17.461Z	warn	staff-logger	scenario/viewer.go:101	view: failed to get livecomments: ベンチマーク走行が継続できないエラーが発生しました

2026-09-22T09:06:17.461Z	warn	staff-logger	scenario/viewer.go:101	view: failed to get livecomments: ベンチマーク走行が継続できないエラーが発生しました

2026-09-22T09:06:17.461Z	warn	staff-logger	scenario/viewer.go:101	view: failed to get livecomments: ベンチマーク走行が継続できないエラーが発生しました

2026-09-22T09:06:17.461Z	warn	staff-logger	scenario/viewer.go:101	view: failed to get livecomments: ベンチマーク走行が継続できないエラーが発生しました

2026-09-22T09:06:17.461Z	warn	staff-logger	scenario/viewer.go:101	view: failed to get livecomments: ベンチマーク走行が継続できないエラーが発生しました

2026-09-22T09:06:17.461Z	warn	staff-logger	scenario/viewer.go:142	view: failed to leave from livestream: ベンチマーク走行が継続できないエラーが発生しました

2026-09-22T09:06:18.223Z	info	isupipe-benchmarker	ベンチマーク走行終了
2026-09-22T09:06:18.223Z	info	isupipe-benchmarker	最終チェックを実施します
2026-09-22T09:06:18.223Z	info	isupipe-benchmarker	最終チェックが成功しました
2026-09-22T09:06:18.223Z	info	isupipe-benchmarker	重複排除したログを以下に出力します
2026-09-22T09:06:18.223Z	info	staff-logger	bench/bench.go:260	ベンチマーク走行時間: 1m0.764194632s
2026-09-22T09:06:18.223Z	info	staff-logger	bench/bench.go:277	ベンチエラーを収集します
2026-09-22T09:06:18.223Z	info	isupipe-benchmarker	配信を最後まで視聴できた視聴者数	{"viewers": 789}
2026-09-22T09:06:18.223Z	info	staff-logger	bench/bench.go:285	内部エラーを収集します
2026-09-22T09:06:18.223Z	info	staff-logger	bench/bench.go:301	シナリオカウンタを出力します
2026-09-22T09:06:18.223Z	info	staff-logger	bench/bench.go:323	[シナリオ aggressive-streamer-moderate] 3492 回成功
2026-09-22T09:06:18.223Z	info	staff-logger	bench/bench.go:323	[シナリオ dns-watertorture-attack] 1790 回成功
2026-09-22T09:06:18.223Z	info	staff-logger	bench/bench.go:323	[シナリオ streamer-cold-reserve] 1118 回成功
2026-09-22T09:06:18.223Z	info	staff-logger	bench/bench.go:323	[シナリオ streamer-moderate] 1989 回成功
2026-09-22T09:06:18.223Z	info	staff-logger	bench/bench.go:323	[シナリオ viewer-report] 58 回成功, 1 回失敗
2026-09-22T09:06:18.223Z	info	staff-logger	bench/bench.go:323	[シナリオ viewer-spam] 3420 回成功, 73 回失敗
2026-09-22T09:06:18.223Z	info	staff-logger	bench/bench.go:323	[シナリオ viewer] 789 回成功
2026-09-22T09:06:18.223Z	info	staff-logger	bench/bench.go:323	[失敗シナリオ viewer-report-fail] 1 回失敗
2026-09-22T09:06:18.223Z	info	staff-logger	bench/bench.go:323	[失敗シナリオ viewer-spam-fail] 73 回失敗
2026-09-22T09:06:18.223Z	info	staff-logger	bench/bench.go:329	DNSAttacker並列数: 15
2026-09-22T09:06:18.223Z	info	staff-logger	bench/bench.go:330	名前解決成功数: 172493
2026-09-22T09:06:18.223Z	info	staff-logger	bench/bench.go:331	名前解決失敗数: 0
2026-09-22T09:06:18.223Z	info	staff-logger	bench/bench.go:335	スコア: 154773
