sudo: unable to resolve host ip-10-100-0-186: Name or service not known
sudo: unable to resolve host ip-10-100-0-186: Name or service not known
2026-09-22T08:55:59.147Z	info	isupipe-benchmarker	SSL接続が有効になっています
2026-09-22T08:55:59.147Z	info	isupipe-benchmarker	静的ファイルチェックを行います
2026-09-22T08:55:59.147Z	info	isupipe-benchmarker	静的ファイルチェックが完了しました
2026-09-22T08:55:59.147Z	info	isupipe-benchmarker	webappの初期化を行います
2026-09-22T08:55:59.147Z	info	staff-logger	bench/bench.go:172	SSL接続が有効になっています
2026-09-22T08:55:59.147Z	info	staff-logger	bench/bench.go:193	webapp: https://pipe.u.isucon.local:443
2026-09-22T08:55:59.147Z	info	staff-logger	bench/bench.go:194	nameserver: 10.100.0.155:53
2026-09-22T08:56:01.863Z	info	isupipe-benchmarker	ベンチマーク走行前のデータ整合性チェックを行います
2026-09-22T08:56:07.019Z	info	isupipe-benchmarker	整合性チェックが成功しました
2026-09-22T08:56:07.019Z	info	isupipe-benchmarker	ベンチマーク走行を開始します
2026-09-22T08:56:07.029Z	info	staff-logger	scenario/viewer.go:32	basic viewer scenario
2026-09-22T08:56:07.029Z	info	staff-logger	scenario/viewer.go:32	basic viewer scenario
2026-09-22T08:56:07.029Z	info	staff-logger	scenario/viewer.go:32	basic viewer scenario
2026-09-22T08:56:07.030Z	info	staff-logger	scenario/viewer.go:32	basic viewer scenario
2026-09-22T08:56:07.030Z	info	staff-logger	scenario/viewer.go:32	basic viewer scenario
2026-09-22T08:56:07.030Z	info	staff-logger	scenario/viewer.go:32	basic viewer scenario
2026-09-22T08:56:07.030Z	info	staff-logger	scenario/viewer.go:32	basic viewer scenario
2026-09-22T08:56:07.030Z	info	staff-logger	scenario/viewer.go:32	basic viewer scenario
2026-09-22T08:56:07.030Z	info	staff-logger	scenario/viewer.go:32	basic viewer scenario
2026-09-22T08:56:07.030Z	info	staff-logger	scenario/viewer.go:32	basic viewer scenario
2026-09-22T08:56:07.186Z	info	staff-logger	scenario/viewer.go:56	visit top
2026-09-22T08:56:07.186Z	info	staff-logger	scenario/viewer.go:64	get livestream
2026-09-22T08:56:07.283Z	info	staff-logger	scenario/viewer.go:83	visit livestream
2026-09-22T08:56:07.297Z	info	staff-logger	scenario/streamer.go:48	change icon
2026-09-22T08:56:07.514Z	info	staff-logger	scenario/viewer.go:56	visit top
2026-09-22T08:56:07.514Z	info	staff-logger	scenario/viewer.go:64	get livestream
2026-09-22T08:56:07.514Z	info	staff-logger	scenario/viewer.go:83	visit livestream
2026-09-22T08:56:07.526Z	info	staff-logger	scenario/viewer.go:56	visit top
2026-09-22T08:56:07.526Z	info	staff-logger	scenario/viewer.go:64	get livestream
2026-09-22T08:56:07.526Z	info	staff-logger	scenario/viewer.go:83	visit livestream
2026-09-22T08:56:07.526Z	info	staff-logger	scenario/viewer.go:32	basic viewer scenario
2026-09-22T08:56:07.558Z	info	staff-logger	scenario/viewer.go:46	change icon
2026-09-22T08:56:07.561Z	info	staff-logger	scenario/viewer.go:32	basic viewer scenario
2026-09-22T08:56:07.562Z	info	staff-logger	scenario/viewer.go:56	visit top
2026-09-22T08:56:07.613Z	info	staff-logger	scenario/viewer.go:56	visit top
2026-09-22T08:56:07.731Z	info	staff-logger	scenario/viewer.go:56	visit top
2026-09-22T08:56:07.731Z	info	staff-logger	scenario/viewer.go:64	get livestream
2026-09-22T08:56:07.731Z	info	staff-logger	scenario/viewer.go:83	visit livestream
2026-09-22T08:56:07.877Z	info	staff-logger	scenario/viewer.go:56	visit top
2026-09-22T08:56:07.877Z	info	staff-logger	scenario/viewer.go:32	basic viewer scenario
2026-09-22T08:56:07.908Z	info	staff-logger	scenario/streamer.go:48	change icon
2026-09-22T08:56:07.935Z	info	staff-logger	scenario/viewer.go:64	get livestream
2026-09-22T08:56:07.935Z	info	staff-logger	scenario/viewer.go:76	visit user profile
2026-09-22T08:56:07.965Z	info	staff-logger	scenario/viewer.go:64	get livestream
2026-09-22T08:56:07.965Z	info	staff-logger	scenario/viewer.go:76	visit user profile
2026-09-22T08:56:07.992Z	info	staff-logger	scenario/viewer.go:56	visit top
2026-09-22T08:56:07.992Z	info	staff-logger	scenario/viewer.go:64	get livestream
2026-09-22T08:56:07.992Z	info	staff-logger	scenario/viewer.go:83	visit livestream
2026-09-22T08:56:08.027Z	info	staff-logger	scenario/viewer.go:83	visit livestream
2026-09-22T08:56:08.059Z	info	staff-logger	scenario/viewer.go:56	visit top
2026-09-22T08:56:08.059Z	info	staff-logger	scenario/viewer.go:64	get livestream
2026-09-22T08:56:08.059Z	info	staff-logger	scenario/viewer.go:83	visit livestream
2026-09-22T08:56:08.059Z	info	staff-logger	scenario/viewer.go:32	basic viewer scenario
2026-09-22T08:56:08.089Z	info	staff-logger	scenario/viewer.go:83	visit livestream
2026-09-22T08:56:08.162Z	info	staff-logger	scenario/viewer.go:56	visit top
2026-09-22T08:56:08.162Z	info	staff-logger	scenario/viewer.go:64	get livestream
2026-09-22T08:56:08.162Z	info	staff-logger	scenario/viewer.go:83	visit livestream
2026-09-22T08:56:08.162Z	info	staff-logger	scenario/viewer.go:32	basic viewer scenario
2026-09-22T08:56:08.244Z	info	staff-logger	scenario/viewer.go:56	visit top
2026-09-22T08:56:08.244Z	info	staff-logger	scenario/viewer.go:64	get livestream
2026-09-22T08:56:08.244Z	info	staff-logger	scenario/viewer.go:83	visit livestream
2026-09-22T08:56:08.265Z	info	staff-logger	scenario/viewer.go:64	get livestream
2026-09-22T08:56:08.265Z	info	staff-logger	scenario/viewer.go:76	visit user profile
2026-09-22T08:56:08.405Z	info	staff-logger	scenario/viewer.go:83	visit livestream
2026-09-22T08:56:08.417Z	info	staff-logger	scenario/viewer.go:56	visit top
2026-09-22T08:56:08.417Z	info	staff-logger	scenario/viewer.go:64	get livestream
2026-09-22T08:56:08.417Z	info	staff-logger	scenario/viewer.go:83	visit livestream
2026-09-22T08:56:08.417Z	info	staff-logger	scenario/viewer.go:32	basic viewer scenario
2026-09-22T08:56:08.464Z	info	staff-logger	scenario/viewer.go:56	visit top
2026-09-22T08:56:08.464Z	info	staff-logger	scenario/viewer.go:64	get livestream
2026-09-22T08:56:08.464Z	info	staff-logger	scenario/viewer.go:83	visit livestream
2026-09-22T08:56:08.529Z	info	staff-logger	scenario/viewer.go:32	basic viewer scenario
2026-09-22T08:56:08.534Z	info	staff-logger	scenario/viewer.go:56	visit top
2026-09-22T08:56:08.534Z	info	staff-logger	scenario/viewer.go:64	get livestream
2026-09-22T08:56:08.534Z	info	staff-logger	scenario/viewer.go:83	visit livestream
2026-09-22T08:56:08.696Z	info	staff-logger	scenario/viewer.go:56	visit top
2026-09-22T08:56:08.743Z	info	staff-logger	scenario/viewer.go:32	basic viewer scenario
2026-09-22T08:56:08.756Z	info	staff-logger	scenario/viewer.go:56	visit top
2026-09-22T08:56:08.756Z	info	staff-logger	scenario/viewer.go:64	get livestream
2026-09-22T08:56:08.756Z	info	staff-logger	scenario/viewer.go:83	visit livestream
2026-09-22T08:56:08.756Z	info	staff-logger	scenario/viewer.go:32	basic viewer scenario
2026-09-22T08:56:08.787Z	info	staff-logger	scenario/viewer.go:56	visit top
2026-09-22T08:56:08.787Z	info	staff-logger	scenario/viewer.go:64	get livestream
2026-09-22T08:56:08.787Z	info	staff-logger	scenario/viewer.go:83	visit livestream
2026-09-22T08:56:08.880Z	info	staff-logger	scenario/viewer.go:56	visit top
2026-09-22T08:56:08.880Z	info	staff-logger	scenario/viewer.go:64	get livestream
2026-09-22T08:56:08.880Z	info	staff-logger	scenario/viewer.go:83	visit livestream
2026-09-22T08:56:08.889Z	info	staff-logger	scenario/viewer.go:56	visit top
2026-09-22T08:56:08.889Z	info	staff-logger	scenario/viewer.go:64	get livestream
2026-09-22T08:56:08.889Z	info	staff-logger	scenario/viewer.go:83	visit livestream
2026-09-22T08:56:08.889Z	info	staff-logger	scenario/viewer.go:32	basic viewer scenario
2026-09-22T08:56:08.915Z	info	staff-logger	scenario/viewer.go:32	basic viewer scenario
2026-09-22T08:56:08.979Z	info	staff-logger	scenario/viewer.go:56	visit top
2026-09-22T08:56:08.979Z	info	staff-logger	scenario/viewer.go:64	get livestream
2026-09-22T08:56:08.979Z	info	staff-logger	scenario/viewer.go:83	visit livestream
2026-09-22T08:56:08.998Z	info	staff-logger	scenario/viewer.go:56	visit top
2026-09-22T08:56:08.998Z	info	staff-logger	scenario/viewer.go:32	basic viewer scenario
2026-09-22T08:56:09.030Z	info	isupipe-benchmarker	DNS水責め負荷が上昇します	{"parallelis": 3}
2026-09-22T08:56:09.065Z	info	staff-logger	scenario/viewer.go:32	basic viewer scenario
2026-09-22T08:56:09.103Z	info	staff-logger	scenario/viewer.go:56	visit top
2026-09-22T08:56:09.103Z	info	staff-logger	scenario/viewer.go:64	get livestream
2026-09-22T08:56:09.104Z	info	staff-logger	scenario/viewer.go:83	visit livestream
2026-09-22T08:56:09.104Z	info	staff-logger	scenario/viewer.go:32	basic viewer scenario
2026-09-22T08:56:09.130Z	info	staff-logger	scenario/streamer.go:48	change icon
2026-09-22T08:56:09.169Z	info	staff-logger	scenario/viewer.go:56	visit top
2026-09-22T08:56:09.169Z	info	staff-logger	scenario/viewer.go:64	get livestream
2026-09-22T08:56:09.169Z	info	staff-logger	scenario/viewer.go:83	visit livestream
2026-09-22T08:56:09.215Z	info	staff-logger	scenario/viewer.go:56	visit top
2026-09-22T08:56:09.215Z	info	staff-logger	scenario/viewer.go:64	get livestream
2026-09-22T08:56:09.215Z	info	staff-logger	scenario/viewer.go:83	visit livestream
2026-09-22T08:56:09.228Z	info	staff-logger	scenario/viewer.go:32	basic viewer scenario
2026-09-22T08:56:09.272Z	info	staff-logger	scenario/viewer.go:56	visit top
2026-09-22T08:56:09.272Z	info	staff-logger	scenario/viewer.go:64	get livestream
2026-09-22T08:56:09.272Z	info	staff-logger	scenario/viewer.go:83	visit livestream
2026-09-22T08:56:09.272Z	info	staff-logger	scenario/viewer.go:32	basic viewer scenario
2026-09-22T08:56:09.329Z	info	staff-logger	scenario/viewer.go:56	visit top
2026-09-22T08:56:09.329Z	info	staff-logger	scenario/viewer.go:64	get livestream
2026-09-22T08:56:09.329Z	info	staff-logger	scenario/viewer.go:83	visit livestream
2026-09-22T08:56:09.348Z	info	staff-logger	scenario/viewer.go:64	get livestream
2026-09-22T08:56:09.348Z	info	staff-logger	scenario/viewer.go:76	visit user profile
2026-09-22T08:56:09.401Z	info	staff-logger	scenario/viewer.go:32	basic viewer scenario
2026-09-22T08:56:09.452Z	info	staff-logger	scenario/viewer.go:56	visit top
2026-09-22T08:56:09.452Z	info	staff-logger	scenario/viewer.go:64	get livestream
2026-09-22T08:56:09.452Z	info	staff-logger	scenario/viewer.go:83	visit livestream
2026-09-22T08:56:09.520Z	info	staff-logger	scenario/viewer.go:83	visit livestream
2026-09-22T08:56:09.659Z	info	staff-logger	scenario/viewer.go:64	get livestream
2026-09-22T08:56:09.659Z	info	staff-logger	scenario/viewer.go:76	visit user profile
2026-09-22T08:56:09.681Z	info	staff-logger	scenario/viewer.go:32	basic viewer scenario
2026-09-22T08:56:09.691Z	info	staff-logger	scenario/viewer.go:56	visit top
2026-09-22T08:56:09.691Z	info	staff-logger	scenario/viewer.go:64	get livestream
2026-09-22T08:56:09.691Z	info	staff-logger	scenario/viewer.go:83	visit livestream
2026-09-22T08:56:09.753Z	info	staff-logger	scenario/viewer.go:32	basic viewer scenario
2026-09-22T08:56:09.753Z	info	staff-logger	scenario/viewer.go:56	visit top
2026-09-22T08:56:09.753Z	info	staff-logger	scenario/viewer.go:64	get livestream
2026-09-22T08:56:09.753Z	info	staff-logger	scenario/viewer.go:83	visit livestream
2026-09-22T08:56:09.757Z	info	staff-logger	scenario/viewer.go:32	basic viewer scenario
2026-09-22T08:56:09.757Z	info	staff-logger	scenario/viewer.go:56	visit top
2026-09-22T08:56:09.757Z	info	staff-logger	scenario/viewer.go:64	get livestream
2026-09-22T08:56:09.757Z	info	staff-logger	scenario/viewer.go:83	visit livestream
2026-09-22T08:56:09.884Z	info	staff-logger	scenario/viewer.go:32	basic viewer scenario
2026-09-22T08:56:09.884Z	info	staff-logger	scenario/viewer.go:56	visit top
2026-09-22T08:56:09.884Z	info	staff-logger	scenario/viewer.go:64	get livestream
2026-09-22T08:56:09.885Z	info	staff-logger	scenario/viewer.go:83	visit livestream
2026-09-22T08:56:09.910Z	info	staff-logger	scenario/viewer.go:83	visit livestream
2026-09-22T08:56:10.025Z	info	staff-logger	scenario/viewer.go:32	basic viewer scenario
2026-09-22T08:56:10.025Z	info	staff-logger	scenario/viewer.go:46	change icon
2026-09-22T08:56:10.044Z	info	staff-logger	scenario/viewer.go:56	visit top
2026-09-22T08:56:10.069Z	info	staff-logger	scenario/viewer.go:32	basic viewer scenario
2026-09-22T08:56:10.069Z	info	staff-logger	scenario/viewer.go:56	visit top
2026-09-22T08:56:10.069Z	info	staff-logger	scenario/viewer.go:64	get livestream
2026-09-22T08:56:10.069Z	info	staff-logger	scenario/viewer.go:83	visit livestream
2026-09-22T08:56:10.236Z	info	staff-logger	scenario/viewer.go:32	basic viewer scenario
2026-09-22T08:56:10.236Z	info	staff-logger	scenario/viewer.go:56	visit top
2026-09-22T08:56:10.236Z	info	staff-logger	scenario/viewer.go:64	get livestream
2026-09-22T08:56:10.236Z	info	staff-logger	scenario/viewer.go:83	visit livestream
2026-09-22T08:56:10.268Z	info	staff-logger	scenario/viewer.go:32	basic viewer scenario
2026-09-22T08:56:10.268Z	info	staff-logger	scenario/viewer.go:56	visit top
2026-09-22T08:56:10.268Z	info	staff-logger	scenario/viewer.go:64	get livestream
2026-09-22T08:56:10.268Z	info	staff-logger	scenario/viewer.go:83	visit livestream
2026-09-22T08:56:10.343Z	info	staff-logger	scenario/viewer.go:32	basic viewer scenario
2026-09-22T08:56:10.343Z	info	staff-logger	scenario/viewer.go:56	visit top
2026-09-22T08:56:10.343Z	info	staff-logger	scenario/viewer.go:64	get livestream
2026-09-22T08:56:10.343Z	info	staff-logger	scenario/viewer.go:83	visit livestream
2026-09-22T08:56:10.345Z	info	staff-logger	scenario/viewer.go:32	basic viewer scenario
2026-09-22T08:56:10.345Z	info	staff-logger	scenario/viewer.go:56	visit top
2026-09-22T08:56:10.345Z	info	staff-logger	scenario/viewer.go:64	get livestream
2026-09-22T08:56:10.345Z	info	staff-logger	scenario/viewer.go:83	visit livestream
2026-09-22T08:56:10.460Z	info	staff-logger	scenario/viewer.go:32	basic viewer scenario
2026-09-22T08:56:10.460Z	info	staff-logger	scenario/viewer.go:56	visit top
2026-09-22T08:56:10.475Z	info	staff-logger	scenario/viewer.go:32	basic viewer scenario
2026-09-22T08:56:10.475Z	info	staff-logger	scenario/viewer.go:56	visit top
2026-09-22T08:56:10.549Z	info	staff-logger	scenario/viewer.go:32	basic viewer scenario
2026-09-22T08:56:10.549Z	info	staff-logger	scenario/viewer.go:56	visit top
2026-09-22T08:56:10.549Z	info	staff-logger	scenario/viewer.go:64	get livestream
2026-09-22T08:56:10.549Z	info	staff-logger	scenario/viewer.go:83	visit livestream
2026-09-22T08:56:10.694Z	info	staff-logger	scenario/viewer.go:32	basic viewer scenario
2026-09-22T08:56:10.694Z	info	staff-logger	scenario/viewer.go:56	visit top
2026-09-22T08:56:10.846Z	info	staff-logger	scenario/viewer.go:64	get livestream
2026-09-22T08:56:10.846Z	info	staff-logger	scenario/viewer.go:76	visit user profile
2026-09-22T08:56:11.012Z	info	staff-logger	scenario/viewer.go:83	visit livestream
2026-09-22T08:56:11.034Z	info	staff-logger	scenario/viewer.go:32	basic viewer scenario
2026-09-22T08:56:11.034Z	info	staff-logger	scenario/viewer.go:56	visit top
2026-09-22T08:56:11.034Z	info	staff-logger	scenario/viewer.go:64	get livestream
2026-09-22T08:56:11.034Z	info	staff-logger	scenario/viewer.go:83	visit livestream
2026-09-22T08:56:11.056Z	info	staff-logger	scenario/viewer.go:64	get livestream
2026-09-22T08:56:11.056Z	info	staff-logger	scenario/viewer.go:76	visit user profile
2026-09-22T08:56:11.097Z	info	staff-logger	scenario/viewer.go:32	basic viewer scenario
2026-09-22T08:56:11.097Z	info	staff-logger	scenario/viewer.go:56	visit top
2026-09-22T08:56:11.097Z	info	staff-logger	scenario/viewer.go:64	get livestream
2026-09-22T08:56:11.097Z	info	staff-logger	scenario/viewer.go:83	visit livestream
2026-09-22T08:56:11.211Z	info	staff-logger	scenario/viewer.go:64	get livestream
2026-09-22T08:56:11.211Z	info	staff-logger	scenario/viewer.go:76	visit user profile
2026-09-22T08:56:11.241Z	info	staff-logger	scenario/viewer.go:32	basic viewer scenario
2026-09-22T08:56:11.241Z	info	staff-logger	scenario/viewer.go:56	visit top
2026-09-22T08:56:11.241Z	info	staff-logger	scenario/viewer.go:64	get livestream
2026-09-22T08:56:11.241Z	info	staff-logger	scenario/viewer.go:83	visit livestream
2026-09-22T08:56:11.243Z	info	staff-logger	scenario/viewer.go:32	basic viewer scenario
2026-09-22T08:56:11.243Z	info	staff-logger	scenario/viewer.go:56	visit top
2026-09-22T08:56:11.243Z	info	staff-logger	scenario/viewer.go:64	get livestream
2026-09-22T08:56:11.243Z	info	staff-logger	scenario/viewer.go:83	visit livestream
2026-09-22T08:56:11.277Z	info	staff-logger	scenario/viewer.go:83	visit livestream
2026-09-22T08:56:11.308Z	info	staff-logger	scenario/viewer.go:32	basic viewer scenario
2026-09-22T08:56:11.308Z	info	staff-logger	scenario/viewer.go:56	visit top
2026-09-22T08:56:11.308Z	info	staff-logger	scenario/viewer.go:64	get livestream
2026-09-22T08:56:11.308Z	info	staff-logger	scenario/viewer.go:83	visit livestream
2026-09-22T08:56:11.383Z	info	staff-logger	scenario/viewer.go:83	visit livestream
2026-09-22T08:56:11.395Z	info	staff-logger	scenario/viewer.go:64	get livestream
2026-09-22T08:56:11.395Z	info	staff-logger	scenario/viewer.go:76	visit user profile
2026-09-22T08:56:11.544Z	info	staff-logger	scenario/viewer.go:83	visit livestream
2026-09-22T08:56:11.554Z	info	staff-logger	scenario/viewer.go:32	basic viewer scenario
2026-09-22T08:56:11.554Z	info	staff-logger	scenario/viewer.go:56	visit top
2026-09-22T08:56:11.554Z	info	staff-logger	scenario/viewer.go:64	get livestream
2026-09-22T08:56:11.554Z	info	staff-logger	scenario/viewer.go:83	visit livestream
2026-09-22T08:56:11.700Z	info	staff-logger	scenario/viewer.go:32	basic viewer scenario
2026-09-22T08:56:11.700Z	info	staff-logger	scenario/viewer.go:56	visit top
2026-09-22T08:56:11.700Z	info	staff-logger	scenario/viewer.go:64	get livestream
2026-09-22T08:56:11.700Z	info	staff-logger	scenario/viewer.go:83	visit livestream
2026-09-22T08:56:11.736Z	info	staff-logger	scenario/viewer.go:32	basic viewer scenario
2026-09-22T08:56:11.736Z	info	staff-logger	scenario/viewer.go:56	visit top
2026-09-22T08:56:11.736Z	info	staff-logger	scenario/viewer.go:64	get livestream
2026-09-22T08:56:11.736Z	info	staff-logger	scenario/viewer.go:83	visit livestream
2026-09-22T08:56:12.126Z	info	staff-logger	scenario/viewer.go:32	basic viewer scenario
2026-09-22T08:56:12.127Z	info	staff-logger	scenario/viewer.go:56	visit top
2026-09-22T08:56:12.128Z	info	staff-logger	scenario/viewer.go:64	get livestream
2026-09-22T08:56:12.128Z	info	staff-logger	scenario/viewer.go:83	visit livestream
2026-09-22T08:56:12.173Z	info	staff-logger	scenario/streamer.go:48	change icon
2026-09-22T08:56:12.231Z	info	staff-logger	scenario/viewer.go:32	basic viewer scenario
2026-09-22T08:56:12.231Z	info	staff-logger	scenario/viewer.go:56	visit top
2026-09-22T08:56:12.231Z	info	staff-logger	scenario/viewer.go:64	get livestream
2026-09-22T08:56:12.231Z	info	staff-logger	scenario/viewer.go:83	visit livestream
2026-09-22T08:56:12.387Z	info	staff-logger	scenario/viewer.go:32	basic viewer scenario
2026-09-22T08:56:12.387Z	info	staff-logger	scenario/viewer.go:56	visit top
2026-09-22T08:56:12.387Z	info	staff-logger	scenario/viewer.go:64	get livestream
2026-09-22T08:56:12.387Z	info	staff-logger	scenario/viewer.go:83	visit livestream
2026-09-22T08:56:12.501Z	info	staff-logger	scenario/viewer.go:32	basic viewer scenario
2026-09-22T08:56:12.501Z	info	staff-logger	scenario/viewer.go:56	visit top
2026-09-22T08:56:12.501Z	info	staff-logger	scenario/viewer.go:64	get livestream
2026-09-22T08:56:12.501Z	info	staff-logger	scenario/viewer.go:83	visit livestream
2026-09-22T08:56:12.592Z	info	staff-logger	scenario/viewer.go:32	basic viewer scenario
2026-09-22T08:56:12.592Z	info	staff-logger	scenario/viewer.go:56	visit top
2026-09-22T08:56:12.592Z	info	staff-logger	scenario/viewer.go:64	get livestream
2026-09-22T08:56:12.592Z	info	staff-logger	scenario/viewer.go:83	visit livestream
2026-09-22T08:56:12.593Z	info	staff-logger	scenario/viewer.go:32	basic viewer scenario
2026-09-22T08:56:12.593Z	info	staff-logger	scenario/viewer.go:56	visit top
2026-09-22T08:56:12.614Z	info	staff-logger	scenario/viewer.go:32	basic viewer scenario
2026-09-22T08:56:12.614Z	info	staff-logger	scenario/viewer.go:56	visit top
2026-09-22T08:56:12.614Z	info	staff-logger	scenario/viewer.go:64	get livestream
2026-09-22T08:56:12.614Z	info	staff-logger	scenario/viewer.go:83	visit livestream
2026-09-22T08:56:12.677Z	info	staff-logger	scenario/viewer.go:32	basic viewer scenario
2026-09-22T08:56:12.678Z	info	staff-logger	scenario/viewer.go:56	visit top
2026-09-22T08:56:12.751Z	info	staff-logger	scenario/viewer.go:32	basic viewer scenario
2026-09-22T08:56:12.751Z	info	staff-logger	scenario/viewer.go:56	visit top
2026-09-22T08:56:12.751Z	info	staff-logger	scenario/viewer.go:64	get livestream
2026-09-22T08:56:12.751Z	info	staff-logger	scenario/viewer.go:83	visit livestream
2026-09-22T08:56:12.765Z	info	staff-logger	scenario/viewer.go:32	basic viewer scenario
2026-09-22T08:56:12.765Z	info	staff-logger	scenario/viewer.go:56	visit top
2026-09-22T08:56:12.765Z	info	staff-logger	scenario/viewer.go:64	get livestream
2026-09-22T08:56:12.765Z	info	staff-logger	scenario/viewer.go:83	visit livestream
2026-09-22T08:56:12.811Z	info	staff-logger	scenario/viewer.go:90	get livestream stats
2026-09-22T08:56:12.814Z	info	staff-logger	scenario/viewer.go:32	basic viewer scenario
2026-09-22T08:56:12.814Z	info	staff-logger	scenario/viewer.go:56	visit top
2026-09-22T08:56:12.814Z	info	staff-logger	scenario/viewer.go:64	get livestream
2026-09-22T08:56:12.814Z	info	staff-logger	scenario/viewer.go:83	visit livestream
2026-09-22T08:56:12.948Z	info	staff-logger	scenario/viewer.go:32	basic viewer scenario
2026-09-22T08:56:12.948Z	info	staff-logger	scenario/viewer.go:56	visit top
2026-09-22T08:56:12.948Z	info	staff-logger	scenario/viewer.go:64	get livestream
2026-09-22T08:56:12.948Z	info	staff-logger	scenario/viewer.go:83	visit livestream
2026-09-22T08:56:12.963Z	info	staff-logger	scenario/viewer.go:32	basic viewer scenario
2026-09-22T08:56:12.963Z	info	staff-logger	scenario/viewer.go:56	visit top
2026-09-22T08:56:12.963Z	info	staff-logger	scenario/viewer.go:64	get livestream
2026-09-22T08:56:12.963Z	info	staff-logger	scenario/viewer.go:83	visit livestream
2026-09-22T08:56:13.009Z	info	staff-logger	scenario/viewer.go:90	get livestream stats
2026-09-22T08:56:13.295Z	info	staff-logger	scenario/viewer.go:32	basic viewer scenario
2026-09-22T08:56:13.295Z	info	staff-logger	scenario/viewer.go:56	visit top
2026-09-22T08:56:13.295Z	info	staff-logger	scenario/viewer.go:64	get livestream
2026-09-22T08:56:13.295Z	info	staff-logger	scenario/viewer.go:83	visit livestream
2026-09-22T08:56:13.330Z	info	staff-logger	scenario/viewer.go:32	basic viewer scenario
2026-09-22T08:56:13.330Z	info	staff-logger	scenario/viewer.go:56	visit top
2026-09-22T08:56:13.330Z	info	staff-logger	scenario/viewer.go:64	get livestream
2026-09-22T08:56:13.330Z	info	staff-logger	scenario/viewer.go:83	visit livestream
2026-09-22T08:56:13.346Z	info	staff-logger	scenario/viewer.go:90	get livestream stats
2026-09-22T08:56:13.381Z	info	staff-logger	scenario/viewer.go:32	basic viewer scenario
2026-09-22T08:56:13.381Z	info	staff-logger	scenario/viewer.go:56	visit top
2026-09-22T08:56:13.381Z	info	staff-logger	scenario/viewer.go:64	get livestream
2026-09-22T08:56:13.381Z	info	staff-logger	scenario/viewer.go:83	visit livestream
2026-09-22T08:56:13.420Z	info	staff-logger	scenario/viewer.go:64	get livestream
2026-09-22T08:56:13.420Z	info	staff-logger	scenario/viewer.go:76	visit user profile
2026-09-22T08:56:13.455Z	info	staff-logger	scenario/viewer.go:64	get livestream
2026-09-22T08:56:13.455Z	info	staff-logger	scenario/viewer.go:76	visit user profile
2026-09-22T08:56:13.489Z	info	staff-logger	scenario/viewer.go:32	basic viewer scenario
2026-09-22T08:56:13.489Z	info	staff-logger	scenario/viewer.go:56	visit top
2026-09-22T08:56:13.489Z	info	staff-logger	scenario/viewer.go:64	get livestream
2026-09-22T08:56:13.489Z	info	staff-logger	scenario/viewer.go:83	visit livestream
2026-09-22T08:56:13.605Z	info	staff-logger	scenario/viewer.go:83	visit livestream
2026-09-22T08:56:13.680Z	info	staff-logger	scenario/viewer.go:83	visit livestream
2026-09-22T08:56:13.701Z	info	staff-logger	scenario/viewer.go:32	basic viewer scenario
2026-09-22T08:56:13.701Z	info	staff-logger	scenario/viewer.go:56	visit top
2026-09-22T08:56:13.701Z	info	staff-logger	scenario/viewer.go:64	get livestream
2026-09-22T08:56:13.701Z	info	staff-logger	scenario/viewer.go:83	visit livestream
2026-09-22T08:56:13.709Z	info	staff-logger	scenario/viewer.go:32	basic viewer scenario
2026-09-22T08:56:13.709Z	info	staff-logger	scenario/viewer.go:56	visit top
2026-09-22T08:56:13.709Z	info	staff-logger	scenario/viewer.go:64	get livestream
2026-09-22T08:56:13.709Z	info	staff-logger	scenario/viewer.go:83	visit livestream
2026-09-22T08:56:13.942Z	info	staff-logger	scenario/viewer.go:32	basic viewer scenario
2026-09-22T08:56:13.942Z	info	staff-logger	scenario/viewer.go:56	visit top
2026-09-22T08:56:13.943Z	info	staff-logger	scenario/viewer.go:64	get livestream
2026-09-22T08:56:13.943Z	info	staff-logger	scenario/viewer.go:83	visit livestream
2026-09-22T08:56:14.102Z	info	staff-logger	scenario/viewer.go:32	basic viewer scenario
2026-09-22T08:56:14.103Z	info	staff-logger	scenario/viewer.go:56	visit top
2026-09-22T08:56:14.103Z	info	staff-logger	scenario/viewer.go:64	get livestream
2026-09-22T08:56:14.103Z	info	staff-logger	scenario/viewer.go:83	visit livestream
2026-09-22T08:56:14.111Z	info	staff-logger	scenario/viewer.go:32	basic viewer scenario
2026-09-22T08:56:14.111Z	info	staff-logger	scenario/viewer.go:56	visit top
2026-09-22T08:56:14.111Z	info	staff-logger	scenario/viewer.go:64	get livestream
2026-09-22T08:56:14.111Z	info	staff-logger	scenario/viewer.go:83	visit livestream
2026-09-22T08:56:14.395Z	info	staff-logger	scenario/viewer.go:32	basic viewer scenario
2026-09-22T08:56:14.395Z	info	staff-logger	scenario/viewer.go:56	visit top
2026-09-22T08:56:14.469Z	info	staff-logger	scenario/viewer.go:32	basic viewer scenario
2026-09-22T08:56:14.469Z	info	staff-logger	scenario/viewer.go:56	visit top
2026-09-22T08:56:14.469Z	info	staff-logger	scenario/viewer.go:64	get livestream
2026-09-22T08:56:14.469Z	info	staff-logger	scenario/viewer.go:83	visit livestream
2026-09-22T08:56:14.502Z	info	staff-logger	scenario/viewer.go:32	basic viewer scenario
2026-09-22T08:56:14.502Z	info	staff-logger	scenario/viewer.go:56	visit top
2026-09-22T08:56:14.502Z	info	staff-logger	scenario/viewer.go:64	get livestream
2026-09-22T08:56:14.502Z	info	staff-logger	scenario/viewer.go:83	visit livestream
2026-09-22T08:56:14.715Z	info	staff-logger	scenario/viewer.go:32	basic viewer scenario
2026-09-22T08:56:14.715Z	info	staff-logger	scenario/viewer.go:56	visit top
2026-09-22T08:56:14.715Z	info	staff-logger	scenario/viewer.go:64	get livestream
2026-09-22T08:56:14.715Z	info	staff-logger	scenario/viewer.go:83	visit livestream
2026-09-22T08:56:14.730Z	info	staff-logger	scenario/streamer.go:48	change icon
2026-09-22T08:56:14.765Z	info	staff-logger	scenario/viewer.go:32	basic viewer scenario
2026-09-22T08:56:14.765Z	info	staff-logger	scenario/viewer.go:56	visit top
2026-09-22T08:56:14.782Z	info	staff-logger	scenario/viewer.go:32	basic viewer scenario
2026-09-22T08:56:14.782Z	info	staff-logger	scenario/viewer.go:56	visit top
2026-09-22T08:56:14.782Z	info	staff-logger	scenario/viewer.go:64	get livestream
2026-09-22T08:56:14.782Z	info	staff-logger	scenario/viewer.go:83	visit livestream
2026-09-22T08:56:14.797Z	info	staff-logger	scenario/viewer.go:32	basic viewer scenario
2026-09-22T08:56:14.797Z	info	staff-logger	scenario/viewer.go:56	visit top
2026-09-22T08:56:14.797Z	info	staff-logger	scenario/viewer.go:64	get livestream
2026-09-22T08:56:14.798Z	info	staff-logger	scenario/viewer.go:83	visit livestream
2026-09-22T08:56:14.868Z	info	staff-logger	scenario/viewer.go:32	basic viewer scenario
2026-09-22T08:56:14.868Z	info	staff-logger	scenario/viewer.go:56	visit top
2026-09-22T08:56:14.868Z	info	staff-logger	scenario/viewer.go:64	get livestream
2026-09-22T08:56:14.868Z	info	staff-logger	scenario/viewer.go:83	visit livestream
2026-09-22T08:56:14.872Z	info	staff-logger	scenario/viewer.go:32	basic viewer scenario
2026-09-22T08:56:14.872Z	info	staff-logger	scenario/viewer.go:56	visit top
2026-09-22T08:56:14.872Z	info	staff-logger	scenario/viewer.go:64	get livestream
2026-09-22T08:56:14.872Z	info	staff-logger	scenario/viewer.go:32	basic viewer scenario
2026-09-22T08:56:14.872Z	info	staff-logger	scenario/viewer.go:83	visit livestream
2026-09-22T08:56:14.872Z	info	staff-logger	scenario/viewer.go:56	visit top
2026-09-22T08:56:14.872Z	info	staff-logger	scenario/viewer.go:64	get livestream
2026-09-22T08:56:14.872Z	info	staff-logger	scenario/viewer.go:83	visit livestream
2026-09-22T08:56:15.015Z	info	staff-logger	scenario/viewer.go:64	get livestream
2026-09-22T08:56:15.015Z	info	staff-logger	scenario/viewer.go:76	visit user profile
2026-09-22T08:56:15.056Z	info	staff-logger	scenario/viewer.go:32	basic viewer scenario
2026-09-22T08:56:15.056Z	info	staff-logger	scenario/viewer.go:56	visit top
2026-09-22T08:56:15.230Z	info	staff-logger	scenario/viewer.go:32	basic viewer scenario
2026-09-22T08:56:15.230Z	info	staff-logger	scenario/viewer.go:56	visit top
2026-09-22T08:56:15.230Z	info	staff-logger	scenario/viewer.go:64	get livestream
2026-09-22T08:56:15.230Z	info	staff-logger	scenario/viewer.go:83	visit livestream
2026-09-22T08:56:15.300Z	info	staff-logger	scenario/viewer.go:83	visit livestream
2026-09-22T08:56:15.368Z	info	staff-logger	scenario/viewer.go:32	basic viewer scenario
2026-09-22T08:56:15.368Z	info	staff-logger	scenario/viewer.go:56	visit top
2026-09-22T08:56:15.368Z	info	staff-logger	scenario/viewer.go:64	get livestream
2026-09-22T08:56:15.368Z	info	staff-logger	scenario/viewer.go:83	visit livestream
2026-09-22T08:56:15.373Z	info	staff-logger	scenario/viewer.go:32	basic viewer scenario
2026-09-22T08:56:15.373Z	info	staff-logger	scenario/viewer.go:56	visit top
2026-09-22T08:56:15.373Z	info	staff-logger	scenario/viewer.go:64	get livestream
2026-09-22T08:56:15.374Z	info	staff-logger	scenario/viewer.go:83	visit livestream
2026-09-22T08:56:15.401Z	info	staff-logger	scenario/viewer.go:64	get livestream
2026-09-22T08:56:15.401Z	info	staff-logger	scenario/viewer.go:76	visit user profile
2026-09-22T08:56:15.502Z	info	staff-logger	scenario/viewer.go:32	basic viewer scenario
2026-09-22T08:56:15.502Z	info	staff-logger	scenario/viewer.go:56	visit top
2026-09-22T08:56:15.502Z	info	staff-logger	scenario/viewer.go:64	get livestream
2026-09-22T08:56:15.502Z	info	staff-logger	scenario/viewer.go:83	visit livestream
2026-09-22T08:56:15.616Z	info	staff-logger	scenario/viewer.go:83	visit livestream
2026-09-22T08:56:15.692Z	info	staff-logger	scenario/viewer.go:64	get livestream
2026-09-22T08:56:15.692Z	info	staff-logger	scenario/viewer.go:76	visit user profile
2026-09-22T08:56:15.749Z	info	staff-logger	scenario/viewer.go:32	basic viewer scenario
2026-09-22T08:56:15.749Z	info	staff-logger	scenario/viewer.go:56	visit top
2026-09-22T08:56:15.749Z	info	staff-logger	scenario/viewer.go:64	get livestream
2026-09-22T08:56:15.749Z	info	staff-logger	scenario/viewer.go:83	visit livestream
2026-09-22T08:56:15.769Z	info	staff-logger	scenario/viewer.go:32	basic viewer scenario
2026-09-22T08:56:15.769Z	info	staff-logger	scenario/viewer.go:56	visit top
2026-09-22T08:56:15.769Z	info	staff-logger	scenario/viewer.go:64	get livestream
2026-09-22T08:56:15.769Z	info	staff-logger	scenario/viewer.go:83	visit livestream
2026-09-22T08:56:15.808Z	info	staff-logger	scenario/viewer.go:32	basic viewer scenario
2026-09-22T08:56:15.808Z	info	staff-logger	scenario/viewer.go:56	visit top
2026-09-22T08:56:15.808Z	info	staff-logger	scenario/viewer.go:64	get livestream
2026-09-22T08:56:15.808Z	info	staff-logger	scenario/viewer.go:83	visit livestream
2026-09-22T08:56:15.866Z	info	staff-logger	scenario/viewer.go:83	visit livestream
2026-09-22T08:56:16.030Z	info	staff-logger	scenario/viewer.go:32	basic viewer scenario
2026-09-22T08:56:16.030Z	info	staff-logger	scenario/viewer.go:56	visit top
2026-09-22T08:56:16.030Z	info	staff-logger	scenario/viewer.go:64	get livestream
2026-09-22T08:56:16.030Z	info	staff-logger	scenario/viewer.go:83	visit livestream
2026-09-22T08:56:16.207Z	info	staff-logger	scenario/viewer.go:32	basic viewer scenario
2026-09-22T08:56:16.207Z	info	staff-logger	scenario/viewer.go:56	visit top
2026-09-22T08:56:16.207Z	info	staff-logger	scenario/viewer.go:64	get livestream
2026-09-22T08:56:16.207Z	info	staff-logger	scenario/viewer.go:83	visit livestream
2026-09-22T08:56:16.214Z	info	staff-logger	scenario/viewer.go:32	basic viewer scenario
2026-09-22T08:56:16.214Z	info	staff-logger	scenario/viewer.go:56	visit top
2026-09-22T08:56:16.214Z	info	staff-logger	scenario/viewer.go:64	get livestream
2026-09-22T08:56:16.214Z	info	staff-logger	scenario/viewer.go:83	visit livestream
2026-09-22T08:56:16.277Z	info	staff-logger	scenario/viewer.go:32	basic viewer scenario
2026-09-22T08:56:16.277Z	info	staff-logger	scenario/viewer.go:56	visit top
2026-09-22T08:56:16.277Z	info	staff-logger	scenario/viewer.go:64	get livestream
2026-09-22T08:56:16.277Z	info	staff-logger	scenario/viewer.go:83	visit livestream
2026-09-22T08:56:16.338Z	info	staff-logger	scenario/viewer.go:90	get livestream stats
2026-09-22T08:56:16.366Z	info	staff-logger	scenario/viewer.go:32	basic viewer scenario
2026-09-22T08:56:16.366Z	info	staff-logger	scenario/viewer.go:56	visit top
2026-09-22T08:56:16.366Z	info	staff-logger	scenario/viewer.go:64	get livestream
2026-09-22T08:56:16.366Z	info	staff-logger	scenario/viewer.go:83	visit livestream
2026-09-22T08:56:16.590Z	info	staff-logger	scenario/viewer.go:32	basic viewer scenario
2026-09-22T08:56:16.590Z	info	staff-logger	scenario/viewer.go:56	visit top
2026-09-22T08:56:16.590Z	info	staff-logger	scenario/viewer.go:64	get livestream
2026-09-22T08:56:16.590Z	info	staff-logger	scenario/viewer.go:83	visit livestream
2026-09-22T08:56:16.715Z	info	staff-logger	scenario/viewer.go:32	basic viewer scenario
2026-09-22T08:56:16.716Z	info	staff-logger	scenario/viewer.go:56	visit top
2026-09-22T08:56:16.716Z	info	staff-logger	scenario/viewer.go:64	get livestream
2026-09-22T08:56:16.716Z	info	staff-logger	scenario/viewer.go:83	visit livestream
2026-09-22T08:56:16.749Z	info	staff-logger	scenario/viewer.go:32	basic viewer scenario
2026-09-22T08:56:16.749Z	info	staff-logger	scenario/viewer.go:56	visit top
2026-09-22T08:56:16.749Z	info	staff-logger	scenario/viewer.go:64	get livestream
2026-09-22T08:56:16.749Z	info	staff-logger	scenario/viewer.go:83	visit livestream
2026-09-22T08:56:16.796Z	info	staff-logger	scenario/viewer.go:32	basic viewer scenario
2026-09-22T08:56:16.796Z	info	staff-logger	scenario/viewer.go:56	visit top
2026-09-22T08:56:16.796Z	info	staff-logger	scenario/viewer.go:64	get livestream
2026-09-22T08:56:16.796Z	info	staff-logger	scenario/viewer.go:83	visit livestream
2026-09-22T08:56:16.835Z	info	staff-logger	scenario/viewer.go:32	basic viewer scenario
2026-09-22T08:56:16.835Z	info	staff-logger	scenario/viewer.go:56	visit top
2026-09-22T08:56:16.835Z	info	staff-logger	scenario/viewer.go:64	get livestream
2026-09-22T08:56:16.835Z	info	staff-logger	scenario/viewer.go:83	visit livestream
2026-09-22T08:56:16.954Z	info	staff-logger	scenario/viewer.go:32	basic viewer scenario
2026-09-22T08:56:16.954Z	info	staff-logger	scenario/viewer.go:56	visit top
2026-09-22T08:56:16.954Z	info	staff-logger	scenario/viewer.go:64	get livestream
2026-09-22T08:56:16.954Z	info	staff-logger	scenario/viewer.go:83	visit livestream
2026-09-22T08:56:17.310Z	info	staff-logger	scenario/viewer.go:32	basic viewer scenario
2026-09-22T08:56:17.310Z	info	staff-logger	scenario/viewer.go:56	visit top
2026-09-22T08:56:17.310Z	info	staff-logger	scenario/viewer.go:64	get livestream
2026-09-22T08:56:17.310Z	info	staff-logger	scenario/viewer.go:83	visit livestream
2026-09-22T08:56:17.374Z	info	staff-logger	scenario/viewer.go:32	basic viewer scenario
2026-09-22T08:56:17.374Z	info	staff-logger	scenario/viewer.go:56	visit top
2026-09-22T08:56:17.374Z	info	staff-logger	scenario/viewer.go:64	get livestream
2026-09-22T08:56:17.374Z	info	staff-logger	scenario/viewer.go:83	visit livestream
2026-09-22T08:56:17.559Z	info	staff-logger	scenario/viewer.go:32	basic viewer scenario
2026-09-22T08:56:17.559Z	info	staff-logger	scenario/viewer.go:56	visit top
2026-09-22T08:56:17.559Z	info	staff-logger	scenario/viewer.go:64	get livestream
2026-09-22T08:56:17.559Z	info	staff-logger	scenario/viewer.go:83	visit livestream
2026-09-22T08:56:17.616Z	info	staff-logger	scenario/viewer.go:32	basic viewer scenario
2026-09-22T08:56:17.616Z	info	staff-logger	scenario/viewer.go:56	visit top
2026-09-22T08:56:17.616Z	info	staff-logger	scenario/viewer.go:64	get livestream
2026-09-22T08:56:17.616Z	info	staff-logger	scenario/viewer.go:83	visit livestream
2026-09-22T08:56:17.642Z	info	staff-logger	scenario/viewer.go:90	get livestream stats
2026-09-22T08:56:17.660Z	info	staff-logger	scenario/viewer.go:32	basic viewer scenario
2026-09-22T08:56:17.660Z	info	staff-logger	scenario/viewer.go:56	visit top
2026-09-22T08:56:17.660Z	info	staff-logger	scenario/viewer.go:64	get livestream
2026-09-22T08:56:17.660Z	info	staff-logger	scenario/viewer.go:83	visit livestream
2026-09-22T08:56:17.797Z	info	staff-logger	scenario/viewer.go:32	basic viewer scenario
2026-09-22T08:56:17.798Z	info	staff-logger	scenario/viewer.go:56	visit top
2026-09-22T08:56:17.798Z	info	staff-logger	scenario/viewer.go:64	get livestream
2026-09-22T08:56:17.798Z	info	staff-logger	scenario/viewer.go:83	visit livestream
2026-09-22T08:56:17.865Z	info	staff-logger	scenario/viewer.go:32	basic viewer scenario
2026-09-22T08:56:17.865Z	info	staff-logger	scenario/viewer.go:56	visit top
2026-09-22T08:56:17.865Z	info	staff-logger	scenario/viewer.go:64	get livestream
2026-09-22T08:56:17.866Z	info	staff-logger	scenario/viewer.go:83	visit livestream
2026-09-22T08:56:17.933Z	info	staff-logger	scenario/viewer.go:32	basic viewer scenario
2026-09-22T08:56:17.933Z	info	staff-logger	scenario/viewer.go:56	visit top
2026-09-22T08:56:17.933Z	info	staff-logger	scenario/viewer.go:64	get livestream
2026-09-22T08:56:17.933Z	info	staff-logger	scenario/viewer.go:83	visit livestream
2026-09-22T08:56:17.994Z	info	staff-logger	scenario/streamer.go:48	change icon
2026-09-22T08:56:18.009Z	info	staff-logger	scenario/viewer.go:32	basic viewer scenario
2026-09-22T08:56:18.009Z	info	staff-logger	scenario/viewer.go:56	visit top
2026-09-22T08:56:18.009Z	info	staff-logger	scenario/viewer.go:64	get livestream
2026-09-22T08:56:18.009Z	info	staff-logger	scenario/viewer.go:83	visit livestream
2026-09-22T08:56:18.128Z	info	staff-logger	scenario/viewer.go:32	basic viewer scenario
2026-09-22T08:56:18.128Z	info	staff-logger	scenario/viewer.go:56	visit top
2026-09-22T08:56:18.129Z	info	staff-logger	scenario/viewer.go:64	get livestream
2026-09-22T08:56:18.129Z	info	staff-logger	scenario/viewer.go:83	visit livestream
2026-09-22T08:56:18.479Z	info	staff-logger	scenario/viewer.go:32	basic viewer scenario
2026-09-22T08:56:18.479Z	info	staff-logger	scenario/viewer.go:56	visit top
2026-09-22T08:56:18.479Z	info	staff-logger	scenario/viewer.go:64	get livestream
2026-09-22T08:56:18.479Z	info	staff-logger	scenario/viewer.go:83	visit livestream
2026-09-22T08:56:18.556Z	info	staff-logger	scenario/viewer.go:32	basic viewer scenario
2026-09-22T08:56:18.556Z	info	staff-logger	scenario/viewer.go:56	visit top
2026-09-22T08:56:18.801Z	info	staff-logger	scenario/viewer.go:32	basic viewer scenario
2026-09-22T08:56:18.801Z	info	staff-logger	scenario/viewer.go:56	visit top
2026-09-22T08:56:18.851Z	info	staff-logger	scenario/viewer.go:32	basic viewer scenario
2026-09-22T08:56:18.851Z	info	staff-logger	scenario/viewer.go:56	visit top
2026-09-22T08:56:18.851Z	info	staff-logger	scenario/viewer.go:64	get livestream
2026-09-22T08:56:18.851Z	info	staff-logger	scenario/viewer.go:83	visit livestream
2026-09-22T08:56:19.012Z	info	staff-logger	scenario/viewer.go:32	basic viewer scenario
2026-09-22T08:56:19.012Z	info	staff-logger	scenario/viewer.go:56	visit top
2026-09-22T08:56:19.143Z	info	staff-logger	scenario/viewer.go:32	basic viewer scenario
2026-09-22T08:56:19.143Z	info	staff-logger	scenario/viewer.go:56	visit top
2026-09-22T08:56:19.143Z	info	staff-logger	scenario/viewer.go:64	get livestream
2026-09-22T08:56:19.143Z	info	staff-logger	scenario/viewer.go:83	visit livestream
2026-09-22T08:56:19.203Z	info	staff-logger	scenario/viewer.go:64	get livestream
2026-09-22T08:56:19.203Z	info	staff-logger	scenario/viewer.go:76	visit user profile
2026-09-22T08:56:19.272Z	info	staff-logger	scenario/viewer.go:32	basic viewer scenario
2026-09-22T08:56:19.272Z	info	staff-logger	scenario/viewer.go:56	visit top
2026-09-22T08:56:19.272Z	info	staff-logger	scenario/viewer.go:64	get livestream
2026-09-22T08:56:19.272Z	info	staff-logger	scenario/viewer.go:83	visit livestream
2026-09-22T08:56:19.410Z	info	staff-logger	scenario/viewer.go:83	visit livestream
2026-09-22T08:56:19.478Z	info	staff-logger	scenario/viewer.go:32	basic viewer scenario
2026-09-22T08:56:19.478Z	info	staff-logger	scenario/viewer.go:56	visit top
2026-09-22T08:56:19.478Z	info	staff-logger	scenario/viewer.go:64	get livestream
2026-09-22T08:56:19.478Z	info	staff-logger	scenario/viewer.go:83	visit livestream
2026-09-22T08:56:19.575Z	info	staff-logger	scenario/viewer.go:32	basic viewer scenario
2026-09-22T08:56:19.575Z	info	staff-logger	scenario/viewer.go:56	visit top
2026-09-22T08:56:19.575Z	info	staff-logger	scenario/viewer.go:64	get livestream
2026-09-22T08:56:19.575Z	info	staff-logger	scenario/viewer.go:83	visit livestream
2026-09-22T08:56:19.578Z	info	staff-logger	scenario/viewer.go:64	get livestream
2026-09-22T08:56:19.578Z	info	staff-logger	scenario/viewer.go:76	visit user profile
2026-09-22T08:56:19.646Z	info	staff-logger	scenario/viewer.go:32	basic viewer scenario
2026-09-22T08:56:19.646Z	info	staff-logger	scenario/viewer.go:56	visit top
2026-09-22T08:56:19.646Z	info	staff-logger	scenario/viewer.go:64	get livestream
2026-09-22T08:56:19.646Z	info	staff-logger	scenario/viewer.go:83	visit livestream
2026-09-22T08:56:19.669Z	info	staff-logger	scenario/viewer.go:64	get livestream
2026-09-22T08:56:19.669Z	info	staff-logger	scenario/viewer.go:76	visit user profile
2026-09-22T08:56:19.700Z	info	staff-logger	scenario/viewer.go:32	basic viewer scenario
2026-09-22T08:56:19.700Z	info	staff-logger	scenario/viewer.go:56	visit top
2026-09-22T08:56:19.700Z	info	staff-logger	scenario/viewer.go:64	get livestream
2026-09-22T08:56:19.700Z	info	staff-logger	scenario/viewer.go:83	visit livestream
2026-09-22T08:56:19.733Z	info	staff-logger	scenario/viewer.go:83	visit livestream
2026-09-22T08:56:19.885Z	info	staff-logger	scenario/viewer.go:32	basic viewer scenario
2026-09-22T08:56:19.885Z	info	staff-logger	scenario/viewer.go:56	visit top
2026-09-22T08:56:19.885Z	info	staff-logger	scenario/viewer.go:64	get livestream
2026-09-22T08:56:19.886Z	info	staff-logger	scenario/viewer.go:83	visit livestream
2026-09-22T08:56:19.980Z	info	staff-logger	scenario/viewer.go:83	visit livestream
2026-09-22T08:56:20.004Z	info	staff-logger	scenario/viewer.go:32	basic viewer scenario
2026-09-22T08:56:20.004Z	info	staff-logger	scenario/viewer.go:56	visit top
2026-09-22T08:56:20.004Z	info	staff-logger	scenario/viewer.go:64	get livestream
2026-09-22T08:56:20.004Z	info	staff-logger	scenario/viewer.go:83	visit livestream
2026-09-22T08:56:20.049Z	info	staff-logger	scenario/viewer.go:32	basic viewer scenario
2026-09-22T08:56:20.049Z	info	staff-logger	scenario/viewer.go:56	visit top
2026-09-22T08:56:20.049Z	info	staff-logger	scenario/viewer.go:64	get livestream
2026-09-22T08:56:20.049Z	info	staff-logger	scenario/viewer.go:83	visit livestream
2026-09-22T08:56:20.089Z	info	staff-logger	scenario/viewer.go:32	basic viewer scenario
2026-09-22T08:56:20.089Z	info	staff-logger	scenario/viewer.go:56	visit top
2026-09-22T08:56:20.089Z	info	staff-logger	scenario/viewer.go:64	get livestream
2026-09-22T08:56:20.089Z	info	staff-logger	scenario/viewer.go:83	visit livestream
2026-09-22T08:56:20.107Z	info	staff-logger	scenario/viewer.go:32	basic viewer scenario
2026-09-22T08:56:20.108Z	info	staff-logger	scenario/viewer.go:46	change icon
2026-09-22T08:56:20.159Z	info	staff-logger	scenario/viewer.go:56	visit top
2026-09-22T08:56:20.287Z	info	staff-logger	scenario/viewer.go:32	basic viewer scenario
2026-09-22T08:56:20.287Z	info	staff-logger	scenario/viewer.go:56	visit top
2026-09-22T08:56:20.287Z	info	staff-logger	scenario/viewer.go:64	get livestream
2026-09-22T08:56:20.287Z	info	staff-logger	scenario/viewer.go:83	visit livestream
2026-09-22T08:56:20.321Z	info	staff-logger	scenario/viewer.go:32	basic viewer scenario
2026-09-22T08:56:20.322Z	info	staff-logger	scenario/viewer.go:56	visit top
2026-09-22T08:56:20.322Z	info	staff-logger	scenario/viewer.go:64	get livestream
2026-09-22T08:56:20.322Z	info	staff-logger	scenario/viewer.go:83	visit livestream
2026-09-22T08:56:20.369Z	info	staff-logger	scenario/viewer.go:32	basic viewer scenario
2026-09-22T08:56:20.369Z	info	staff-logger	scenario/viewer.go:56	visit top
2026-09-22T08:56:20.369Z	info	staff-logger	scenario/viewer.go:64	get livestream
2026-09-22T08:56:20.369Z	info	staff-logger	scenario/viewer.go:83	visit livestream
2026-09-22T08:56:20.408Z	info	staff-logger	scenario/viewer.go:32	basic viewer scenario
2026-09-22T08:56:20.408Z	info	staff-logger	scenario/viewer.go:56	visit top
2026-09-22T08:56:20.408Z	info	staff-logger	scenario/viewer.go:64	get livestream
2026-09-22T08:56:20.408Z	info	staff-logger	scenario/viewer.go:83	visit livestream
2026-09-22T08:56:20.569Z	info	staff-logger	scenario/viewer.go:32	basic viewer scenario
2026-09-22T08:56:20.569Z	info	staff-logger	scenario/viewer.go:56	visit top
2026-09-22T08:56:20.569Z	info	staff-logger	scenario/viewer.go:64	get livestream
2026-09-22T08:56:20.569Z	info	staff-logger	scenario/viewer.go:83	visit livestream
2026-09-22T08:56:20.665Z	info	staff-logger	scenario/viewer.go:32	basic viewer scenario
2026-09-22T08:56:20.665Z	info	staff-logger	scenario/viewer.go:56	visit top
2026-09-22T08:56:20.665Z	info	staff-logger	scenario/viewer.go:64	get livestream
2026-09-22T08:56:20.665Z	info	staff-logger	scenario/viewer.go:83	visit livestream
2026-09-22T08:56:20.705Z	info	staff-logger	scenario/viewer.go:32	basic viewer scenario
2026-09-22T08:56:20.705Z	info	staff-logger	scenario/viewer.go:56	visit top
2026-09-22T08:56:20.705Z	info	staff-logger	scenario/viewer.go:64	get livestream
2026-09-22T08:56:20.705Z	info	staff-logger	scenario/viewer.go:83	visit livestream
2026-09-22T08:56:20.783Z	info	staff-logger	scenario/viewer.go:32	basic viewer scenario
2026-09-22T08:56:20.783Z	info	staff-logger	scenario/viewer.go:56	visit top
2026-09-22T08:56:20.783Z	info	staff-logger	scenario/viewer.go:64	get livestream
2026-09-22T08:56:20.783Z	info	staff-logger	scenario/viewer.go:83	visit livestream
2026-09-22T08:56:20.791Z	info	staff-logger	scenario/viewer.go:32	basic viewer scenario
2026-09-22T08:56:20.791Z	info	staff-logger	scenario/viewer.go:56	visit top
2026-09-22T08:56:20.791Z	info	staff-logger	scenario/viewer.go:64	get livestream
2026-09-22T08:56:20.791Z	info	staff-logger	scenario/viewer.go:83	visit livestream
2026-09-22T08:56:20.824Z	info	staff-logger	scenario/viewer.go:90	get livestream stats
2026-09-22T08:56:20.841Z	info	staff-logger	scenario/viewer.go:64	get livestream
2026-09-22T08:56:20.841Z	info	staff-logger	scenario/viewer.go:76	visit user profile
2026-09-22T08:56:20.861Z	info	staff-logger	scenario/viewer.go:90	get livestream stats
2026-09-22T08:56:20.864Z	info	staff-logger	scenario/viewer.go:32	basic viewer scenario
2026-09-22T08:56:20.864Z	info	staff-logger	scenario/viewer.go:56	visit top
2026-09-22T08:56:20.864Z	info	staff-logger	scenario/viewer.go:64	get livestream
2026-09-22T08:56:20.864Z	info	staff-logger	scenario/viewer.go:83	visit livestream
2026-09-22T08:56:21.103Z	info	staff-logger	scenario/viewer.go:32	basic viewer scenario
2026-09-22T08:56:21.103Z	info	staff-logger	scenario/viewer.go:56	visit top
2026-09-22T08:56:21.103Z	info	staff-logger	scenario/viewer.go:64	get livestream
2026-09-22T08:56:21.103Z	info	staff-logger	scenario/viewer.go:83	visit livestream
2026-09-22T08:56:21.144Z	info	staff-logger	scenario/viewer.go:83	visit livestream
2026-09-22T08:56:21.207Z	info	staff-logger	scenario/viewer.go:32	basic viewer scenario
2026-09-22T08:56:21.207Z	info	staff-logger	scenario/viewer.go:56	visit top
2026-09-22T08:56:21.207Z	info	staff-logger	scenario/viewer.go:64	get livestream
2026-09-22T08:56:21.207Z	info	staff-logger	scenario/viewer.go:83	visit livestream
2026-09-22T08:56:21.356Z	info	staff-logger	scenario/viewer.go:32	basic viewer scenario
2026-09-22T08:56:21.357Z	info	staff-logger	scenario/viewer.go:56	visit top
2026-09-22T08:56:21.357Z	info	staff-logger	scenario/viewer.go:64	get livestream
2026-09-22T08:56:21.357Z	info	staff-logger	scenario/viewer.go:83	visit livestream
2026-09-22T08:56:21.574Z	info	staff-logger	scenario/viewer.go:32	basic viewer scenario
2026-09-22T08:56:21.574Z	info	staff-logger	scenario/viewer.go:56	visit top
2026-09-22T08:56:21.574Z	info	staff-logger	scenario/viewer.go:64	get livestream
2026-09-22T08:56:21.574Z	info	staff-logger	scenario/viewer.go:83	visit livestream
2026-09-22T08:56:21.677Z	info	staff-logger	scenario/viewer.go:32	basic viewer scenario
2026-09-22T08:56:21.677Z	info	staff-logger	scenario/viewer.go:56	visit top
2026-09-22T08:56:21.677Z	info	staff-logger	scenario/viewer.go:64	get livestream
2026-09-22T08:56:21.677Z	info	staff-logger	scenario/viewer.go:32	basic viewer scenario
2026-09-22T08:56:21.677Z	info	staff-logger	scenario/viewer.go:83	visit livestream
2026-09-22T08:56:21.677Z	info	staff-logger	scenario/viewer.go:56	visit top
2026-09-22T08:56:21.677Z	info	staff-logger	scenario/viewer.go:64	get livestream
2026-09-22T08:56:21.677Z	info	staff-logger	scenario/viewer.go:83	visit livestream
2026-09-22T08:56:21.815Z	info	staff-logger	scenario/viewer.go:32	basic viewer scenario
2026-09-22T08:56:21.815Z	info	staff-logger	scenario/viewer.go:56	visit top
2026-09-22T08:56:21.815Z	info	staff-logger	scenario/viewer.go:64	get livestream
2026-09-22T08:56:21.815Z	info	staff-logger	scenario/viewer.go:83	visit livestream
2026-09-22T08:56:22.164Z	info	staff-logger	scenario/viewer.go:32	basic viewer scenario
2026-09-22T08:56:22.164Z	info	staff-logger	scenario/viewer.go:56	visit top
2026-09-22T08:56:22.191Z	info	staff-logger	scenario/viewer.go:32	basic viewer scenario
2026-09-22T08:56:22.192Z	info	staff-logger	scenario/viewer.go:56	visit top
2026-09-22T08:56:22.192Z	info	staff-logger	scenario/viewer.go:64	get livestream
2026-09-22T08:56:22.192Z	info	staff-logger	scenario/viewer.go:83	visit livestream
2026-09-22T08:56:22.193Z	info	staff-logger	scenario/viewer.go:32	basic viewer scenario
2026-09-22T08:56:22.193Z	info	staff-logger	scenario/viewer.go:56	visit top
2026-09-22T08:56:22.193Z	info	staff-logger	scenario/viewer.go:64	get livestream
2026-09-22T08:56:22.193Z	info	staff-logger	scenario/viewer.go:83	visit livestream
2026-09-22T08:56:22.390Z	info	staff-logger	scenario/viewer.go:32	basic viewer scenario
2026-09-22T08:56:22.391Z	info	staff-logger	scenario/viewer.go:56	visit top
2026-09-22T08:56:22.391Z	info	staff-logger	scenario/viewer.go:64	get livestream
2026-09-22T08:56:22.391Z	info	staff-logger	scenario/viewer.go:83	visit livestream
2026-09-22T08:56:22.667Z	info	staff-logger	scenario/viewer.go:32	basic viewer scenario
2026-09-22T08:56:22.667Z	info	staff-logger	scenario/viewer.go:56	visit top
2026-09-22T08:56:22.667Z	info	staff-logger	scenario/viewer.go:64	get livestream
2026-09-22T08:56:22.667Z	info	staff-logger	scenario/viewer.go:83	visit livestream
2026-09-22T08:56:22.674Z	info	staff-logger	scenario/viewer.go:32	basic viewer scenario
2026-09-22T08:56:22.675Z	info	staff-logger	scenario/viewer.go:56	visit top
2026-09-22T08:56:22.675Z	info	staff-logger	scenario/viewer.go:64	get livestream
2026-09-22T08:56:22.675Z	info	staff-logger	scenario/viewer.go:83	visit livestream
2026-09-22T08:56:22.739Z	info	staff-logger	scenario/viewer.go:32	basic viewer scenario
2026-09-22T08:56:22.739Z	info	staff-logger	scenario/viewer.go:56	visit top
2026-09-22T08:56:22.739Z	info	staff-logger	scenario/viewer.go:64	get livestream
2026-09-22T08:56:22.739Z	info	staff-logger	scenario/viewer.go:83	visit livestream
2026-09-22T08:56:22.768Z	info	staff-logger	scenario/viewer.go:32	basic viewer scenario
2026-09-22T08:56:22.768Z	info	staff-logger	scenario/viewer.go:56	visit top
2026-09-22T08:56:22.768Z	info	staff-logger	scenario/viewer.go:64	get livestream
2026-09-22T08:56:22.768Z	info	staff-logger	scenario/viewer.go:83	visit livestream
2026-09-22T08:56:22.803Z	info	staff-logger	scenario/viewer.go:32	basic viewer scenario
2026-09-22T08:56:22.803Z	info	staff-logger	scenario/viewer.go:56	visit top
2026-09-22T08:56:22.803Z	info	staff-logger	scenario/viewer.go:64	get livestream
2026-09-22T08:56:22.803Z	info	staff-logger	scenario/viewer.go:83	visit livestream
2026-09-22T08:56:22.872Z	info	staff-logger	scenario/viewer.go:32	basic viewer scenario
2026-09-22T08:56:22.872Z	info	staff-logger	scenario/viewer.go:56	visit top
2026-09-22T08:56:22.895Z	info	staff-logger	scenario/viewer.go:64	get livestream
2026-09-22T08:56:22.895Z	info	staff-logger	scenario/viewer.go:76	visit user profile
2026-09-22T08:56:22.997Z	info	staff-logger	scenario/viewer.go:32	basic viewer scenario
2026-09-22T08:56:22.997Z	info	staff-logger	scenario/viewer.go:56	visit top
2026-09-22T08:56:22.997Z	info	staff-logger	scenario/viewer.go:64	get livestream
2026-09-22T08:56:22.997Z	info	staff-logger	scenario/viewer.go:83	visit livestream
2026-09-22T08:56:23.129Z	info	staff-logger	scenario/viewer.go:83	visit livestream
2026-09-22T08:56:23.380Z	info	staff-logger	scenario/viewer.go:64	get livestream
2026-09-22T08:56:23.380Z	info	staff-logger	scenario/viewer.go:76	visit user profile
2026-09-22T08:56:23.403Z	info	staff-logger	scenario/viewer.go:32	basic viewer scenario
2026-09-22T08:56:23.403Z	info	staff-logger	scenario/viewer.go:56	visit top
2026-09-22T08:56:23.403Z	info	staff-logger	scenario/viewer.go:64	get livestream
2026-09-22T08:56:23.403Z	info	staff-logger	scenario/viewer.go:83	visit livestream
2026-09-22T08:56:23.623Z	info	staff-logger	scenario/viewer.go:32	basic viewer scenario
2026-09-22T08:56:23.623Z	info	staff-logger	scenario/viewer.go:56	visit top
2026-09-22T08:56:23.623Z	info	staff-logger	scenario/viewer.go:64	get livestream
2026-09-22T08:56:23.623Z	info	staff-logger	scenario/viewer.go:83	visit livestream
2026-09-22T08:56:23.650Z	info	staff-logger	scenario/viewer.go:32	basic viewer scenario
2026-09-22T08:56:23.650Z	info	staff-logger	scenario/viewer.go:56	visit top
2026-09-22T08:56:23.650Z	info	staff-logger	scenario/viewer.go:64	get livestream
2026-09-22T08:56:23.650Z	info	staff-logger	scenario/viewer.go:83	visit livestream
2026-09-22T08:56:23.667Z	info	staff-logger	scenario/viewer.go:83	visit livestream
2026-09-22T08:56:23.747Z	info	staff-logger	scenario/viewer.go:32	basic viewer scenario
2026-09-22T08:56:23.747Z	info	staff-logger	scenario/viewer.go:56	visit top
2026-09-22T08:56:23.747Z	info	staff-logger	scenario/viewer.go:64	get livestream
2026-09-22T08:56:23.747Z	info	staff-logger	scenario/viewer.go:83	visit livestream
2026-09-22T08:56:23.747Z	info	staff-logger	scenario/viewer.go:32	basic viewer scenario
2026-09-22T08:56:23.747Z	info	staff-logger	scenario/viewer.go:56	visit top
2026-09-22T08:56:23.747Z	info	staff-logger	scenario/viewer.go:64	get livestream
2026-09-22T08:56:23.747Z	info	staff-logger	scenario/viewer.go:83	visit livestream
2026-09-22T08:56:23.810Z	info	staff-logger	scenario/viewer.go:32	basic viewer scenario
2026-09-22T08:56:23.810Z	info	staff-logger	scenario/viewer.go:56	visit top
2026-09-22T08:56:23.810Z	info	staff-logger	scenario/viewer.go:64	get livestream
2026-09-22T08:56:23.810Z	info	staff-logger	scenario/viewer.go:83	visit livestream
2026-09-22T08:56:23.820Z	info	staff-logger	scenario/viewer.go:32	basic viewer scenario
2026-09-22T08:56:23.820Z	info	staff-logger	scenario/viewer.go:56	visit top
2026-09-22T08:56:23.820Z	info	staff-logger	scenario/viewer.go:64	get livestream
2026-09-22T08:56:23.820Z	info	staff-logger	scenario/viewer.go:83	visit livestream
2026-09-22T08:56:23.869Z	info	staff-logger	scenario/viewer.go:32	basic viewer scenario
2026-09-22T08:56:23.869Z	info	staff-logger	scenario/viewer.go:56	visit top
2026-09-22T08:56:23.870Z	info	staff-logger	scenario/viewer.go:64	get livestream
2026-09-22T08:56:23.870Z	info	staff-logger	scenario/viewer.go:83	visit livestream
2026-09-22T08:56:23.940Z	info	staff-logger	scenario/viewer.go:32	basic viewer scenario
2026-09-22T08:56:23.940Z	info	staff-logger	scenario/viewer.go:56	visit top
2026-09-22T08:56:23.940Z	info	staff-logger	scenario/viewer.go:64	get livestream
2026-09-22T08:56:23.940Z	info	staff-logger	scenario/viewer.go:83	visit livestream
2026-09-22T08:56:24.234Z	info	staff-logger	scenario/viewer.go:32	basic viewer scenario
2026-09-22T08:56:24.234Z	info	staff-logger	scenario/viewer.go:56	visit top
2026-09-22T08:56:24.234Z	info	staff-logger	scenario/viewer.go:64	get livestream
2026-09-22T08:56:24.234Z	info	staff-logger	scenario/viewer.go:83	visit livestream
2026-09-22T08:56:24.243Z	info	staff-logger	scenario/viewer.go:32	basic viewer scenario
2026-09-22T08:56:24.243Z	info	staff-logger	scenario/viewer.go:56	visit top
2026-09-22T08:56:24.243Z	info	staff-logger	scenario/viewer.go:64	get livestream
2026-09-22T08:56:24.243Z	info	staff-logger	scenario/viewer.go:83	visit livestream
2026-09-22T08:56:24.291Z	info	staff-logger	scenario/viewer.go:32	basic viewer scenario
2026-09-22T08:56:24.291Z	info	staff-logger	scenario/viewer.go:56	visit top
2026-09-22T08:56:24.291Z	info	staff-logger	scenario/viewer.go:64	get livestream
2026-09-22T08:56:24.291Z	info	staff-logger	scenario/viewer.go:83	visit livestream
2026-09-22T08:56:24.350Z	info	staff-logger	scenario/viewer.go:32	basic viewer scenario
2026-09-22T08:56:24.350Z	info	staff-logger	scenario/viewer.go:56	visit top
2026-09-22T08:56:24.350Z	info	staff-logger	scenario/viewer.go:64	get livestream
2026-09-22T08:56:24.350Z	info	staff-logger	scenario/viewer.go:83	visit livestream
2026-09-22T08:56:24.621Z	info	staff-logger	scenario/viewer.go:32	basic viewer scenario
2026-09-22T08:56:24.621Z	info	staff-logger	scenario/viewer.go:56	visit top
2026-09-22T08:56:24.621Z	info	staff-logger	scenario/viewer.go:64	get livestream
2026-09-22T08:56:24.621Z	info	staff-logger	scenario/viewer.go:83	visit livestream
2026-09-22T08:56:24.692Z	info	staff-logger	scenario/viewer.go:32	basic viewer scenario
2026-09-22T08:56:24.692Z	info	staff-logger	scenario/viewer.go:56	visit top
2026-09-22T08:56:24.692Z	info	staff-logger	scenario/viewer.go:64	get livestream
2026-09-22T08:56:24.692Z	info	staff-logger	scenario/viewer.go:83	visit livestream
2026-09-22T08:56:24.772Z	info	staff-logger	scenario/viewer.go:32	basic viewer scenario
2026-09-22T08:56:24.772Z	info	staff-logger	scenario/viewer.go:56	visit top
2026-09-22T08:56:24.772Z	info	staff-logger	scenario/viewer.go:64	get livestream
2026-09-22T08:56:24.772Z	info	staff-logger	scenario/viewer.go:83	visit livestream
2026-09-22T08:56:24.837Z	info	staff-logger	scenario/viewer.go:32	basic viewer scenario
2026-09-22T08:56:24.837Z	info	staff-logger	scenario/viewer.go:56	visit top
2026-09-22T08:56:24.837Z	info	staff-logger	scenario/viewer.go:64	get livestream
2026-09-22T08:56:24.837Z	info	staff-logger	scenario/viewer.go:83	visit livestream
2026-09-22T08:56:24.949Z	info	staff-logger	scenario/viewer.go:32	basic viewer scenario
2026-09-22T08:56:24.949Z	info	staff-logger	scenario/viewer.go:56	visit top
2026-09-22T08:56:24.949Z	info	staff-logger	scenario/viewer.go:64	get livestream
2026-09-22T08:56:24.949Z	info	staff-logger	scenario/viewer.go:83	visit livestream
2026-09-22T08:56:24.962Z	warn	staff-logger	scenario/viewer.go:178	viewer_spam: failed to post livecomment (moderated spam): benchmark-application: [一般エラー] POST /api/livestream/7549/livecomment へのリクエストに対して、期待されたHTTPステータスコードが確認できませんでした (expected:400, actual:201)

2026-09-22T08:56:24.973Z	info	staff-logger	scenario/viewer.go:32	basic viewer scenario
2026-09-22T08:56:24.974Z	info	staff-logger	scenario/viewer.go:56	visit top
2026-09-22T08:56:24.974Z	info	staff-logger	scenario/viewer.go:64	get livestream
2026-09-22T08:56:24.974Z	info	staff-logger	scenario/viewer.go:83	visit livestream
2026-09-22T08:56:25.292Z	info	staff-logger	scenario/viewer.go:32	basic viewer scenario
2026-09-22T08:56:25.292Z	info	staff-logger	scenario/viewer.go:56	visit top
2026-09-22T08:56:25.292Z	info	staff-logger	scenario/viewer.go:64	get livestream
2026-09-22T08:56:25.292Z	info	staff-logger	scenario/viewer.go:83	visit livestream
2026-09-22T08:56:25.339Z	info	staff-logger	scenario/viewer.go:32	basic viewer scenario
2026-09-22T08:56:25.339Z	info	staff-logger	scenario/viewer.go:56	visit top
2026-09-22T08:56:25.339Z	info	staff-logger	scenario/viewer.go:64	get livestream
2026-09-22T08:56:25.339Z	info	staff-logger	scenario/viewer.go:83	visit livestream
2026-09-22T08:56:25.572Z	info	staff-logger	scenario/viewer.go:32	basic viewer scenario
2026-09-22T08:56:25.572Z	info	staff-logger	scenario/viewer.go:56	visit top
2026-09-22T08:56:25.572Z	info	staff-logger	scenario/viewer.go:64	get livestream
2026-09-22T08:56:25.572Z	info	staff-logger	scenario/viewer.go:83	visit livestream
2026-09-22T08:56:25.685Z	info	staff-logger	scenario/viewer.go:32	basic viewer scenario
2026-09-22T08:56:25.685Z	info	staff-logger	scenario/viewer.go:56	visit top
2026-09-22T08:56:25.685Z	info	staff-logger	scenario/viewer.go:64	get livestream
2026-09-22T08:56:25.686Z	info	staff-logger	scenario/viewer.go:83	visit livestream
2026-09-22T08:56:25.847Z	info	staff-logger	scenario/viewer.go:32	basic viewer scenario
2026-09-22T08:56:25.847Z	info	staff-logger	scenario/viewer.go:56	visit top
2026-09-22T08:56:25.847Z	info	staff-logger	scenario/viewer.go:64	get livestream
2026-09-22T08:56:25.847Z	info	staff-logger	scenario/viewer.go:83	visit livestream
2026-09-22T08:56:25.892Z	info	staff-logger	scenario/viewer.go:32	basic viewer scenario
2026-09-22T08:56:25.892Z	info	staff-logger	scenario/viewer.go:56	visit top
2026-09-22T08:56:25.923Z	info	staff-logger	scenario/viewer.go:32	basic viewer scenario
2026-09-22T08:56:25.923Z	info	staff-logger	scenario/viewer.go:56	visit top
2026-09-22T08:56:25.923Z	info	staff-logger	scenario/viewer.go:64	get livestream
2026-09-22T08:56:25.923Z	info	staff-logger	scenario/viewer.go:83	visit livestream
2026-09-22T08:56:25.958Z	info	staff-logger	scenario/viewer.go:32	basic viewer scenario
2026-09-22T08:56:25.958Z	info	staff-logger	scenario/viewer.go:56	visit top
2026-09-22T08:56:26.167Z	info	staff-logger	scenario/viewer.go:32	basic viewer scenario
2026-09-22T08:56:26.167Z	info	staff-logger	scenario/viewer.go:56	visit top
2026-09-22T08:56:26.167Z	info	staff-logger	scenario/viewer.go:64	get livestream
2026-09-22T08:56:26.167Z	info	staff-logger	scenario/viewer.go:83	visit livestream
2026-09-22T08:56:26.284Z	info	staff-logger	scenario/viewer.go:32	basic viewer scenario
2026-09-22T08:56:26.284Z	info	staff-logger	scenario/viewer.go:56	visit top
2026-09-22T08:56:26.284Z	info	staff-logger	scenario/viewer.go:64	get livestream
2026-09-22T08:56:26.284Z	info	staff-logger	scenario/viewer.go:83	visit livestream
2026-09-22T08:56:26.289Z	info	staff-logger	scenario/viewer.go:32	basic viewer scenario
2026-09-22T08:56:26.289Z	info	staff-logger	scenario/viewer.go:56	visit top
2026-09-22T08:56:26.295Z	info	staff-logger	scenario/viewer.go:32	basic viewer scenario
2026-09-22T08:56:26.295Z	info	staff-logger	scenario/viewer.go:56	visit top
2026-09-22T08:56:26.295Z	info	staff-logger	scenario/viewer.go:64	get livestream
2026-09-22T08:56:26.295Z	info	staff-logger	scenario/viewer.go:83	visit livestream
2026-09-22T08:56:26.450Z	info	staff-logger	scenario/viewer.go:90	get livestream stats
2026-09-22T08:56:26.487Z	info	staff-logger	scenario/viewer.go:64	get livestream
2026-09-22T08:56:26.487Z	info	staff-logger	scenario/viewer.go:76	visit user profile
2026-09-22T08:56:26.576Z	info	staff-logger	scenario/viewer.go:32	basic viewer scenario
2026-09-22T08:56:26.576Z	info	staff-logger	scenario/viewer.go:56	visit top
2026-09-22T08:56:26.576Z	info	staff-logger	scenario/viewer.go:64	get livestream
2026-09-22T08:56:26.576Z	info	staff-logger	scenario/viewer.go:83	visit livestream
2026-09-22T08:56:26.610Z	info	staff-logger	scenario/viewer.go:64	get livestream
2026-09-22T08:56:26.610Z	info	staff-logger	scenario/viewer.go:76	visit user profile
2026-09-22T08:56:26.611Z	info	staff-logger	scenario/viewer.go:32	basic viewer scenario
2026-09-22T08:56:26.611Z	info	staff-logger	scenario/viewer.go:56	visit top
2026-09-22T08:56:26.611Z	info	staff-logger	scenario/viewer.go:64	get livestream
2026-09-22T08:56:26.611Z	info	staff-logger	scenario/viewer.go:83	visit livestream
2026-09-22T08:56:26.804Z	info	staff-logger	scenario/viewer.go:83	visit livestream
2026-09-22T08:56:26.849Z	info	staff-logger	scenario/viewer.go:64	get livestream
2026-09-22T08:56:26.849Z	info	staff-logger	scenario/viewer.go:76	visit user profile
2026-09-22T08:56:26.883Z	info	staff-logger	scenario/viewer.go:83	visit livestream
2026-09-22T08:56:26.918Z	info	staff-logger	scenario/viewer.go:32	basic viewer scenario
2026-09-22T08:56:26.918Z	info	staff-logger	scenario/viewer.go:56	visit top
2026-09-22T08:56:26.918Z	info	staff-logger	scenario/viewer.go:64	get livestream
2026-09-22T08:56:26.918Z	info	staff-logger	scenario/viewer.go:83	visit livestream
2026-09-22T08:56:26.964Z	info	staff-logger	scenario/viewer.go:32	basic viewer scenario
2026-09-22T08:56:26.964Z	info	staff-logger	scenario/viewer.go:56	visit top
2026-09-22T08:56:26.964Z	info	staff-logger	scenario/viewer.go:64	get livestream
2026-09-22T08:56:26.964Z	info	staff-logger	scenario/viewer.go:83	visit livestream
2026-09-22T08:56:27.029Z	info	staff-logger	scenario/viewer.go:83	visit livestream
2026-09-22T08:56:27.060Z	info	staff-logger	scenario/viewer.go:32	basic viewer scenario
2026-09-22T08:56:27.060Z	info	staff-logger	scenario/viewer.go:56	visit top
2026-09-22T08:56:27.062Z	info	staff-logger	scenario/viewer.go:32	basic viewer scenario
2026-09-22T08:56:27.062Z	info	staff-logger	scenario/viewer.go:56	visit top
2026-09-22T08:56:27.062Z	info	staff-logger	scenario/viewer.go:64	get livestream
2026-09-22T08:56:27.062Z	info	staff-logger	scenario/viewer.go:83	visit livestream
2026-09-22T08:56:27.105Z	info	staff-logger	scenario/viewer.go:32	basic viewer scenario
2026-09-22T08:56:27.105Z	info	staff-logger	scenario/viewer.go:56	visit top
2026-09-22T08:56:27.105Z	info	staff-logger	scenario/viewer.go:64	get livestream
2026-09-22T08:56:27.105Z	info	staff-logger	scenario/viewer.go:83	visit livestream
2026-09-22T08:56:27.227Z	info	staff-logger	scenario/viewer.go:32	basic viewer scenario
2026-09-22T08:56:27.227Z	info	staff-logger	scenario/viewer.go:56	visit top
2026-09-22T08:56:27.227Z	info	staff-logger	scenario/viewer.go:64	get livestream
2026-09-22T08:56:27.227Z	info	staff-logger	scenario/viewer.go:83	visit livestream
2026-09-22T08:56:27.254Z	info	staff-logger	scenario/viewer.go:32	basic viewer scenario
2026-09-22T08:56:27.254Z	info	staff-logger	scenario/viewer.go:56	visit top
2026-09-22T08:56:27.254Z	info	staff-logger	scenario/viewer.go:64	get livestream
2026-09-22T08:56:27.254Z	info	staff-logger	scenario/viewer.go:83	visit livestream
2026-09-22T08:56:27.346Z	info	staff-logger	scenario/viewer.go:32	basic viewer scenario
2026-09-22T08:56:27.346Z	info	staff-logger	scenario/viewer.go:56	visit top
2026-09-22T08:56:27.346Z	info	staff-logger	scenario/viewer.go:64	get livestream
2026-09-22T08:56:27.346Z	info	staff-logger	scenario/viewer.go:83	visit livestream
2026-09-22T08:56:27.414Z	info	staff-logger	scenario/viewer.go:32	basic viewer scenario
2026-09-22T08:56:27.414Z	info	staff-logger	scenario/viewer.go:56	visit top
2026-09-22T08:56:27.415Z	info	staff-logger	scenario/viewer.go:64	get livestream
2026-09-22T08:56:27.415Z	info	staff-logger	scenario/viewer.go:83	visit livestream
2026-09-22T08:56:27.458Z	info	staff-logger	scenario/viewer.go:90	get livestream stats
2026-09-22T08:56:27.626Z	info	staff-logger	scenario/viewer.go:64	get livestream
2026-09-22T08:56:27.627Z	info	staff-logger	scenario/viewer.go:76	visit user profile
2026-09-22T08:56:27.807Z	info	staff-logger	scenario/streamer.go:48	change icon
2026-09-22T08:56:27.846Z	info	staff-logger	scenario/viewer.go:32	basic viewer scenario
2026-09-22T08:56:27.846Z	info	staff-logger	scenario/viewer.go:56	visit top
2026-09-22T08:56:27.846Z	info	staff-logger	scenario/viewer.go:64	get livestream
2026-09-22T08:56:27.846Z	info	staff-logger	scenario/viewer.go:83	visit livestream
2026-09-22T08:56:27.852Z	info	staff-logger	scenario/viewer.go:83	visit livestream
2026-09-22T08:56:27.861Z	info	staff-logger	scenario/viewer.go:32	basic viewer scenario
2026-09-22T08:56:27.861Z	info	staff-logger	scenario/viewer.go:56	visit top
2026-09-22T08:56:27.861Z	info	staff-logger	scenario/viewer.go:64	get livestream
2026-09-22T08:56:27.861Z	info	staff-logger	scenario/viewer.go:83	visit livestream
2026-09-22T08:56:27.940Z	info	staff-logger	scenario/viewer.go:90	get livestream stats
2026-09-22T08:56:27.969Z	info	staff-logger	scenario/viewer.go:32	basic viewer scenario
2026-09-22T08:56:27.969Z	info	staff-logger	scenario/viewer.go:56	visit top
2026-09-22T08:56:27.969Z	info	staff-logger	scenario/viewer.go:64	get livestream
2026-09-22T08:56:27.969Z	info	staff-logger	scenario/viewer.go:83	visit livestream
2026-09-22T08:56:27.982Z	info	staff-logger	scenario/viewer.go:32	basic viewer scenario
2026-09-22T08:56:27.982Z	info	staff-logger	scenario/viewer.go:56	visit top
2026-09-22T08:56:27.982Z	info	staff-logger	scenario/viewer.go:64	get livestream
2026-09-22T08:56:27.982Z	info	staff-logger	scenario/viewer.go:83	visit livestream
2026-09-22T08:56:28.020Z	info	staff-logger	scenario/viewer.go:32	basic viewer scenario
2026-09-22T08:56:28.020Z	info	staff-logger	scenario/viewer.go:56	visit top
2026-09-22T08:56:28.020Z	info	staff-logger	scenario/viewer.go:64	get livestream
2026-09-22T08:56:28.020Z	info	staff-logger	scenario/viewer.go:83	visit livestream
2026-09-22T08:56:28.064Z	info	staff-logger	scenario/viewer.go:90	get livestream stats
2026-09-22T08:56:28.169Z	info	staff-logger	scenario/viewer.go:32	basic viewer scenario
2026-09-22T08:56:28.169Z	info	staff-logger	scenario/viewer.go:56	visit top
2026-09-22T08:56:28.169Z	info	staff-logger	scenario/viewer.go:64	get livestream
2026-09-22T08:56:28.169Z	info	staff-logger	scenario/viewer.go:83	visit livestream
2026-09-22T08:56:28.181Z	info	staff-logger	scenario/viewer.go:32	basic viewer scenario
2026-09-22T08:56:28.181Z	info	staff-logger	scenario/viewer.go:56	visit top
2026-09-22T08:56:28.181Z	info	staff-logger	scenario/viewer.go:64	get livestream
2026-09-22T08:56:28.181Z	info	staff-logger	scenario/viewer.go:83	visit livestream
2026-09-22T08:56:28.284Z	info	staff-logger	scenario/viewer.go:32	basic viewer scenario
2026-09-22T08:56:28.284Z	info	staff-logger	scenario/viewer.go:46	change icon
2026-09-22T08:56:28.324Z	info	staff-logger	scenario/viewer.go:56	visit top
2026-09-22T08:56:28.337Z	info	staff-logger	scenario/viewer.go:32	basic viewer scenario
2026-09-22T08:56:28.337Z	info	staff-logger	scenario/viewer.go:56	visit top
2026-09-22T08:56:28.337Z	info	staff-logger	scenario/viewer.go:64	get livestream
2026-09-22T08:56:28.337Z	info	staff-logger	scenario/viewer.go:83	visit livestream
2026-09-22T08:56:28.440Z	info	staff-logger	scenario/streamer.go:48	change icon
2026-09-22T08:56:28.535Z	info	staff-logger	scenario/viewer.go:32	basic viewer scenario
2026-09-22T08:56:28.535Z	info	staff-logger	scenario/viewer.go:56	visit top
2026-09-22T08:56:28.535Z	info	staff-logger	scenario/viewer.go:64	get livestream
2026-09-22T08:56:28.535Z	info	staff-logger	scenario/viewer.go:83	visit livestream
2026-09-22T08:56:28.700Z	info	staff-logger	scenario/viewer.go:32	basic viewer scenario
2026-09-22T08:56:28.700Z	info	staff-logger	scenario/viewer.go:56	visit top
2026-09-22T08:56:28.700Z	info	staff-logger	scenario/viewer.go:64	get livestream
2026-09-22T08:56:28.700Z	info	staff-logger	scenario/viewer.go:83	visit livestream
2026-09-22T08:56:28.833Z	info	staff-logger	scenario/viewer.go:32	basic viewer scenario
2026-09-22T08:56:28.833Z	info	staff-logger	scenario/viewer.go:56	visit top
2026-09-22T08:56:28.833Z	info	staff-logger	scenario/viewer.go:64	get livestream
2026-09-22T08:56:28.833Z	info	staff-logger	scenario/viewer.go:83	visit livestream
2026-09-22T08:56:28.861Z	info	staff-logger	scenario/viewer.go:32	basic viewer scenario
2026-09-22T08:56:28.861Z	info	staff-logger	scenario/viewer.go:56	visit top
2026-09-22T08:56:28.861Z	info	staff-logger	scenario/viewer.go:64	get livestream
2026-09-22T08:56:28.861Z	info	staff-logger	scenario/viewer.go:83	visit livestream
2026-09-22T08:56:28.869Z	info	staff-logger	scenario/viewer.go:32	basic viewer scenario
2026-09-22T08:56:28.869Z	info	staff-logger	scenario/viewer.go:56	visit top
2026-09-22T08:56:28.869Z	info	staff-logger	scenario/viewer.go:64	get livestream
2026-09-22T08:56:28.869Z	info	staff-logger	scenario/viewer.go:83	visit livestream
2026-09-22T08:56:28.991Z	info	staff-logger	scenario/viewer.go:32	basic viewer scenario
2026-09-22T08:56:28.991Z	info	staff-logger	scenario/viewer.go:56	visit top
2026-09-22T08:56:28.992Z	info	staff-logger	scenario/viewer.go:64	get livestream
2026-09-22T08:56:28.992Z	info	staff-logger	scenario/viewer.go:83	visit livestream
2026-09-22T08:56:28.998Z	info	staff-logger	scenario/viewer.go:64	get livestream
2026-09-22T08:56:28.998Z	info	staff-logger	scenario/viewer.go:76	visit user profile
2026-09-22T08:56:29.223Z	info	staff-logger	scenario/viewer.go:83	visit livestream
2026-09-22T08:56:29.334Z	info	staff-logger	scenario/viewer.go:32	basic viewer scenario
2026-09-22T08:56:29.334Z	info	staff-logger	scenario/viewer.go:56	visit top
2026-09-22T08:56:29.334Z	info	staff-logger	scenario/viewer.go:64	get livestream
2026-09-22T08:56:29.334Z	info	staff-logger	scenario/viewer.go:83	visit livestream
2026-09-22T08:56:29.351Z	info	staff-logger	scenario/viewer.go:32	basic viewer scenario
2026-09-22T08:56:29.351Z	info	staff-logger	scenario/viewer.go:56	visit top
2026-09-22T08:56:29.351Z	info	staff-logger	scenario/viewer.go:64	get livestream
2026-09-22T08:56:29.351Z	info	staff-logger	scenario/viewer.go:83	visit livestream
2026-09-22T08:56:29.500Z	info	staff-logger	scenario/viewer.go:32	basic viewer scenario
2026-09-22T08:56:29.500Z	info	staff-logger	scenario/viewer.go:56	visit top
2026-09-22T08:56:29.500Z	info	staff-logger	scenario/viewer.go:64	get livestream
2026-09-22T08:56:29.500Z	info	staff-logger	scenario/viewer.go:83	visit livestream
2026-09-22T08:56:29.755Z	info	staff-logger	scenario/viewer.go:32	basic viewer scenario
2026-09-22T08:56:29.755Z	info	staff-logger	scenario/viewer.go:56	visit top
2026-09-22T08:56:29.755Z	info	staff-logger	scenario/viewer.go:64	get livestream
2026-09-22T08:56:29.755Z	info	staff-logger	scenario/viewer.go:83	visit livestream
2026-09-22T08:56:29.839Z	info	staff-logger	scenario/viewer.go:32	basic viewer scenario
2026-09-22T08:56:29.839Z	info	staff-logger	scenario/viewer.go:56	visit top
2026-09-22T08:56:29.839Z	info	staff-logger	scenario/viewer.go:64	get livestream
2026-09-22T08:56:29.839Z	info	staff-logger	scenario/viewer.go:83	visit livestream
2026-09-22T08:56:29.862Z	info	staff-logger	scenario/viewer.go:32	basic viewer scenario
2026-09-22T08:56:29.862Z	info	staff-logger	scenario/viewer.go:56	visit top
2026-09-22T08:56:29.862Z	info	staff-logger	scenario/viewer.go:64	get livestream
2026-09-22T08:56:29.862Z	info	staff-logger	scenario/viewer.go:83	visit livestream
2026-09-22T08:56:29.997Z	info	staff-logger	scenario/viewer.go:32	basic viewer scenario
2026-09-22T08:56:29.997Z	info	staff-logger	scenario/viewer.go:56	visit top
2026-09-22T08:56:29.997Z	info	staff-logger	scenario/viewer.go:64	get livestream
2026-09-22T08:56:29.997Z	info	staff-logger	scenario/viewer.go:83	visit livestream
2026-09-22T08:56:30.103Z	warn	staff-logger	scenario/viewer.go:178	viewer_spam: failed to post livecomment (moderated spam): benchmark-application: [一般エラー] POST /api/livestream/7536/livecomment へのリクエストに対して、期待されたHTTPステータスコードが確認できませんでした (expected:400, actual:201)

2026-09-22T08:56:30.176Z	info	staff-logger	scenario/viewer.go:32	basic viewer scenario
2026-09-22T08:56:30.176Z	info	staff-logger	scenario/viewer.go:56	visit top
2026-09-22T08:56:30.176Z	info	staff-logger	scenario/viewer.go:64	get livestream
2026-09-22T08:56:30.176Z	info	staff-logger	scenario/viewer.go:83	visit livestream
2026-09-22T08:56:30.378Z	info	staff-logger	scenario/viewer.go:32	basic viewer scenario
2026-09-22T08:56:30.378Z	info	staff-logger	scenario/viewer.go:56	visit top
2026-09-22T08:56:30.378Z	info	staff-logger	scenario/viewer.go:64	get livestream
2026-09-22T08:56:30.379Z	info	staff-logger	scenario/viewer.go:83	visit livestream
2026-09-22T08:56:30.404Z	info	staff-logger	scenario/viewer.go:32	basic viewer scenario
2026-09-22T08:56:30.405Z	info	staff-logger	scenario/viewer.go:56	visit top
2026-09-22T08:56:30.405Z	info	staff-logger	scenario/viewer.go:64	get livestream
2026-09-22T08:56:30.405Z	info	staff-logger	scenario/viewer.go:83	visit livestream
2026-09-22T08:56:30.557Z	info	staff-logger	scenario/viewer.go:32	basic viewer scenario
2026-09-22T08:56:30.557Z	info	staff-logger	scenario/viewer.go:56	visit top
2026-09-22T08:56:30.557Z	info	staff-logger	scenario/viewer.go:64	get livestream
2026-09-22T08:56:30.557Z	info	staff-logger	scenario/viewer.go:83	visit livestream
2026-09-22T08:56:30.649Z	info	staff-logger	scenario/streamer.go:48	change icon
2026-09-22T08:56:30.676Z	info	staff-logger	scenario/viewer.go:32	basic viewer scenario
2026-09-22T08:56:30.676Z	info	staff-logger	scenario/viewer.go:56	visit top
2026-09-22T08:56:30.676Z	info	staff-logger	scenario/viewer.go:64	get livestream
2026-09-22T08:56:30.676Z	info	staff-logger	scenario/viewer.go:83	visit livestream
2026-09-22T08:56:30.740Z	info	staff-logger	scenario/viewer.go:90	get livestream stats
2026-09-22T08:56:30.752Z	info	staff-logger	scenario/viewer.go:32	basic viewer scenario
2026-09-22T08:56:30.752Z	info	staff-logger	scenario/viewer.go:56	visit top
2026-09-22T08:56:30.752Z	info	staff-logger	scenario/viewer.go:64	get livestream
2026-09-22T08:56:30.752Z	info	staff-logger	scenario/viewer.go:83	visit livestream
2026-09-22T08:56:30.776Z	info	staff-logger	scenario/viewer.go:32	basic viewer scenario
2026-09-22T08:56:30.776Z	info	staff-logger	scenario/viewer.go:56	visit top
2026-09-22T08:56:30.776Z	info	staff-logger	scenario/viewer.go:64	get livestream
2026-09-22T08:56:30.776Z	info	staff-logger	scenario/viewer.go:83	visit livestream
2026-09-22T08:56:31.121Z	info	staff-logger	scenario/viewer.go:32	basic viewer scenario
2026-09-22T08:56:31.121Z	info	staff-logger	scenario/viewer.go:56	visit top
2026-09-22T08:56:31.121Z	info	staff-logger	scenario/viewer.go:64	get livestream
2026-09-22T08:56:31.121Z	info	staff-logger	scenario/viewer.go:83	visit livestream
2026-09-22T08:56:31.368Z	info	staff-logger	scenario/viewer.go:32	basic viewer scenario
2026-09-22T08:56:31.368Z	info	staff-logger	scenario/viewer.go:56	visit top
2026-09-22T08:56:31.372Z	info	staff-logger	scenario/viewer.go:32	basic viewer scenario
2026-09-22T08:56:31.372Z	info	staff-logger	scenario/viewer.go:56	visit top
2026-09-22T08:56:31.455Z	info	staff-logger	scenario/streamer.go:48	change icon
2026-09-22T08:56:31.530Z	info	staff-logger	scenario/viewer.go:32	basic viewer scenario
2026-09-22T08:56:31.530Z	info	staff-logger	scenario/viewer.go:56	visit top
2026-09-22T08:56:31.530Z	info	staff-logger	scenario/viewer.go:64	get livestream
2026-09-22T08:56:31.530Z	info	staff-logger	scenario/viewer.go:83	visit livestream
2026-09-22T08:56:31.668Z	info	staff-logger	scenario/viewer.go:32	basic viewer scenario
2026-09-22T08:56:31.668Z	info	staff-logger	scenario/viewer.go:56	visit top
2026-09-22T08:56:31.668Z	info	staff-logger	scenario/viewer.go:64	get livestream
2026-09-22T08:56:31.668Z	info	staff-logger	scenario/viewer.go:83	visit livestream
2026-09-22T08:56:31.738Z	info	staff-logger	scenario/viewer.go:32	basic viewer scenario
2026-09-22T08:56:31.738Z	info	staff-logger	scenario/viewer.go:56	visit top
2026-09-22T08:56:31.738Z	info	staff-logger	scenario/viewer.go:64	get livestream
2026-09-22T08:56:31.738Z	info	staff-logger	scenario/viewer.go:83	visit livestream
2026-09-22T08:56:31.910Z	info	staff-logger	scenario/viewer.go:32	basic viewer scenario
2026-09-22T08:56:31.910Z	info	staff-logger	scenario/viewer.go:56	visit top
2026-09-22T08:56:31.910Z	info	staff-logger	scenario/viewer.go:64	get livestream
2026-09-22T08:56:31.910Z	info	staff-logger	scenario/viewer.go:83	visit livestream
2026-09-22T08:56:31.969Z	info	staff-logger	scenario/viewer.go:64	get livestream
2026-09-22T08:56:31.969Z	info	staff-logger	scenario/viewer.go:76	visit user profile
2026-09-22T08:56:31.978Z	info	staff-logger	scenario/viewer.go:32	basic viewer scenario
2026-09-22T08:56:31.978Z	info	staff-logger	scenario/viewer.go:56	visit top
2026-09-22T08:56:31.978Z	info	staff-logger	scenario/viewer.go:64	get livestream
2026-09-22T08:56:31.978Z	info	staff-logger	scenario/viewer.go:83	visit livestream
2026-09-22T08:56:32.020Z	info	staff-logger	scenario/viewer.go:64	get livestream
2026-09-22T08:56:32.020Z	info	staff-logger	scenario/viewer.go:76	visit user profile
2026-09-22T08:56:32.185Z	info	staff-logger	scenario/viewer.go:32	basic viewer scenario
2026-09-22T08:56:32.185Z	info	staff-logger	scenario/viewer.go:56	visit top
2026-09-22T08:56:32.231Z	info	staff-logger	scenario/viewer.go:83	visit livestream
2026-09-22T08:56:32.280Z	info	staff-logger	scenario/viewer.go:83	visit livestream
2026-09-22T08:56:32.321Z	info	staff-logger	scenario/viewer.go:32	basic viewer scenario
2026-09-22T08:56:32.321Z	info	staff-logger	scenario/viewer.go:56	visit top
2026-09-22T08:56:32.371Z	info	staff-logger	scenario/viewer.go:32	basic viewer scenario
2026-09-22T08:56:32.371Z	info	staff-logger	scenario/viewer.go:56	visit top
2026-09-22T08:56:32.371Z	info	staff-logger	scenario/viewer.go:64	get livestream
2026-09-22T08:56:32.371Z	info	staff-logger	scenario/viewer.go:83	visit livestream
2026-09-22T08:56:32.547Z	info	staff-logger	scenario/viewer.go:90	get livestream stats
2026-09-22T08:56:32.658Z	info	staff-logger	scenario/viewer.go:32	basic viewer scenario
2026-09-22T08:56:32.658Z	info	staff-logger	scenario/viewer.go:56	visit top
2026-09-22T08:56:32.658Z	info	staff-logger	scenario/viewer.go:64	get livestream
2026-09-22T08:56:32.658Z	info	staff-logger	scenario/viewer.go:83	visit livestream
2026-09-22T08:56:32.713Z	info	staff-logger	scenario/viewer.go:64	get livestream
2026-09-22T08:56:32.713Z	info	staff-logger	scenario/viewer.go:76	visit user profile
2026-09-22T08:56:32.742Z	info	staff-logger	scenario/viewer.go:32	basic viewer scenario
2026-09-22T08:56:32.742Z	info	staff-logger	scenario/viewer.go:56	visit top
2026-09-22T08:56:32.742Z	info	staff-logger	scenario/viewer.go:64	get livestream
2026-09-22T08:56:32.742Z	info	staff-logger	scenario/viewer.go:83	visit livestream
2026-09-22T08:56:32.756Z	info	staff-logger	scenario/viewer.go:32	basic viewer scenario
2026-09-22T08:56:32.756Z	info	staff-logger	scenario/viewer.go:56	visit top
2026-09-22T08:56:32.756Z	info	staff-logger	scenario/viewer.go:64	get livestream
2026-09-22T08:56:32.756Z	info	staff-logger	scenario/viewer.go:83	visit livestream
2026-09-22T08:56:32.810Z	info	staff-logger	scenario/viewer.go:64	get livestream
2026-09-22T08:56:32.810Z	info	staff-logger	scenario/viewer.go:76	visit user profile
2026-09-22T08:56:32.966Z	info	staff-logger	scenario/viewer.go:90	get livestream stats
2026-09-22T08:56:33.010Z	info	staff-logger	scenario/viewer.go:32	basic viewer scenario
2026-09-22T08:56:33.010Z	info	staff-logger	scenario/viewer.go:56	visit top
2026-09-22T08:56:33.010Z	info	staff-logger	scenario/viewer.go:64	get livestream
2026-09-22T08:56:33.010Z	info	staff-logger	scenario/viewer.go:83	visit livestream
2026-09-22T08:56:33.019Z	info	staff-logger	scenario/viewer.go:32	basic viewer scenario
2026-09-22T08:56:33.019Z	info	staff-logger	scenario/viewer.go:56	visit top
2026-09-22T08:56:33.019Z	info	staff-logger	scenario/viewer.go:64	get livestream
2026-09-22T08:56:33.019Z	info	staff-logger	scenario/viewer.go:83	visit livestream
2026-09-22T08:56:33.049Z	info	staff-logger	scenario/viewer.go:83	visit livestream
2026-09-22T08:56:33.128Z	info	staff-logger	scenario/viewer.go:83	visit livestream
2026-09-22T08:56:33.302Z	info	staff-logger	scenario/viewer.go:32	basic viewer scenario
2026-09-22T08:56:33.302Z	info	staff-logger	scenario/viewer.go:56	visit top
2026-09-22T08:56:33.302Z	info	staff-logger	scenario/viewer.go:64	get livestream
2026-09-22T08:56:33.302Z	info	staff-logger	scenario/viewer.go:83	visit livestream
2026-09-22T08:56:33.325Z	info	staff-logger	scenario/viewer.go:32	basic viewer scenario
2026-09-22T08:56:33.325Z	info	staff-logger	scenario/viewer.go:56	visit top
2026-09-22T08:56:33.325Z	info	staff-logger	scenario/viewer.go:64	get livestream
2026-09-22T08:56:33.325Z	info	staff-logger	scenario/viewer.go:83	visit livestream
2026-09-22T08:56:33.340Z	info	staff-logger	scenario/viewer.go:32	basic viewer scenario
2026-09-22T08:56:33.341Z	info	staff-logger	scenario/viewer.go:56	visit top
2026-09-22T08:56:33.341Z	info	staff-logger	scenario/viewer.go:64	get livestream
2026-09-22T08:56:33.341Z	info	staff-logger	scenario/viewer.go:83	visit livestream
2026-09-22T08:56:33.426Z	info	staff-logger	scenario/viewer.go:32	basic viewer scenario
2026-09-22T08:56:33.427Z	info	staff-logger	scenario/viewer.go:56	visit top
2026-09-22T08:56:33.427Z	info	staff-logger	scenario/viewer.go:64	get livestream
2026-09-22T08:56:33.427Z	info	staff-logger	scenario/viewer.go:83	visit livestream
2026-09-22T08:56:33.492Z	info	staff-logger	scenario/viewer.go:90	get livestream stats
2026-09-22T08:56:33.542Z	info	staff-logger	scenario/viewer.go:32	basic viewer scenario
2026-09-22T08:56:33.542Z	info	staff-logger	scenario/viewer.go:56	visit top
2026-09-22T08:56:34.011Z	info	staff-logger	scenario/viewer.go:32	basic viewer scenario
2026-09-22T08:56:34.011Z	info	staff-logger	scenario/viewer.go:56	visit top
2026-09-22T08:56:34.011Z	info	staff-logger	scenario/viewer.go:64	get livestream
2026-09-22T08:56:34.011Z	info	staff-logger	scenario/viewer.go:83	visit livestream
2026-09-22T08:56:34.043Z	info	staff-logger	scenario/viewer.go:32	basic viewer scenario
2026-09-22T08:56:34.044Z	info	staff-logger	scenario/viewer.go:56	visit top
2026-09-22T08:56:34.044Z	info	staff-logger	scenario/viewer.go:64	get livestream
2026-09-22T08:56:34.044Z	info	staff-logger	scenario/viewer.go:83	visit livestream
2026-09-22T08:56:34.096Z	info	staff-logger	scenario/viewer.go:32	basic viewer scenario
2026-09-22T08:56:34.096Z	info	staff-logger	scenario/viewer.go:56	visit top
2026-09-22T08:56:34.096Z	info	staff-logger	scenario/viewer.go:64	get livestream
2026-09-22T08:56:34.096Z	info	staff-logger	scenario/viewer.go:83	visit livestream
2026-09-22T08:56:34.180Z	info	staff-logger	scenario/viewer.go:90	get livestream stats
2026-09-22T08:56:34.196Z	info	staff-logger	scenario/viewer.go:64	get livestream
2026-09-22T08:56:34.196Z	info	staff-logger	scenario/viewer.go:76	visit user profile
2026-09-22T08:56:34.296Z	info	staff-logger	scenario/viewer.go:32	basic viewer scenario
2026-09-22T08:56:34.296Z	info	staff-logger	scenario/viewer.go:56	visit top
2026-09-22T08:56:34.296Z	info	staff-logger	scenario/viewer.go:64	get livestream
2026-09-22T08:56:34.296Z	info	staff-logger	scenario/viewer.go:83	visit livestream
2026-09-22T08:56:34.385Z	info	staff-logger	scenario/viewer.go:32	basic viewer scenario
2026-09-22T08:56:34.385Z	info	staff-logger	scenario/viewer.go:56	visit top
2026-09-22T08:56:34.452Z	info	staff-logger	scenario/viewer.go:32	basic viewer scenario
2026-09-22T08:56:34.452Z	info	staff-logger	scenario/viewer.go:56	visit top
2026-09-22T08:56:34.452Z	info	staff-logger	scenario/viewer.go:64	get livestream
2026-09-22T08:56:34.452Z	info	staff-logger	scenario/viewer.go:83	visit livestream
2026-09-22T08:56:34.478Z	info	staff-logger	scenario/viewer.go:83	visit livestream
2026-09-22T08:56:34.566Z	info	staff-logger	scenario/streamer.go:48	change icon
2026-09-22T08:56:34.614Z	info	staff-logger	scenario/viewer.go:32	basic viewer scenario
2026-09-22T08:56:34.614Z	info	staff-logger	scenario/viewer.go:56	visit top
2026-09-22T08:56:34.614Z	info	staff-logger	scenario/viewer.go:64	get livestream
2026-09-22T08:56:34.614Z	info	staff-logger	scenario/viewer.go:83	visit livestream
2026-09-22T08:56:34.630Z	info	staff-logger	scenario/viewer.go:32	basic viewer scenario
2026-09-22T08:56:34.630Z	info	staff-logger	scenario/viewer.go:56	visit top
2026-09-22T08:56:34.630Z	info	staff-logger	scenario/viewer.go:64	get livestream
2026-09-22T08:56:34.630Z	info	staff-logger	scenario/viewer.go:83	visit livestream
2026-09-22T08:56:34.656Z	info	staff-logger	scenario/viewer.go:90	get livestream stats
2026-09-22T08:56:34.882Z	info	staff-logger	scenario/viewer.go:32	basic viewer scenario
2026-09-22T08:56:34.882Z	info	staff-logger	scenario/viewer.go:56	visit top
2026-09-22T08:56:34.882Z	info	staff-logger	scenario/viewer.go:64	get livestream
2026-09-22T08:56:34.882Z	info	staff-logger	scenario/viewer.go:83	visit livestream
2026-09-22T08:56:34.927Z	info	staff-logger	scenario/viewer.go:32	basic viewer scenario
2026-09-22T08:56:34.927Z	info	staff-logger	scenario/viewer.go:56	visit top
2026-09-22T08:56:34.927Z	info	staff-logger	scenario/viewer.go:64	get livestream
2026-09-22T08:56:34.927Z	info	staff-logger	scenario/viewer.go:83	visit livestream
2026-09-22T08:56:34.985Z	info	staff-logger	scenario/viewer.go:64	get livestream
2026-09-22T08:56:34.986Z	info	staff-logger	scenario/viewer.go:76	visit user profile
2026-09-22T08:56:35.136Z	info	staff-logger	scenario/viewer.go:32	basic viewer scenario
2026-09-22T08:56:35.136Z	info	staff-logger	scenario/viewer.go:56	visit top
2026-09-22T08:56:35.136Z	info	staff-logger	scenario/viewer.go:64	get livestream
2026-09-22T08:56:35.136Z	info	staff-logger	scenario/viewer.go:83	visit livestream
2026-09-22T08:56:35.187Z	info	staff-logger	scenario/viewer.go:83	visit livestream
2026-09-22T08:56:35.361Z	info	staff-logger	scenario/streamer.go:48	change icon
2026-09-22T08:56:35.538Z	info	staff-logger	scenario/viewer.go:32	basic viewer scenario
2026-09-22T08:56:35.538Z	info	staff-logger	scenario/viewer.go:56	visit top
2026-09-22T08:56:35.538Z	info	staff-logger	scenario/viewer.go:64	get livestream
2026-09-22T08:56:35.538Z	info	staff-logger	scenario/viewer.go:83	visit livestream
2026-09-22T08:56:35.714Z	info	staff-logger	scenario/viewer.go:32	basic viewer scenario
2026-09-22T08:56:35.714Z	info	staff-logger	scenario/viewer.go:56	visit top
2026-09-22T08:56:35.714Z	info	staff-logger	scenario/viewer.go:64	get livestream
2026-09-22T08:56:35.714Z	info	staff-logger	scenario/viewer.go:83	visit livestream
2026-09-22T08:56:35.717Z	info	staff-logger	scenario/viewer.go:32	basic viewer scenario
2026-09-22T08:56:35.717Z	info	staff-logger	scenario/viewer.go:56	visit top
2026-09-22T08:56:35.717Z	info	staff-logger	scenario/viewer.go:64	get livestream
2026-09-22T08:56:35.717Z	info	staff-logger	scenario/viewer.go:83	visit livestream
2026-09-22T08:56:35.728Z	info	staff-logger	scenario/viewer.go:32	basic viewer scenario
2026-09-22T08:56:35.728Z	info	staff-logger	scenario/viewer.go:56	visit top
2026-09-22T08:56:35.728Z	info	staff-logger	scenario/viewer.go:64	get livestream
2026-09-22T08:56:35.728Z	info	staff-logger	scenario/viewer.go:83	visit livestream
2026-09-22T08:56:35.966Z	info	staff-logger	scenario/viewer.go:32	basic viewer scenario
2026-09-22T08:56:35.966Z	info	staff-logger	scenario/viewer.go:56	visit top
2026-09-22T08:56:35.966Z	info	staff-logger	scenario/viewer.go:64	get livestream
2026-09-22T08:56:35.966Z	info	staff-logger	scenario/viewer.go:83	visit livestream
2026-09-22T08:56:36.073Z	info	staff-logger	scenario/viewer.go:32	basic viewer scenario
2026-09-22T08:56:36.073Z	info	staff-logger	scenario/viewer.go:56	visit top
2026-09-22T08:56:36.073Z	info	staff-logger	scenario/viewer.go:64	get livestream
2026-09-22T08:56:36.073Z	info	staff-logger	scenario/viewer.go:83	visit livestream
2026-09-22T08:56:36.199Z	info	staff-logger	scenario/viewer.go:32	basic viewer scenario
2026-09-22T08:56:36.199Z	info	staff-logger	scenario/viewer.go:56	visit top
2026-09-22T08:56:36.199Z	info	staff-logger	scenario/viewer.go:64	get livestream
2026-09-22T08:56:36.199Z	info	staff-logger	scenario/viewer.go:83	visit livestream
2026-09-22T08:56:36.217Z	info	staff-logger	scenario/viewer.go:32	basic viewer scenario
2026-09-22T08:56:36.217Z	info	staff-logger	scenario/viewer.go:56	visit top
2026-09-22T08:56:36.217Z	info	staff-logger	scenario/viewer.go:64	get livestream
2026-09-22T08:56:36.217Z	info	staff-logger	scenario/viewer.go:83	visit livestream
2026-09-22T08:56:36.326Z	info	staff-logger	scenario/viewer.go:32	basic viewer scenario
2026-09-22T08:56:36.326Z	info	staff-logger	scenario/viewer.go:56	visit top
2026-09-22T08:56:36.326Z	info	staff-logger	scenario/viewer.go:64	get livestream
2026-09-22T08:56:36.326Z	info	staff-logger	scenario/viewer.go:83	visit livestream
2026-09-22T08:56:36.390Z	info	staff-logger	scenario/viewer.go:32	basic viewer scenario
2026-09-22T08:56:36.390Z	info	staff-logger	scenario/viewer.go:56	visit top
2026-09-22T08:56:36.390Z	info	staff-logger	scenario/viewer.go:64	get livestream
2026-09-22T08:56:36.390Z	info	staff-logger	scenario/viewer.go:83	visit livestream
2026-09-22T08:56:36.761Z	info	staff-logger	scenario/viewer.go:32	basic viewer scenario
2026-09-22T08:56:36.761Z	info	staff-logger	scenario/viewer.go:56	visit top
2026-09-22T08:56:36.761Z	info	staff-logger	scenario/viewer.go:64	get livestream
2026-09-22T08:56:36.762Z	info	staff-logger	scenario/viewer.go:83	visit livestream
2026-09-22T08:56:36.815Z	info	staff-logger	scenario/viewer.go:32	basic viewer scenario
2026-09-22T08:56:36.815Z	info	staff-logger	scenario/viewer.go:56	visit top
2026-09-22T08:56:36.815Z	info	staff-logger	scenario/viewer.go:64	get livestream
2026-09-22T08:56:36.815Z	info	staff-logger	scenario/viewer.go:83	visit livestream
2026-09-22T08:56:36.843Z	info	staff-logger	scenario/viewer.go:32	basic viewer scenario
2026-09-22T08:56:36.843Z	info	staff-logger	scenario/viewer.go:56	visit top
2026-09-22T08:56:36.843Z	info	staff-logger	scenario/viewer.go:64	get livestream
2026-09-22T08:56:36.843Z	info	staff-logger	scenario/viewer.go:83	visit livestream
2026-09-22T08:56:36.864Z	info	staff-logger	scenario/viewer.go:90	get livestream stats
2026-09-22T08:56:36.897Z	info	staff-logger	scenario/viewer.go:32	basic viewer scenario
2026-09-22T08:56:36.897Z	info	staff-logger	scenario/viewer.go:56	visit top
2026-09-22T08:56:36.897Z	info	staff-logger	scenario/viewer.go:64	get livestream
2026-09-22T08:56:36.897Z	info	staff-logger	scenario/viewer.go:83	visit livestream
2026-09-22T08:56:37.085Z	info	staff-logger	scenario/viewer.go:32	basic viewer scenario
2026-09-22T08:56:37.086Z	info	staff-logger	scenario/viewer.go:56	visit top
2026-09-22T08:56:37.086Z	info	staff-logger	scenario/viewer.go:64	get livestream
2026-09-22T08:56:37.086Z	info	staff-logger	scenario/viewer.go:83	visit livestream
2026-09-22T08:56:37.134Z	warn	staff-logger	scenario/viewer.go:178	viewer_spam: failed to post livecomment (moderated spam): benchmark-application: [一般エラー] POST /api/livestream/7628/livecomment へのリクエストに対して、期待されたHTTPステータスコードが確認できませんでした (expected:400, actual:201)

2026-09-22T08:56:37.276Z	info	staff-logger	scenario/viewer.go:32	basic viewer scenario
2026-09-22T08:56:37.277Z	info	staff-logger	scenario/viewer.go:56	visit top
2026-09-22T08:56:37.277Z	info	staff-logger	scenario/viewer.go:64	get livestream
2026-09-22T08:56:37.277Z	info	staff-logger	scenario/viewer.go:83	visit livestream
2026-09-22T08:56:37.321Z	info	staff-logger	scenario/viewer.go:32	basic viewer scenario
2026-09-22T08:56:37.321Z	info	staff-logger	scenario/viewer.go:56	visit top
2026-09-22T08:56:37.321Z	info	staff-logger	scenario/viewer.go:64	get livestream
2026-09-22T08:56:37.321Z	info	staff-logger	scenario/viewer.go:83	visit livestream
2026-09-22T08:56:37.372Z	info	staff-logger	scenario/viewer.go:32	basic viewer scenario
2026-09-22T08:56:37.372Z	info	staff-logger	scenario/viewer.go:56	visit top
2026-09-22T08:56:37.372Z	info	staff-logger	scenario/viewer.go:64	get livestream
2026-09-22T08:56:37.372Z	info	staff-logger	scenario/viewer.go:83	visit livestream
2026-09-22T08:56:37.425Z	info	staff-logger	scenario/viewer.go:32	basic viewer scenario
2026-09-22T08:56:37.425Z	info	staff-logger	scenario/viewer.go:56	visit top
2026-09-22T08:56:37.425Z	info	staff-logger	scenario/viewer.go:64	get livestream
2026-09-22T08:56:37.425Z	info	staff-logger	scenario/viewer.go:83	visit livestream
2026-09-22T08:56:37.455Z	info	staff-logger	scenario/viewer.go:32	basic viewer scenario
2026-09-22T08:56:37.455Z	info	staff-logger	scenario/viewer.go:56	visit top
2026-09-22T08:56:37.455Z	info	staff-logger	scenario/viewer.go:64	get livestream
2026-09-22T08:56:37.455Z	info	staff-logger	scenario/viewer.go:83	visit livestream
2026-09-22T08:56:37.562Z	info	staff-logger	scenario/viewer.go:32	basic viewer scenario
2026-09-22T08:56:37.563Z	info	staff-logger	scenario/viewer.go:56	visit top
2026-09-22T08:56:37.563Z	info	staff-logger	scenario/viewer.go:64	get livestream
2026-09-22T08:56:37.563Z	info	staff-logger	scenario/viewer.go:83	visit livestream
2026-09-22T08:56:37.627Z	info	staff-logger	scenario/viewer.go:32	basic viewer scenario
2026-09-22T08:56:37.627Z	info	staff-logger	scenario/viewer.go:56	visit top
2026-09-22T08:56:37.627Z	info	staff-logger	scenario/viewer.go:64	get livestream
2026-09-22T08:56:37.627Z	info	staff-logger	scenario/viewer.go:83	visit livestream
2026-09-22T08:56:37.944Z	info	staff-logger	scenario/viewer.go:32	basic viewer scenario
2026-09-22T08:56:37.944Z	info	staff-logger	scenario/viewer.go:56	visit top
2026-09-22T08:56:37.944Z	info	staff-logger	scenario/viewer.go:64	get livestream
2026-09-22T08:56:37.944Z	info	staff-logger	scenario/viewer.go:83	visit livestream
2026-09-22T08:56:38.121Z	info	staff-logger	scenario/viewer.go:32	basic viewer scenario
2026-09-22T08:56:38.121Z	info	staff-logger	scenario/viewer.go:56	visit top
2026-09-22T08:56:38.121Z	info	staff-logger	scenario/viewer.go:64	get livestream
2026-09-22T08:56:38.121Z	info	staff-logger	scenario/viewer.go:83	visit livestream
2026-09-22T08:56:38.140Z	info	staff-logger	scenario/viewer.go:32	basic viewer scenario
2026-09-22T08:56:38.140Z	info	staff-logger	scenario/viewer.go:56	visit top
2026-09-22T08:56:38.140Z	info	staff-logger	scenario/viewer.go:64	get livestream
2026-09-22T08:56:38.140Z	info	staff-logger	scenario/viewer.go:83	visit livestream
2026-09-22T08:56:38.146Z	info	staff-logger	scenario/viewer.go:32	basic viewer scenario
2026-09-22T08:56:38.146Z	info	staff-logger	scenario/viewer.go:56	visit top
2026-09-22T08:56:38.146Z	info	staff-logger	scenario/viewer.go:64	get livestream
2026-09-22T08:56:38.146Z	info	staff-logger	scenario/viewer.go:83	visit livestream
2026-09-22T08:56:38.703Z	info	staff-logger	scenario/viewer.go:32	basic viewer scenario
2026-09-22T08:56:38.703Z	info	staff-logger	scenario/viewer.go:56	visit top
2026-09-22T08:56:38.703Z	info	staff-logger	scenario/viewer.go:64	get livestream
2026-09-22T08:56:38.703Z	info	staff-logger	scenario/viewer.go:83	visit livestream
2026-09-22T08:56:38.800Z	info	staff-logger	scenario/viewer.go:32	basic viewer scenario
2026-09-22T08:56:38.800Z	info	staff-logger	scenario/viewer.go:56	visit top
2026-09-22T08:56:38.800Z	info	staff-logger	scenario/viewer.go:64	get livestream
2026-09-22T08:56:38.800Z	info	staff-logger	scenario/viewer.go:83	visit livestream
2026-09-22T08:56:38.811Z	info	staff-logger	scenario/viewer.go:32	basic viewer scenario
2026-09-22T08:56:38.811Z	info	staff-logger	scenario/viewer.go:56	visit top
2026-09-22T08:56:38.811Z	info	staff-logger	scenario/viewer.go:64	get livestream
2026-09-22T08:56:38.811Z	info	staff-logger	scenario/viewer.go:83	visit livestream
2026-09-22T08:56:38.841Z	info	staff-logger	scenario/viewer.go:32	basic viewer scenario
2026-09-22T08:56:38.841Z	info	staff-logger	scenario/viewer.go:56	visit top
2026-09-22T08:56:38.841Z	info	staff-logger	scenario/viewer.go:64	get livestream
2026-09-22T08:56:38.841Z	info	staff-logger	scenario/viewer.go:83	visit livestream
2026-09-22T08:56:38.901Z	info	staff-logger	scenario/viewer.go:32	basic viewer scenario
2026-09-22T08:56:38.901Z	info	staff-logger	scenario/viewer.go:56	visit top
2026-09-22T08:56:38.959Z	info	staff-logger	scenario/viewer.go:90	get livestream stats
2026-09-22T08:56:39.086Z	info	staff-logger	scenario/viewer.go:32	basic viewer scenario
2026-09-22T08:56:39.086Z	info	staff-logger	scenario/viewer.go:56	visit top
2026-09-22T08:56:39.086Z	info	staff-logger	scenario/viewer.go:64	get livestream
2026-09-22T08:56:39.086Z	info	staff-logger	scenario/viewer.go:83	visit livestream
2026-09-22T08:56:39.199Z	info	staff-logger	scenario/streamer.go:48	change icon
2026-09-22T08:56:39.310Z	info	staff-logger	scenario/viewer.go:32	basic viewer scenario
2026-09-22T08:56:39.310Z	info	staff-logger	scenario/viewer.go:56	visit top
2026-09-22T08:56:39.310Z	info	staff-logger	scenario/viewer.go:64	get livestream
2026-09-22T08:56:39.310Z	info	staff-logger	scenario/viewer.go:83	visit livestream
2026-09-22T08:56:39.331Z	info	staff-logger	scenario/viewer.go:32	basic viewer scenario
2026-09-22T08:56:39.331Z	info	staff-logger	scenario/viewer.go:56	visit top
2026-09-22T08:56:39.331Z	info	staff-logger	scenario/viewer.go:64	get livestream
2026-09-22T08:56:39.331Z	info	staff-logger	scenario/viewer.go:83	visit livestream
2026-09-22T08:56:39.375Z	info	staff-logger	scenario/viewer.go:32	basic viewer scenario
2026-09-22T08:56:39.375Z	info	staff-logger	scenario/viewer.go:56	visit top
2026-09-22T08:56:39.375Z	info	staff-logger	scenario/viewer.go:64	get livestream
2026-09-22T08:56:39.375Z	info	staff-logger	scenario/viewer.go:83	visit livestream
2026-09-22T08:56:39.406Z	info	staff-logger	scenario/viewer.go:90	get livestream stats
2026-09-22T08:56:39.477Z	info	staff-logger	scenario/viewer.go:32	basic viewer scenario
2026-09-22T08:56:39.477Z	info	staff-logger	scenario/viewer.go:56	visit top
2026-09-22T08:56:39.477Z	info	staff-logger	scenario/viewer.go:64	get livestream
2026-09-22T08:56:39.477Z	info	staff-logger	scenario/viewer.go:83	visit livestream
2026-09-22T08:56:39.592Z	info	staff-logger	scenario/viewer.go:64	get livestream
2026-09-22T08:56:39.592Z	info	staff-logger	scenario/viewer.go:76	visit user profile
2026-09-22T08:56:39.686Z	info	staff-logger	scenario/viewer.go:32	basic viewer scenario
2026-09-22T08:56:39.686Z	info	staff-logger	scenario/viewer.go:56	visit top
2026-09-22T08:56:39.686Z	info	staff-logger	scenario/viewer.go:64	get livestream
2026-09-22T08:56:39.686Z	info	staff-logger	scenario/viewer.go:83	visit livestream
2026-09-22T08:56:39.911Z	info	staff-logger	scenario/viewer.go:32	basic viewer scenario
2026-09-22T08:56:39.911Z	info	staff-logger	scenario/viewer.go:56	visit top
2026-09-22T08:56:39.911Z	info	staff-logger	scenario/viewer.go:64	get livestream
2026-09-22T08:56:39.911Z	info	staff-logger	scenario/viewer.go:83	visit livestream
2026-09-22T08:56:39.949Z	info	staff-logger	scenario/viewer.go:32	basic viewer scenario
2026-09-22T08:56:39.949Z	info	staff-logger	scenario/viewer.go:56	visit top
2026-09-22T08:56:39.949Z	info	staff-logger	scenario/viewer.go:64	get livestream
2026-09-22T08:56:39.949Z	info	staff-logger	scenario/viewer.go:83	visit livestream
2026-09-22T08:56:39.979Z	info	staff-logger	scenario/viewer.go:32	basic viewer scenario
2026-09-22T08:56:39.979Z	info	staff-logger	scenario/viewer.go:56	visit top
2026-09-22T08:56:39.979Z	info	staff-logger	scenario/viewer.go:64	get livestream
2026-09-22T08:56:39.979Z	info	staff-logger	scenario/viewer.go:83	visit livestream
2026-09-22T08:56:39.999Z	info	staff-logger	scenario/viewer.go:32	basic viewer scenario
2026-09-22T08:56:39.999Z	info	staff-logger	scenario/viewer.go:56	visit top
2026-09-22T08:56:39.999Z	info	staff-logger	scenario/viewer.go:64	get livestream
2026-09-22T08:56:39.999Z	info	staff-logger	scenario/viewer.go:83	visit livestream
2026-09-22T08:56:40.036Z	info	staff-logger	scenario/viewer.go:83	visit livestream
2026-09-22T08:56:40.049Z	info	staff-logger	scenario/viewer.go:32	basic viewer scenario
2026-09-22T08:56:40.049Z	info	staff-logger	scenario/viewer.go:56	visit top
2026-09-22T08:56:40.049Z	info	staff-logger	scenario/viewer.go:64	get livestream
2026-09-22T08:56:40.049Z	info	staff-logger	scenario/viewer.go:83	visit livestream
2026-09-22T08:56:40.207Z	info	staff-logger	scenario/viewer.go:32	basic viewer scenario
2026-09-22T08:56:40.207Z	info	staff-logger	scenario/viewer.go:56	visit top
2026-09-22T08:56:40.207Z	info	staff-logger	scenario/viewer.go:64	get livestream
2026-09-22T08:56:40.207Z	info	staff-logger	scenario/viewer.go:83	visit livestream
2026-09-22T08:56:40.215Z	info	staff-logger	scenario/viewer.go:32	basic viewer scenario
2026-09-22T08:56:40.215Z	info	staff-logger	scenario/viewer.go:56	visit top
2026-09-22T08:56:40.215Z	info	staff-logger	scenario/viewer.go:64	get livestream
2026-09-22T08:56:40.215Z	info	staff-logger	scenario/viewer.go:83	visit livestream
2026-09-22T08:56:40.344Z	info	staff-logger	scenario/viewer.go:32	basic viewer scenario
2026-09-22T08:56:40.344Z	info	staff-logger	scenario/viewer.go:56	visit top
2026-09-22T08:56:40.344Z	info	staff-logger	scenario/viewer.go:64	get livestream
2026-09-22T08:56:40.344Z	info	staff-logger	scenario/viewer.go:83	visit livestream
2026-09-22T08:56:40.369Z	info	staff-logger	scenario/viewer.go:32	basic viewer scenario
2026-09-22T08:56:40.369Z	info	staff-logger	scenario/viewer.go:56	visit top
2026-09-22T08:56:40.475Z	info	staff-logger	scenario/viewer.go:32	basic viewer scenario
2026-09-22T08:56:40.475Z	info	staff-logger	scenario/viewer.go:56	visit top
2026-09-22T08:56:40.475Z	info	staff-logger	scenario/viewer.go:64	get livestream
2026-09-22T08:56:40.475Z	info	staff-logger	scenario/viewer.go:83	visit livestream
2026-09-22T08:56:40.619Z	info	staff-logger	scenario/viewer.go:32	basic viewer scenario
2026-09-22T08:56:40.620Z	info	staff-logger	scenario/viewer.go:56	visit top
2026-09-22T08:56:40.620Z	info	staff-logger	scenario/viewer.go:64	get livestream
2026-09-22T08:56:40.620Z	info	staff-logger	scenario/viewer.go:83	visit livestream
2026-09-22T08:56:40.641Z	info	staff-logger	scenario/viewer.go:32	basic viewer scenario
2026-09-22T08:56:40.641Z	info	staff-logger	scenario/viewer.go:56	visit top
2026-09-22T08:56:40.641Z	info	staff-logger	scenario/viewer.go:64	get livestream
2026-09-22T08:56:40.641Z	info	staff-logger	scenario/viewer.go:83	visit livestream
2026-09-22T08:56:40.728Z	warn	staff-logger	scenario/viewer.go:178	viewer_spam: failed to post livecomment (moderated spam): benchmark-application: [一般エラー] POST /api/livestream/7589/livecomment へのリクエストに対して、期待されたHTTPステータスコードが確認できませんでした (expected:400, actual:201)

2026-09-22T08:56:40.750Z	info	staff-logger	scenario/viewer.go:32	basic viewer scenario
2026-09-22T08:56:40.750Z	info	staff-logger	scenario/viewer.go:56	visit top
2026-09-22T08:56:40.750Z	info	staff-logger	scenario/viewer.go:64	get livestream
2026-09-22T08:56:40.750Z	info	staff-logger	scenario/viewer.go:83	visit livestream
2026-09-22T08:56:40.778Z	info	staff-logger	scenario/viewer.go:32	basic viewer scenario
2026-09-22T08:56:40.778Z	info	staff-logger	scenario/viewer.go:56	visit top
2026-09-22T08:56:40.778Z	info	staff-logger	scenario/viewer.go:64	get livestream
2026-09-22T08:56:40.778Z	info	staff-logger	scenario/viewer.go:83	visit livestream
2026-09-22T08:56:40.923Z	info	staff-logger	scenario/viewer.go:32	basic viewer scenario
2026-09-22T08:56:40.923Z	info	staff-logger	scenario/viewer.go:56	visit top
2026-09-22T08:56:40.923Z	info	staff-logger	scenario/viewer.go:64	get livestream
2026-09-22T08:56:40.923Z	info	staff-logger	scenario/viewer.go:83	visit livestream
2026-09-22T08:56:40.962Z	info	staff-logger	scenario/viewer.go:32	basic viewer scenario
2026-09-22T08:56:40.962Z	info	staff-logger	scenario/viewer.go:56	visit top
2026-09-22T08:56:40.962Z	info	staff-logger	scenario/viewer.go:64	get livestream
2026-09-22T08:56:40.962Z	info	staff-logger	scenario/viewer.go:83	visit livestream
2026-09-22T08:56:41.094Z	info	staff-logger	scenario/viewer.go:64	get livestream
2026-09-22T08:56:41.094Z	info	staff-logger	scenario/viewer.go:76	visit user profile
2026-09-22T08:56:41.260Z	info	staff-logger	scenario/viewer.go:32	basic viewer scenario
2026-09-22T08:56:41.260Z	info	staff-logger	scenario/viewer.go:56	visit top
2026-09-22T08:56:41.268Z	info	staff-logger	scenario/viewer.go:32	basic viewer scenario
2026-09-22T08:56:41.268Z	info	staff-logger	scenario/viewer.go:56	visit top
2026-09-22T08:56:41.268Z	info	staff-logger	scenario/viewer.go:64	get livestream
2026-09-22T08:56:41.268Z	info	staff-logger	scenario/viewer.go:83	visit livestream
2026-09-22T08:56:41.316Z	info	staff-logger	scenario/viewer.go:32	basic viewer scenario
2026-09-22T08:56:41.316Z	info	staff-logger	scenario/viewer.go:56	visit top
2026-09-22T08:56:41.316Z	info	staff-logger	scenario/viewer.go:64	get livestream
2026-09-22T08:56:41.316Z	info	staff-logger	scenario/viewer.go:83	visit livestream
2026-09-22T08:56:41.466Z	info	staff-logger	scenario/viewer.go:83	visit livestream
2026-09-22T08:56:41.842Z	info	staff-logger	scenario/viewer.go:32	basic viewer scenario
2026-09-22T08:56:41.842Z	info	staff-logger	scenario/viewer.go:56	visit top
2026-09-22T08:56:41.842Z	info	staff-logger	scenario/viewer.go:64	get livestream
2026-09-22T08:56:41.842Z	info	staff-logger	scenario/viewer.go:83	visit livestream
2026-09-22T08:56:41.925Z	info	staff-logger	scenario/viewer.go:32	basic viewer scenario
2026-09-22T08:56:41.925Z	info	staff-logger	scenario/viewer.go:56	visit top
2026-09-22T08:56:41.925Z	info	staff-logger	scenario/viewer.go:64	get livestream
2026-09-22T08:56:41.925Z	info	staff-logger	scenario/viewer.go:83	visit livestream
2026-09-22T08:56:41.950Z	info	staff-logger	scenario/viewer.go:64	get livestream
2026-09-22T08:56:41.950Z	info	staff-logger	scenario/viewer.go:76	visit user profile
2026-09-22T08:56:41.968Z	info	staff-logger	scenario/viewer.go:32	basic viewer scenario
2026-09-22T08:56:41.968Z	info	staff-logger	scenario/viewer.go:56	visit top
2026-09-22T08:56:41.968Z	info	staff-logger	scenario/viewer.go:64	get livestream
2026-09-22T08:56:41.968Z	info	staff-logger	scenario/viewer.go:83	visit livestream
2026-09-22T08:56:41.973Z	info	staff-logger	scenario/viewer.go:32	basic viewer scenario
2026-09-22T08:56:41.973Z	info	staff-logger	scenario/viewer.go:56	visit top
2026-09-22T08:56:41.973Z	info	staff-logger	scenario/viewer.go:64	get livestream
2026-09-22T08:56:41.973Z	info	staff-logger	scenario/viewer.go:83	visit livestream
2026-09-22T08:56:42.016Z	info	staff-logger	scenario/viewer.go:32	basic viewer scenario
2026-09-22T08:56:42.017Z	info	staff-logger	scenario/viewer.go:56	visit top
2026-09-22T08:56:42.017Z	info	staff-logger	scenario/viewer.go:64	get livestream
2026-09-22T08:56:42.017Z	info	staff-logger	scenario/viewer.go:83	visit livestream
2026-09-22T08:56:42.085Z	info	staff-logger	scenario/viewer.go:32	basic viewer scenario
2026-09-22T08:56:42.085Z	info	staff-logger	scenario/viewer.go:56	visit top
2026-09-22T08:56:42.085Z	info	staff-logger	scenario/viewer.go:64	get livestream
2026-09-22T08:56:42.085Z	info	staff-logger	scenario/viewer.go:83	visit livestream
2026-09-22T08:56:42.173Z	info	staff-logger	scenario/viewer.go:83	visit livestream
2026-09-22T08:56:42.190Z	info	staff-logger	scenario/viewer.go:32	basic viewer scenario
2026-09-22T08:56:42.190Z	info	staff-logger	scenario/viewer.go:56	visit top
2026-09-22T08:56:42.190Z	info	staff-logger	scenario/viewer.go:64	get livestream
2026-09-22T08:56:42.190Z	info	staff-logger	scenario/viewer.go:83	visit livestream
2026-09-22T08:56:42.266Z	info	staff-logger	scenario/viewer.go:32	basic viewer scenario
2026-09-22T08:56:42.266Z	info	staff-logger	scenario/viewer.go:56	visit top
2026-09-22T08:56:42.266Z	info	staff-logger	scenario/viewer.go:64	get livestream
2026-09-22T08:56:42.266Z	info	staff-logger	scenario/viewer.go:83	visit livestream
2026-09-22T08:56:42.452Z	info	staff-logger	scenario/viewer.go:32	basic viewer scenario
2026-09-22T08:56:42.453Z	info	staff-logger	scenario/viewer.go:56	visit top
2026-09-22T08:56:42.453Z	info	staff-logger	scenario/viewer.go:64	get livestream
2026-09-22T08:56:42.453Z	info	staff-logger	scenario/viewer.go:83	visit livestream
2026-09-22T08:56:42.485Z	info	staff-logger	scenario/streamer.go:48	change icon
2026-09-22T08:56:42.508Z	info	staff-logger	scenario/viewer.go:32	basic viewer scenario
2026-09-22T08:56:42.508Z	info	staff-logger	scenario/viewer.go:56	visit top
2026-09-22T08:56:42.508Z	info	staff-logger	scenario/viewer.go:64	get livestream
2026-09-22T08:56:42.508Z	info	staff-logger	scenario/viewer.go:83	visit livestream
2026-09-22T08:56:42.527Z	warn	staff-logger	scenario/viewer.go:178	viewer_spam: failed to post livecomment (moderated spam): benchmark-application: [一般エラー] POST /api/livestream/7613/livecomment へのリクエストに対して、期待されたHTTPステータスコードが確認できませんでした (expected:400, actual:201)

2026-09-22T08:56:42.545Z	info	staff-logger	scenario/viewer.go:32	basic viewer scenario
2026-09-22T08:56:42.545Z	info	staff-logger	scenario/viewer.go:56	visit top
2026-09-22T08:56:42.545Z	info	staff-logger	scenario/viewer.go:64	get livestream
2026-09-22T08:56:42.545Z	info	staff-logger	scenario/viewer.go:83	visit livestream
2026-09-22T08:56:42.619Z	warn	staff-logger	scenario/viewer.go:178	viewer_spam: failed to post livecomment (moderated spam): benchmark-application: [一般エラー] POST /api/livestream/7615/livecomment へのリクエストに対して、期待されたHTTPステータスコードが確認できませんでした (expected:400, actual:201)

2026-09-22T08:56:42.679Z	info	staff-logger	scenario/viewer.go:32	basic viewer scenario
2026-09-22T08:56:42.679Z	info	staff-logger	scenario/viewer.go:56	visit top
2026-09-22T08:56:42.679Z	info	staff-logger	scenario/viewer.go:64	get livestream
2026-09-22T08:56:42.679Z	info	staff-logger	scenario/viewer.go:83	visit livestream
2026-09-22T08:56:42.693Z	warn	staff-logger	scenario/viewer.go:178	viewer_spam: failed to post livecomment (moderated spam): benchmark-application: [一般エラー] POST /api/livestream/7604/livecomment へのリクエストに対して、期待されたHTTPステータスコードが確認できませんでした (expected:400, actual:201)

2026-09-22T08:56:42.819Z	info	staff-logger	scenario/viewer.go:32	basic viewer scenario
2026-09-22T08:56:42.819Z	info	staff-logger	scenario/viewer.go:56	visit top
2026-09-22T08:56:42.819Z	info	staff-logger	scenario/viewer.go:64	get livestream
2026-09-22T08:56:42.819Z	info	staff-logger	scenario/viewer.go:83	visit livestream
2026-09-22T08:56:42.981Z	info	staff-logger	scenario/viewer.go:32	basic viewer scenario
2026-09-22T08:56:42.981Z	info	staff-logger	scenario/viewer.go:56	visit top
2026-09-22T08:56:42.981Z	info	staff-logger	scenario/viewer.go:64	get livestream
2026-09-22T08:56:42.981Z	info	staff-logger	scenario/viewer.go:83	visit livestream
2026-09-22T08:56:43.072Z	info	staff-logger	scenario/viewer.go:32	basic viewer scenario
2026-09-22T08:56:43.072Z	info	staff-logger	scenario/viewer.go:56	visit top
2026-09-22T08:56:43.072Z	info	staff-logger	scenario/viewer.go:64	get livestream
2026-09-22T08:56:43.072Z	info	staff-logger	scenario/viewer.go:83	visit livestream
2026-09-22T08:56:43.168Z	info	staff-logger	scenario/viewer.go:32	basic viewer scenario
2026-09-22T08:56:43.168Z	info	staff-logger	scenario/viewer.go:56	visit top
2026-09-22T08:56:43.168Z	info	staff-logger	scenario/viewer.go:64	get livestream
2026-09-22T08:56:43.168Z	info	staff-logger	scenario/viewer.go:83	visit livestream
2026-09-22T08:56:43.246Z	info	staff-logger	scenario/viewer.go:32	basic viewer scenario
2026-09-22T08:56:43.246Z	info	staff-logger	scenario/viewer.go:56	visit top
2026-09-22T08:56:43.246Z	info	staff-logger	scenario/viewer.go:64	get livestream
2026-09-22T08:56:43.246Z	info	staff-logger	scenario/viewer.go:83	visit livestream
2026-09-22T08:56:43.349Z	info	staff-logger	scenario/viewer.go:32	basic viewer scenario
2026-09-22T08:56:43.349Z	info	staff-logger	scenario/viewer.go:56	visit top
2026-09-22T08:56:43.453Z	info	staff-logger	scenario/viewer.go:32	basic viewer scenario
2026-09-22T08:56:43.454Z	info	staff-logger	scenario/viewer.go:56	visit top
2026-09-22T08:56:43.454Z	info	staff-logger	scenario/viewer.go:64	get livestream
2026-09-22T08:56:43.454Z	info	staff-logger	scenario/viewer.go:83	visit livestream
2026-09-22T08:56:43.522Z	info	staff-logger	scenario/streamer.go:48	change icon
2026-09-22T08:56:43.522Z	info	staff-logger	scenario/viewer.go:32	basic viewer scenario
2026-09-22T08:56:43.522Z	info	staff-logger	scenario/viewer.go:56	visit top
2026-09-22T08:56:43.522Z	info	staff-logger	scenario/viewer.go:64	get livestream
2026-09-22T08:56:43.522Z	info	staff-logger	scenario/viewer.go:83	visit livestream
2026-09-22T08:56:43.531Z	info	staff-logger	scenario/viewer.go:32	basic viewer scenario
2026-09-22T08:56:43.531Z	info	staff-logger	scenario/viewer.go:56	visit top
2026-09-22T08:56:43.531Z	info	staff-logger	scenario/viewer.go:64	get livestream
2026-09-22T08:56:43.531Z	info	staff-logger	scenario/viewer.go:83	visit livestream
2026-09-22T08:56:43.569Z	info	staff-logger	scenario/viewer.go:32	basic viewer scenario
2026-09-22T08:56:43.569Z	info	staff-logger	scenario/viewer.go:56	visit top
2026-09-22T08:56:43.569Z	info	staff-logger	scenario/viewer.go:64	get livestream
2026-09-22T08:56:43.569Z	info	staff-logger	scenario/viewer.go:83	visit livestream
2026-09-22T08:56:43.727Z	info	staff-logger	scenario/viewer.go:32	basic viewer scenario
2026-09-22T08:56:43.727Z	info	staff-logger	scenario/viewer.go:56	visit top
2026-09-22T08:56:43.727Z	info	staff-logger	scenario/viewer.go:64	get livestream
2026-09-22T08:56:43.727Z	info	staff-logger	scenario/viewer.go:83	visit livestream
2026-09-22T08:56:43.739Z	info	staff-logger	scenario/viewer.go:32	basic viewer scenario
2026-09-22T08:56:43.740Z	info	staff-logger	scenario/viewer.go:56	visit top
2026-09-22T08:56:43.740Z	info	staff-logger	scenario/viewer.go:64	get livestream
2026-09-22T08:56:43.740Z	info	staff-logger	scenario/viewer.go:83	visit livestream
2026-09-22T08:56:43.815Z	info	staff-logger	scenario/viewer.go:32	basic viewer scenario
2026-09-22T08:56:43.815Z	info	staff-logger	scenario/viewer.go:56	visit top
2026-09-22T08:56:43.815Z	info	staff-logger	scenario/viewer.go:64	get livestream
2026-09-22T08:56:43.815Z	info	staff-logger	scenario/viewer.go:83	visit livestream
2026-09-22T08:56:43.855Z	info	staff-logger	scenario/viewer.go:90	get livestream stats
2026-09-22T08:56:44.019Z	info	staff-logger	scenario/viewer.go:64	get livestream
2026-09-22T08:56:44.019Z	info	staff-logger	scenario/viewer.go:76	visit user profile
2026-09-22T08:56:44.129Z	info	staff-logger	scenario/viewer.go:32	basic viewer scenario
2026-09-22T08:56:44.129Z	info	staff-logger	scenario/viewer.go:56	visit top
2026-09-22T08:56:44.129Z	info	staff-logger	scenario/viewer.go:64	get livestream
2026-09-22T08:56:44.129Z	info	staff-logger	scenario/viewer.go:83	visit livestream
2026-09-22T08:56:44.216Z	info	staff-logger	scenario/viewer.go:83	visit livestream
2026-09-22T08:56:44.235Z	info	staff-logger	scenario/viewer.go:32	basic viewer scenario
2026-09-22T08:56:44.235Z	info	staff-logger	scenario/viewer.go:46	change icon
2026-09-22T08:56:44.273Z	info	staff-logger	scenario/viewer.go:56	visit top
2026-09-22T08:56:44.365Z	info	staff-logger	scenario/streamer.go:48	change icon
2026-09-22T08:56:44.513Z	info	staff-logger	scenario/viewer.go:32	basic viewer scenario
2026-09-22T08:56:44.513Z	info	staff-logger	scenario/viewer.go:56	visit top
2026-09-22T08:56:44.513Z	info	staff-logger	scenario/viewer.go:64	get livestream
2026-09-22T08:56:44.513Z	info	staff-logger	scenario/viewer.go:83	visit livestream
2026-09-22T08:56:44.706Z	info	staff-logger	scenario/viewer.go:32	basic viewer scenario
2026-09-22T08:56:44.706Z	info	staff-logger	scenario/viewer.go:56	visit top
2026-09-22T08:56:44.706Z	info	staff-logger	scenario/viewer.go:64	get livestream
2026-09-22T08:56:44.706Z	info	staff-logger	scenario/viewer.go:83	visit livestream
2026-09-22T08:56:44.758Z	info	staff-logger	scenario/viewer.go:32	basic viewer scenario
2026-09-22T08:56:44.758Z	info	staff-logger	scenario/viewer.go:56	visit top
2026-09-22T08:56:44.758Z	info	staff-logger	scenario/viewer.go:64	get livestream
2026-09-22T08:56:44.758Z	info	staff-logger	scenario/viewer.go:83	visit livestream
2026-09-22T08:56:44.798Z	info	staff-logger	scenario/viewer.go:32	basic viewer scenario
2026-09-22T08:56:44.798Z	info	staff-logger	scenario/viewer.go:56	visit top
2026-09-22T08:56:44.928Z	info	staff-logger	scenario/viewer.go:32	basic viewer scenario
2026-09-22T08:56:44.928Z	info	staff-logger	scenario/viewer.go:56	visit top
2026-09-22T08:56:44.929Z	info	staff-logger	scenario/viewer.go:64	get livestream
2026-09-22T08:56:44.929Z	info	staff-logger	scenario/viewer.go:83	visit livestream
2026-09-22T08:56:45.039Z	info	staff-logger	scenario/viewer.go:32	basic viewer scenario
2026-09-22T08:56:45.039Z	info	staff-logger	scenario/viewer.go:56	visit top
2026-09-22T08:56:45.119Z	info	staff-logger	scenario/viewer.go:64	get livestream
2026-09-22T08:56:45.119Z	info	staff-logger	scenario/viewer.go:76	visit user profile
2026-09-22T08:56:45.195Z	warn	staff-logger	scenario/viewer.go:178	viewer_spam: failed to post livecomment (moderated spam): benchmark-application: [一般エラー] POST /api/livestream/7593/livecomment へのリクエストに対して、期待されたHTTPステータスコードが確認できませんでした (expected:400, actual:201)

2026-09-22T08:56:45.217Z	info	staff-logger	scenario/viewer.go:32	basic viewer scenario
2026-09-22T08:56:45.217Z	info	staff-logger	scenario/viewer.go:56	visit top
2026-09-22T08:56:45.217Z	info	staff-logger	scenario/viewer.go:64	get livestream
2026-09-22T08:56:45.217Z	info	staff-logger	scenario/viewer.go:83	visit livestream
2026-09-22T08:56:45.350Z	info	staff-logger	scenario/viewer.go:32	basic viewer scenario
2026-09-22T08:56:45.350Z	info	staff-logger	scenario/viewer.go:56	visit top
2026-09-22T08:56:45.350Z	info	staff-logger	scenario/viewer.go:64	get livestream
2026-09-22T08:56:45.350Z	info	staff-logger	scenario/viewer.go:83	visit livestream
2026-09-22T08:56:45.392Z	info	staff-logger	scenario/viewer.go:64	get livestream
2026-09-22T08:56:45.392Z	info	staff-logger	scenario/viewer.go:76	visit user profile
2026-09-22T08:56:45.428Z	info	staff-logger	scenario/viewer.go:32	basic viewer scenario
2026-09-22T08:56:45.428Z	info	staff-logger	scenario/viewer.go:56	visit top
2026-09-22T08:56:45.428Z	info	staff-logger	scenario/viewer.go:64	get livestream
2026-09-22T08:56:45.428Z	info	staff-logger	scenario/viewer.go:83	visit livestream
2026-09-22T08:56:45.569Z	info	staff-logger	scenario/viewer.go:83	visit livestream
2026-09-22T08:56:45.683Z	info	staff-logger	scenario/viewer.go:83	visit livestream
2026-09-22T08:56:45.702Z	info	staff-logger	scenario/viewer.go:32	basic viewer scenario
2026-09-22T08:56:45.703Z	info	staff-logger	scenario/viewer.go:56	visit top
2026-09-22T08:56:45.703Z	info	staff-logger	scenario/viewer.go:64	get livestream
2026-09-22T08:56:45.703Z	info	staff-logger	scenario/viewer.go:83	visit livestream
2026-09-22T08:56:45.709Z	info	staff-logger	scenario/viewer.go:32	basic viewer scenario
2026-09-22T08:56:45.709Z	info	staff-logger	scenario/viewer.go:56	visit top
2026-09-22T08:56:45.709Z	info	staff-logger	scenario/viewer.go:64	get livestream
2026-09-22T08:56:45.709Z	info	staff-logger	scenario/viewer.go:83	visit livestream
2026-09-22T08:56:45.710Z	info	staff-logger	scenario/viewer.go:32	basic viewer scenario
2026-09-22T08:56:45.710Z	info	staff-logger	scenario/viewer.go:56	visit top
2026-09-22T08:56:45.710Z	info	staff-logger	scenario/viewer.go:64	get livestream
2026-09-22T08:56:45.710Z	info	staff-logger	scenario/viewer.go:83	visit livestream
2026-09-22T08:56:45.774Z	info	staff-logger	scenario/viewer.go:32	basic viewer scenario
2026-09-22T08:56:45.774Z	info	staff-logger	scenario/viewer.go:56	visit top
2026-09-22T08:56:45.774Z	info	staff-logger	scenario/viewer.go:64	get livestream
2026-09-22T08:56:45.774Z	info	staff-logger	scenario/viewer.go:83	visit livestream
2026-09-22T08:56:45.809Z	info	staff-logger	scenario/viewer.go:64	get livestream
2026-09-22T08:56:45.809Z	info	staff-logger	scenario/viewer.go:76	visit user profile
2026-09-22T08:56:45.833Z	info	staff-logger	scenario/viewer.go:32	basic viewer scenario
2026-09-22T08:56:45.833Z	info	staff-logger	scenario/viewer.go:56	visit top
2026-09-22T08:56:45.833Z	info	staff-logger	scenario/viewer.go:64	get livestream
2026-09-22T08:56:45.833Z	info	staff-logger	scenario/viewer.go:83	visit livestream
2026-09-22T08:56:45.882Z	info	staff-logger	scenario/viewer.go:32	basic viewer scenario
2026-09-22T08:56:45.882Z	info	staff-logger	scenario/viewer.go:56	visit top
2026-09-22T08:56:45.899Z	info	staff-logger	scenario/viewer.go:32	basic viewer scenario
2026-09-22T08:56:45.899Z	info	staff-logger	scenario/viewer.go:56	visit top
2026-09-22T08:56:45.899Z	info	staff-logger	scenario/viewer.go:64	get livestream
2026-09-22T08:56:45.899Z	info	staff-logger	scenario/viewer.go:83	visit livestream
2026-09-22T08:56:46.053Z	warn	staff-logger	scenario/viewer.go:178	viewer_spam: failed to post livecomment (moderated spam): benchmark-application: [一般エラー] POST /api/livestream/7582/livecomment へのリクエストに対して、期待されたHTTPステータスコードが確認できませんでした (expected:400, actual:201)

2026-09-22T08:56:46.077Z	info	staff-logger	scenario/viewer.go:32	basic viewer scenario
2026-09-22T08:56:46.077Z	info	staff-logger	scenario/viewer.go:56	visit top
2026-09-22T08:56:46.077Z	info	staff-logger	scenario/viewer.go:64	get livestream
2026-09-22T08:56:46.077Z	info	staff-logger	scenario/viewer.go:83	visit livestream
2026-09-22T08:56:46.140Z	info	staff-logger	scenario/viewer.go:83	visit livestream
2026-09-22T08:56:46.151Z	info	staff-logger	scenario/viewer.go:32	basic viewer scenario
2026-09-22T08:56:46.151Z	info	staff-logger	scenario/viewer.go:56	visit top
2026-09-22T08:56:46.336Z	info	staff-logger	scenario/viewer.go:32	basic viewer scenario
2026-09-22T08:56:46.336Z	info	staff-logger	scenario/viewer.go:56	visit top
2026-09-22T08:56:46.337Z	info	staff-logger	scenario/viewer.go:64	get livestream
2026-09-22T08:56:46.337Z	info	staff-logger	scenario/viewer.go:83	visit livestream
2026-09-22T08:56:46.403Z	info	staff-logger	scenario/streamer.go:48	change icon
2026-09-22T08:56:46.410Z	info	staff-logger	scenario/viewer.go:32	basic viewer scenario
2026-09-22T08:56:46.410Z	info	staff-logger	scenario/viewer.go:56	visit top
2026-09-22T08:56:46.410Z	info	staff-logger	scenario/viewer.go:64	get livestream
2026-09-22T08:56:46.410Z	info	staff-logger	scenario/viewer.go:83	visit livestream
2026-09-22T08:56:46.437Z	info	staff-logger	scenario/viewer.go:32	basic viewer scenario
2026-09-22T08:56:46.437Z	info	staff-logger	scenario/viewer.go:56	visit top
2026-09-22T08:56:46.437Z	info	staff-logger	scenario/viewer.go:64	get livestream
2026-09-22T08:56:46.437Z	info	staff-logger	scenario/viewer.go:83	visit livestream
2026-09-22T08:56:46.549Z	warn	staff-logger	scenario/viewer.go:178	viewer_spam: failed to post livecomment (moderated spam): benchmark-application: [一般エラー] POST /api/livestream/7645/livecomment へのリクエストに対して、期待されたHTTPステータスコードが確認できませんでした (expected:400, actual:201)

2026-09-22T08:56:46.559Z	info	staff-logger	scenario/viewer.go:64	get livestream
2026-09-22T08:56:46.559Z	info	staff-logger	scenario/viewer.go:76	visit user profile
2026-09-22T08:56:46.596Z	info	staff-logger	scenario/viewer.go:32	basic viewer scenario
2026-09-22T08:56:46.596Z	info	staff-logger	scenario/viewer.go:56	visit top
2026-09-22T08:56:46.596Z	info	staff-logger	scenario/viewer.go:64	get livestream
2026-09-22T08:56:46.596Z	info	staff-logger	scenario/viewer.go:83	visit livestream
2026-09-22T08:56:46.598Z	info	staff-logger	scenario/viewer.go:32	basic viewer scenario
2026-09-22T08:56:46.598Z	info	staff-logger	scenario/viewer.go:56	visit top
2026-09-22T08:56:46.598Z	info	staff-logger	scenario/viewer.go:64	get livestream
2026-09-22T08:56:46.598Z	info	staff-logger	scenario/viewer.go:83	visit livestream
2026-09-22T08:56:46.638Z	info	staff-logger	scenario/viewer.go:90	get livestream stats
2026-09-22T08:56:46.676Z	info	staff-logger	scenario/streamer.go:48	change icon
2026-09-22T08:56:46.719Z	info	staff-logger	scenario/viewer.go:90	get livestream stats
2026-09-22T08:56:46.731Z	info	staff-logger	scenario/viewer.go:64	get livestream
2026-09-22T08:56:46.731Z	info	staff-logger	scenario/viewer.go:76	visit user profile
2026-09-22T08:56:46.832Z	info	staff-logger	scenario/viewer.go:32	basic viewer scenario
2026-09-22T08:56:46.832Z	info	staff-logger	scenario/viewer.go:56	visit top
2026-09-22T08:56:46.832Z	info	staff-logger	scenario/viewer.go:64	get livestream
2026-09-22T08:56:46.832Z	info	staff-logger	scenario/viewer.go:83	visit livestream
2026-09-22T08:56:46.931Z	info	staff-logger	scenario/viewer.go:32	basic viewer scenario
2026-09-22T08:56:46.931Z	info	staff-logger	scenario/viewer.go:56	visit top
2026-09-22T08:56:46.931Z	info	staff-logger	scenario/viewer.go:64	get livestream
2026-09-22T08:56:46.931Z	info	staff-logger	scenario/viewer.go:83	visit livestream
2026-09-22T08:56:47.100Z	info	staff-logger	scenario/viewer.go:83	visit livestream
2026-09-22T08:56:47.168Z	warn	staff-logger	scenario/viewer.go:178	viewer_spam: failed to post livecomment (moderated spam): benchmark-application: [一般エラー] POST /api/livestream/7627/livecomment へのリクエストに対して、期待されたHTTPステータスコードが確認できませんでした (expected:400, actual:201)

2026-09-22T08:56:47.198Z	info	staff-logger	scenario/streamer.go:48	change icon
2026-09-22T08:56:47.223Z	info	staff-logger	scenario/viewer.go:83	visit livestream
2026-09-22T08:56:47.224Z	info	staff-logger	scenario/viewer.go:32	basic viewer scenario
2026-09-22T08:56:47.224Z	info	staff-logger	scenario/viewer.go:56	visit top
2026-09-22T08:56:47.224Z	info	staff-logger	scenario/viewer.go:64	get livestream
2026-09-22T08:56:47.224Z	info	staff-logger	scenario/viewer.go:83	visit livestream
2026-09-22T08:56:47.261Z	info	staff-logger	scenario/viewer.go:32	basic viewer scenario
2026-09-22T08:56:47.261Z	info	staff-logger	scenario/viewer.go:56	visit top
2026-09-22T08:56:47.261Z	info	staff-logger	scenario/viewer.go:64	get livestream
2026-09-22T08:56:47.261Z	info	staff-logger	scenario/viewer.go:83	visit livestream
2026-09-22T08:56:47.391Z	info	staff-logger	scenario/streamer.go:48	change icon
2026-09-22T08:56:47.558Z	info	staff-logger	scenario/viewer.go:32	basic viewer scenario
2026-09-22T08:56:47.558Z	info	staff-logger	scenario/viewer.go:56	visit top
2026-09-22T08:56:47.558Z	info	staff-logger	scenario/viewer.go:64	get livestream
2026-09-22T08:56:47.558Z	info	staff-logger	scenario/viewer.go:83	visit livestream
2026-09-22T08:56:47.673Z	info	staff-logger	scenario/viewer.go:32	basic viewer scenario
2026-09-22T08:56:47.673Z	info	staff-logger	scenario/viewer.go:56	visit top
2026-09-22T08:56:47.673Z	info	staff-logger	scenario/viewer.go:64	get livestream
2026-09-22T08:56:47.673Z	info	staff-logger	scenario/viewer.go:83	visit livestream
2026-09-22T08:56:47.694Z	info	staff-logger	scenario/viewer.go:32	basic viewer scenario
2026-09-22T08:56:47.694Z	info	staff-logger	scenario/viewer.go:56	visit top
2026-09-22T08:56:47.696Z	info	staff-logger	scenario/viewer.go:64	get livestream
2026-09-22T08:56:47.696Z	info	staff-logger	scenario/viewer.go:83	visit livestream
2026-09-22T08:56:47.820Z	info	staff-logger	scenario/viewer.go:32	basic viewer scenario
2026-09-22T08:56:47.820Z	info	staff-logger	scenario/viewer.go:56	visit top
2026-09-22T08:56:47.820Z	info	staff-logger	scenario/viewer.go:64	get livestream
2026-09-22T08:56:47.820Z	info	staff-logger	scenario/viewer.go:83	visit livestream
2026-09-22T08:56:47.988Z	info	staff-logger	scenario/viewer.go:32	basic viewer scenario
2026-09-22T08:56:47.988Z	info	staff-logger	scenario/viewer.go:56	visit top
2026-09-22T08:56:47.988Z	info	staff-logger	scenario/viewer.go:64	get livestream
2026-09-22T08:56:47.988Z	info	staff-logger	scenario/viewer.go:83	visit livestream
2026-09-22T08:56:47.990Z	info	staff-logger	scenario/viewer.go:32	basic viewer scenario
2026-09-22T08:56:47.990Z	info	staff-logger	scenario/viewer.go:56	visit top
2026-09-22T08:56:47.990Z	info	staff-logger	scenario/viewer.go:64	get livestream
2026-09-22T08:56:47.990Z	info	staff-logger	scenario/viewer.go:83	visit livestream
2026-09-22T08:56:48.266Z	info	staff-logger	scenario/viewer.go:32	basic viewer scenario
2026-09-22T08:56:48.266Z	info	staff-logger	scenario/viewer.go:56	visit top
2026-09-22T08:56:48.463Z	info	staff-logger	scenario/viewer.go:32	basic viewer scenario
2026-09-22T08:56:48.463Z	info	staff-logger	scenario/viewer.go:56	visit top
2026-09-22T08:56:48.463Z	info	staff-logger	scenario/viewer.go:64	get livestream
2026-09-22T08:56:48.463Z	info	staff-logger	scenario/viewer.go:83	visit livestream
2026-09-22T08:56:48.511Z	info	staff-logger	scenario/viewer.go:32	basic viewer scenario
2026-09-22T08:56:48.512Z	info	staff-logger	scenario/viewer.go:56	visit top
2026-09-22T08:56:48.512Z	info	staff-logger	scenario/viewer.go:64	get livestream
2026-09-22T08:56:48.512Z	info	staff-logger	scenario/viewer.go:83	visit livestream
2026-09-22T08:56:48.602Z	info	staff-logger	scenario/viewer.go:32	basic viewer scenario
2026-09-22T08:56:48.602Z	info	staff-logger	scenario/viewer.go:56	visit top
2026-09-22T08:56:48.602Z	info	staff-logger	scenario/viewer.go:64	get livestream
2026-09-22T08:56:48.602Z	info	staff-logger	scenario/viewer.go:83	visit livestream
2026-09-22T08:56:48.703Z	info	staff-logger	scenario/viewer.go:32	basic viewer scenario
2026-09-22T08:56:48.703Z	info	staff-logger	scenario/viewer.go:56	visit top
2026-09-22T08:56:48.703Z	info	staff-logger	scenario/viewer.go:64	get livestream
2026-09-22T08:56:48.703Z	info	staff-logger	scenario/viewer.go:83	visit livestream
2026-09-22T08:56:48.760Z	info	staff-logger	scenario/viewer.go:32	basic viewer scenario
2026-09-22T08:56:48.760Z	info	staff-logger	scenario/viewer.go:56	visit top
2026-09-22T08:56:48.760Z	info	staff-logger	scenario/viewer.go:64	get livestream
2026-09-22T08:56:48.760Z	info	staff-logger	scenario/viewer.go:83	visit livestream
2026-09-22T08:56:48.791Z	info	staff-logger	scenario/viewer.go:32	basic viewer scenario
2026-09-22T08:56:48.791Z	info	staff-logger	scenario/viewer.go:56	visit top
2026-09-22T08:56:48.791Z	info	staff-logger	scenario/viewer.go:64	get livestream
2026-09-22T08:56:48.791Z	info	staff-logger	scenario/viewer.go:83	visit livestream
2026-09-22T08:56:48.880Z	info	staff-logger	scenario/viewer.go:32	basic viewer scenario
2026-09-22T08:56:48.880Z	info	staff-logger	scenario/viewer.go:56	visit top
2026-09-22T08:56:48.880Z	info	staff-logger	scenario/viewer.go:64	get livestream
2026-09-22T08:56:48.880Z	info	staff-logger	scenario/viewer.go:83	visit livestream
2026-09-22T08:56:48.907Z	info	staff-logger	scenario/viewer.go:32	basic viewer scenario
2026-09-22T08:56:48.907Z	info	staff-logger	scenario/viewer.go:56	visit top
2026-09-22T08:56:48.907Z	info	staff-logger	scenario/viewer.go:64	get livestream
2026-09-22T08:56:48.907Z	info	staff-logger	scenario/viewer.go:83	visit livestream
2026-09-22T08:56:48.973Z	info	staff-logger	scenario/viewer.go:64	get livestream
2026-09-22T08:56:48.973Z	info	staff-logger	scenario/viewer.go:76	visit user profile
2026-09-22T08:56:49.123Z	info	staff-logger	scenario/viewer.go:32	basic viewer scenario
2026-09-22T08:56:49.123Z	info	staff-logger	scenario/viewer.go:56	visit top
2026-09-22T08:56:49.123Z	info	staff-logger	scenario/viewer.go:64	get livestream
2026-09-22T08:56:49.123Z	info	staff-logger	scenario/viewer.go:83	visit livestream
2026-09-22T08:56:49.141Z	info	staff-logger	scenario/viewer.go:32	basic viewer scenario
2026-09-22T08:56:49.141Z	info	staff-logger	scenario/viewer.go:56	visit top
2026-09-22T08:56:49.141Z	info	staff-logger	scenario/viewer.go:64	get livestream
2026-09-22T08:56:49.141Z	info	staff-logger	scenario/viewer.go:83	visit livestream
2026-09-22T08:56:49.147Z	info	staff-logger	scenario/viewer.go:32	basic viewer scenario
2026-09-22T08:56:49.147Z	info	staff-logger	scenario/viewer.go:56	visit top
2026-09-22T08:56:49.345Z	info	staff-logger	scenario/viewer.go:83	visit livestream
2026-09-22T08:56:49.409Z	info	staff-logger	scenario/viewer.go:32	basic viewer scenario
2026-09-22T08:56:49.409Z	info	staff-logger	scenario/viewer.go:56	visit top
2026-09-22T08:56:49.409Z	info	staff-logger	scenario/viewer.go:64	get livestream
2026-09-22T08:56:49.409Z	info	staff-logger	scenario/viewer.go:83	visit livestream
2026-09-22T08:56:49.519Z	info	staff-logger	scenario/viewer.go:32	basic viewer scenario
2026-09-22T08:56:49.519Z	info	staff-logger	scenario/viewer.go:56	visit top
2026-09-22T08:56:49.519Z	info	staff-logger	scenario/viewer.go:64	get livestream
2026-09-22T08:56:49.519Z	info	staff-logger	scenario/viewer.go:83	visit livestream
2026-09-22T08:56:49.542Z	info	staff-logger	scenario/viewer.go:32	basic viewer scenario
2026-09-22T08:56:49.542Z	info	staff-logger	scenario/viewer.go:56	visit top
2026-09-22T08:56:49.542Z	info	staff-logger	scenario/viewer.go:64	get livestream
2026-09-22T08:56:49.542Z	info	staff-logger	scenario/viewer.go:83	visit livestream
2026-09-22T08:56:49.598Z	info	staff-logger	scenario/viewer.go:90	get livestream stats
2026-09-22T08:56:49.639Z	info	staff-logger	scenario/viewer.go:32	basic viewer scenario
2026-09-22T08:56:49.639Z	info	staff-logger	scenario/viewer.go:56	visit top
2026-09-22T08:56:49.639Z	info	staff-logger	scenario/viewer.go:64	get livestream
2026-09-22T08:56:49.639Z	info	staff-logger	scenario/viewer.go:83	visit livestream
2026-09-22T08:56:49.644Z	info	staff-logger	scenario/viewer.go:32	basic viewer scenario
2026-09-22T08:56:49.644Z	info	staff-logger	scenario/viewer.go:56	visit top
2026-09-22T08:56:49.644Z	info	staff-logger	scenario/viewer.go:64	get livestream
2026-09-22T08:56:49.644Z	info	staff-logger	scenario/viewer.go:83	visit livestream
2026-09-22T08:56:49.774Z	info	staff-logger	scenario/viewer.go:64	get livestream
2026-09-22T08:56:49.774Z	info	staff-logger	scenario/viewer.go:76	visit user profile
2026-09-22T08:56:49.805Z	info	staff-logger	scenario/viewer.go:32	basic viewer scenario
2026-09-22T08:56:49.805Z	info	staff-logger	scenario/viewer.go:56	visit top
2026-09-22T08:56:49.805Z	info	staff-logger	scenario/viewer.go:64	get livestream
2026-09-22T08:56:49.805Z	info	staff-logger	scenario/viewer.go:83	visit livestream
2026-09-22T08:56:49.893Z	info	staff-logger	scenario/viewer.go:32	basic viewer scenario
2026-09-22T08:56:49.893Z	info	staff-logger	scenario/viewer.go:56	visit top
2026-09-22T08:56:49.893Z	info	staff-logger	scenario/viewer.go:64	get livestream
2026-09-22T08:56:49.893Z	info	staff-logger	scenario/viewer.go:83	visit livestream
2026-09-22T08:56:50.239Z	info	staff-logger	scenario/viewer.go:83	visit livestream
2026-09-22T08:56:50.339Z	info	staff-logger	scenario/viewer.go:32	basic viewer scenario
2026-09-22T08:56:50.339Z	info	staff-logger	scenario/viewer.go:56	visit top
2026-09-22T08:56:50.339Z	info	staff-logger	scenario/viewer.go:64	get livestream
2026-09-22T08:56:50.339Z	info	staff-logger	scenario/viewer.go:83	visit livestream
2026-09-22T08:56:50.412Z	info	staff-logger	scenario/viewer.go:90	get livestream stats
2026-09-22T08:56:50.474Z	info	staff-logger	scenario/viewer.go:32	basic viewer scenario
2026-09-22T08:56:50.474Z	info	staff-logger	scenario/viewer.go:56	visit top
2026-09-22T08:56:50.474Z	info	staff-logger	scenario/viewer.go:64	get livestream
2026-09-22T08:56:50.474Z	info	staff-logger	scenario/viewer.go:83	visit livestream
2026-09-22T08:56:50.490Z	info	staff-logger	scenario/viewer.go:32	basic viewer scenario
2026-09-22T08:56:50.490Z	info	staff-logger	scenario/viewer.go:56	visit top
2026-09-22T08:56:50.490Z	info	staff-logger	scenario/viewer.go:64	get livestream
2026-09-22T08:56:50.490Z	info	staff-logger	scenario/viewer.go:83	visit livestream
2026-09-22T08:56:50.564Z	info	staff-logger	scenario/viewer.go:32	basic viewer scenario
2026-09-22T08:56:50.564Z	info	staff-logger	scenario/viewer.go:56	visit top
2026-09-22T08:56:50.564Z	info	staff-logger	scenario/viewer.go:64	get livestream
2026-09-22T08:56:50.564Z	info	staff-logger	scenario/viewer.go:83	visit livestream
2026-09-22T08:56:50.601Z	info	staff-logger	scenario/viewer.go:32	basic viewer scenario
2026-09-22T08:56:50.601Z	info	staff-logger	scenario/viewer.go:56	visit top
2026-09-22T08:56:50.661Z	info	staff-logger	scenario/viewer.go:32	basic viewer scenario
2026-09-22T08:56:50.662Z	info	staff-logger	scenario/viewer.go:56	visit top
2026-09-22T08:56:50.662Z	info	staff-logger	scenario/viewer.go:64	get livestream
2026-09-22T08:56:50.662Z	info	staff-logger	scenario/viewer.go:83	visit livestream
2026-09-22T08:56:50.775Z	info	staff-logger	scenario/viewer.go:32	basic viewer scenario
2026-09-22T08:56:50.775Z	info	staff-logger	scenario/viewer.go:56	visit top
2026-09-22T08:56:50.775Z	info	staff-logger	scenario/viewer.go:64	get livestream
2026-09-22T08:56:50.775Z	info	staff-logger	scenario/viewer.go:83	visit livestream
2026-09-22T08:56:50.909Z	info	staff-logger	scenario/viewer.go:32	basic viewer scenario
2026-09-22T08:56:50.909Z	info	staff-logger	scenario/viewer.go:56	visit top
2026-09-22T08:56:50.946Z	info	staff-logger	scenario/viewer.go:32	basic viewer scenario
2026-09-22T08:56:50.946Z	info	staff-logger	scenario/viewer.go:56	visit top
2026-09-22T08:56:50.946Z	info	staff-logger	scenario/viewer.go:64	get livestream
2026-09-22T08:56:50.946Z	info	staff-logger	scenario/viewer.go:83	visit livestream
2026-09-22T08:56:51.024Z	info	staff-logger	scenario/viewer.go:32	basic viewer scenario
2026-09-22T08:56:51.024Z	info	staff-logger	scenario/viewer.go:56	visit top
2026-09-22T08:56:51.024Z	info	staff-logger	scenario/viewer.go:64	get livestream
2026-09-22T08:56:51.024Z	info	staff-logger	scenario/viewer.go:83	visit livestream
2026-09-22T08:56:51.319Z	info	staff-logger	scenario/viewer.go:64	get livestream
2026-09-22T08:56:51.319Z	info	staff-logger	scenario/viewer.go:76	visit user profile
2026-09-22T08:56:51.459Z	info	staff-logger	scenario/streamer.go:48	change icon
2026-09-22T08:56:51.508Z	info	staff-logger	scenario/viewer.go:32	basic viewer scenario
2026-09-22T08:56:51.508Z	info	staff-logger	scenario/viewer.go:56	visit top
2026-09-22T08:56:51.508Z	info	staff-logger	scenario/viewer.go:64	get livestream
2026-09-22T08:56:51.508Z	info	staff-logger	scenario/viewer.go:83	visit livestream
2026-09-22T08:56:51.536Z	info	staff-logger	scenario/viewer.go:32	basic viewer scenario
2026-09-22T08:56:51.536Z	info	staff-logger	scenario/viewer.go:56	visit top
2026-09-22T08:56:51.536Z	info	staff-logger	scenario/viewer.go:64	get livestream
2026-09-22T08:56:51.536Z	info	staff-logger	scenario/viewer.go:83	visit livestream
2026-09-22T08:56:51.543Z	info	staff-logger	scenario/viewer.go:32	basic viewer scenario
2026-09-22T08:56:51.544Z	info	staff-logger	scenario/viewer.go:56	visit top
2026-09-22T08:56:51.544Z	info	staff-logger	scenario/viewer.go:64	get livestream
2026-09-22T08:56:51.544Z	info	staff-logger	scenario/viewer.go:83	visit livestream
2026-09-22T08:56:51.555Z	info	staff-logger	scenario/viewer.go:32	basic viewer scenario
2026-09-22T08:56:51.555Z	info	staff-logger	scenario/viewer.go:56	visit top
2026-09-22T08:56:51.555Z	info	staff-logger	scenario/viewer.go:64	get livestream
2026-09-22T08:56:51.555Z	info	staff-logger	scenario/viewer.go:83	visit livestream
2026-09-22T08:56:51.568Z	info	staff-logger	scenario/viewer.go:32	basic viewer scenario
2026-09-22T08:56:51.568Z	info	staff-logger	scenario/viewer.go:56	visit top
2026-09-22T08:56:51.568Z	info	staff-logger	scenario/viewer.go:64	get livestream
2026-09-22T08:56:51.568Z	info	staff-logger	scenario/viewer.go:83	visit livestream
2026-09-22T08:56:51.623Z	info	staff-logger	scenario/viewer.go:64	get livestream
2026-09-22T08:56:51.623Z	info	staff-logger	scenario/viewer.go:76	visit user profile
2026-09-22T08:56:51.664Z	info	staff-logger	scenario/viewer.go:90	get livestream stats
2026-09-22T08:56:51.678Z	info	staff-logger	scenario/viewer.go:83	visit livestream
2026-09-22T08:56:51.705Z	info	staff-logger	scenario/viewer.go:32	basic viewer scenario
2026-09-22T08:56:51.705Z	info	staff-logger	scenario/viewer.go:56	visit top
2026-09-22T08:56:51.705Z	info	staff-logger	scenario/viewer.go:64	get livestream
2026-09-22T08:56:51.706Z	info	staff-logger	scenario/viewer.go:83	visit livestream
2026-09-22T08:56:51.758Z	info	staff-logger	scenario/viewer.go:90	get livestream stats
2026-09-22T08:56:52.007Z	info	staff-logger	scenario/viewer.go:32	basic viewer scenario
2026-09-22T08:56:52.007Z	info	staff-logger	scenario/viewer.go:56	visit top
2026-09-22T08:56:52.007Z	info	staff-logger	scenario/viewer.go:64	get livestream
2026-09-22T08:56:52.007Z	info	staff-logger	scenario/viewer.go:83	visit livestream
2026-09-22T08:56:52.108Z	info	staff-logger	scenario/viewer.go:83	visit livestream
2026-09-22T08:56:52.167Z	info	staff-logger	scenario/viewer.go:32	basic viewer scenario
2026-09-22T08:56:52.167Z	info	staff-logger	scenario/viewer.go:56	visit top
2026-09-22T08:56:52.167Z	info	staff-logger	scenario/viewer.go:64	get livestream
2026-09-22T08:56:52.167Z	info	staff-logger	scenario/viewer.go:83	visit livestream
2026-09-22T08:56:52.200Z	info	staff-logger	scenario/viewer.go:32	basic viewer scenario
2026-09-22T08:56:52.200Z	info	staff-logger	scenario/viewer.go:56	visit top
2026-09-22T08:56:52.225Z	info	staff-logger	scenario/viewer.go:32	basic viewer scenario
2026-09-22T08:56:52.225Z	info	staff-logger	scenario/viewer.go:56	visit top
2026-09-22T08:56:52.225Z	info	staff-logger	scenario/viewer.go:64	get livestream
2026-09-22T08:56:52.225Z	info	staff-logger	scenario/viewer.go:83	visit livestream
2026-09-22T08:56:52.277Z	info	staff-logger	scenario/viewer.go:32	basic viewer scenario
2026-09-22T08:56:52.277Z	info	staff-logger	scenario/viewer.go:56	visit top
2026-09-22T08:56:52.277Z	info	staff-logger	scenario/viewer.go:64	get livestream
2026-09-22T08:56:52.277Z	info	staff-logger	scenario/viewer.go:83	visit livestream
2026-09-22T08:56:52.432Z	info	staff-logger	scenario/viewer.go:32	basic viewer scenario
2026-09-22T08:56:52.432Z	info	staff-logger	scenario/viewer.go:56	visit top
2026-09-22T08:56:52.432Z	info	staff-logger	scenario/viewer.go:64	get livestream
2026-09-22T08:56:52.432Z	info	staff-logger	scenario/viewer.go:83	visit livestream
2026-09-22T08:56:52.831Z	info	staff-logger	scenario/viewer.go:32	basic viewer scenario
2026-09-22T08:56:52.831Z	info	staff-logger	scenario/viewer.go:56	visit top
2026-09-22T08:56:52.832Z	info	staff-logger	scenario/viewer.go:64	get livestream
2026-09-22T08:56:52.832Z	info	staff-logger	scenario/viewer.go:83	visit livestream
2026-09-22T08:56:52.874Z	info	staff-logger	scenario/viewer.go:32	basic viewer scenario
2026-09-22T08:56:52.874Z	info	staff-logger	scenario/viewer.go:56	visit top
2026-09-22T08:56:52.911Z	info	staff-logger	scenario/viewer.go:64	get livestream
2026-09-22T08:56:52.911Z	info	staff-logger	scenario/viewer.go:76	visit user profile
2026-09-22T08:56:53.098Z	info	staff-logger	scenario/viewer.go:32	basic viewer scenario
2026-09-22T08:56:53.098Z	info	staff-logger	scenario/viewer.go:56	visit top
2026-09-22T08:56:53.098Z	info	staff-logger	scenario/viewer.go:64	get livestream
2026-09-22T08:56:53.098Z	info	staff-logger	scenario/viewer.go:83	visit livestream
2026-09-22T08:56:53.187Z	info	staff-logger	scenario/viewer.go:32	basic viewer scenario
2026-09-22T08:56:53.187Z	info	staff-logger	scenario/viewer.go:56	visit top
2026-09-22T08:56:53.187Z	info	staff-logger	scenario/viewer.go:64	get livestream
2026-09-22T08:56:53.187Z	info	staff-logger	scenario/viewer.go:83	visit livestream
2026-09-22T08:56:53.203Z	info	staff-logger	scenario/viewer.go:32	basic viewer scenario
2026-09-22T08:56:53.203Z	info	staff-logger	scenario/viewer.go:56	visit top
2026-09-22T08:56:53.203Z	info	staff-logger	scenario/viewer.go:64	get livestream
2026-09-22T08:56:53.203Z	info	staff-logger	scenario/viewer.go:83	visit livestream
2026-09-22T08:56:53.234Z	info	staff-logger	scenario/viewer.go:83	visit livestream
2026-09-22T08:56:53.330Z	info	staff-logger	scenario/viewer.go:32	basic viewer scenario
2026-09-22T08:56:53.330Z	info	staff-logger	scenario/viewer.go:56	visit top
2026-09-22T08:56:53.330Z	info	staff-logger	scenario/viewer.go:64	get livestream
2026-09-22T08:56:53.330Z	info	staff-logger	scenario/viewer.go:83	visit livestream
2026-09-22T08:56:53.366Z	info	staff-logger	scenario/viewer.go:90	get livestream stats
2026-09-22T08:56:53.419Z	info	staff-logger	scenario/viewer.go:64	get livestream
2026-09-22T08:56:53.419Z	info	staff-logger	scenario/viewer.go:76	visit user profile
2026-09-22T08:56:53.429Z	info	staff-logger	scenario/viewer.go:32	basic viewer scenario
2026-09-22T08:56:53.429Z	info	staff-logger	scenario/viewer.go:56	visit top
2026-09-22T08:56:53.429Z	info	staff-logger	scenario/viewer.go:64	get livestream
2026-09-22T08:56:53.429Z	info	staff-logger	scenario/viewer.go:83	visit livestream
2026-09-22T08:56:53.585Z	info	staff-logger	scenario/viewer.go:32	basic viewer scenario
2026-09-22T08:56:53.585Z	info	staff-logger	scenario/viewer.go:56	visit top
2026-09-22T08:56:53.585Z	info	staff-logger	scenario/viewer.go:64	get livestream
2026-09-22T08:56:53.585Z	info	staff-logger	scenario/viewer.go:83	visit livestream
2026-09-22T08:56:53.611Z	info	staff-logger	scenario/viewer.go:32	basic viewer scenario
2026-09-22T08:56:53.611Z	info	staff-logger	scenario/viewer.go:56	visit top
2026-09-22T08:56:53.611Z	info	staff-logger	scenario/viewer.go:64	get livestream
2026-09-22T08:56:53.611Z	info	staff-logger	scenario/viewer.go:83	visit livestream
2026-09-22T08:56:53.803Z	info	staff-logger	scenario/viewer.go:90	get livestream stats
2026-09-22T08:56:53.913Z	info	staff-logger	scenario/viewer.go:83	visit livestream
2026-09-22T08:56:53.937Z	info	staff-logger	scenario/viewer.go:32	basic viewer scenario
2026-09-22T08:56:53.937Z	info	staff-logger	scenario/viewer.go:56	visit top
2026-09-22T08:56:53.937Z	info	staff-logger	scenario/viewer.go:64	get livestream
2026-09-22T08:56:53.937Z	info	staff-logger	scenario/viewer.go:83	visit livestream
2026-09-22T08:56:54.028Z	info	staff-logger	scenario/viewer.go:32	basic viewer scenario
2026-09-22T08:56:54.028Z	info	staff-logger	scenario/viewer.go:56	visit top
2026-09-22T08:56:54.028Z	info	staff-logger	scenario/viewer.go:64	get livestream
2026-09-22T08:56:54.028Z	info	staff-logger	scenario/viewer.go:83	visit livestream
2026-09-22T08:56:54.132Z	info	staff-logger	scenario/viewer.go:90	get livestream stats
2026-09-22T08:56:54.150Z	info	staff-logger	scenario/viewer.go:32	basic viewer scenario
2026-09-22T08:56:54.150Z	info	staff-logger	scenario/viewer.go:56	visit top
2026-09-22T08:56:54.150Z	info	staff-logger	scenario/viewer.go:64	get livestream
2026-09-22T08:56:54.150Z	info	staff-logger	scenario/viewer.go:83	visit livestream
2026-09-22T08:56:54.180Z	info	staff-logger	scenario/viewer.go:32	basic viewer scenario
2026-09-22T08:56:54.180Z	info	staff-logger	scenario/viewer.go:56	visit top
2026-09-22T08:56:54.180Z	info	staff-logger	scenario/viewer.go:64	get livestream
2026-09-22T08:56:54.180Z	info	staff-logger	scenario/viewer.go:83	visit livestream
2026-09-22T08:56:54.256Z	info	staff-logger	scenario/streamer.go:48	change icon
2026-09-22T08:56:54.364Z	info	staff-logger	scenario/viewer.go:32	basic viewer scenario
2026-09-22T08:56:54.365Z	info	staff-logger	scenario/viewer.go:56	visit top
2026-09-22T08:56:54.365Z	info	staff-logger	scenario/viewer.go:64	get livestream
2026-09-22T08:56:54.365Z	info	staff-logger	scenario/viewer.go:83	visit livestream
2026-09-22T08:56:54.425Z	info	staff-logger	scenario/viewer.go:32	basic viewer scenario
2026-09-22T08:56:54.425Z	info	staff-logger	scenario/viewer.go:56	visit top
2026-09-22T08:56:54.425Z	info	staff-logger	scenario/viewer.go:64	get livestream
2026-09-22T08:56:54.425Z	info	staff-logger	scenario/viewer.go:83	visit livestream
2026-09-22T08:56:54.449Z	info	staff-logger	scenario/viewer.go:90	get livestream stats
2026-09-22T08:56:54.486Z	info	staff-logger	scenario/viewer.go:32	basic viewer scenario
2026-09-22T08:56:54.486Z	info	staff-logger	scenario/viewer.go:56	visit top
2026-09-22T08:56:54.486Z	info	staff-logger	scenario/viewer.go:64	get livestream
2026-09-22T08:56:54.486Z	info	staff-logger	scenario/viewer.go:83	visit livestream
2026-09-22T08:56:54.495Z	info	staff-logger	scenario/viewer.go:32	basic viewer scenario
2026-09-22T08:56:54.495Z	info	staff-logger	scenario/viewer.go:56	visit top
2026-09-22T08:56:54.495Z	info	staff-logger	scenario/viewer.go:64	get livestream
2026-09-22T08:56:54.495Z	info	staff-logger	scenario/viewer.go:83	visit livestream
2026-09-22T08:56:54.600Z	info	staff-logger	scenario/viewer.go:90	get livestream stats
2026-09-22T08:56:54.711Z	info	staff-logger	scenario/viewer.go:32	basic viewer scenario
2026-09-22T08:56:54.711Z	info	staff-logger	scenario/viewer.go:56	visit top
2026-09-22T08:56:54.970Z	info	staff-logger	scenario/viewer.go:32	basic viewer scenario
2026-09-22T08:56:54.970Z	info	staff-logger	scenario/viewer.go:56	visit top
2026-09-22T08:56:55.171Z	info	staff-logger	scenario/viewer.go:32	basic viewer scenario
2026-09-22T08:56:55.171Z	info	staff-logger	scenario/viewer.go:56	visit top
2026-09-22T08:56:55.171Z	info	staff-logger	scenario/viewer.go:64	get livestream
2026-09-22T08:56:55.171Z	info	staff-logger	scenario/viewer.go:83	visit livestream
2026-09-22T08:56:55.329Z	info	staff-logger	scenario/viewer.go:64	get livestream
2026-09-22T08:56:55.329Z	info	staff-logger	scenario/viewer.go:76	visit user profile
2026-09-22T08:56:55.423Z	info	staff-logger	scenario/viewer.go:32	basic viewer scenario
2026-09-22T08:56:55.423Z	info	staff-logger	scenario/viewer.go:56	visit top
2026-09-22T08:56:55.423Z	info	staff-logger	scenario/viewer.go:64	get livestream
2026-09-22T08:56:55.423Z	info	staff-logger	scenario/viewer.go:83	visit livestream
2026-09-22T08:56:55.507Z	info	staff-logger	scenario/viewer.go:32	basic viewer scenario
2026-09-22T08:56:55.507Z	info	staff-logger	scenario/viewer.go:56	visit top
2026-09-22T08:56:55.507Z	info	staff-logger	scenario/viewer.go:64	get livestream
2026-09-22T08:56:55.507Z	info	staff-logger	scenario/viewer.go:83	visit livestream
2026-09-22T08:56:55.510Z	info	staff-logger	scenario/viewer.go:32	basic viewer scenario
2026-09-22T08:56:55.510Z	info	staff-logger	scenario/viewer.go:56	visit top
2026-09-22T08:56:55.515Z	info	staff-logger	scenario/viewer.go:32	basic viewer scenario
2026-09-22T08:56:55.515Z	info	staff-logger	scenario/viewer.go:56	visit top
2026-09-22T08:56:55.515Z	info	staff-logger	scenario/viewer.go:64	get livestream
2026-09-22T08:56:55.515Z	info	staff-logger	scenario/viewer.go:83	visit livestream
2026-09-22T08:56:55.567Z	warn	staff-logger	scenario/viewer.go:178	viewer_spam: failed to post livecomment (moderated spam): benchmark-application: [一般エラー] POST /api/livestream/7600/livecomment へのリクエストに対して、期待されたHTTPステータスコードが確認できませんでした (expected:400, actual:201)

2026-09-22T08:56:55.570Z	info	staff-logger	scenario/viewer.go:64	get livestream
2026-09-22T08:56:55.570Z	info	staff-logger	scenario/viewer.go:76	visit user profile
2026-09-22T08:56:55.663Z	info	staff-logger	scenario/viewer.go:32	basic viewer scenario
2026-09-22T08:56:55.664Z	info	staff-logger	scenario/viewer.go:56	visit top
2026-09-22T08:56:55.664Z	info	staff-logger	scenario/viewer.go:64	get livestream
2026-09-22T08:56:55.664Z	info	staff-logger	scenario/viewer.go:83	visit livestream
2026-09-22T08:56:55.928Z	info	staff-logger	scenario/viewer.go:64	get livestream
2026-09-22T08:56:55.928Z	info	staff-logger	scenario/viewer.go:76	visit user profile
2026-09-22T08:56:55.929Z	info	staff-logger	scenario/viewer.go:83	visit livestream
2026-09-22T08:56:55.974Z	info	staff-logger	scenario/viewer.go:32	basic viewer scenario
2026-09-22T08:56:55.974Z	info	staff-logger	scenario/viewer.go:56	visit top
2026-09-22T08:56:55.974Z	info	staff-logger	scenario/viewer.go:64	get livestream
2026-09-22T08:56:55.974Z	info	staff-logger	scenario/viewer.go:83	visit livestream
2026-09-22T08:56:56.027Z	info	staff-logger	scenario/viewer.go:32	basic viewer scenario
2026-09-22T08:56:56.027Z	info	staff-logger	scenario/viewer.go:56	visit top
2026-09-22T08:56:56.027Z	info	staff-logger	scenario/viewer.go:64	get livestream
2026-09-22T08:56:56.027Z	info	staff-logger	scenario/viewer.go:83	visit livestream
2026-09-22T08:56:56.050Z	info	staff-logger	scenario/viewer.go:32	basic viewer scenario
2026-09-22T08:56:56.050Z	info	staff-logger	scenario/viewer.go:56	visit top
2026-09-22T08:56:56.050Z	info	staff-logger	scenario/viewer.go:64	get livestream
2026-09-22T08:56:56.050Z	info	staff-logger	scenario/viewer.go:83	visit livestream
2026-09-22T08:56:56.108Z	info	staff-logger	scenario/viewer.go:32	basic viewer scenario
2026-09-22T08:56:56.109Z	info	staff-logger	scenario/viewer.go:56	visit top
2026-09-22T08:56:56.109Z	info	staff-logger	scenario/viewer.go:64	get livestream
2026-09-22T08:56:56.109Z	info	staff-logger	scenario/viewer.go:83	visit livestream
2026-09-22T08:56:56.110Z	info	staff-logger	scenario/viewer.go:83	visit livestream
2026-09-22T08:56:56.257Z	info	staff-logger	scenario/viewer.go:83	visit livestream
2026-09-22T08:56:56.379Z	info	staff-logger	scenario/viewer.go:32	basic viewer scenario
2026-09-22T08:56:56.379Z	info	staff-logger	scenario/viewer.go:56	visit top
2026-09-22T08:56:56.379Z	info	staff-logger	scenario/viewer.go:64	get livestream
2026-09-22T08:56:56.379Z	info	staff-logger	scenario/viewer.go:83	visit livestream
2026-09-22T08:56:56.638Z	info	staff-logger	scenario/streamer.go:48	change icon
2026-09-22T08:56:56.758Z	info	staff-logger	scenario/viewer.go:32	basic viewer scenario
2026-09-22T08:56:56.758Z	info	staff-logger	scenario/viewer.go:56	visit top
2026-09-22T08:56:56.758Z	info	staff-logger	scenario/viewer.go:64	get livestream
2026-09-22T08:56:56.758Z	info	staff-logger	scenario/viewer.go:83	visit livestream
2026-09-22T08:56:56.945Z	info	staff-logger	scenario/viewer.go:32	basic viewer scenario
2026-09-22T08:56:56.945Z	info	staff-logger	scenario/viewer.go:56	visit top
2026-09-22T08:56:56.945Z	info	staff-logger	scenario/viewer.go:64	get livestream
2026-09-22T08:56:56.945Z	info	staff-logger	scenario/viewer.go:83	visit livestream
2026-09-22T08:56:56.963Z	info	staff-logger	scenario/viewer.go:32	basic viewer scenario
2026-09-22T08:56:56.963Z	info	staff-logger	scenario/viewer.go:56	visit top
2026-09-22T08:56:56.963Z	info	staff-logger	scenario/viewer.go:64	get livestream
2026-09-22T08:56:56.963Z	info	staff-logger	scenario/viewer.go:83	visit livestream
2026-09-22T08:56:57.117Z	info	staff-logger	scenario/viewer.go:32	basic viewer scenario
2026-09-22T08:56:57.117Z	info	staff-logger	scenario/viewer.go:56	visit top
2026-09-22T08:56:57.117Z	info	staff-logger	scenario/viewer.go:64	get livestream
2026-09-22T08:56:57.117Z	info	staff-logger	scenario/viewer.go:83	visit livestream
2026-09-22T08:56:57.275Z	info	staff-logger	scenario/viewer.go:32	basic viewer scenario
2026-09-22T08:56:57.276Z	info	staff-logger	scenario/viewer.go:56	visit top
2026-09-22T08:56:57.276Z	info	staff-logger	scenario/viewer.go:64	get livestream
2026-09-22T08:56:57.276Z	info	staff-logger	scenario/viewer.go:83	visit livestream
2026-09-22T08:56:57.303Z	info	staff-logger	scenario/viewer.go:32	basic viewer scenario
2026-09-22T08:56:57.303Z	info	staff-logger	scenario/viewer.go:56	visit top
2026-09-22T08:56:57.304Z	info	staff-logger	scenario/viewer.go:64	get livestream
2026-09-22T08:56:57.304Z	info	staff-logger	scenario/viewer.go:83	visit livestream
2026-09-22T08:56:57.421Z	info	staff-logger	scenario/viewer.go:32	basic viewer scenario
2026-09-22T08:56:57.421Z	info	staff-logger	scenario/viewer.go:56	visit top
2026-09-22T08:56:57.421Z	info	staff-logger	scenario/viewer.go:64	get livestream
2026-09-22T08:56:57.421Z	info	staff-logger	scenario/viewer.go:83	visit livestream
2026-09-22T08:56:57.463Z	warn	staff-logger	scenario/viewer.go:178	viewer_spam: failed to post livecomment (moderated spam): benchmark-application: [一般エラー] POST /api/livestream/7618/livecomment へのリクエストに対して、期待されたHTTPステータスコードが確認できませんでした (expected:400, actual:201)

2026-09-22T08:56:57.555Z	info	staff-logger	scenario/viewer.go:32	basic viewer scenario
2026-09-22T08:56:57.555Z	info	staff-logger	scenario/viewer.go:56	visit top
2026-09-22T08:56:57.555Z	info	staff-logger	scenario/viewer.go:64	get livestream
2026-09-22T08:56:57.555Z	info	staff-logger	scenario/viewer.go:83	visit livestream
2026-09-22T08:56:57.597Z	info	staff-logger	scenario/viewer.go:32	basic viewer scenario
2026-09-22T08:56:57.597Z	info	staff-logger	scenario/viewer.go:56	visit top
2026-09-22T08:56:57.597Z	info	staff-logger	scenario/viewer.go:64	get livestream
2026-09-22T08:56:57.597Z	info	staff-logger	scenario/viewer.go:83	visit livestream
2026-09-22T08:56:57.693Z	info	staff-logger	scenario/viewer.go:32	basic viewer scenario
2026-09-22T08:56:57.693Z	info	staff-logger	scenario/viewer.go:56	visit top
2026-09-22T08:56:57.693Z	info	staff-logger	scenario/viewer.go:64	get livestream
2026-09-22T08:56:57.693Z	info	staff-logger	scenario/viewer.go:83	visit livestream
2026-09-22T08:56:57.735Z	info	staff-logger	scenario/viewer.go:32	basic viewer scenario
2026-09-22T08:56:57.735Z	info	staff-logger	scenario/viewer.go:56	visit top
2026-09-22T08:56:57.735Z	info	staff-logger	scenario/viewer.go:64	get livestream
2026-09-22T08:56:57.735Z	info	staff-logger	scenario/viewer.go:83	visit livestream
2026-09-22T08:56:57.813Z	info	staff-logger	scenario/viewer.go:32	basic viewer scenario
2026-09-22T08:56:57.813Z	info	staff-logger	scenario/viewer.go:56	visit top
2026-09-22T08:56:57.813Z	info	staff-logger	scenario/viewer.go:64	get livestream
2026-09-22T08:56:57.813Z	info	staff-logger	scenario/viewer.go:83	visit livestream
2026-09-22T08:56:57.993Z	info	staff-logger	scenario/viewer.go:32	basic viewer scenario
2026-09-22T08:56:57.993Z	info	staff-logger	scenario/viewer.go:56	visit top
2026-09-22T08:56:57.995Z	info	staff-logger	scenario/viewer.go:64	get livestream
2026-09-22T08:56:57.995Z	info	staff-logger	scenario/viewer.go:83	visit livestream
2026-09-22T08:56:58.023Z	info	staff-logger	scenario/viewer.go:32	basic viewer scenario
2026-09-22T08:56:58.023Z	info	staff-logger	scenario/viewer.go:56	visit top
2026-09-22T08:56:58.023Z	info	staff-logger	scenario/viewer.go:64	get livestream
2026-09-22T08:56:58.023Z	info	staff-logger	scenario/viewer.go:83	visit livestream
2026-09-22T08:56:58.166Z	info	staff-logger	scenario/viewer.go:32	basic viewer scenario
2026-09-22T08:56:58.166Z	info	staff-logger	scenario/viewer.go:56	visit top
2026-09-22T08:56:58.166Z	info	staff-logger	scenario/viewer.go:64	get livestream
2026-09-22T08:56:58.166Z	info	staff-logger	scenario/viewer.go:83	visit livestream
2026-09-22T08:56:58.247Z	info	staff-logger	scenario/viewer.go:32	basic viewer scenario
2026-09-22T08:56:58.247Z	info	staff-logger	scenario/viewer.go:56	visit top
2026-09-22T08:56:58.247Z	info	staff-logger	scenario/viewer.go:64	get livestream
2026-09-22T08:56:58.247Z	info	staff-logger	scenario/viewer.go:83	visit livestream
2026-09-22T08:56:58.288Z	info	staff-logger	scenario/viewer.go:32	basic viewer scenario
2026-09-22T08:56:58.288Z	info	staff-logger	scenario/viewer.go:56	visit top
2026-09-22T08:56:58.288Z	info	staff-logger	scenario/viewer.go:64	get livestream
2026-09-22T08:56:58.288Z	info	staff-logger	scenario/viewer.go:83	visit livestream
2026-09-22T08:56:58.557Z	info	staff-logger	scenario/viewer.go:32	basic viewer scenario
2026-09-22T08:56:58.557Z	info	staff-logger	scenario/viewer.go:56	visit top
2026-09-22T08:56:58.557Z	info	staff-logger	scenario/viewer.go:64	get livestream
2026-09-22T08:56:58.557Z	info	staff-logger	scenario/viewer.go:83	visit livestream
2026-09-22T08:56:58.565Z	warn	staff-logger	scenario/viewer.go:178	viewer_spam: failed to post livecomment (moderated spam): benchmark-application: [一般エラー] POST /api/livestream/7677/livecomment へのリクエストに対して、期待されたHTTPステータスコードが確認できませんでした (expected:400, actual:201)

2026-09-22T08:56:58.777Z	info	staff-logger	scenario/viewer.go:32	basic viewer scenario
2026-09-22T08:56:58.777Z	info	staff-logger	scenario/viewer.go:56	visit top
2026-09-22T08:56:58.777Z	info	staff-logger	scenario/viewer.go:64	get livestream
2026-09-22T08:56:58.777Z	info	staff-logger	scenario/viewer.go:83	visit livestream
2026-09-22T08:56:58.815Z	info	staff-logger	scenario/viewer.go:32	basic viewer scenario
2026-09-22T08:56:58.815Z	info	staff-logger	scenario/viewer.go:56	visit top
2026-09-22T08:56:58.815Z	info	staff-logger	scenario/viewer.go:64	get livestream
2026-09-22T08:56:58.815Z	info	staff-logger	scenario/viewer.go:83	visit livestream
2026-09-22T08:56:58.862Z	info	staff-logger	scenario/viewer.go:32	basic viewer scenario
2026-09-22T08:56:58.862Z	info	staff-logger	scenario/viewer.go:56	visit top
2026-09-22T08:56:59.063Z	info	staff-logger	scenario/viewer.go:32	basic viewer scenario
2026-09-22T08:56:59.064Z	info	staff-logger	scenario/viewer.go:56	visit top
2026-09-22T08:56:59.064Z	info	staff-logger	scenario/viewer.go:64	get livestream
2026-09-22T08:56:59.064Z	info	staff-logger	scenario/viewer.go:83	visit livestream
2026-09-22T08:56:59.076Z	info	staff-logger	scenario/viewer.go:32	basic viewer scenario
2026-09-22T08:56:59.076Z	info	staff-logger	scenario/viewer.go:56	visit top
2026-09-22T08:56:59.076Z	info	staff-logger	scenario/viewer.go:64	get livestream
2026-09-22T08:56:59.076Z	info	staff-logger	scenario/viewer.go:83	visit livestream
2026-09-22T08:56:59.146Z	info	staff-logger	scenario/viewer.go:32	basic viewer scenario
2026-09-22T08:56:59.146Z	info	staff-logger	scenario/viewer.go:56	visit top
2026-09-22T08:56:59.146Z	info	staff-logger	scenario/viewer.go:64	get livestream
2026-09-22T08:56:59.146Z	info	staff-logger	scenario/viewer.go:83	visit livestream
2026-09-22T08:56:59.157Z	info	staff-logger	scenario/viewer.go:32	basic viewer scenario
2026-09-22T08:56:59.157Z	info	staff-logger	scenario/viewer.go:56	visit top
2026-09-22T08:56:59.157Z	info	staff-logger	scenario/viewer.go:64	get livestream
2026-09-22T08:56:59.157Z	info	staff-logger	scenario/viewer.go:83	visit livestream
2026-09-22T08:56:59.430Z	warn	staff-logger	scenario/viewer.go:178	viewer_spam: failed to post livecomment (moderated spam): benchmark-application: [一般エラー] POST /api/livestream/7705/livecomment へのリクエストに対して、期待されたHTTPステータスコードが確認できませんでした (expected:400, actual:201)

2026-09-22T08:56:59.507Z	info	staff-logger	scenario/viewer.go:32	basic viewer scenario
2026-09-22T08:56:59.507Z	info	staff-logger	scenario/viewer.go:56	visit top
2026-09-22T08:56:59.507Z	info	staff-logger	scenario/viewer.go:64	get livestream
2026-09-22T08:56:59.507Z	info	staff-logger	scenario/viewer.go:83	visit livestream
2026-09-22T08:56:59.578Z	info	staff-logger	scenario/viewer.go:32	basic viewer scenario
2026-09-22T08:56:59.578Z	info	staff-logger	scenario/viewer.go:56	visit top
2026-09-22T08:56:59.578Z	info	staff-logger	scenario/viewer.go:64	get livestream
2026-09-22T08:56:59.578Z	info	staff-logger	scenario/viewer.go:83	visit livestream
2026-09-22T08:56:59.595Z	info	staff-logger	scenario/viewer.go:32	basic viewer scenario
2026-09-22T08:56:59.595Z	info	staff-logger	scenario/viewer.go:56	visit top
2026-09-22T08:56:59.595Z	info	staff-logger	scenario/viewer.go:64	get livestream
2026-09-22T08:56:59.595Z	info	staff-logger	scenario/viewer.go:83	visit livestream
2026-09-22T08:56:59.596Z	info	staff-logger	scenario/viewer.go:64	get livestream
2026-09-22T08:56:59.596Z	info	staff-logger	scenario/viewer.go:76	visit user profile
2026-09-22T08:56:59.619Z	info	staff-logger	scenario/viewer.go:32	basic viewer scenario
2026-09-22T08:56:59.619Z	info	staff-logger	scenario/viewer.go:56	visit top
2026-09-22T08:56:59.619Z	info	staff-logger	scenario/viewer.go:64	get livestream
2026-09-22T08:56:59.619Z	info	staff-logger	scenario/viewer.go:83	visit livestream
2026-09-22T08:56:59.666Z	info	staff-logger	scenario/viewer.go:32	basic viewer scenario
2026-09-22T08:56:59.666Z	info	staff-logger	scenario/viewer.go:56	visit top
2026-09-22T08:56:59.666Z	info	staff-logger	scenario/viewer.go:64	get livestream
2026-09-22T08:56:59.666Z	info	staff-logger	scenario/viewer.go:83	visit livestream
2026-09-22T08:56:59.745Z	info	staff-logger	scenario/viewer.go:90	get livestream stats
2026-09-22T08:56:59.909Z	info	staff-logger	scenario/viewer.go:83	visit livestream
2026-09-22T08:57:00.003Z	info	staff-logger	scenario/viewer.go:32	basic viewer scenario
2026-09-22T08:57:00.003Z	info	staff-logger	scenario/viewer.go:56	visit top
2026-09-22T08:57:00.003Z	info	staff-logger	scenario/viewer.go:64	get livestream
2026-09-22T08:57:00.003Z	info	staff-logger	scenario/viewer.go:83	visit livestream
2026-09-22T08:57:00.152Z	info	staff-logger	scenario/viewer.go:32	basic viewer scenario
2026-09-22T08:57:00.152Z	info	staff-logger	scenario/viewer.go:56	visit top
2026-09-22T08:57:00.152Z	info	staff-logger	scenario/viewer.go:64	get livestream
2026-09-22T08:57:00.152Z	info	staff-logger	scenario/viewer.go:83	visit livestream
2026-09-22T08:57:00.182Z	info	staff-logger	scenario/viewer.go:32	basic viewer scenario
2026-09-22T08:57:00.182Z	info	staff-logger	scenario/viewer.go:56	visit top
2026-09-22T08:57:00.182Z	info	staff-logger	scenario/viewer.go:64	get livestream
2026-09-22T08:57:00.182Z	info	staff-logger	scenario/viewer.go:83	visit livestream
2026-09-22T08:57:00.270Z	info	staff-logger	scenario/viewer.go:90	get livestream stats
2026-09-22T08:57:00.306Z	info	staff-logger	scenario/viewer.go:32	basic viewer scenario
2026-09-22T08:57:00.306Z	info	staff-logger	scenario/viewer.go:56	visit top
2026-09-22T08:57:00.306Z	info	staff-logger	scenario/viewer.go:64	get livestream
2026-09-22T08:57:00.306Z	info	staff-logger	scenario/viewer.go:83	visit livestream
2026-09-22T08:57:00.361Z	info	staff-logger	scenario/viewer.go:32	basic viewer scenario
2026-09-22T08:57:00.361Z	info	staff-logger	scenario/viewer.go:56	visit top
2026-09-22T08:57:00.361Z	info	staff-logger	scenario/viewer.go:64	get livestream
2026-09-22T08:57:00.361Z	info	staff-logger	scenario/viewer.go:83	visit livestream
2026-09-22T08:57:00.391Z	info	staff-logger	scenario/viewer.go:32	basic viewer scenario
2026-09-22T08:57:00.391Z	info	staff-logger	scenario/viewer.go:56	visit top
2026-09-22T08:57:00.391Z	info	staff-logger	scenario/viewer.go:64	get livestream
2026-09-22T08:57:00.391Z	info	staff-logger	scenario/viewer.go:83	visit livestream
2026-09-22T08:57:00.498Z	info	staff-logger	scenario/viewer.go:90	get livestream stats
2026-09-22T08:57:00.635Z	info	staff-logger	scenario/viewer.go:32	basic viewer scenario
2026-09-22T08:57:00.635Z	info	staff-logger	scenario/viewer.go:56	visit top
2026-09-22T08:57:00.635Z	info	staff-logger	scenario/viewer.go:64	get livestream
2026-09-22T08:57:00.635Z	info	staff-logger	scenario/viewer.go:83	visit livestream
2026-09-22T08:57:00.701Z	info	staff-logger	scenario/viewer.go:32	basic viewer scenario
2026-09-22T08:57:00.701Z	info	staff-logger	scenario/viewer.go:56	visit top
2026-09-22T08:57:00.701Z	info	staff-logger	scenario/viewer.go:64	get livestream
2026-09-22T08:57:00.701Z	info	staff-logger	scenario/viewer.go:83	visit livestream
2026-09-22T08:57:00.816Z	info	staff-logger	scenario/viewer.go:32	basic viewer scenario
2026-09-22T08:57:00.816Z	info	staff-logger	scenario/viewer.go:56	visit top
2026-09-22T08:57:00.816Z	info	staff-logger	scenario/viewer.go:64	get livestream
2026-09-22T08:57:00.816Z	info	staff-logger	scenario/viewer.go:83	visit livestream
2026-09-22T08:57:00.939Z	info	staff-logger	scenario/viewer.go:32	basic viewer scenario
2026-09-22T08:57:00.940Z	info	staff-logger	scenario/viewer.go:56	visit top
2026-09-22T08:57:00.940Z	info	staff-logger	scenario/viewer.go:64	get livestream
2026-09-22T08:57:00.940Z	info	staff-logger	scenario/viewer.go:83	visit livestream
2026-09-22T08:57:00.968Z	info	staff-logger	scenario/viewer.go:32	basic viewer scenario
2026-09-22T08:57:00.968Z	info	staff-logger	scenario/viewer.go:56	visit top
2026-09-22T08:57:01.267Z	info	staff-logger	scenario/viewer.go:32	basic viewer scenario
2026-09-22T08:57:01.267Z	info	staff-logger	scenario/viewer.go:56	visit top
2026-09-22T08:57:01.267Z	info	staff-logger	scenario/viewer.go:64	get livestream
2026-09-22T08:57:01.267Z	info	staff-logger	scenario/viewer.go:83	visit livestream
2026-09-22T08:57:01.282Z	info	staff-logger	scenario/viewer.go:32	basic viewer scenario
2026-09-22T08:57:01.282Z	info	staff-logger	scenario/viewer.go:56	visit top
2026-09-22T08:57:01.282Z	info	staff-logger	scenario/viewer.go:64	get livestream
2026-09-22T08:57:01.282Z	info	staff-logger	scenario/viewer.go:83	visit livestream
2026-09-22T08:57:01.293Z	info	staff-logger	scenario/viewer.go:32	basic viewer scenario
2026-09-22T08:57:01.293Z	info	staff-logger	scenario/viewer.go:56	visit top
2026-09-22T08:57:01.293Z	info	staff-logger	scenario/viewer.go:64	get livestream
2026-09-22T08:57:01.293Z	info	staff-logger	scenario/viewer.go:83	visit livestream
2026-09-22T08:57:01.301Z	info	staff-logger	scenario/viewer.go:90	get livestream stats
2026-09-22T08:57:01.306Z	info	staff-logger	scenario/viewer.go:32	basic viewer scenario
2026-09-22T08:57:01.306Z	info	staff-logger	scenario/viewer.go:56	visit top
2026-09-22T08:57:01.306Z	info	staff-logger	scenario/viewer.go:64	get livestream
2026-09-22T08:57:01.306Z	info	staff-logger	scenario/viewer.go:83	visit livestream
2026-09-22T08:57:01.315Z	info	staff-logger	scenario/viewer.go:32	basic viewer scenario
2026-09-22T08:57:01.315Z	info	staff-logger	scenario/viewer.go:56	visit top
2026-09-22T08:57:01.315Z	info	staff-logger	scenario/viewer.go:64	get livestream
2026-09-22T08:57:01.315Z	info	staff-logger	scenario/viewer.go:83	visit livestream
2026-09-22T08:57:01.550Z	warn	staff-logger	scenario/viewer.go:178	viewer_spam: failed to post livecomment (moderated spam): benchmark-application: [一般エラー] POST /api/livestream/7572/livecomment へのリクエストに対して、期待されたHTTPステータスコードが確認できませんでした (expected:400, actual:201)

2026-09-22T08:57:01.645Z	warn	staff-logger	scenario/viewer.go:178	viewer_spam: failed to post livecomment (moderated spam): benchmark-application: [一般エラー] POST /api/livestream/7665/livecomment へのリクエストに対して、期待されたHTTPステータスコードが確認できませんでした (expected:400, actual:201)

2026-09-22T08:57:01.658Z	info	staff-logger	scenario/viewer.go:64	get livestream
2026-09-22T08:57:01.658Z	info	staff-logger	scenario/viewer.go:76	visit user profile
2026-09-22T08:57:01.661Z	info	staff-logger	scenario/viewer.go:32	basic viewer scenario
2026-09-22T08:57:01.661Z	info	staff-logger	scenario/viewer.go:56	visit top
2026-09-22T08:57:01.661Z	info	staff-logger	scenario/viewer.go:64	get livestream
2026-09-22T08:57:01.661Z	info	staff-logger	scenario/viewer.go:83	visit livestream
2026-09-22T08:57:01.695Z	info	staff-logger	scenario/viewer.go:32	basic viewer scenario
2026-09-22T08:57:01.695Z	info	staff-logger	scenario/viewer.go:56	visit top
2026-09-22T08:57:01.695Z	info	staff-logger	scenario/viewer.go:64	get livestream
2026-09-22T08:57:01.695Z	info	staff-logger	scenario/viewer.go:83	visit livestream
2026-09-22T08:57:01.925Z	info	staff-logger	scenario/viewer.go:32	basic viewer scenario
2026-09-22T08:57:01.925Z	info	staff-logger	scenario/viewer.go:56	visit top
2026-09-22T08:57:01.925Z	info	staff-logger	scenario/viewer.go:64	get livestream
2026-09-22T08:57:01.925Z	info	staff-logger	scenario/viewer.go:83	visit livestream
2026-09-22T08:57:02.031Z	info	staff-logger	scenario/viewer.go:32	basic viewer scenario
2026-09-22T08:57:02.031Z	info	staff-logger	scenario/viewer.go:56	visit top
2026-09-22T08:57:02.031Z	info	staff-logger	scenario/viewer.go:64	get livestream
2026-09-22T08:57:02.031Z	info	staff-logger	scenario/viewer.go:83	visit livestream
2026-09-22T08:57:02.063Z	info	staff-logger	scenario/viewer.go:83	visit livestream
2026-09-22T08:57:02.132Z	info	staff-logger	scenario/viewer.go:32	basic viewer scenario
2026-09-22T08:57:02.132Z	info	staff-logger	scenario/viewer.go:56	visit top
2026-09-22T08:57:02.132Z	info	staff-logger	scenario/viewer.go:64	get livestream
2026-09-22T08:57:02.132Z	info	staff-logger	scenario/viewer.go:83	visit livestream
2026-09-22T08:57:02.158Z	info	staff-logger	scenario/viewer.go:32	basic viewer scenario
2026-09-22T08:57:02.158Z	info	staff-logger	scenario/viewer.go:56	visit top
2026-09-22T08:57:02.158Z	info	staff-logger	scenario/viewer.go:64	get livestream
2026-09-22T08:57:02.158Z	info	staff-logger	scenario/viewer.go:83	visit livestream
2026-09-22T08:57:02.171Z	info	staff-logger	scenario/viewer.go:32	basic viewer scenario
2026-09-22T08:57:02.171Z	info	staff-logger	scenario/viewer.go:56	visit top
2026-09-22T08:57:02.171Z	info	staff-logger	scenario/viewer.go:64	get livestream
2026-09-22T08:57:02.171Z	info	staff-logger	scenario/viewer.go:83	visit livestream
2026-09-22T08:57:02.249Z	info	staff-logger	scenario/viewer.go:32	basic viewer scenario
2026-09-22T08:57:02.249Z	info	staff-logger	scenario/viewer.go:56	visit top
2026-09-22T08:57:02.249Z	info	staff-logger	scenario/viewer.go:64	get livestream
2026-09-22T08:57:02.250Z	info	staff-logger	scenario/viewer.go:83	visit livestream
2026-09-22T08:57:02.391Z	info	staff-logger	scenario/viewer.go:32	basic viewer scenario
2026-09-22T08:57:02.392Z	info	staff-logger	scenario/viewer.go:56	visit top
2026-09-22T08:57:02.392Z	info	staff-logger	scenario/viewer.go:64	get livestream
2026-09-22T08:57:02.392Z	info	staff-logger	scenario/viewer.go:83	visit livestream
2026-09-22T08:57:02.481Z	info	staff-logger	scenario/viewer.go:32	basic viewer scenario
2026-09-22T08:57:02.481Z	info	staff-logger	scenario/viewer.go:56	visit top
2026-09-22T08:57:02.481Z	info	staff-logger	scenario/viewer.go:64	get livestream
2026-09-22T08:57:02.481Z	info	staff-logger	scenario/viewer.go:83	visit livestream
2026-09-22T08:57:02.573Z	info	staff-logger	scenario/viewer.go:32	basic viewer scenario
2026-09-22T08:57:02.574Z	info	staff-logger	scenario/viewer.go:56	visit top
2026-09-22T08:57:02.574Z	info	staff-logger	scenario/viewer.go:64	get livestream
2026-09-22T08:57:02.574Z	info	staff-logger	scenario/viewer.go:83	visit livestream
2026-09-22T08:57:02.585Z	info	staff-logger	scenario/viewer.go:32	basic viewer scenario
2026-09-22T08:57:02.585Z	info	staff-logger	scenario/viewer.go:56	visit top
2026-09-22T08:57:02.585Z	info	staff-logger	scenario/viewer.go:64	get livestream
2026-09-22T08:57:02.585Z	info	staff-logger	scenario/viewer.go:83	visit livestream
2026-09-22T08:57:02.625Z	info	staff-logger	scenario/viewer.go:90	get livestream stats
2026-09-22T08:57:02.641Z	info	staff-logger	scenario/viewer.go:32	basic viewer scenario
2026-09-22T08:57:02.641Z	info	staff-logger	scenario/viewer.go:56	visit top
2026-09-22T08:57:02.641Z	info	staff-logger	scenario/viewer.go:64	get livestream
2026-09-22T08:57:02.641Z	info	staff-logger	scenario/viewer.go:83	visit livestream
2026-09-22T08:57:02.721Z	info	staff-logger	scenario/viewer.go:32	basic viewer scenario
2026-09-22T08:57:02.721Z	info	staff-logger	scenario/viewer.go:56	visit top
2026-09-22T08:57:02.721Z	info	staff-logger	scenario/viewer.go:64	get livestream
2026-09-22T08:57:02.721Z	info	staff-logger	scenario/viewer.go:83	visit livestream
2026-09-22T08:57:02.900Z	info	staff-logger	scenario/viewer.go:32	basic viewer scenario
2026-09-22T08:57:02.900Z	info	staff-logger	scenario/viewer.go:56	visit top
2026-09-22T08:57:02.900Z	info	staff-logger	scenario/viewer.go:64	get livestream
2026-09-22T08:57:02.900Z	info	staff-logger	scenario/viewer.go:83	visit livestream
2026-09-22T08:57:02.984Z	info	staff-logger	scenario/viewer.go:90	get livestream stats
2026-09-22T08:57:03.118Z	info	staff-logger	scenario/viewer.go:32	basic viewer scenario
2026-09-22T08:57:03.118Z	info	staff-logger	scenario/viewer.go:56	visit top
2026-09-22T08:57:03.118Z	info	staff-logger	scenario/viewer.go:64	get livestream
2026-09-22T08:57:03.118Z	info	staff-logger	scenario/viewer.go:83	visit livestream
2026-09-22T08:57:03.159Z	info	staff-logger	scenario/viewer.go:32	basic viewer scenario
2026-09-22T08:57:03.159Z	info	staff-logger	scenario/viewer.go:56	visit top
2026-09-22T08:57:03.159Z	info	staff-logger	scenario/viewer.go:64	get livestream
2026-09-22T08:57:03.159Z	info	staff-logger	scenario/viewer.go:83	visit livestream
2026-09-22T08:57:03.223Z	info	staff-logger	scenario/viewer.go:90	get livestream stats
2026-09-22T08:57:03.238Z	info	staff-logger	scenario/viewer.go:32	basic viewer scenario
2026-09-22T08:57:03.238Z	info	staff-logger	scenario/viewer.go:56	visit top
2026-09-22T08:57:03.238Z	info	staff-logger	scenario/viewer.go:64	get livestream
2026-09-22T08:57:03.238Z	info	staff-logger	scenario/viewer.go:83	visit livestream
2026-09-22T08:57:03.440Z	info	staff-logger	scenario/viewer.go:32	basic viewer scenario
2026-09-22T08:57:03.441Z	info	staff-logger	scenario/viewer.go:56	visit top
2026-09-22T08:57:03.441Z	info	staff-logger	scenario/viewer.go:64	get livestream
2026-09-22T08:57:03.441Z	info	staff-logger	scenario/viewer.go:83	visit livestream
2026-09-22T08:57:03.483Z	info	staff-logger	scenario/viewer.go:32	basic viewer scenario
2026-09-22T08:57:03.484Z	info	staff-logger	scenario/viewer.go:56	visit top
2026-09-22T08:57:03.484Z	info	staff-logger	scenario/viewer.go:64	get livestream
2026-09-22T08:57:03.484Z	info	staff-logger	scenario/viewer.go:83	visit livestream
2026-09-22T08:57:03.596Z	info	staff-logger	scenario/viewer.go:90	get livestream stats
2026-09-22T08:57:03.633Z	info	staff-logger	scenario/viewer.go:32	basic viewer scenario
2026-09-22T08:57:03.633Z	info	staff-logger	scenario/viewer.go:56	visit top
2026-09-22T08:57:03.633Z	info	staff-logger	scenario/viewer.go:64	get livestream
2026-09-22T08:57:03.633Z	info	staff-logger	scenario/viewer.go:83	visit livestream
2026-09-22T08:57:03.731Z	info	staff-logger	scenario/viewer.go:32	basic viewer scenario
2026-09-22T08:57:03.731Z	info	staff-logger	scenario/viewer.go:56	visit top
2026-09-22T08:57:03.731Z	info	staff-logger	scenario/viewer.go:64	get livestream
2026-09-22T08:57:03.731Z	info	staff-logger	scenario/viewer.go:83	visit livestream
2026-09-22T08:57:03.842Z	info	staff-logger	scenario/viewer.go:32	basic viewer scenario
2026-09-22T08:57:03.843Z	info	staff-logger	scenario/viewer.go:56	visit top
2026-09-22T08:57:03.843Z	info	staff-logger	scenario/viewer.go:64	get livestream
2026-09-22T08:57:03.843Z	info	staff-logger	scenario/viewer.go:83	visit livestream
2026-09-22T08:57:03.902Z	info	staff-logger	scenario/viewer.go:90	get livestream stats
2026-09-22T08:57:04.024Z	warn	staff-logger	scenario/viewer.go:178	viewer_spam: failed to post livecomment (moderated spam): benchmark-application: [一般エラー] POST /api/livestream/7557/livecomment へのリクエストに対して、期待されたHTTPステータスコードが確認できませんでした (expected:400, actual:201)

2026-09-22T08:57:04.090Z	info	staff-logger	scenario/viewer.go:32	basic viewer scenario
2026-09-22T08:57:04.090Z	info	staff-logger	scenario/viewer.go:56	visit top
2026-09-22T08:57:04.090Z	info	staff-logger	scenario/viewer.go:64	get livestream
2026-09-22T08:57:04.090Z	info	staff-logger	scenario/viewer.go:83	visit livestream
2026-09-22T08:57:04.125Z	info	staff-logger	scenario/viewer.go:32	basic viewer scenario
2026-09-22T08:57:04.125Z	info	staff-logger	scenario/viewer.go:56	visit top
2026-09-22T08:57:04.125Z	info	staff-logger	scenario/viewer.go:64	get livestream
2026-09-22T08:57:04.125Z	info	staff-logger	scenario/viewer.go:83	visit livestream
2026-09-22T08:57:04.234Z	info	staff-logger	scenario/viewer.go:32	basic viewer scenario
2026-09-22T08:57:04.234Z	info	staff-logger	scenario/viewer.go:56	visit top
2026-09-22T08:57:04.234Z	info	staff-logger	scenario/viewer.go:64	get livestream
2026-09-22T08:57:04.234Z	info	staff-logger	scenario/viewer.go:83	visit livestream
2026-09-22T08:57:04.419Z	info	staff-logger	scenario/viewer.go:32	basic viewer scenario
2026-09-22T08:57:04.419Z	info	staff-logger	scenario/viewer.go:56	visit top
2026-09-22T08:57:04.419Z	info	staff-logger	scenario/viewer.go:64	get livestream
2026-09-22T08:57:04.419Z	info	staff-logger	scenario/viewer.go:83	visit livestream
2026-09-22T08:57:04.463Z	info	staff-logger	scenario/viewer.go:32	basic viewer scenario
2026-09-22T08:57:04.463Z	info	staff-logger	scenario/viewer.go:56	visit top
2026-09-22T08:57:04.463Z	info	staff-logger	scenario/viewer.go:64	get livestream
2026-09-22T08:57:04.463Z	info	staff-logger	scenario/viewer.go:83	visit livestream
2026-09-22T08:57:04.512Z	info	staff-logger	scenario/viewer.go:32	basic viewer scenario
2026-09-22T08:57:04.512Z	info	staff-logger	scenario/viewer.go:56	visit top
2026-09-22T08:57:04.562Z	info	staff-logger	scenario/viewer.go:32	basic viewer scenario
2026-09-22T08:57:04.562Z	info	staff-logger	scenario/viewer.go:56	visit top
2026-09-22T08:57:04.562Z	info	staff-logger	scenario/viewer.go:64	get livestream
2026-09-22T08:57:04.562Z	info	staff-logger	scenario/viewer.go:83	visit livestream
2026-09-22T08:57:04.642Z	info	staff-logger	scenario/viewer.go:32	basic viewer scenario
2026-09-22T08:57:04.642Z	info	staff-logger	scenario/viewer.go:56	visit top
2026-09-22T08:57:04.642Z	info	staff-logger	scenario/viewer.go:64	get livestream
2026-09-22T08:57:04.642Z	info	staff-logger	scenario/viewer.go:83	visit livestream
2026-09-22T08:57:04.658Z	info	staff-logger	scenario/viewer.go:32	basic viewer scenario
2026-09-22T08:57:04.658Z	info	staff-logger	scenario/viewer.go:56	visit top
2026-09-22T08:57:04.658Z	info	staff-logger	scenario/viewer.go:64	get livestream
2026-09-22T08:57:04.658Z	info	staff-logger	scenario/viewer.go:83	visit livestream
2026-09-22T08:57:04.715Z	info	staff-logger	scenario/viewer.go:32	basic viewer scenario
2026-09-22T08:57:04.716Z	info	staff-logger	scenario/viewer.go:56	visit top
2026-09-22T08:57:04.747Z	info	staff-logger	scenario/viewer.go:32	basic viewer scenario
2026-09-22T08:57:04.747Z	info	staff-logger	scenario/viewer.go:56	visit top
2026-09-22T08:57:04.747Z	info	staff-logger	scenario/viewer.go:64	get livestream
2026-09-22T08:57:04.747Z	info	staff-logger	scenario/viewer.go:83	visit livestream
2026-09-22T08:57:04.816Z	info	staff-logger	scenario/viewer.go:32	basic viewer scenario
2026-09-22T08:57:04.816Z	info	staff-logger	scenario/viewer.go:56	visit top
2026-09-22T08:57:04.816Z	info	staff-logger	scenario/viewer.go:64	get livestream
2026-09-22T08:57:04.816Z	info	staff-logger	scenario/viewer.go:83	visit livestream
2026-09-22T08:57:04.838Z	warn	staff-logger	scenario/viewer.go:178	viewer_spam: failed to post livecomment (moderated spam): benchmark-application: [一般エラー] POST /api/livestream/7722/livecomment へのリクエストに対して、期待されたHTTPステータスコードが確認できませんでした (expected:400, actual:201)

2026-09-22T08:57:04.841Z	info	staff-logger	scenario/viewer.go:32	basic viewer scenario
2026-09-22T08:57:04.841Z	info	staff-logger	scenario/viewer.go:56	visit top
2026-09-22T08:57:04.841Z	info	staff-logger	scenario/viewer.go:64	get livestream
2026-09-22T08:57:04.841Z	info	staff-logger	scenario/viewer.go:83	visit livestream
2026-09-22T08:57:05.164Z	info	staff-logger	scenario/viewer.go:64	get livestream
2026-09-22T08:57:05.164Z	info	staff-logger	scenario/viewer.go:76	visit user profile
2026-09-22T08:57:05.180Z	info	staff-logger	scenario/viewer.go:32	basic viewer scenario
2026-09-22T08:57:05.180Z	info	staff-logger	scenario/viewer.go:56	visit top
2026-09-22T08:57:05.181Z	info	staff-logger	scenario/viewer.go:64	get livestream
2026-09-22T08:57:05.181Z	info	staff-logger	scenario/viewer.go:83	visit livestream
2026-09-22T08:57:05.212Z	info	staff-logger	scenario/viewer.go:32	basic viewer scenario
2026-09-22T08:57:05.212Z	info	staff-logger	scenario/viewer.go:56	visit top
2026-09-22T08:57:05.212Z	info	staff-logger	scenario/viewer.go:64	get livestream
2026-09-22T08:57:05.212Z	info	staff-logger	scenario/viewer.go:83	visit livestream
2026-09-22T08:57:05.323Z	info	staff-logger	scenario/viewer.go:32	basic viewer scenario
2026-09-22T08:57:05.323Z	info	staff-logger	scenario/viewer.go:56	visit top
2026-09-22T08:57:05.323Z	info	staff-logger	scenario/viewer.go:64	get livestream
2026-09-22T08:57:05.323Z	info	staff-logger	scenario/viewer.go:83	visit livestream
2026-09-22T08:57:05.408Z	info	staff-logger	scenario/viewer.go:64	get livestream
2026-09-22T08:57:05.408Z	info	staff-logger	scenario/viewer.go:76	visit user profile
2026-09-22T08:57:05.443Z	info	staff-logger	scenario/streamer.go:48	change icon
2026-09-22T08:57:05.468Z	info	staff-logger	scenario/viewer.go:90	get livestream stats
2026-09-22T08:57:05.592Z	info	staff-logger	scenario/viewer.go:32	basic viewer scenario
2026-09-22T08:57:05.592Z	info	staff-logger	scenario/viewer.go:56	visit top
2026-09-22T08:57:05.592Z	info	staff-logger	scenario/viewer.go:64	get livestream
2026-09-22T08:57:05.592Z	info	staff-logger	scenario/viewer.go:83	visit livestream
2026-09-22T08:57:05.738Z	info	staff-logger	scenario/viewer.go:83	visit livestream
2026-09-22T08:57:05.834Z	info	staff-logger	scenario/viewer.go:32	basic viewer scenario
2026-09-22T08:57:05.834Z	info	staff-logger	scenario/viewer.go:56	visit top
2026-09-22T08:57:05.834Z	info	staff-logger	scenario/viewer.go:64	get livestream
2026-09-22T08:57:05.834Z	info	staff-logger	scenario/viewer.go:83	visit livestream
2026-09-22T08:57:05.845Z	info	staff-logger	scenario/viewer.go:83	visit livestream
2026-09-22T08:57:05.869Z	info	staff-logger	scenario/viewer.go:32	basic viewer scenario
2026-09-22T08:57:05.869Z	info	staff-logger	scenario/viewer.go:56	visit top
2026-09-22T08:57:05.869Z	info	staff-logger	scenario/viewer.go:64	get livestream
2026-09-22T08:57:05.869Z	info	staff-logger	scenario/viewer.go:83	visit livestream
2026-09-22T08:57:06.042Z	info	staff-logger	scenario/viewer.go:32	basic viewer scenario
2026-09-22T08:57:06.042Z	info	staff-logger	scenario/viewer.go:56	visit top
2026-09-22T08:57:06.042Z	info	staff-logger	scenario/viewer.go:64	get livestream
2026-09-22T08:57:06.042Z	info	staff-logger	scenario/viewer.go:83	visit livestream
2026-09-22T08:57:06.089Z	info	staff-logger	scenario/viewer.go:32	basic viewer scenario
2026-09-22T08:57:06.089Z	info	staff-logger	scenario/viewer.go:56	visit top
2026-09-22T08:57:06.090Z	info	staff-logger	scenario/viewer.go:64	get livestream
2026-09-22T08:57:06.090Z	info	staff-logger	scenario/viewer.go:83	visit livestream
2026-09-22T08:57:06.135Z	info	staff-logger	scenario/viewer.go:32	basic viewer scenario
2026-09-22T08:57:06.135Z	info	staff-logger	scenario/viewer.go:56	visit top
2026-09-22T08:57:06.135Z	info	staff-logger	scenario/viewer.go:64	get livestream
2026-09-22T08:57:06.135Z	info	staff-logger	scenario/viewer.go:83	visit livestream
2026-09-22T08:57:06.194Z	info	staff-logger	scenario/viewer.go:90	get livestream stats
2026-09-22T08:57:06.337Z	info	staff-logger	scenario/viewer.go:32	basic viewer scenario
2026-09-22T08:57:06.337Z	info	staff-logger	scenario/viewer.go:56	visit top
2026-09-22T08:57:06.337Z	info	staff-logger	scenario/viewer.go:64	get livestream
2026-09-22T08:57:06.338Z	info	staff-logger	scenario/viewer.go:83	visit livestream
2026-09-22T08:57:06.447Z	warn	staff-logger	scenario/viewer.go:178	viewer_spam: failed to post livecomment (moderated spam): benchmark-application: [一般エラー] POST /api/livestream/7552/livecomment へのリクエストに対して、期待されたHTTPステータスコードが確認できませんでした (expected:400, actual:201)

2026-09-22T08:57:06.459Z	info	staff-logger	scenario/viewer.go:32	basic viewer scenario
2026-09-22T08:57:06.459Z	info	staff-logger	scenario/viewer.go:56	visit top
2026-09-22T08:57:06.459Z	info	staff-logger	scenario/viewer.go:64	get livestream
2026-09-22T08:57:06.459Z	info	staff-logger	scenario/viewer.go:83	visit livestream
2026-09-22T08:57:06.494Z	info	staff-logger	scenario/viewer.go:32	basic viewer scenario
2026-09-22T08:57:06.494Z	info	staff-logger	scenario/viewer.go:56	visit top
2026-09-22T08:57:06.494Z	info	staff-logger	scenario/viewer.go:64	get livestream
2026-09-22T08:57:06.494Z	info	staff-logger	scenario/viewer.go:83	visit livestream
2026-09-22T08:57:06.594Z	info	staff-logger	scenario/viewer.go:32	basic viewer scenario
2026-09-22T08:57:06.594Z	info	staff-logger	scenario/viewer.go:56	visit top
2026-09-22T08:57:06.643Z	info	staff-logger	scenario/viewer.go:32	basic viewer scenario
2026-09-22T08:57:06.643Z	info	staff-logger	scenario/viewer.go:56	visit top
2026-09-22T08:57:06.643Z	info	staff-logger	scenario/viewer.go:64	get livestream
2026-09-22T08:57:06.643Z	info	staff-logger	scenario/viewer.go:83	visit livestream
2026-09-22T08:57:06.661Z	info	staff-logger	scenario/viewer.go:32	basic viewer scenario
2026-09-22T08:57:06.661Z	info	staff-logger	scenario/viewer.go:56	visit top
2026-09-22T08:57:06.661Z	info	staff-logger	scenario/viewer.go:64	get livestream
2026-09-22T08:57:06.661Z	info	staff-logger	scenario/viewer.go:83	visit livestream
2026-09-22T08:57:07.019Z	info	isupipe-benchmarker	ベンチマーク走行を停止します
2026-09-22T08:57:07.019Z	warn	staff-logger	scenario/streamer.go:192	aggressive streamer moderate: failed to get my livestream: benchmark-timeout: [リクエストタイムアウト] GET /api/livestream: Get "https://pipe.u.isucon.local:443/api/livestream": read udp 10.100.0.186:42545->10.100.0.155:53: i/o timeout: タイムアウトによりリクエスト失敗

2026-09-22T08:57:07.019Z	warn	staff-logger	scenario/viewer.go:184	viewer_spam: failed to post livecomment (non-moderated spam): benchmark-timeout: [リクエストタイムアウト] POST /api/livestream/7702/livecomment: Post "https://tsubasa620.u.isucon.local:443/api/livestream/7702/livecomment": read udp 10.100.0.186:45781->10.100.0.155:53: i/o timeout: タイムアウトによりリクエスト失敗

2026-09-22T08:57:07.020Z	warn	isupipe-benchmarker	ライブコメントを配信に投稿できないため、視聴者が離脱します	{"viewer": "junishikawa0", "livestream_id": 7561, "error": "Post \"https://mikimatsuda0.u.isucon.local:443/api/livestream/7561/livecomment\": context canceled: ベンチマーク走行が継続できないエラーが発生しました"}
2026-09-22T08:57:07.020Z	warn	staff-logger	scenario/viewer.go:59	view: failed to visit top page: Get "https://pipe.u.isucon.local:443/api/livestream/search?tag=%E3%83%A8%E3%82%AC": context canceled: ベンチマーク走行が継続できないエラーが発生しました

2026-09-22T08:57:07.020Z	warn	staff-logger	scenario/viewer.go:121	view: failed to post livecomment: Post "https://mikimatsuda0.u.isucon.local:443/api/livestream/7561/livecomment": context canceled: ベンチマーク走行が継続できないエラーが発生しました

2026-09-22T08:57:07.020Z	warn	staff-logger	scenario/viewer.go:101	view: failed to get livecomments: Get "https://yamamotomai0.u.isucon.local:443/api/livestream/7588/livecomment": context canceled: ベンチマーク走行が継続できないエラーが発生しました

2026-09-22T08:57:07.020Z	warn	staff-logger	scenario/viewer.go:101	view: failed to get livecomments: Get "https://yamamotomai0.u.isucon.local:443/api/livestream/7588/livecomment": context canceled: ベンチマーク走行が継続できないエラーが発生しました

2026-09-22T08:57:07.020Z	warn	staff-logger	scenario/viewer.go:101	view: failed to get livecomments: Get "https://yamamotomai0.u.isucon.local:443/api/livestream/7588/livecomment": context canceled: ベンチマーク走行が継続できないエラーが発生しました

2026-09-22T08:57:07.021Z	warn	staff-logger	scenario/viewer.go:101	view: failed to get livecomments: Get "https://yamamotomai0.u.isucon.local:443/api/livestream/7588/livecomment": context canceled: ベンチマーク走行が継続できないエラーが発生しました

2026-09-22T08:57:07.021Z	warn	staff-logger	scenario/viewer.go:101	view: failed to get livecomments: Get "https://yamamotomai0.u.isucon.local:443/api/livestream/7588/livecomment": context canceled: ベンチマーク走行が継続できないエラーが発生しました

2026-09-22T08:57:07.021Z	warn	staff-logger	scenario/viewer.go:101	view: failed to get livecomments: Get "https://yamamotomai0.u.isucon.local:443/api/livestream/7588/livecomment": context canceled: ベンチマーク走行が継続できないエラーが発生しました

2026-09-22T08:57:07.021Z	warn	staff-logger	scenario/viewer.go:101	view: failed to get livecomments: Get "https://yamamotomai0.u.isucon.local:443/api/livestream/7588/livecomment": context canceled: ベンチマーク走行が継続できないエラーが発生しました

2026-09-22T08:57:07.021Z	warn	staff-logger	scenario/viewer.go:101	view: failed to get livecomments: Get "https://yamamotomai0.u.isucon.local:443/api/livestream/7588/livecomment": context canceled: ベンチマーク走行が継続できないエラーが発生しました

2026-09-22T08:57:07.021Z	warn	staff-logger	scenario/viewer.go:101	view: failed to get livecomments: Get "https://yamamotomai0.u.isucon.local:443/api/livestream/7588/livecomment": context canceled: ベンチマーク走行が継続できないエラーが発生しました

2026-09-22T08:57:07.021Z	warn	staff-logger	scenario/viewer.go:101	view: failed to get livecomments: Get "https://yamamotomai0.u.isucon.local:443/api/livestream/7588/livecomment": context canceled: ベンチマーク走行が継続できないエラーが発生しました

2026-09-22T08:57:07.021Z	warn	staff-logger	scenario/viewer.go:101	view: failed to get livecomments: Get "https://yamamotomai0.u.isucon.local:443/api/livestream/7588/livecomment": context canceled: ベンチマーク走行が継続できないエラーが発生しました

2026-09-22T08:57:07.021Z	warn	staff-logger	scenario/viewer.go:101	view: failed to get livecomments: Get "https://yamamotomai0.u.isucon.local:443/api/livestream/7588/livecomment": context canceled: ベンチマーク走行が継続できないエラーが発生しました

2026-09-22T08:57:07.021Z	warn	staff-logger	scenario/viewer.go:101	view: failed to get livecomments: Get "https://yamamotomai0.u.isucon.local:443/api/livestream/7588/livecomment": context canceled: ベンチマーク走行が継続できないエラーが発生しました

2026-09-22T08:57:07.021Z	warn	staff-logger	scenario/viewer.go:142	view: failed to leave from livestream: Delete "https://yamamotomai0.u.isucon.local:443/api/livestream/7588/exit": context canceled: ベンチマーク走行が継続できないエラーが発生しました

2026-09-22T08:57:07.021Z	warn	staff-logger	scenario/viewer.go:126	view: failed to get reactions: Get "https://yasuhirofujiwara0.u.isucon.local:443/api/livestream/7727/reaction": context canceled: ベンチマーク走行が継続できないエラーが発生しました

2026-09-22T08:57:07.021Z	warn	staff-logger	scenario/viewer.go:101	view: failed to get livecomments: Get "https://yasuhirofujiwara0.u.isucon.local:443/api/livestream/7727/livecomment": context canceled: ベンチマーク走行が継続できないエラーが発生しました

2026-09-22T08:57:07.021Z	warn	staff-logger	scenario/viewer.go:101	view: failed to get livecomments: Get "https://yasuhirofujiwara0.u.isucon.local:443/api/livestream/7727/livecomment": context canceled: ベンチマーク走行が継続できないエラーが発生しました

2026-09-22T08:57:07.021Z	warn	staff-logger	scenario/viewer.go:101	view: failed to get livecomments: Get "https://yasuhirofujiwara0.u.isucon.local:443/api/livestream/7727/livecomment": context canceled: ベンチマーク走行が継続できないエラーが発生しました

2026-09-22T08:57:07.021Z	warn	staff-logger	scenario/viewer.go:101	view: failed to get livecomments: Get "https://yasuhirofujiwara0.u.isucon.local:443/api/livestream/7727/livecomment": context canceled: ベンチマーク走行が継続できないエラーが発生しました

2026-09-22T08:57:07.021Z	warn	staff-logger	scenario/viewer.go:101	view: failed to get livecomments: Get "https://yasuhirofujiwara0.u.isucon.local:443/api/livestream/7727/livecomment": context canceled: ベンチマーク走行が継続できないエラーが発生しました

2026-09-22T08:57:07.022Z	warn	staff-logger	scenario/viewer.go:101	view: failed to get livecomments: Get "https://yasuhirofujiwara0.u.isucon.local:443/api/livestream/7727/livecomment": context canceled: ベンチマーク走行が継続できないエラーが発生しました

2026-09-22T08:57:07.023Z	warn	isupipe-benchmarker	ライブコメントを配信に投稿できないため、視聴者が離脱します	{"viewer": "yuisuzuki0", "livestream_id": 7533, "error": "Post \"https://reisakamoto0.u.isucon.local:443/api/livestream/7533/livecomment\": context canceled: ベンチマーク走行が継続できないエラーが発生しました"}
2026-09-22T08:57:07.023Z	warn	isupipe-benchmarker	ライブコメントを配信に投稿できないため、視聴者が離脱します	{"viewer": "bhashimoto0", "livestream_id": 7524, "error": "Post \"https://hanako600.u.isucon.local:443/api/livestream/7524/livecomment\": context canceled: ベンチマーク走行が継続できないエラーが発生しました"}
2026-09-22T08:57:07.023Z	warn	isupipe-benchmarker	ライブコメントを配信に投稿できないため、視聴者が離脱します	{"viewer": "kanasato0", "livestream_id": 7540, "error": "Post \"https://jtakahashi0.u.isucon.local:443/api/livestream/7540/livecomment\": context canceled: ベンチマーク走行が継続できないエラーが発生しました"}
2026-09-22T08:57:07.023Z	warn	isupipe-benchmarker	ライブコメントを配信に投稿できないため、視聴者が離脱します	{"viewer": "jwatanabe3", "livestream_id": 7522, "error": "Post \"https://yuitakahashi0.u.isucon.local:443/api/livestream/7522/livecomment\": context canceled: ベンチマーク走行が継続できないエラーが発生しました"}
2026-09-22T08:57:07.024Z	warn	isupipe-benchmarker	ライブコメントを配信に投稿できないため、視聴者が離脱します	{"viewer": "sayuriyamamoto0", "livestream_id": 7726, "error": "Post \"https://osamu490.u.isucon.local:443/api/livestream/7726/livecomment\": context canceled: ベンチマーク走行が継続できないエラーが発生しました"}
2026-09-22T08:57:07.022Z	warn	staff-logger	scenario/viewer.go:101	view: failed to get livecomments: Get "https://yasuhirofujiwara0.u.isucon.local:443/api/livestream/7727/livecomment": context canceled: ベンチマーク走行が継続できないエラーが発生しました

2026-09-22T08:57:07.022Z	warn	staff-logger	scenario/viewer.go:101	view: failed to get livecomments: Get "https://yasuhirofujiwara0.u.isucon.local:443/api/livestream/7727/livecomment": context canceled: ベンチマーク走行が継続できないエラーが発生しました

2026-09-22T08:57:07.022Z	warn	staff-logger	scenario/viewer.go:101	view: failed to get livecomments: Get "https://yasuhirofujiwara0.u.isucon.local:443/api/livestream/7727/livecomment": context canceled: ベンチマーク走行が継続できないエラーが発生しました

2026-09-22T08:57:07.022Z	warn	staff-logger	scenario/viewer.go:101	view: failed to get livecomments: Get "https://yasuhirofujiwara0.u.isucon.local:443/api/livestream/7727/livecomment": context canceled: ベンチマーク走行が継続できないエラーが発生しました

2026-09-22T08:57:07.022Z	warn	staff-logger	scenario/viewer.go:101	view: failed to get livecomments: Get "https://yasuhirofujiwara0.u.isucon.local:443/api/livestream/7727/livecomment": context canceled: ベンチマーク走行が継続できないエラーが発生しました

2026-09-22T08:57:07.022Z	warn	staff-logger	scenario/viewer.go:142	view: failed to leave from livestream: Delete "https://yasuhirofujiwara0.u.isucon.local:443/api/livestream/7727/exit": context canceled: ベンチマーク走行が継続できないエラーが発生しました

2026-09-22T08:57:07.022Z	warn	staff-logger	scenario/streamer.go:204	aggressive streamer moderate: failed to moderate: Post "https://kobayashiyasuhiro1.u.isucon.local:443/api/livestream/7567/moderate": context canceled: ベンチマーク走行が継続できないエラーが発生しました

2026-09-22T08:57:07.022Z	warn	staff-logger	scenario/streamer.go:198	aggressive streamer moderate: failed to visit livestream admin: Get "https://pipe.u.isucon.local:443/api/livestream/search?limit=50": context canceled: ベンチマーク走行が継続できないエラーが発生しました

2026-09-22T08:57:07.023Z	warn	staff-logger	scenario/viewer.go:121	view: failed to post livecomment: Post "https://reisakamoto0.u.isucon.local:443/api/livestream/7533/livecomment": context canceled: ベンチマーク走行が継続できないエラーが発生しました

2026-09-22T08:57:07.023Z	warn	staff-logger	scenario/viewer.go:121	view: failed to post livecomment: Post "https://hanako600.u.isucon.local:443/api/livestream/7524/livecomment": context canceled: ベンチマーク走行が継続できないエラーが発生しました

2026-09-22T08:57:07.023Z	warn	staff-logger	scenario/viewer.go:121	view: failed to post livecomment: Post "https://jtakahashi0.u.isucon.local:443/api/livestream/7540/livecomment": context canceled: ベンチマーク走行が継続できないエラーが発生しました

2026-09-22T08:57:07.023Z	warn	staff-logger	scenario/streamer.go:91	reserve: failed to reserve: Post "https://kazuyasato0.u.isucon.local:443/api/livestream/reservation": context canceled: ベンチマーク走行が継続できないエラーが発生しました

2026-09-22T08:57:07.023Z	warn	staff-logger	scenario/viewer.go:121	view: failed to post livecomment: Post "https://yuitakahashi0.u.isucon.local:443/api/livestream/7522/livecomment": context canceled: ベンチマーク走行が継続できないエラーが発生しました

2026-09-22T08:57:07.023Z	warn	staff-logger	scenario/streamer.go:145	streamer_moderate: failed to get livecomment reports: ベンチマーク走行が継続できないエラーが発生しました

2026-09-22T08:57:07.023Z	warn	staff-logger	scenario/streamer.go:139	streamer_moderate: failed to visit livestream admin: Get "https://pipe.u.isucon.local:443/api/livestream/search?limit=50": context canceled: ベンチマーク走行が継続できないエラーが発生しました

2026-09-22T08:57:07.024Z	warn	staff-logger	scenario/viewer.go:126	view: failed to get reactions: Get "https://momoko550.u.isucon.local:443/api/livestream/7585/reaction": context canceled: ベンチマーク走行が継続できないエラーが発生しました

2026-09-22T08:57:07.024Z	warn	staff-logger	scenario/viewer.go:101	view: failed to get livecomments: Get "https://momoko550.u.isucon.local:443/api/livestream/7585/livecomment": context canceled: ベンチマーク走行が継続できないエラーが発生しました

2026-09-22T08:57:07.024Z	warn	staff-logger	scenario/viewer.go:101	view: failed to get livecomments: Get "https://momoko550.u.isucon.local:443/api/livestream/7585/livecomment": context canceled: ベンチマーク走行が継続できないエラーが発生しました

2026-09-22T08:57:07.025Z	warn	staff-logger	scenario/viewer.go:101	view: failed to get livecomments: Get "https://momoko550.u.isucon.local:443/api/livestream/7585/livecomment": context canceled: ベンチマーク走行が継続できないエラーが発生しました

2026-09-22T08:57:07.025Z	warn	staff-logger	scenario/viewer.go:101	view: failed to get livecomments: Get "https://momoko550.u.isucon.local:443/api/livestream/7585/livecomment": context canceled: ベンチマーク走行が継続できないエラーが発生しました

2026-09-22T08:57:07.025Z	warn	staff-logger	scenario/viewer.go:101	view: failed to get livecomments: Get "https://momoko550.u.isucon.local:443/api/livestream/7585/livecomment": context canceled: ベンチマーク走行が継続できないエラーが発生しました

2026-09-22T08:57:07.025Z	warn	staff-logger	scenario/viewer.go:142	view: failed to leave from livestream: Delete "https://momoko550.u.isucon.local:443/api/livestream/7585/exit": context canceled: ベンチマーク走行が継続できないエラーが発生しました

2026-09-22T08:57:07.024Z	warn	staff-logger	scenario/viewer.go:121	view: failed to post livecomment: Post "https://osamu490.u.isucon.local:443/api/livestream/7726/livecomment": context canceled: ベンチマーク走行が継続できないエラーが発生しました

2026-09-22T08:57:07.694Z	info	isupipe-benchmarker	ベンチマーク走行終了
2026-09-22T08:57:07.694Z	info	isupipe-benchmarker	最終チェックを実施します
2026-09-22T08:57:07.694Z	info	isupipe-benchmarker	最終チェックが成功しました
2026-09-22T08:57:07.694Z	info	isupipe-benchmarker	重複排除したログを以下に出力します
2026-09-22T08:57:07.694Z	info	staff-logger	bench/bench.go:260	ベンチマーク走行時間: 1m0.675111105s
2026-09-22T08:57:07.694Z	info	staff-logger	bench/bench.go:277	ベンチエラーを収集します
2026-09-22T08:57:07.694Z	info	isupipe-benchmarker	配信を最後まで視聴できた視聴者数	{"viewers": 531}
2026-09-22T08:57:07.694Z	info	staff-logger	bench/bench.go:285	内部エラーを収集します
2026-09-22T08:57:07.694Z	info	staff-logger	bench/bench.go:301	シナリオカウンタを出力します
2026-09-22T08:57:07.694Z	info	staff-logger	bench/bench.go:323	[シナリオ aggressive-streamer-moderate] 932 回成功, 2 回失敗
2026-09-22T08:57:07.694Z	info	staff-logger	bench/bench.go:323	[シナリオ dns-watertorture-attack] 46 回成功
2026-09-22T08:57:07.694Z	info	staff-logger	bench/bench.go:323	[シナリオ streamer-cold-reserve] 235 回成功, 1 回失敗
2026-09-22T08:57:07.694Z	info	staff-logger	bench/bench.go:323	[シナリオ streamer-moderate] 776 回成功, 1 回失敗
2026-09-22T08:57:07.694Z	info	staff-logger	bench/bench.go:323	[シナリオ viewer-report] 53 回成功, 3 回失敗
2026-09-22T08:57:07.694Z	info	staff-logger	bench/bench.go:323	[シナリオ viewer-spam] 913 回成功, 21 回失敗
2026-09-22T08:57:07.694Z	info	staff-logger	bench/bench.go:323	[シナリオ viewer] 531 回成功, 10 回失敗
2026-09-22T08:57:07.694Z	info	staff-logger	bench/bench.go:323	[失敗シナリオ aggressive-streamer-moderate-fail] 2 回失敗
2026-09-22T08:57:07.694Z	info	staff-logger	bench/bench.go:323	[失敗シナリオ streamer-cold-reserve-fail] 1 回失敗
2026-09-22T08:57:07.694Z	info	staff-logger	bench/bench.go:323	[失敗シナリオ streamer-moderate-fail] 1 回失敗
2026-09-22T08:57:07.694Z	info	staff-logger	bench/bench.go:323	[失敗シナリオ viewer-fail] 10 回失敗
2026-09-22T08:57:07.694Z	info	staff-logger	bench/bench.go:323	[失敗シナリオ viewer-report-fail] 3 回失敗
2026-09-22T08:57:07.694Z	info	staff-logger	bench/bench.go:323	[失敗シナリオ viewer-spam-fail] 21 回失敗
2026-09-22T08:57:07.694Z	info	staff-logger	bench/bench.go:329	DNSAttacker並列数: 3
2026-09-22T08:57:07.694Z	info	staff-logger	bench/bench.go:330	名前解決成功数: 8061
2026-09-22T08:57:07.695Z	info	staff-logger	bench/bench.go:331	名前解決失敗数: 5
2026-09-22T08:57:07.695Z	info	staff-logger	bench/bench.go:335	スコア: 104305
