sudo: unable to resolve host ip-10-100-0-186: Name or service not known
sudo: unable to resolve host ip-10-100-0-186: Name or service not known
2026-09-22T08:51:01.518Z	info	isupipe-benchmarker	SSL接続が有効になっています
2026-09-22T08:51:01.519Z	info	isupipe-benchmarker	静的ファイルチェックを行います
2026-09-22T08:51:01.519Z	info	isupipe-benchmarker	静的ファイルチェックが完了しました
2026-09-22T08:51:01.519Z	info	isupipe-benchmarker	webappの初期化を行います
2026-09-22T08:51:01.518Z	info	staff-logger	bench/bench.go:172	SSL接続が有効になっています
2026-09-22T08:51:01.519Z	info	staff-logger	bench/bench.go:193	webapp: https://pipe.u.isucon.local:443
2026-09-22T08:51:01.519Z	info	staff-logger	bench/bench.go:194	nameserver: 10.100.0.155:53
2026-09-22T08:51:04.078Z	info	isupipe-benchmarker	ベンチマーク走行前のデータ整合性チェックを行います
2026-09-22T08:51:09.384Z	info	isupipe-benchmarker	整合性チェックが成功しました
2026-09-22T08:51:09.384Z	info	isupipe-benchmarker	ベンチマーク走行を開始します
2026-09-22T08:51:09.394Z	info	staff-logger	scenario/viewer.go:32	basic viewer scenario
2026-09-22T08:51:09.394Z	info	staff-logger	scenario/viewer.go:32	basic viewer scenario
2026-09-22T08:51:09.394Z	info	staff-logger	scenario/viewer.go:32	basic viewer scenario
2026-09-22T08:51:09.394Z	info	staff-logger	scenario/viewer.go:32	basic viewer scenario
2026-09-22T08:51:09.394Z	info	staff-logger	scenario/viewer.go:32	basic viewer scenario
2026-09-22T08:51:09.394Z	info	staff-logger	scenario/viewer.go:32	basic viewer scenario
2026-09-22T08:51:09.394Z	info	staff-logger	scenario/viewer.go:32	basic viewer scenario
2026-09-22T08:51:09.394Z	info	staff-logger	scenario/viewer.go:32	basic viewer scenario
2026-09-22T08:51:09.394Z	info	staff-logger	scenario/viewer.go:32	basic viewer scenario
2026-09-22T08:51:09.394Z	info	staff-logger	scenario/viewer.go:32	basic viewer scenario
2026-09-22T08:51:09.631Z	info	staff-logger	scenario/viewer.go:56	visit top
2026-09-22T08:51:09.631Z	info	staff-logger	scenario/viewer.go:64	get livestream
2026-09-22T08:51:09.631Z	info	staff-logger	scenario/viewer.go:83	visit livestream
2026-09-22T08:51:09.632Z	info	staff-logger	scenario/streamer.go:48	change icon
2026-09-22T08:51:09.713Z	info	staff-logger	scenario/viewer.go:56	visit top
2026-09-22T08:51:09.713Z	info	staff-logger	scenario/viewer.go:64	get livestream
2026-09-22T08:51:09.775Z	info	staff-logger	scenario/viewer.go:83	visit livestream
2026-09-22T08:51:09.870Z	info	staff-logger	scenario/viewer.go:46	change icon
2026-09-22T08:51:09.870Z	info	staff-logger	scenario/viewer.go:32	basic viewer scenario
2026-09-22T08:51:09.878Z	info	staff-logger	scenario/viewer.go:56	visit top
2026-09-22T08:51:09.878Z	info	staff-logger	scenario/viewer.go:64	get livestream
2026-09-22T08:51:09.878Z	info	staff-logger	scenario/viewer.go:83	visit livestream
2026-09-22T08:51:09.911Z	info	staff-logger	scenario/viewer.go:56	visit top
2026-09-22T08:51:09.953Z	info	staff-logger	scenario/viewer.go:56	visit top
2026-09-22T08:51:09.953Z	info	staff-logger	scenario/viewer.go:32	basic viewer scenario
2026-09-22T08:51:09.966Z	info	staff-logger	scenario/viewer.go:56	visit top
2026-09-22T08:51:09.966Z	info	staff-logger	scenario/viewer.go:32	basic viewer scenario
2026-09-22T08:51:10.079Z	info	staff-logger	scenario/viewer.go:56	visit top
2026-09-22T08:51:10.079Z	info	staff-logger	scenario/viewer.go:64	get livestream
2026-09-22T08:51:10.079Z	info	staff-logger	scenario/viewer.go:83	visit livestream
2026-09-22T08:51:10.141Z	info	staff-logger	scenario/viewer.go:64	get livestream
2026-09-22T08:51:10.141Z	info	staff-logger	scenario/viewer.go:76	visit user profile
2026-09-22T08:51:10.226Z	info	staff-logger	scenario/viewer.go:64	get livestream
2026-09-22T08:51:10.226Z	info	staff-logger	scenario/viewer.go:76	visit user profile
2026-09-22T08:51:10.249Z	info	staff-logger	scenario/streamer.go:48	change icon
2026-09-22T08:51:10.266Z	info	staff-logger	scenario/viewer.go:64	get livestream
2026-09-22T08:51:10.266Z	info	staff-logger	scenario/viewer.go:76	visit user profile
2026-09-22T08:51:10.316Z	info	staff-logger	scenario/viewer.go:56	visit top
2026-09-22T08:51:10.316Z	info	staff-logger	scenario/viewer.go:64	get livestream
2026-09-22T08:51:10.316Z	info	staff-logger	scenario/viewer.go:83	visit livestream
2026-09-22T08:51:10.334Z	info	staff-logger	scenario/viewer.go:83	visit livestream
2026-09-22T08:51:10.421Z	info	staff-logger	scenario/viewer.go:56	visit top
2026-09-22T08:51:10.421Z	info	staff-logger	scenario/viewer.go:64	get livestream
2026-09-22T08:51:10.421Z	info	staff-logger	scenario/viewer.go:83	visit livestream
2026-09-22T08:51:10.421Z	info	staff-logger	scenario/viewer.go:32	basic viewer scenario
2026-09-22T08:51:10.452Z	info	staff-logger	scenario/viewer.go:83	visit livestream
2026-09-22T08:51:10.463Z	info	staff-logger	scenario/viewer.go:83	visit livestream
2026-09-22T08:51:10.534Z	info	staff-logger	scenario/viewer.go:56	visit top
2026-09-22T08:51:10.534Z	info	staff-logger	scenario/viewer.go:64	get livestream
2026-09-22T08:51:10.534Z	info	staff-logger	scenario/viewer.go:83	visit livestream
2026-09-22T08:51:10.534Z	info	staff-logger	scenario/viewer.go:32	basic viewer scenario
2026-09-22T08:51:10.576Z	info	staff-logger	scenario/viewer.go:56	visit top
2026-09-22T08:51:10.576Z	info	staff-logger	scenario/viewer.go:64	get livestream
2026-09-22T08:51:10.576Z	info	staff-logger	scenario/viewer.go:83	visit livestream
2026-09-22T08:51:10.669Z	info	staff-logger	scenario/viewer.go:56	visit top
2026-09-22T08:51:10.669Z	info	staff-logger	scenario/viewer.go:64	get livestream
2026-09-22T08:51:10.669Z	info	staff-logger	scenario/viewer.go:83	visit livestream
2026-09-22T08:51:10.669Z	info	staff-logger	scenario/viewer.go:32	basic viewer scenario
2026-09-22T08:51:10.739Z	info	staff-logger	scenario/viewer.go:56	visit top
2026-09-22T08:51:10.739Z	info	staff-logger	scenario/viewer.go:64	get livestream
2026-09-22T08:51:10.739Z	info	staff-logger	scenario/viewer.go:83	visit livestream
2026-09-22T08:51:10.739Z	info	staff-logger	scenario/viewer.go:32	basic viewer scenario
2026-09-22T08:51:10.808Z	info	staff-logger	scenario/viewer.go:56	visit top
2026-09-22T08:51:10.808Z	info	staff-logger	scenario/viewer.go:64	get livestream
2026-09-22T08:51:10.808Z	info	staff-logger	scenario/viewer.go:83	visit livestream
2026-09-22T08:51:10.840Z	info	staff-logger	scenario/viewer.go:56	visit top
2026-09-22T08:51:10.841Z	info	staff-logger	scenario/viewer.go:32	basic viewer scenario
2026-09-22T08:51:10.955Z	info	staff-logger	scenario/viewer.go:32	basic viewer scenario
2026-09-22T08:51:11.001Z	info	staff-logger	scenario/viewer.go:56	visit top
2026-09-22T08:51:11.001Z	info	staff-logger	scenario/viewer.go:64	get livestream
2026-09-22T08:51:11.001Z	info	staff-logger	scenario/viewer.go:83	visit livestream
2026-09-22T08:51:11.020Z	info	staff-logger	scenario/viewer.go:56	visit top
2026-09-22T08:51:11.020Z	info	staff-logger	scenario/viewer.go:64	get livestream
2026-09-22T08:51:11.020Z	info	staff-logger	scenario/viewer.go:83	visit livestream
2026-09-22T08:51:11.020Z	info	staff-logger	scenario/viewer.go:32	basic viewer scenario
2026-09-22T08:51:11.029Z	info	staff-logger	scenario/viewer.go:56	visit top
2026-09-22T08:51:11.029Z	info	staff-logger	scenario/viewer.go:64	get livestream
2026-09-22T08:51:11.029Z	info	staff-logger	scenario/viewer.go:83	visit livestream
2026-09-22T08:51:11.029Z	info	staff-logger	scenario/viewer.go:32	basic viewer scenario
2026-09-22T08:51:11.140Z	info	staff-logger	scenario/viewer.go:56	visit top
2026-09-22T08:51:11.140Z	info	staff-logger	scenario/viewer.go:64	get livestream
2026-09-22T08:51:11.140Z	info	staff-logger	scenario/viewer.go:83	visit livestream
2026-09-22T08:51:11.140Z	info	staff-logger	scenario/viewer.go:32	basic viewer scenario
2026-09-22T08:51:11.141Z	info	staff-logger	scenario/viewer.go:56	visit top
2026-09-22T08:51:11.141Z	info	staff-logger	scenario/viewer.go:64	get livestream
2026-09-22T08:51:11.141Z	info	staff-logger	scenario/viewer.go:83	visit livestream
2026-09-22T08:51:11.381Z	info	staff-logger	scenario/viewer.go:56	visit top
2026-09-22T08:51:11.389Z	info	staff-logger	scenario/viewer.go:56	visit top
2026-09-22T08:51:11.389Z	info	staff-logger	scenario/viewer.go:64	get livestream
2026-09-22T08:51:11.389Z	info	staff-logger	scenario/viewer.go:83	visit livestream
2026-09-22T08:51:11.389Z	info	staff-logger	scenario/viewer.go:32	basic viewer scenario
2026-09-22T08:51:11.394Z	info	isupipe-benchmarker	DNS水責め負荷が上昇します	{"parallelis": 3}
2026-09-22T08:51:11.403Z	info	staff-logger	scenario/viewer.go:64	get livestream
2026-09-22T08:51:11.403Z	info	staff-logger	scenario/viewer.go:76	visit user profile
2026-09-22T08:51:11.404Z	info	staff-logger	scenario/viewer.go:56	visit top
2026-09-22T08:51:11.404Z	info	staff-logger	scenario/viewer.go:64	get livestream
2026-09-22T08:51:11.404Z	info	staff-logger	scenario/viewer.go:83	visit livestream
2026-09-22T08:51:11.404Z	info	staff-logger	scenario/viewer.go:32	basic viewer scenario
2026-09-22T08:51:11.443Z	info	staff-logger	scenario/viewer.go:56	visit top
2026-09-22T08:51:11.443Z	info	staff-logger	scenario/viewer.go:64	get livestream
2026-09-22T08:51:11.443Z	info	staff-logger	scenario/viewer.go:32	basic viewer scenario
2026-09-22T08:51:11.443Z	info	staff-logger	scenario/viewer.go:83	visit livestream
2026-09-22T08:51:11.497Z	info	staff-logger	scenario/streamer.go:48	change icon
2026-09-22T08:51:11.572Z	info	staff-logger	scenario/viewer.go:83	visit livestream
2026-09-22T08:51:11.642Z	info	staff-logger	scenario/viewer.go:56	visit top
2026-09-22T08:51:11.642Z	info	staff-logger	scenario/viewer.go:64	get livestream
2026-09-22T08:51:11.642Z	info	staff-logger	scenario/viewer.go:83	visit livestream
2026-09-22T08:51:11.642Z	info	staff-logger	scenario/viewer.go:32	basic viewer scenario
2026-09-22T08:51:11.661Z	info	staff-logger	scenario/viewer.go:56	visit top
2026-09-22T08:51:11.661Z	info	staff-logger	scenario/viewer.go:64	get livestream
2026-09-22T08:51:11.661Z	info	staff-logger	scenario/viewer.go:83	visit livestream
2026-09-22T08:51:11.688Z	info	staff-logger	scenario/viewer.go:32	basic viewer scenario
2026-09-22T08:51:11.689Z	info	staff-logger	scenario/viewer.go:56	visit top
2026-09-22T08:51:11.689Z	info	staff-logger	scenario/viewer.go:64	get livestream
2026-09-22T08:51:11.689Z	info	staff-logger	scenario/viewer.go:83	visit livestream
2026-09-22T08:51:11.762Z	info	staff-logger	scenario/viewer.go:32	basic viewer scenario
2026-09-22T08:51:11.762Z	info	staff-logger	scenario/viewer.go:56	visit top
2026-09-22T08:51:11.762Z	info	staff-logger	scenario/viewer.go:64	get livestream
2026-09-22T08:51:11.762Z	info	staff-logger	scenario/viewer.go:83	visit livestream
2026-09-22T08:51:11.954Z	info	staff-logger	scenario/viewer.go:32	basic viewer scenario
2026-09-22T08:51:11.954Z	info	staff-logger	scenario/viewer.go:56	visit top
2026-09-22T08:51:11.954Z	info	staff-logger	scenario/viewer.go:64	get livestream
2026-09-22T08:51:11.954Z	info	staff-logger	scenario/viewer.go:83	visit livestream
2026-09-22T08:51:12.142Z	info	staff-logger	scenario/viewer.go:64	get livestream
2026-09-22T08:51:12.142Z	info	staff-logger	scenario/viewer.go:76	visit user profile
2026-09-22T08:51:12.144Z	info	staff-logger	scenario/viewer.go:32	basic viewer scenario
2026-09-22T08:51:12.144Z	info	staff-logger	scenario/viewer.go:56	visit top
2026-09-22T08:51:12.144Z	info	staff-logger	scenario/viewer.go:64	get livestream
2026-09-22T08:51:12.144Z	info	staff-logger	scenario/viewer.go:83	visit livestream
2026-09-22T08:51:12.258Z	info	staff-logger	scenario/viewer.go:32	basic viewer scenario
2026-09-22T08:51:12.259Z	info	staff-logger	scenario/viewer.go:56	visit top
2026-09-22T08:51:12.259Z	info	staff-logger	scenario/viewer.go:64	get livestream
2026-09-22T08:51:12.259Z	info	staff-logger	scenario/viewer.go:83	visit livestream
2026-09-22T08:51:12.315Z	info	staff-logger	scenario/viewer.go:83	visit livestream
2026-09-22T08:51:12.458Z	info	staff-logger	scenario/viewer.go:32	basic viewer scenario
2026-09-22T08:51:12.458Z	info	staff-logger	scenario/viewer.go:46	change icon
2026-09-22T08:51:12.473Z	info	staff-logger	scenario/viewer.go:56	visit top
2026-09-22T08:51:12.519Z	info	staff-logger	scenario/viewer.go:32	basic viewer scenario
2026-09-22T08:51:12.519Z	info	staff-logger	scenario/viewer.go:56	visit top
2026-09-22T08:51:12.519Z	info	staff-logger	scenario/viewer.go:64	get livestream
2026-09-22T08:51:12.519Z	info	staff-logger	scenario/viewer.go:83	visit livestream
2026-09-22T08:51:12.615Z	info	staff-logger	scenario/viewer.go:32	basic viewer scenario
2026-09-22T08:51:12.615Z	info	staff-logger	scenario/viewer.go:56	visit top
2026-09-22T08:51:12.615Z	info	staff-logger	scenario/viewer.go:64	get livestream
2026-09-22T08:51:12.615Z	info	staff-logger	scenario/viewer.go:83	visit livestream
2026-09-22T08:51:12.620Z	info	staff-logger	scenario/viewer.go:32	basic viewer scenario
2026-09-22T08:51:12.620Z	info	staff-logger	scenario/viewer.go:56	visit top
2026-09-22T08:51:12.621Z	info	staff-logger	scenario/viewer.go:64	get livestream
2026-09-22T08:51:12.621Z	info	staff-logger	scenario/viewer.go:83	visit livestream
2026-09-22T08:51:12.650Z	info	staff-logger	scenario/viewer.go:32	basic viewer scenario
2026-09-22T08:51:12.650Z	info	staff-logger	scenario/viewer.go:56	visit top
2026-09-22T08:51:12.650Z	info	staff-logger	scenario/viewer.go:64	get livestream
2026-09-22T08:51:12.650Z	info	staff-logger	scenario/viewer.go:83	visit livestream
2026-09-22T08:51:12.795Z	info	staff-logger	scenario/viewer.go:32	basic viewer scenario
2026-09-22T08:51:12.795Z	info	staff-logger	scenario/viewer.go:56	visit top
2026-09-22T08:51:12.795Z	info	staff-logger	scenario/viewer.go:64	get livestream
2026-09-22T08:51:12.795Z	info	staff-logger	scenario/viewer.go:83	visit livestream
2026-09-22T08:51:12.819Z	info	staff-logger	scenario/viewer.go:32	basic viewer scenario
2026-09-22T08:51:12.819Z	info	staff-logger	scenario/viewer.go:56	visit top
2026-09-22T08:51:12.859Z	info	staff-logger	scenario/viewer.go:32	basic viewer scenario
2026-09-22T08:51:12.859Z	info	staff-logger	scenario/viewer.go:56	visit top
2026-09-22T08:51:12.887Z	info	staff-logger	scenario/viewer.go:32	basic viewer scenario
2026-09-22T08:51:12.887Z	info	staff-logger	scenario/viewer.go:56	visit top
2026-09-22T08:51:12.887Z	info	staff-logger	scenario/viewer.go:64	get livestream
2026-09-22T08:51:12.887Z	info	staff-logger	scenario/viewer.go:83	visit livestream
2026-09-22T08:51:12.887Z	info	staff-logger	scenario/viewer.go:32	basic viewer scenario
2026-09-22T08:51:12.887Z	info	staff-logger	scenario/viewer.go:56	visit top
2026-09-22T08:51:13.073Z	info	staff-logger	scenario/viewer.go:64	get livestream
2026-09-22T08:51:13.073Z	info	staff-logger	scenario/viewer.go:76	visit user profile
2026-09-22T08:51:13.094Z	info	staff-logger	scenario/viewer.go:32	basic viewer scenario
2026-09-22T08:51:13.094Z	info	staff-logger	scenario/viewer.go:56	visit top
2026-09-22T08:51:13.094Z	info	staff-logger	scenario/viewer.go:64	get livestream
2026-09-22T08:51:13.094Z	info	staff-logger	scenario/viewer.go:83	visit livestream
2026-09-22T08:51:13.336Z	info	staff-logger	scenario/viewer.go:32	basic viewer scenario
2026-09-22T08:51:13.336Z	info	staff-logger	scenario/viewer.go:56	visit top
2026-09-22T08:51:13.336Z	info	staff-logger	scenario/viewer.go:64	get livestream
2026-09-22T08:51:13.336Z	info	staff-logger	scenario/viewer.go:83	visit livestream
2026-09-22T08:51:13.365Z	info	staff-logger	scenario/viewer.go:83	visit livestream
2026-09-22T08:51:13.521Z	info	staff-logger	scenario/viewer.go:64	get livestream
2026-09-22T08:51:13.521Z	info	staff-logger	scenario/viewer.go:76	visit user profile
2026-09-22T08:51:13.531Z	info	staff-logger	scenario/viewer.go:32	basic viewer scenario
2026-09-22T08:51:13.531Z	info	staff-logger	scenario/viewer.go:56	visit top
2026-09-22T08:51:13.531Z	info	staff-logger	scenario/viewer.go:64	get livestream
2026-09-22T08:51:13.531Z	info	staff-logger	scenario/viewer.go:83	visit livestream
2026-09-22T08:51:13.542Z	info	staff-logger	scenario/viewer.go:64	get livestream
2026-09-22T08:51:13.542Z	info	staff-logger	scenario/viewer.go:76	visit user profile
2026-09-22T08:51:13.548Z	info	staff-logger	scenario/viewer.go:64	get livestream
2026-09-22T08:51:13.548Z	info	staff-logger	scenario/viewer.go:76	visit user profile
2026-09-22T08:51:13.747Z	info	staff-logger	scenario/viewer.go:32	basic viewer scenario
2026-09-22T08:51:13.747Z	info	staff-logger	scenario/viewer.go:56	visit top
2026-09-22T08:51:13.747Z	info	staff-logger	scenario/viewer.go:64	get livestream
2026-09-22T08:51:13.747Z	info	staff-logger	scenario/viewer.go:83	visit livestream
2026-09-22T08:51:13.780Z	info	staff-logger	scenario/viewer.go:32	basic viewer scenario
2026-09-22T08:51:13.780Z	info	staff-logger	scenario/viewer.go:56	visit top
2026-09-22T08:51:13.780Z	info	staff-logger	scenario/viewer.go:64	get livestream
2026-09-22T08:51:13.780Z	info	staff-logger	scenario/viewer.go:83	visit livestream
2026-09-22T08:51:13.813Z	info	staff-logger	scenario/viewer.go:83	visit livestream
2026-09-22T08:51:13.823Z	info	staff-logger	scenario/viewer.go:83	visit livestream
2026-09-22T08:51:13.856Z	info	staff-logger	scenario/viewer.go:83	visit livestream
2026-09-22T08:51:13.883Z	info	staff-logger	scenario/viewer.go:32	basic viewer scenario
2026-09-22T08:51:13.883Z	info	staff-logger	scenario/viewer.go:56	visit top
2026-09-22T08:51:13.883Z	info	staff-logger	scenario/viewer.go:64	get livestream
2026-09-22T08:51:13.883Z	info	staff-logger	scenario/viewer.go:83	visit livestream
2026-09-22T08:51:13.983Z	info	staff-logger	scenario/viewer.go:32	basic viewer scenario
2026-09-22T08:51:13.983Z	info	staff-logger	scenario/viewer.go:56	visit top
2026-09-22T08:51:13.983Z	info	staff-logger	scenario/viewer.go:64	get livestream
2026-09-22T08:51:13.983Z	info	staff-logger	scenario/viewer.go:83	visit livestream
2026-09-22T08:51:14.001Z	info	staff-logger	scenario/viewer.go:32	basic viewer scenario
2026-09-22T08:51:14.001Z	info	staff-logger	scenario/viewer.go:56	visit top
2026-09-22T08:51:14.001Z	info	staff-logger	scenario/viewer.go:64	get livestream
2026-09-22T08:51:14.001Z	info	staff-logger	scenario/viewer.go:83	visit livestream
2026-09-22T08:51:14.021Z	info	staff-logger	scenario/viewer.go:32	basic viewer scenario
2026-09-22T08:51:14.021Z	info	staff-logger	scenario/viewer.go:56	visit top
2026-09-22T08:51:14.021Z	info	staff-logger	scenario/viewer.go:64	get livestream
2026-09-22T08:51:14.021Z	info	staff-logger	scenario/viewer.go:83	visit livestream
2026-09-22T08:51:14.081Z	info	staff-logger	scenario/viewer.go:32	basic viewer scenario
2026-09-22T08:51:14.081Z	info	staff-logger	scenario/viewer.go:56	visit top
2026-09-22T08:51:14.081Z	info	staff-logger	scenario/viewer.go:64	get livestream
2026-09-22T08:51:14.081Z	info	staff-logger	scenario/viewer.go:83	visit livestream
2026-09-22T08:51:14.122Z	info	staff-logger	scenario/streamer.go:48	change icon
2026-09-22T08:51:14.135Z	info	staff-logger	scenario/viewer.go:32	basic viewer scenario
2026-09-22T08:51:14.135Z	info	staff-logger	scenario/viewer.go:56	visit top
2026-09-22T08:51:14.135Z	info	staff-logger	scenario/viewer.go:64	get livestream
2026-09-22T08:51:14.135Z	info	staff-logger	scenario/viewer.go:83	visit livestream
2026-09-22T08:51:14.270Z	info	staff-logger	scenario/viewer.go:32	basic viewer scenario
2026-09-22T08:51:14.270Z	info	staff-logger	scenario/viewer.go:56	visit top
2026-09-22T08:51:14.270Z	info	staff-logger	scenario/viewer.go:64	get livestream
2026-09-22T08:51:14.270Z	info	staff-logger	scenario/viewer.go:83	visit livestream
2026-09-22T08:51:14.386Z	info	staff-logger	scenario/viewer.go:32	basic viewer scenario
2026-09-22T08:51:14.386Z	info	staff-logger	scenario/viewer.go:56	visit top
2026-09-22T08:51:14.386Z	info	staff-logger	scenario/viewer.go:64	get livestream
2026-09-22T08:51:14.386Z	info	staff-logger	scenario/viewer.go:83	visit livestream
2026-09-22T08:51:14.472Z	info	staff-logger	scenario/viewer.go:32	basic viewer scenario
2026-09-22T08:51:14.472Z	info	staff-logger	scenario/viewer.go:56	visit top
2026-09-22T08:51:14.510Z	info	staff-logger	scenario/viewer.go:32	basic viewer scenario
2026-09-22T08:51:14.510Z	info	staff-logger	scenario/viewer.go:56	visit top
2026-09-22T08:51:14.510Z	info	staff-logger	scenario/viewer.go:64	get livestream
2026-09-22T08:51:14.510Z	info	staff-logger	scenario/viewer.go:83	visit livestream
2026-09-22T08:51:14.857Z	info	staff-logger	scenario/viewer.go:32	basic viewer scenario
2026-09-22T08:51:14.857Z	info	staff-logger	scenario/viewer.go:56	visit top
2026-09-22T08:51:14.969Z	info	staff-logger	scenario/viewer.go:32	basic viewer scenario
2026-09-22T08:51:14.969Z	info	staff-logger	scenario/viewer.go:56	visit top
2026-09-22T08:51:14.969Z	info	staff-logger	scenario/viewer.go:64	get livestream
2026-09-22T08:51:14.969Z	info	staff-logger	scenario/viewer.go:83	visit livestream
2026-09-22T08:51:15.014Z	info	staff-logger	scenario/viewer.go:32	basic viewer scenario
2026-09-22T08:51:15.014Z	info	staff-logger	scenario/viewer.go:56	visit top
2026-09-22T08:51:15.014Z	info	staff-logger	scenario/viewer.go:64	get livestream
2026-09-22T08:51:15.014Z	info	staff-logger	scenario/viewer.go:83	visit livestream
2026-09-22T08:51:15.071Z	info	staff-logger	scenario/viewer.go:90	get livestream stats
2026-09-22T08:51:15.145Z	info	staff-logger	scenario/viewer.go:64	get livestream
2026-09-22T08:51:15.145Z	info	staff-logger	scenario/viewer.go:76	visit user profile
2026-09-22T08:51:15.152Z	info	staff-logger	scenario/viewer.go:32	basic viewer scenario
2026-09-22T08:51:15.152Z	info	staff-logger	scenario/viewer.go:56	visit top
2026-09-22T08:51:15.152Z	info	staff-logger	scenario/viewer.go:64	get livestream
2026-09-22T08:51:15.152Z	info	staff-logger	scenario/viewer.go:83	visit livestream
2026-09-22T08:51:15.161Z	info	staff-logger	scenario/viewer.go:32	basic viewer scenario
2026-09-22T08:51:15.161Z	info	staff-logger	scenario/viewer.go:56	visit top
2026-09-22T08:51:15.161Z	info	staff-logger	scenario/viewer.go:64	get livestream
2026-09-22T08:51:15.161Z	info	staff-logger	scenario/viewer.go:83	visit livestream
2026-09-22T08:51:15.174Z	info	staff-logger	scenario/viewer.go:32	basic viewer scenario
2026-09-22T08:51:15.174Z	info	staff-logger	scenario/viewer.go:56	visit top
2026-09-22T08:51:15.174Z	info	staff-logger	scenario/viewer.go:64	get livestream
2026-09-22T08:51:15.174Z	info	staff-logger	scenario/viewer.go:83	visit livestream
2026-09-22T08:51:15.198Z	info	staff-logger	scenario/viewer.go:90	get livestream stats
2026-09-22T08:51:15.205Z	info	staff-logger	scenario/viewer.go:32	basic viewer scenario
2026-09-22T08:51:15.205Z	info	staff-logger	scenario/viewer.go:56	visit top
2026-09-22T08:51:15.205Z	info	staff-logger	scenario/viewer.go:64	get livestream
2026-09-22T08:51:15.205Z	info	staff-logger	scenario/viewer.go:83	visit livestream
2026-09-22T08:51:15.232Z	info	staff-logger	scenario/viewer.go:90	get livestream stats
2026-09-22T08:51:15.268Z	info	staff-logger	scenario/viewer.go:32	basic viewer scenario
2026-09-22T08:51:15.268Z	info	staff-logger	scenario/viewer.go:56	visit top
2026-09-22T08:51:15.268Z	info	staff-logger	scenario/viewer.go:64	get livestream
2026-09-22T08:51:15.268Z	info	staff-logger	scenario/viewer.go:83	visit livestream
2026-09-22T08:51:15.353Z	info	staff-logger	scenario/viewer.go:64	get livestream
2026-09-22T08:51:15.353Z	info	staff-logger	scenario/viewer.go:76	visit user profile
2026-09-22T08:51:15.462Z	info	staff-logger	scenario/viewer.go:32	basic viewer scenario
2026-09-22T08:51:15.462Z	info	staff-logger	scenario/viewer.go:56	visit top
2026-09-22T08:51:15.462Z	info	staff-logger	scenario/viewer.go:64	get livestream
2026-09-22T08:51:15.462Z	info	staff-logger	scenario/viewer.go:83	visit livestream
2026-09-22T08:51:15.468Z	info	staff-logger	scenario/viewer.go:32	basic viewer scenario
2026-09-22T08:51:15.468Z	info	staff-logger	scenario/viewer.go:56	visit top
2026-09-22T08:51:15.468Z	info	staff-logger	scenario/viewer.go:64	get livestream
2026-09-22T08:51:15.469Z	info	staff-logger	scenario/viewer.go:83	visit livestream
2026-09-22T08:51:15.478Z	info	staff-logger	scenario/viewer.go:32	basic viewer scenario
2026-09-22T08:51:15.478Z	info	staff-logger	scenario/viewer.go:56	visit top
2026-09-22T08:51:15.478Z	info	staff-logger	scenario/viewer.go:64	get livestream
2026-09-22T08:51:15.478Z	info	staff-logger	scenario/viewer.go:83	visit livestream
2026-09-22T08:51:15.505Z	info	staff-logger	scenario/viewer.go:83	visit livestream
2026-09-22T08:51:15.601Z	info	staff-logger	scenario/viewer.go:83	visit livestream
2026-09-22T08:51:15.748Z	info	staff-logger	scenario/viewer.go:32	basic viewer scenario
2026-09-22T08:51:15.748Z	info	staff-logger	scenario/viewer.go:56	visit top
2026-09-22T08:51:15.748Z	info	staff-logger	scenario/viewer.go:64	get livestream
2026-09-22T08:51:15.748Z	info	staff-logger	scenario/viewer.go:83	visit livestream
2026-09-22T08:51:15.759Z	info	staff-logger	scenario/viewer.go:32	basic viewer scenario
2026-09-22T08:51:15.759Z	info	staff-logger	scenario/viewer.go:56	visit top
2026-09-22T08:51:15.759Z	info	staff-logger	scenario/viewer.go:64	get livestream
2026-09-22T08:51:15.759Z	info	staff-logger	scenario/viewer.go:83	visit livestream
2026-09-22T08:51:15.810Z	info	staff-logger	scenario/viewer.go:32	basic viewer scenario
2026-09-22T08:51:15.810Z	info	staff-logger	scenario/viewer.go:56	visit top
2026-09-22T08:51:15.810Z	info	staff-logger	scenario/viewer.go:64	get livestream
2026-09-22T08:51:15.810Z	info	staff-logger	scenario/viewer.go:83	visit livestream
2026-09-22T08:51:15.860Z	info	staff-logger	scenario/viewer.go:32	basic viewer scenario
2026-09-22T08:51:15.860Z	info	staff-logger	scenario/viewer.go:56	visit top
2026-09-22T08:51:15.860Z	info	staff-logger	scenario/viewer.go:64	get livestream
2026-09-22T08:51:15.860Z	info	staff-logger	scenario/viewer.go:83	visit livestream
2026-09-22T08:51:15.901Z	info	staff-logger	scenario/viewer.go:32	basic viewer scenario
2026-09-22T08:51:15.901Z	info	staff-logger	scenario/viewer.go:56	visit top
2026-09-22T08:51:16.017Z	info	staff-logger	scenario/viewer.go:32	basic viewer scenario
2026-09-22T08:51:16.017Z	info	staff-logger	scenario/viewer.go:56	visit top
2026-09-22T08:51:16.017Z	info	staff-logger	scenario/viewer.go:64	get livestream
2026-09-22T08:51:16.017Z	info	staff-logger	scenario/viewer.go:83	visit livestream
2026-09-22T08:51:16.017Z	info	staff-logger	scenario/viewer.go:32	basic viewer scenario
2026-09-22T08:51:16.017Z	info	staff-logger	scenario/viewer.go:56	visit top
2026-09-22T08:51:16.017Z	info	staff-logger	scenario/viewer.go:64	get livestream
2026-09-22T08:51:16.017Z	info	staff-logger	scenario/viewer.go:83	visit livestream
2026-09-22T08:51:16.137Z	info	staff-logger	scenario/viewer.go:32	basic viewer scenario
2026-09-22T08:51:16.137Z	info	staff-logger	scenario/viewer.go:56	visit top
2026-09-22T08:51:16.137Z	info	staff-logger	scenario/viewer.go:64	get livestream
2026-09-22T08:51:16.137Z	info	staff-logger	scenario/viewer.go:83	visit livestream
2026-09-22T08:51:16.340Z	info	staff-logger	scenario/viewer.go:32	basic viewer scenario
2026-09-22T08:51:16.341Z	info	staff-logger	scenario/viewer.go:56	visit top
2026-09-22T08:51:16.596Z	info	staff-logger	scenario/viewer.go:32	basic viewer scenario
2026-09-22T08:51:16.596Z	info	staff-logger	scenario/viewer.go:56	visit top
2026-09-22T08:51:16.596Z	info	staff-logger	scenario/viewer.go:64	get livestream
2026-09-22T08:51:16.596Z	info	staff-logger	scenario/viewer.go:83	visit livestream
2026-09-22T08:51:16.624Z	info	staff-logger	scenario/viewer.go:64	get livestream
2026-09-22T08:51:16.624Z	info	staff-logger	scenario/viewer.go:76	visit user profile
2026-09-22T08:51:16.761Z	info	staff-logger	scenario/viewer.go:32	basic viewer scenario
2026-09-22T08:51:16.761Z	info	staff-logger	scenario/viewer.go:56	visit top
2026-09-22T08:51:16.761Z	info	staff-logger	scenario/viewer.go:64	get livestream
2026-09-22T08:51:16.761Z	info	staff-logger	scenario/viewer.go:83	visit livestream
2026-09-22T08:51:16.847Z	info	staff-logger	scenario/viewer.go:32	basic viewer scenario
2026-09-22T08:51:16.847Z	info	staff-logger	scenario/viewer.go:56	visit top
2026-09-22T08:51:16.847Z	info	staff-logger	scenario/viewer.go:64	get livestream
2026-09-22T08:51:16.847Z	info	staff-logger	scenario/viewer.go:83	visit livestream
2026-09-22T08:51:16.868Z	info	staff-logger	scenario/viewer.go:32	basic viewer scenario
2026-09-22T08:51:16.868Z	info	staff-logger	scenario/viewer.go:56	visit top
2026-09-22T08:51:16.868Z	info	staff-logger	scenario/viewer.go:64	get livestream
2026-09-22T08:51:16.868Z	info	staff-logger	scenario/viewer.go:83	visit livestream
2026-09-22T08:51:16.901Z	info	staff-logger	scenario/streamer.go:48	change icon
2026-09-22T08:51:16.912Z	info	staff-logger	scenario/viewer.go:83	visit livestream
2026-09-22T08:51:16.958Z	info	staff-logger	scenario/viewer.go:32	basic viewer scenario
2026-09-22T08:51:16.958Z	info	staff-logger	scenario/viewer.go:56	visit top
2026-09-22T08:51:16.958Z	info	staff-logger	scenario/viewer.go:64	get livestream
2026-09-22T08:51:16.958Z	info	staff-logger	scenario/viewer.go:83	visit livestream
2026-09-22T08:51:16.969Z	info	staff-logger	scenario/viewer.go:32	basic viewer scenario
2026-09-22T08:51:16.970Z	info	staff-logger	scenario/viewer.go:56	visit top
2026-09-22T08:51:17.009Z	info	staff-logger	scenario/viewer.go:64	get livestream
2026-09-22T08:51:17.009Z	info	staff-logger	scenario/viewer.go:76	visit user profile
2026-09-22T08:51:17.051Z	info	staff-logger	scenario/viewer.go:32	basic viewer scenario
2026-09-22T08:51:17.051Z	info	staff-logger	scenario/viewer.go:56	visit top
2026-09-22T08:51:17.051Z	info	staff-logger	scenario/viewer.go:64	get livestream
2026-09-22T08:51:17.051Z	info	staff-logger	scenario/viewer.go:83	visit livestream
2026-09-22T08:51:17.108Z	info	staff-logger	scenario/viewer.go:32	basic viewer scenario
2026-09-22T08:51:17.108Z	info	staff-logger	scenario/viewer.go:56	visit top
2026-09-22T08:51:17.108Z	info	staff-logger	scenario/viewer.go:64	get livestream
2026-09-22T08:51:17.108Z	info	staff-logger	scenario/viewer.go:83	visit livestream
2026-09-22T08:51:17.190Z	info	staff-logger	scenario/viewer.go:83	visit livestream
2026-09-22T08:51:17.357Z	info	staff-logger	scenario/viewer.go:32	basic viewer scenario
2026-09-22T08:51:17.357Z	info	staff-logger	scenario/viewer.go:56	visit top
2026-09-22T08:51:17.357Z	info	staff-logger	scenario/viewer.go:64	get livestream
2026-09-22T08:51:17.357Z	info	staff-logger	scenario/viewer.go:83	visit livestream
2026-09-22T08:51:17.400Z	info	staff-logger	scenario/viewer.go:32	basic viewer scenario
2026-09-22T08:51:17.400Z	info	staff-logger	scenario/viewer.go:56	visit top
2026-09-22T08:51:17.400Z	info	staff-logger	scenario/viewer.go:64	get livestream
2026-09-22T08:51:17.400Z	info	staff-logger	scenario/viewer.go:83	visit livestream
2026-09-22T08:51:17.461Z	info	staff-logger	scenario/viewer.go:32	basic viewer scenario
2026-09-22T08:51:17.461Z	info	staff-logger	scenario/viewer.go:56	visit top
2026-09-22T08:51:17.461Z	info	staff-logger	scenario/viewer.go:64	get livestream
2026-09-22T08:51:17.461Z	info	staff-logger	scenario/viewer.go:83	visit livestream
2026-09-22T08:51:17.705Z	info	staff-logger	scenario/viewer.go:64	get livestream
2026-09-22T08:51:17.705Z	info	staff-logger	scenario/viewer.go:76	visit user profile
2026-09-22T08:51:17.765Z	info	staff-logger	scenario/viewer.go:32	basic viewer scenario
2026-09-22T08:51:17.766Z	info	staff-logger	scenario/viewer.go:56	visit top
2026-09-22T08:51:17.766Z	info	staff-logger	scenario/viewer.go:64	get livestream
2026-09-22T08:51:17.766Z	info	staff-logger	scenario/viewer.go:83	visit livestream
2026-09-22T08:51:17.884Z	info	staff-logger	scenario/viewer.go:32	basic viewer scenario
2026-09-22T08:51:17.884Z	info	staff-logger	scenario/viewer.go:56	visit top
2026-09-22T08:51:17.884Z	info	staff-logger	scenario/viewer.go:64	get livestream
2026-09-22T08:51:17.884Z	info	staff-logger	scenario/viewer.go:83	visit livestream
2026-09-22T08:51:17.919Z	info	staff-logger	scenario/viewer.go:32	basic viewer scenario
2026-09-22T08:51:17.919Z	info	staff-logger	scenario/viewer.go:56	visit top
2026-09-22T08:51:17.919Z	info	staff-logger	scenario/viewer.go:64	get livestream
2026-09-22T08:51:17.919Z	info	staff-logger	scenario/viewer.go:83	visit livestream
2026-09-22T08:51:18.063Z	info	staff-logger	scenario/viewer.go:32	basic viewer scenario
2026-09-22T08:51:18.064Z	info	staff-logger	scenario/viewer.go:56	visit top
2026-09-22T08:51:18.064Z	info	staff-logger	scenario/viewer.go:64	get livestream
2026-09-22T08:51:18.064Z	info	staff-logger	scenario/viewer.go:83	visit livestream
2026-09-22T08:51:18.072Z	info	staff-logger	scenario/viewer.go:32	basic viewer scenario
2026-09-22T08:51:18.072Z	info	staff-logger	scenario/viewer.go:56	visit top
2026-09-22T08:51:18.072Z	info	staff-logger	scenario/viewer.go:64	get livestream
2026-09-22T08:51:18.072Z	info	staff-logger	scenario/viewer.go:83	visit livestream
2026-09-22T08:51:18.120Z	info	staff-logger	scenario/viewer.go:83	visit livestream
2026-09-22T08:51:18.154Z	info	staff-logger	scenario/viewer.go:32	basic viewer scenario
2026-09-22T08:51:18.154Z	info	staff-logger	scenario/viewer.go:56	visit top
2026-09-22T08:51:18.154Z	info	staff-logger	scenario/viewer.go:64	get livestream
2026-09-22T08:51:18.154Z	info	staff-logger	scenario/viewer.go:83	visit livestream
2026-09-22T08:51:18.207Z	info	staff-logger	scenario/viewer.go:90	get livestream stats
2026-09-22T08:51:18.265Z	info	staff-logger	scenario/viewer.go:32	basic viewer scenario
2026-09-22T08:51:18.265Z	info	staff-logger	scenario/viewer.go:56	visit top
2026-09-22T08:51:18.265Z	info	staff-logger	scenario/viewer.go:64	get livestream
2026-09-22T08:51:18.265Z	info	staff-logger	scenario/viewer.go:83	visit livestream
2026-09-22T08:51:18.281Z	info	staff-logger	scenario/viewer.go:32	basic viewer scenario
2026-09-22T08:51:18.281Z	info	staff-logger	scenario/viewer.go:56	visit top
2026-09-22T08:51:18.281Z	info	staff-logger	scenario/viewer.go:64	get livestream
2026-09-22T08:51:18.281Z	info	staff-logger	scenario/viewer.go:83	visit livestream
2026-09-22T08:51:18.360Z	info	staff-logger	scenario/viewer.go:32	basic viewer scenario
2026-09-22T08:51:18.360Z	info	staff-logger	scenario/viewer.go:56	visit top
2026-09-22T08:51:18.360Z	info	staff-logger	scenario/viewer.go:64	get livestream
2026-09-22T08:51:18.360Z	info	staff-logger	scenario/viewer.go:83	visit livestream
2026-09-22T08:51:18.509Z	info	staff-logger	scenario/viewer.go:32	basic viewer scenario
2026-09-22T08:51:18.509Z	info	staff-logger	scenario/viewer.go:56	visit top
2026-09-22T08:51:18.509Z	info	staff-logger	scenario/viewer.go:64	get livestream
2026-09-22T08:51:18.509Z	info	staff-logger	scenario/viewer.go:83	visit livestream
2026-09-22T08:51:18.576Z	info	staff-logger	scenario/viewer.go:32	basic viewer scenario
2026-09-22T08:51:18.576Z	info	staff-logger	scenario/viewer.go:56	visit top
2026-09-22T08:51:18.576Z	info	staff-logger	scenario/viewer.go:64	get livestream
2026-09-22T08:51:18.576Z	info	staff-logger	scenario/viewer.go:83	visit livestream
2026-09-22T08:51:18.593Z	info	staff-logger	scenario/viewer.go:32	basic viewer scenario
2026-09-22T08:51:18.593Z	info	staff-logger	scenario/viewer.go:56	visit top
2026-09-22T08:51:18.593Z	info	staff-logger	scenario/viewer.go:64	get livestream
2026-09-22T08:51:18.593Z	info	staff-logger	scenario/viewer.go:83	visit livestream
2026-09-22T08:51:18.628Z	info	staff-logger	scenario/viewer.go:32	basic viewer scenario
2026-09-22T08:51:18.628Z	info	staff-logger	scenario/viewer.go:56	visit top
2026-09-22T08:51:18.628Z	info	staff-logger	scenario/viewer.go:64	get livestream
2026-09-22T08:51:18.628Z	info	staff-logger	scenario/viewer.go:83	visit livestream
2026-09-22T08:51:18.658Z	info	staff-logger	scenario/viewer.go:32	basic viewer scenario
2026-09-22T08:51:18.658Z	info	staff-logger	scenario/viewer.go:56	visit top
2026-09-22T08:51:18.658Z	info	staff-logger	scenario/viewer.go:64	get livestream
2026-09-22T08:51:18.658Z	info	staff-logger	scenario/viewer.go:83	visit livestream
2026-09-22T08:51:18.684Z	info	staff-logger	scenario/viewer.go:32	basic viewer scenario
2026-09-22T08:51:18.684Z	info	staff-logger	scenario/viewer.go:56	visit top
2026-09-22T08:51:18.684Z	info	staff-logger	scenario/viewer.go:64	get livestream
2026-09-22T08:51:18.684Z	info	staff-logger	scenario/viewer.go:83	visit livestream
2026-09-22T08:51:18.719Z	info	staff-logger	scenario/viewer.go:32	basic viewer scenario
2026-09-22T08:51:18.719Z	info	staff-logger	scenario/viewer.go:56	visit top
2026-09-22T08:51:18.719Z	info	staff-logger	scenario/viewer.go:64	get livestream
2026-09-22T08:51:18.719Z	info	staff-logger	scenario/viewer.go:83	visit livestream
2026-09-22T08:51:18.735Z	info	staff-logger	scenario/viewer.go:32	basic viewer scenario
2026-09-22T08:51:18.736Z	info	staff-logger	scenario/viewer.go:56	visit top
2026-09-22T08:51:18.736Z	info	staff-logger	scenario/viewer.go:64	get livestream
2026-09-22T08:51:18.736Z	info	staff-logger	scenario/viewer.go:83	visit livestream
2026-09-22T08:51:18.793Z	info	staff-logger	scenario/viewer.go:90	get livestream stats
2026-09-22T08:51:19.008Z	info	staff-logger	scenario/viewer.go:32	basic viewer scenario
2026-09-22T08:51:19.009Z	info	staff-logger	scenario/viewer.go:56	visit top
2026-09-22T08:51:19.009Z	info	staff-logger	scenario/viewer.go:64	get livestream
2026-09-22T08:51:19.009Z	info	staff-logger	scenario/viewer.go:83	visit livestream
2026-09-22T08:51:19.078Z	info	staff-logger	scenario/viewer.go:32	basic viewer scenario
2026-09-22T08:51:19.078Z	info	staff-logger	scenario/viewer.go:56	visit top
2026-09-22T08:51:19.078Z	info	staff-logger	scenario/viewer.go:64	get livestream
2026-09-22T08:51:19.078Z	info	staff-logger	scenario/viewer.go:83	visit livestream
2026-09-22T08:51:19.317Z	info	staff-logger	scenario/viewer.go:32	basic viewer scenario
2026-09-22T08:51:19.317Z	info	staff-logger	scenario/viewer.go:56	visit top
2026-09-22T08:51:19.317Z	info	staff-logger	scenario/viewer.go:64	get livestream
2026-09-22T08:51:19.317Z	info	staff-logger	scenario/viewer.go:83	visit livestream
2026-09-22T08:51:19.601Z	info	staff-logger	scenario/viewer.go:32	basic viewer scenario
2026-09-22T08:51:19.601Z	info	staff-logger	scenario/viewer.go:56	visit top
2026-09-22T08:51:19.601Z	info	staff-logger	scenario/viewer.go:64	get livestream
2026-09-22T08:51:19.601Z	info	staff-logger	scenario/viewer.go:83	visit livestream
2026-09-22T08:51:19.639Z	info	staff-logger	scenario/viewer.go:32	basic viewer scenario
2026-09-22T08:51:19.639Z	info	staff-logger	scenario/viewer.go:56	visit top
2026-09-22T08:51:19.639Z	info	staff-logger	scenario/viewer.go:64	get livestream
2026-09-22T08:51:19.639Z	info	staff-logger	scenario/viewer.go:83	visit livestream
2026-09-22T08:51:19.672Z	info	staff-logger	scenario/viewer.go:32	basic viewer scenario
2026-09-22T08:51:19.672Z	info	staff-logger	scenario/viewer.go:56	visit top
2026-09-22T08:51:19.672Z	info	staff-logger	scenario/viewer.go:64	get livestream
2026-09-22T08:51:19.672Z	info	staff-logger	scenario/viewer.go:83	visit livestream
2026-09-22T08:51:19.912Z	info	staff-logger	scenario/viewer.go:32	basic viewer scenario
2026-09-22T08:51:19.912Z	info	staff-logger	scenario/viewer.go:56	visit top
2026-09-22T08:51:19.912Z	info	staff-logger	scenario/viewer.go:64	get livestream
2026-09-22T08:51:19.912Z	info	staff-logger	scenario/viewer.go:83	visit livestream
2026-09-22T08:51:19.946Z	info	staff-logger	scenario/streamer.go:48	change icon
2026-09-22T08:51:20.018Z	info	staff-logger	scenario/viewer.go:32	basic viewer scenario
2026-09-22T08:51:20.018Z	info	staff-logger	scenario/viewer.go:56	visit top
2026-09-22T08:51:20.070Z	info	staff-logger	scenario/viewer.go:32	basic viewer scenario
2026-09-22T08:51:20.070Z	info	staff-logger	scenario/viewer.go:56	visit top
2026-09-22T08:51:20.075Z	info	staff-logger	scenario/viewer.go:32	basic viewer scenario
2026-09-22T08:51:20.075Z	info	staff-logger	scenario/viewer.go:56	visit top
2026-09-22T08:51:20.075Z	info	staff-logger	scenario/viewer.go:64	get livestream
2026-09-22T08:51:20.075Z	info	staff-logger	scenario/viewer.go:83	visit livestream
2026-09-22T08:51:20.102Z	info	staff-logger	scenario/viewer.go:32	basic viewer scenario
2026-09-22T08:51:20.103Z	info	staff-logger	scenario/viewer.go:56	visit top
2026-09-22T08:51:20.179Z	info	staff-logger	scenario/viewer.go:32	basic viewer scenario
2026-09-22T08:51:20.179Z	info	staff-logger	scenario/viewer.go:56	visit top
2026-09-22T08:51:20.180Z	info	staff-logger	scenario/viewer.go:64	get livestream
2026-09-22T08:51:20.180Z	info	staff-logger	scenario/viewer.go:83	visit livestream
2026-09-22T08:51:20.249Z	info	staff-logger	scenario/viewer.go:32	basic viewer scenario
2026-09-22T08:51:20.249Z	info	staff-logger	scenario/viewer.go:56	visit top
2026-09-22T08:51:20.249Z	info	staff-logger	scenario/viewer.go:64	get livestream
2026-09-22T08:51:20.249Z	info	staff-logger	scenario/viewer.go:83	visit livestream
2026-09-22T08:51:20.319Z	info	staff-logger	scenario/viewer.go:32	basic viewer scenario
2026-09-22T08:51:20.319Z	info	staff-logger	scenario/viewer.go:56	visit top
2026-09-22T08:51:20.319Z	info	staff-logger	scenario/viewer.go:64	get livestream
2026-09-22T08:51:20.319Z	info	staff-logger	scenario/viewer.go:83	visit livestream
2026-09-22T08:51:20.332Z	info	staff-logger	scenario/viewer.go:32	basic viewer scenario
2026-09-22T08:51:20.332Z	info	staff-logger	scenario/viewer.go:56	visit top
2026-09-22T08:51:20.332Z	info	staff-logger	scenario/viewer.go:64	get livestream
2026-09-22T08:51:20.332Z	info	staff-logger	scenario/viewer.go:83	visit livestream
2026-09-22T08:51:20.401Z	info	staff-logger	scenario/viewer.go:32	basic viewer scenario
2026-09-22T08:51:20.401Z	info	staff-logger	scenario/viewer.go:56	visit top
2026-09-22T08:51:20.401Z	info	staff-logger	scenario/viewer.go:64	get livestream
2026-09-22T08:51:20.401Z	info	staff-logger	scenario/viewer.go:83	visit livestream
2026-09-22T08:51:20.565Z	info	staff-logger	scenario/viewer.go:32	basic viewer scenario
2026-09-22T08:51:20.565Z	info	staff-logger	scenario/viewer.go:56	visit top
2026-09-22T08:51:20.565Z	info	staff-logger	scenario/viewer.go:64	get livestream
2026-09-22T08:51:20.565Z	info	staff-logger	scenario/viewer.go:83	visit livestream
2026-09-22T08:51:20.573Z	warn	staff-logger	scenario/streamer.go:139	streamer_moderate: failed to visit livestream admin: benchmark-application: [一般エラー] GET /api/livestream/7527/report へのリクエストに対して、期待されたHTTPステータスコードが確認できませんでした (expected:200, actual:500)

2026-09-22T08:51:20.744Z	info	staff-logger	scenario/viewer.go:32	basic viewer scenario
2026-09-22T08:51:20.744Z	info	staff-logger	scenario/viewer.go:56	visit top
2026-09-22T08:51:20.744Z	info	staff-logger	scenario/viewer.go:64	get livestream
2026-09-22T08:51:20.744Z	info	staff-logger	scenario/viewer.go:83	visit livestream
2026-09-22T08:51:20.782Z	info	staff-logger	scenario/viewer.go:64	get livestream
2026-09-22T08:51:20.782Z	info	staff-logger	scenario/viewer.go:76	visit user profile
2026-09-22T08:51:20.811Z	info	staff-logger	scenario/viewer.go:64	get livestream
2026-09-22T08:51:20.811Z	info	staff-logger	scenario/viewer.go:76	visit user profile
2026-09-22T08:51:20.898Z	info	staff-logger	scenario/viewer.go:32	basic viewer scenario
2026-09-22T08:51:20.898Z	info	staff-logger	scenario/viewer.go:56	visit top
2026-09-22T08:51:20.898Z	info	staff-logger	scenario/viewer.go:64	get livestream
2026-09-22T08:51:20.898Z	info	staff-logger	scenario/viewer.go:83	visit livestream
2026-09-22T08:51:20.910Z	info	staff-logger	scenario/viewer.go:64	get livestream
2026-09-22T08:51:20.910Z	info	staff-logger	scenario/viewer.go:76	visit user profile
2026-09-22T08:51:21.066Z	info	staff-logger	scenario/viewer.go:32	basic viewer scenario
2026-09-22T08:51:21.066Z	info	staff-logger	scenario/viewer.go:56	visit top
2026-09-22T08:51:21.066Z	info	staff-logger	scenario/viewer.go:64	get livestream
2026-09-22T08:51:21.066Z	info	staff-logger	scenario/viewer.go:83	visit livestream
2026-09-22T08:51:21.089Z	info	staff-logger	scenario/viewer.go:32	basic viewer scenario
2026-09-22T08:51:21.089Z	info	staff-logger	scenario/viewer.go:56	visit top
2026-09-22T08:51:21.089Z	info	staff-logger	scenario/viewer.go:64	get livestream
2026-09-22T08:51:21.089Z	info	staff-logger	scenario/viewer.go:83	visit livestream
2026-09-22T08:51:21.138Z	info	staff-logger	scenario/viewer.go:32	basic viewer scenario
2026-09-22T08:51:21.138Z	info	staff-logger	scenario/viewer.go:46	change icon
2026-09-22T08:51:21.155Z	info	staff-logger	scenario/viewer.go:83	visit livestream
2026-09-22T08:51:21.160Z	info	staff-logger	scenario/viewer.go:56	visit top
2026-09-22T08:51:21.229Z	info	staff-logger	scenario/viewer.go:83	visit livestream
2026-09-22T08:51:21.253Z	info	staff-logger	scenario/viewer.go:32	basic viewer scenario
2026-09-22T08:51:21.253Z	info	staff-logger	scenario/viewer.go:56	visit top
2026-09-22T08:51:21.253Z	info	staff-logger	scenario/viewer.go:64	get livestream
2026-09-22T08:51:21.253Z	info	staff-logger	scenario/viewer.go:83	visit livestream
2026-09-22T08:51:21.309Z	info	staff-logger	scenario/viewer.go:83	visit livestream
2026-09-22T08:51:21.334Z	info	staff-logger	scenario/viewer.go:32	basic viewer scenario
2026-09-22T08:51:21.334Z	info	staff-logger	scenario/viewer.go:56	visit top
2026-09-22T08:51:21.334Z	info	staff-logger	scenario/viewer.go:64	get livestream
2026-09-22T08:51:21.334Z	info	staff-logger	scenario/viewer.go:83	visit livestream
2026-09-22T08:51:21.345Z	info	staff-logger	scenario/viewer.go:32	basic viewer scenario
2026-09-22T08:51:21.345Z	info	staff-logger	scenario/viewer.go:56	visit top
2026-09-22T08:51:21.345Z	info	staff-logger	scenario/viewer.go:64	get livestream
2026-09-22T08:51:21.345Z	info	staff-logger	scenario/viewer.go:83	visit livestream
2026-09-22T08:51:21.358Z	info	staff-logger	scenario/viewer.go:32	basic viewer scenario
2026-09-22T08:51:21.358Z	info	staff-logger	scenario/viewer.go:56	visit top
2026-09-22T08:51:21.358Z	info	staff-logger	scenario/viewer.go:64	get livestream
2026-09-22T08:51:21.358Z	info	staff-logger	scenario/viewer.go:83	visit livestream
2026-09-22T08:51:21.365Z	info	staff-logger	scenario/viewer.go:32	basic viewer scenario
2026-09-22T08:51:21.365Z	info	staff-logger	scenario/viewer.go:56	visit top
2026-09-22T08:51:21.365Z	info	staff-logger	scenario/viewer.go:64	get livestream
2026-09-22T08:51:21.365Z	info	staff-logger	scenario/viewer.go:83	visit livestream
2026-09-22T08:51:21.372Z	info	staff-logger	scenario/viewer.go:32	basic viewer scenario
2026-09-22T08:51:21.372Z	info	staff-logger	scenario/viewer.go:56	visit top
2026-09-22T08:51:21.372Z	info	staff-logger	scenario/viewer.go:64	get livestream
2026-09-22T08:51:21.372Z	info	staff-logger	scenario/viewer.go:83	visit livestream
2026-09-22T08:51:21.731Z	info	staff-logger	scenario/viewer.go:32	basic viewer scenario
2026-09-22T08:51:21.731Z	info	staff-logger	scenario/viewer.go:56	visit top
2026-09-22T08:51:21.731Z	info	staff-logger	scenario/viewer.go:64	get livestream
2026-09-22T08:51:21.731Z	info	staff-logger	scenario/viewer.go:83	visit livestream
2026-09-22T08:51:21.772Z	info	staff-logger	scenario/viewer.go:64	get livestream
2026-09-22T08:51:21.772Z	info	staff-logger	scenario/viewer.go:76	visit user profile
2026-09-22T08:51:21.790Z	info	staff-logger	scenario/viewer.go:32	basic viewer scenario
2026-09-22T08:51:21.790Z	info	staff-logger	scenario/viewer.go:56	visit top
2026-09-22T08:51:21.790Z	info	staff-logger	scenario/viewer.go:64	get livestream
2026-09-22T08:51:21.790Z	info	staff-logger	scenario/viewer.go:83	visit livestream
2026-09-22T08:51:21.796Z	info	staff-logger	scenario/viewer.go:90	get livestream stats
2026-09-22T08:51:21.901Z	info	staff-logger	scenario/viewer.go:32	basic viewer scenario
2026-09-22T08:51:21.901Z	info	staff-logger	scenario/viewer.go:56	visit top
2026-09-22T08:51:21.901Z	info	staff-logger	scenario/viewer.go:64	get livestream
2026-09-22T08:51:21.901Z	info	staff-logger	scenario/viewer.go:83	visit livestream
2026-09-22T08:51:21.910Z	info	staff-logger	scenario/viewer.go:32	basic viewer scenario
2026-09-22T08:51:21.911Z	info	staff-logger	scenario/viewer.go:56	visit top
2026-09-22T08:51:21.911Z	info	staff-logger	scenario/viewer.go:64	get livestream
2026-09-22T08:51:21.911Z	info	staff-logger	scenario/viewer.go:83	visit livestream
2026-09-22T08:51:21.995Z	info	staff-logger	scenario/viewer.go:90	get livestream stats
2026-09-22T08:51:22.065Z	info	staff-logger	scenario/viewer.go:83	visit livestream
2026-09-22T08:51:22.107Z	info	staff-logger	scenario/viewer.go:32	basic viewer scenario
2026-09-22T08:51:22.107Z	info	staff-logger	scenario/viewer.go:56	visit top
2026-09-22T08:51:22.107Z	info	staff-logger	scenario/viewer.go:64	get livestream
2026-09-22T08:51:22.107Z	info	staff-logger	scenario/viewer.go:83	visit livestream
2026-09-22T08:51:22.211Z	info	staff-logger	scenario/viewer.go:32	basic viewer scenario
2026-09-22T08:51:22.211Z	info	staff-logger	scenario/viewer.go:56	visit top
2026-09-22T08:51:22.211Z	info	staff-logger	scenario/viewer.go:64	get livestream
2026-09-22T08:51:22.211Z	info	staff-logger	scenario/viewer.go:83	visit livestream
2026-09-22T08:51:22.363Z	info	staff-logger	scenario/viewer.go:32	basic viewer scenario
2026-09-22T08:51:22.363Z	info	staff-logger	scenario/viewer.go:56	visit top
2026-09-22T08:51:22.363Z	info	staff-logger	scenario/viewer.go:64	get livestream
2026-09-22T08:51:22.363Z	info	staff-logger	scenario/viewer.go:83	visit livestream
2026-09-22T08:51:22.662Z	info	staff-logger	scenario/viewer.go:32	basic viewer scenario
2026-09-22T08:51:22.662Z	info	staff-logger	scenario/viewer.go:56	visit top
2026-09-22T08:51:22.662Z	info	staff-logger	scenario/viewer.go:64	get livestream
2026-09-22T08:51:22.662Z	info	staff-logger	scenario/viewer.go:83	visit livestream
2026-09-22T08:51:22.797Z	info	staff-logger	scenario/viewer.go:32	basic viewer scenario
2026-09-22T08:51:22.797Z	info	staff-logger	scenario/viewer.go:56	visit top
2026-09-22T08:51:22.797Z	info	staff-logger	scenario/viewer.go:64	get livestream
2026-09-22T08:51:22.797Z	info	staff-logger	scenario/viewer.go:83	visit livestream
2026-09-22T08:51:22.939Z	info	staff-logger	scenario/viewer.go:32	basic viewer scenario
2026-09-22T08:51:22.939Z	info	staff-logger	scenario/viewer.go:56	visit top
2026-09-22T08:51:22.939Z	info	staff-logger	scenario/viewer.go:64	get livestream
2026-09-22T08:51:22.939Z	info	staff-logger	scenario/viewer.go:83	visit livestream
2026-09-22T08:51:23.068Z	info	staff-logger	scenario/viewer.go:32	basic viewer scenario
2026-09-22T08:51:23.068Z	info	staff-logger	scenario/viewer.go:56	visit top
2026-09-22T08:51:23.068Z	info	staff-logger	scenario/viewer.go:64	get livestream
2026-09-22T08:51:23.068Z	info	staff-logger	scenario/viewer.go:83	visit livestream
2026-09-22T08:51:23.113Z	info	staff-logger	scenario/viewer.go:32	basic viewer scenario
2026-09-22T08:51:23.113Z	info	staff-logger	scenario/viewer.go:56	visit top
2026-09-22T08:51:23.129Z	info	staff-logger	scenario/viewer.go:32	basic viewer scenario
2026-09-22T08:51:23.129Z	info	staff-logger	scenario/viewer.go:56	visit top
2026-09-22T08:51:23.129Z	info	staff-logger	scenario/viewer.go:64	get livestream
2026-09-22T08:51:23.129Z	info	staff-logger	scenario/viewer.go:83	visit livestream
2026-09-22T08:51:23.226Z	info	staff-logger	scenario/viewer.go:32	basic viewer scenario
2026-09-22T08:51:23.226Z	info	staff-logger	scenario/viewer.go:56	visit top
2026-09-22T08:51:23.226Z	info	staff-logger	scenario/viewer.go:64	get livestream
2026-09-22T08:51:23.226Z	info	staff-logger	scenario/viewer.go:83	visit livestream
2026-09-22T08:51:23.297Z	info	staff-logger	scenario/viewer.go:32	basic viewer scenario
2026-09-22T08:51:23.297Z	info	staff-logger	scenario/viewer.go:56	visit top
2026-09-22T08:51:23.297Z	info	staff-logger	scenario/viewer.go:64	get livestream
2026-09-22T08:51:23.297Z	info	staff-logger	scenario/viewer.go:83	visit livestream
2026-09-22T08:51:23.362Z	info	staff-logger	scenario/viewer.go:32	basic viewer scenario
2026-09-22T08:51:23.362Z	info	staff-logger	scenario/viewer.go:56	visit top
2026-09-22T08:51:23.362Z	info	staff-logger	scenario/viewer.go:64	get livestream
2026-09-22T08:51:23.362Z	info	staff-logger	scenario/viewer.go:83	visit livestream
2026-09-22T08:51:23.377Z	info	staff-logger	scenario/viewer.go:32	basic viewer scenario
2026-09-22T08:51:23.377Z	info	staff-logger	scenario/viewer.go:56	visit top
2026-09-22T08:51:23.377Z	info	staff-logger	scenario/viewer.go:64	get livestream
2026-09-22T08:51:23.377Z	info	staff-logger	scenario/viewer.go:83	visit livestream
2026-09-22T08:51:23.514Z	info	staff-logger	scenario/viewer.go:32	basic viewer scenario
2026-09-22T08:51:23.514Z	info	staff-logger	scenario/viewer.go:56	visit top
2026-09-22T08:51:23.514Z	info	staff-logger	scenario/viewer.go:64	get livestream
2026-09-22T08:51:23.514Z	info	staff-logger	scenario/viewer.go:83	visit livestream
2026-09-22T08:51:23.534Z	info	staff-logger	scenario/viewer.go:32	basic viewer scenario
2026-09-22T08:51:23.534Z	info	staff-logger	scenario/viewer.go:56	visit top
2026-09-22T08:51:23.534Z	info	staff-logger	scenario/viewer.go:64	get livestream
2026-09-22T08:51:23.534Z	info	staff-logger	scenario/viewer.go:83	visit livestream
2026-09-22T08:51:23.754Z	info	staff-logger	scenario/viewer.go:32	basic viewer scenario
2026-09-22T08:51:23.754Z	info	staff-logger	scenario/viewer.go:56	visit top
2026-09-22T08:51:23.754Z	info	staff-logger	scenario/viewer.go:64	get livestream
2026-09-22T08:51:23.754Z	info	staff-logger	scenario/viewer.go:83	visit livestream
2026-09-22T08:51:23.776Z	info	staff-logger	scenario/viewer.go:32	basic viewer scenario
2026-09-22T08:51:23.776Z	info	staff-logger	scenario/viewer.go:56	visit top
2026-09-22T08:51:23.785Z	info	staff-logger	scenario/viewer.go:32	basic viewer scenario
2026-09-22T08:51:23.785Z	info	staff-logger	scenario/viewer.go:56	visit top
2026-09-22T08:51:23.785Z	info	staff-logger	scenario/viewer.go:64	get livestream
2026-09-22T08:51:23.785Z	info	staff-logger	scenario/viewer.go:83	visit livestream
2026-09-22T08:51:23.798Z	info	staff-logger	scenario/viewer.go:64	get livestream
2026-09-22T08:51:23.798Z	info	staff-logger	scenario/viewer.go:76	visit user profile
2026-09-22T08:51:23.816Z	info	staff-logger	scenario/viewer.go:32	basic viewer scenario
2026-09-22T08:51:23.816Z	info	staff-logger	scenario/viewer.go:56	visit top
2026-09-22T08:51:23.816Z	info	staff-logger	scenario/viewer.go:64	get livestream
2026-09-22T08:51:23.816Z	info	staff-logger	scenario/viewer.go:83	visit livestream
2026-09-22T08:51:23.954Z	info	staff-logger	scenario/viewer.go:32	basic viewer scenario
2026-09-22T08:51:23.955Z	info	staff-logger	scenario/viewer.go:56	visit top
2026-09-22T08:51:23.955Z	info	staff-logger	scenario/viewer.go:64	get livestream
2026-09-22T08:51:23.955Z	info	staff-logger	scenario/viewer.go:83	visit livestream
2026-09-22T08:51:24.022Z	info	staff-logger	scenario/viewer.go:83	visit livestream
2026-09-22T08:51:24.076Z	info	staff-logger	scenario/viewer.go:32	basic viewer scenario
2026-09-22T08:51:24.076Z	info	staff-logger	scenario/viewer.go:56	visit top
2026-09-22T08:51:24.076Z	info	staff-logger	scenario/viewer.go:64	get livestream
2026-09-22T08:51:24.076Z	info	staff-logger	scenario/viewer.go:83	visit livestream
2026-09-22T08:51:24.106Z	info	staff-logger	scenario/viewer.go:32	basic viewer scenario
2026-09-22T08:51:24.106Z	info	staff-logger	scenario/viewer.go:56	visit top
2026-09-22T08:51:24.106Z	info	staff-logger	scenario/viewer.go:64	get livestream
2026-09-22T08:51:24.106Z	info	staff-logger	scenario/viewer.go:83	visit livestream
2026-09-22T08:51:24.261Z	info	staff-logger	scenario/viewer.go:32	basic viewer scenario
2026-09-22T08:51:24.261Z	info	staff-logger	scenario/viewer.go:56	visit top
2026-09-22T08:51:24.261Z	info	staff-logger	scenario/viewer.go:64	get livestream
2026-09-22T08:51:24.261Z	info	staff-logger	scenario/viewer.go:83	visit livestream
2026-09-22T08:51:24.323Z	info	staff-logger	scenario/viewer.go:32	basic viewer scenario
2026-09-22T08:51:24.323Z	info	staff-logger	scenario/viewer.go:56	visit top
2026-09-22T08:51:24.323Z	info	staff-logger	scenario/viewer.go:64	get livestream
2026-09-22T08:51:24.323Z	info	staff-logger	scenario/viewer.go:83	visit livestream
2026-09-22T08:51:24.460Z	info	staff-logger	scenario/viewer.go:32	basic viewer scenario
2026-09-22T08:51:24.460Z	info	staff-logger	scenario/viewer.go:56	visit top
2026-09-22T08:51:24.461Z	info	staff-logger	scenario/viewer.go:64	get livestream
2026-09-22T08:51:24.461Z	info	staff-logger	scenario/viewer.go:83	visit livestream
2026-09-22T08:51:24.479Z	info	staff-logger	scenario/viewer.go:64	get livestream
2026-09-22T08:51:24.479Z	info	staff-logger	scenario/viewer.go:76	visit user profile
2026-09-22T08:51:24.541Z	info	staff-logger	scenario/viewer.go:32	basic viewer scenario
2026-09-22T08:51:24.541Z	info	staff-logger	scenario/viewer.go:56	visit top
2026-09-22T08:51:24.541Z	info	staff-logger	scenario/viewer.go:64	get livestream
2026-09-22T08:51:24.541Z	info	staff-logger	scenario/viewer.go:83	visit livestream
2026-09-22T08:51:24.583Z	info	staff-logger	scenario/viewer.go:32	basic viewer scenario
2026-09-22T08:51:24.583Z	info	staff-logger	scenario/viewer.go:56	visit top
2026-09-22T08:51:24.583Z	info	staff-logger	scenario/viewer.go:64	get livestream
2026-09-22T08:51:24.583Z	info	staff-logger	scenario/viewer.go:83	visit livestream
2026-09-22T08:51:24.710Z	info	staff-logger	scenario/viewer.go:32	basic viewer scenario
2026-09-22T08:51:24.710Z	info	staff-logger	scenario/viewer.go:56	visit top
2026-09-22T08:51:24.710Z	info	staff-logger	scenario/viewer.go:64	get livestream
2026-09-22T08:51:24.710Z	info	staff-logger	scenario/viewer.go:83	visit livestream
2026-09-22T08:51:24.727Z	info	staff-logger	scenario/viewer.go:83	visit livestream
2026-09-22T08:51:24.764Z	info	staff-logger	scenario/viewer.go:32	basic viewer scenario
2026-09-22T08:51:24.764Z	info	staff-logger	scenario/viewer.go:56	visit top
2026-09-22T08:51:24.764Z	info	staff-logger	scenario/viewer.go:64	get livestream
2026-09-22T08:51:24.765Z	info	staff-logger	scenario/viewer.go:83	visit livestream
2026-09-22T08:51:24.869Z	info	staff-logger	scenario/viewer.go:32	basic viewer scenario
2026-09-22T08:51:24.869Z	info	staff-logger	scenario/viewer.go:56	visit top
2026-09-22T08:51:24.869Z	info	staff-logger	scenario/viewer.go:64	get livestream
2026-09-22T08:51:24.869Z	info	staff-logger	scenario/viewer.go:83	visit livestream
2026-09-22T08:51:24.918Z	info	staff-logger	scenario/viewer.go:32	basic viewer scenario
2026-09-22T08:51:24.918Z	info	staff-logger	scenario/viewer.go:56	visit top
2026-09-22T08:51:24.918Z	info	staff-logger	scenario/viewer.go:64	get livestream
2026-09-22T08:51:24.918Z	info	staff-logger	scenario/viewer.go:83	visit livestream
2026-09-22T08:51:25.102Z	info	staff-logger	scenario/viewer.go:32	basic viewer scenario
2026-09-22T08:51:25.103Z	info	staff-logger	scenario/viewer.go:56	visit top
2026-09-22T08:51:25.103Z	info	staff-logger	scenario/viewer.go:64	get livestream
2026-09-22T08:51:25.103Z	info	staff-logger	scenario/viewer.go:83	visit livestream
2026-09-22T08:51:25.103Z	info	staff-logger	scenario/viewer.go:32	basic viewer scenario
2026-09-22T08:51:25.103Z	info	staff-logger	scenario/viewer.go:56	visit top
2026-09-22T08:51:25.103Z	info	staff-logger	scenario/viewer.go:64	get livestream
2026-09-22T08:51:25.103Z	info	staff-logger	scenario/viewer.go:83	visit livestream
2026-09-22T08:51:25.260Z	info	staff-logger	scenario/viewer.go:32	basic viewer scenario
2026-09-22T08:51:25.260Z	info	staff-logger	scenario/viewer.go:56	visit top
2026-09-22T08:51:25.261Z	info	staff-logger	scenario/viewer.go:64	get livestream
2026-09-22T08:51:25.261Z	info	staff-logger	scenario/viewer.go:83	visit livestream
2026-09-22T08:51:25.277Z	info	staff-logger	scenario/viewer.go:32	basic viewer scenario
2026-09-22T08:51:25.277Z	info	staff-logger	scenario/viewer.go:56	visit top
2026-09-22T08:51:25.277Z	info	staff-logger	scenario/viewer.go:64	get livestream
2026-09-22T08:51:25.277Z	info	staff-logger	scenario/viewer.go:83	visit livestream
2026-09-22T08:51:25.507Z	info	staff-logger	scenario/viewer.go:32	basic viewer scenario
2026-09-22T08:51:25.507Z	info	staff-logger	scenario/viewer.go:56	visit top
2026-09-22T08:51:25.507Z	info	staff-logger	scenario/viewer.go:64	get livestream
2026-09-22T08:51:25.507Z	info	staff-logger	scenario/viewer.go:83	visit livestream
2026-09-22T08:51:25.523Z	info	staff-logger	scenario/viewer.go:32	basic viewer scenario
2026-09-22T08:51:25.523Z	info	staff-logger	scenario/viewer.go:56	visit top
2026-09-22T08:51:25.523Z	info	staff-logger	scenario/viewer.go:64	get livestream
2026-09-22T08:51:25.523Z	info	staff-logger	scenario/viewer.go:83	visit livestream
2026-09-22T08:51:25.577Z	info	staff-logger	scenario/viewer.go:32	basic viewer scenario
2026-09-22T08:51:25.577Z	info	staff-logger	scenario/viewer.go:56	visit top
2026-09-22T08:51:25.577Z	info	staff-logger	scenario/viewer.go:64	get livestream
2026-09-22T08:51:25.577Z	info	staff-logger	scenario/viewer.go:83	visit livestream
2026-09-22T08:51:25.606Z	info	staff-logger	scenario/viewer.go:32	basic viewer scenario
2026-09-22T08:51:25.606Z	info	staff-logger	scenario/viewer.go:56	visit top
2026-09-22T08:51:25.606Z	info	staff-logger	scenario/viewer.go:64	get livestream
2026-09-22T08:51:25.606Z	info	staff-logger	scenario/viewer.go:83	visit livestream
2026-09-22T08:51:25.800Z	info	staff-logger	scenario/viewer.go:32	basic viewer scenario
2026-09-22T08:51:25.800Z	info	staff-logger	scenario/viewer.go:56	visit top
2026-09-22T08:51:25.800Z	info	staff-logger	scenario/viewer.go:64	get livestream
2026-09-22T08:51:25.800Z	info	staff-logger	scenario/viewer.go:83	visit livestream
2026-09-22T08:51:25.869Z	info	staff-logger	scenario/viewer.go:32	basic viewer scenario
2026-09-22T08:51:25.869Z	info	staff-logger	scenario/viewer.go:56	visit top
2026-09-22T08:51:25.869Z	info	staff-logger	scenario/viewer.go:64	get livestream
2026-09-22T08:51:25.869Z	info	staff-logger	scenario/viewer.go:83	visit livestream
2026-09-22T08:51:25.878Z	info	staff-logger	scenario/viewer.go:32	basic viewer scenario
2026-09-22T08:51:25.879Z	info	staff-logger	scenario/viewer.go:56	visit top
2026-09-22T08:51:25.879Z	info	staff-logger	scenario/viewer.go:64	get livestream
2026-09-22T08:51:25.879Z	info	staff-logger	scenario/viewer.go:83	visit livestream
2026-09-22T08:51:25.937Z	info	staff-logger	scenario/viewer.go:32	basic viewer scenario
2026-09-22T08:51:25.937Z	info	staff-logger	scenario/viewer.go:56	visit top
2026-09-22T08:51:26.075Z	info	staff-logger	scenario/viewer.go:32	basic viewer scenario
2026-09-22T08:51:26.075Z	info	staff-logger	scenario/viewer.go:56	visit top
2026-09-22T08:51:26.075Z	info	staff-logger	scenario/viewer.go:64	get livestream
2026-09-22T08:51:26.075Z	info	staff-logger	scenario/viewer.go:83	visit livestream
2026-09-22T08:51:26.078Z	info	staff-logger	scenario/viewer.go:32	basic viewer scenario
2026-09-22T08:51:26.078Z	info	staff-logger	scenario/viewer.go:56	visit top
2026-09-22T08:51:26.290Z	info	staff-logger	scenario/viewer.go:32	basic viewer scenario
2026-09-22T08:51:26.290Z	info	staff-logger	scenario/viewer.go:56	visit top
2026-09-22T08:51:26.290Z	info	staff-logger	scenario/viewer.go:64	get livestream
2026-09-22T08:51:26.290Z	info	staff-logger	scenario/viewer.go:83	visit livestream
2026-09-22T08:51:26.333Z	info	staff-logger	scenario/viewer.go:32	basic viewer scenario
2026-09-22T08:51:26.333Z	info	staff-logger	scenario/viewer.go:56	visit top
2026-09-22T08:51:26.333Z	info	staff-logger	scenario/viewer.go:64	get livestream
2026-09-22T08:51:26.333Z	info	staff-logger	scenario/viewer.go:83	visit livestream
2026-09-22T08:51:26.340Z	info	staff-logger	scenario/viewer.go:32	basic viewer scenario
2026-09-22T08:51:26.341Z	info	staff-logger	scenario/viewer.go:56	visit top
2026-09-22T08:51:26.411Z	info	staff-logger	scenario/viewer.go:32	basic viewer scenario
2026-09-22T08:51:26.411Z	info	staff-logger	scenario/viewer.go:56	visit top
2026-09-22T08:51:26.411Z	info	staff-logger	scenario/viewer.go:64	get livestream
2026-09-22T08:51:26.411Z	info	staff-logger	scenario/viewer.go:83	visit livestream
2026-09-22T08:51:26.460Z	info	staff-logger	scenario/viewer.go:90	get livestream stats
2026-09-22T08:51:26.524Z	info	staff-logger	scenario/viewer.go:32	basic viewer scenario
2026-09-22T08:51:26.524Z	info	staff-logger	scenario/viewer.go:56	visit top
2026-09-22T08:51:26.524Z	info	staff-logger	scenario/viewer.go:64	get livestream
2026-09-22T08:51:26.524Z	info	staff-logger	scenario/viewer.go:83	visit livestream
2026-09-22T08:51:26.546Z	info	staff-logger	scenario/viewer.go:32	basic viewer scenario
2026-09-22T08:51:26.546Z	info	staff-logger	scenario/viewer.go:56	visit top
2026-09-22T08:51:26.546Z	info	staff-logger	scenario/viewer.go:64	get livestream
2026-09-22T08:51:26.546Z	info	staff-logger	scenario/viewer.go:83	visit livestream
2026-09-22T08:51:26.563Z	info	staff-logger	scenario/viewer.go:32	basic viewer scenario
2026-09-22T08:51:26.563Z	info	staff-logger	scenario/viewer.go:56	visit top
2026-09-22T08:51:26.563Z	info	staff-logger	scenario/viewer.go:64	get livestream
2026-09-22T08:51:26.563Z	info	staff-logger	scenario/viewer.go:83	visit livestream
2026-09-22T08:51:26.628Z	info	staff-logger	scenario/viewer.go:64	get livestream
2026-09-22T08:51:26.628Z	info	staff-logger	scenario/viewer.go:76	visit user profile
2026-09-22T08:51:26.776Z	info	staff-logger	scenario/viewer.go:32	basic viewer scenario
2026-09-22T08:51:26.776Z	info	staff-logger	scenario/viewer.go:56	visit top
2026-09-22T08:51:26.776Z	info	staff-logger	scenario/viewer.go:64	get livestream
2026-09-22T08:51:26.776Z	info	staff-logger	scenario/viewer.go:83	visit livestream
2026-09-22T08:51:26.802Z	info	staff-logger	scenario/viewer.go:64	get livestream
2026-09-22T08:51:26.802Z	info	staff-logger	scenario/viewer.go:76	visit user profile
2026-09-22T08:51:26.828Z	info	staff-logger	scenario/viewer.go:32	basic viewer scenario
2026-09-22T08:51:26.829Z	info	staff-logger	scenario/viewer.go:56	visit top
2026-09-22T08:51:26.954Z	info	staff-logger	scenario/viewer.go:64	get livestream
2026-09-22T08:51:26.954Z	info	staff-logger	scenario/viewer.go:76	visit user profile
2026-09-22T08:51:27.044Z	info	staff-logger	scenario/viewer.go:32	basic viewer scenario
2026-09-22T08:51:27.044Z	info	staff-logger	scenario/viewer.go:56	visit top
2026-09-22T08:51:27.044Z	info	staff-logger	scenario/viewer.go:64	get livestream
2026-09-22T08:51:27.044Z	info	staff-logger	scenario/viewer.go:83	visit livestream
2026-09-22T08:51:27.053Z	info	staff-logger	scenario/viewer.go:32	basic viewer scenario
2026-09-22T08:51:27.053Z	info	staff-logger	scenario/viewer.go:56	visit top
2026-09-22T08:51:27.053Z	info	staff-logger	scenario/viewer.go:64	get livestream
2026-09-22T08:51:27.053Z	info	staff-logger	scenario/viewer.go:83	visit livestream
2026-09-22T08:51:27.129Z	info	staff-logger	scenario/viewer.go:32	basic viewer scenario
2026-09-22T08:51:27.129Z	info	staff-logger	scenario/viewer.go:56	visit top
2026-09-22T08:51:27.129Z	info	staff-logger	scenario/viewer.go:64	get livestream
2026-09-22T08:51:27.129Z	info	staff-logger	scenario/viewer.go:83	visit livestream
2026-09-22T08:51:27.148Z	info	staff-logger	scenario/viewer.go:32	basic viewer scenario
2026-09-22T08:51:27.148Z	info	staff-logger	scenario/viewer.go:56	visit top
2026-09-22T08:51:27.148Z	info	staff-logger	scenario/viewer.go:64	get livestream
2026-09-22T08:51:27.148Z	info	staff-logger	scenario/viewer.go:83	visit livestream
2026-09-22T08:51:27.241Z	info	staff-logger	scenario/viewer.go:83	visit livestream
2026-09-22T08:51:27.283Z	info	staff-logger	scenario/viewer.go:32	basic viewer scenario
2026-09-22T08:51:27.283Z	info	staff-logger	scenario/viewer.go:56	visit top
2026-09-22T08:51:27.283Z	info	staff-logger	scenario/viewer.go:64	get livestream
2026-09-22T08:51:27.283Z	info	staff-logger	scenario/viewer.go:83	visit livestream
2026-09-22T08:51:27.329Z	info	staff-logger	scenario/viewer.go:83	visit livestream
2026-09-22T08:51:27.380Z	info	staff-logger	scenario/viewer.go:64	get livestream
2026-09-22T08:51:27.380Z	info	staff-logger	scenario/viewer.go:76	visit user profile
2026-09-22T08:51:27.394Z	info	staff-logger	scenario/viewer.go:83	visit livestream
2026-09-22T08:51:27.399Z	info	staff-logger	scenario/viewer.go:32	basic viewer scenario
2026-09-22T08:51:27.399Z	info	staff-logger	scenario/viewer.go:56	visit top
2026-09-22T08:51:27.399Z	info	staff-logger	scenario/viewer.go:64	get livestream
2026-09-22T08:51:27.399Z	info	staff-logger	scenario/viewer.go:83	visit livestream
2026-09-22T08:51:27.401Z	info	staff-logger	scenario/viewer.go:90	get livestream stats
2026-09-22T08:51:27.600Z	info	staff-logger	scenario/viewer.go:32	basic viewer scenario
2026-09-22T08:51:27.600Z	info	staff-logger	scenario/viewer.go:56	visit top
2026-09-22T08:51:27.600Z	info	staff-logger	scenario/viewer.go:64	get livestream
2026-09-22T08:51:27.600Z	info	staff-logger	scenario/viewer.go:83	visit livestream
2026-09-22T08:51:27.717Z	info	staff-logger	scenario/viewer.go:32	basic viewer scenario
2026-09-22T08:51:27.717Z	info	staff-logger	scenario/viewer.go:56	visit top
2026-09-22T08:51:27.717Z	info	staff-logger	scenario/viewer.go:64	get livestream
2026-09-22T08:51:27.717Z	info	staff-logger	scenario/viewer.go:83	visit livestream
2026-09-22T08:51:27.725Z	info	staff-logger	scenario/viewer.go:32	basic viewer scenario
2026-09-22T08:51:27.725Z	info	staff-logger	scenario/viewer.go:56	visit top
2026-09-22T08:51:27.725Z	info	staff-logger	scenario/viewer.go:64	get livestream
2026-09-22T08:51:27.725Z	info	staff-logger	scenario/viewer.go:83	visit livestream
2026-09-22T08:51:27.781Z	info	staff-logger	scenario/viewer.go:90	get livestream stats
2026-09-22T08:51:27.831Z	info	staff-logger	scenario/viewer.go:32	basic viewer scenario
2026-09-22T08:51:27.831Z	info	staff-logger	scenario/viewer.go:56	visit top
2026-09-22T08:51:27.831Z	info	staff-logger	scenario/viewer.go:64	get livestream
2026-09-22T08:51:27.831Z	info	staff-logger	scenario/viewer.go:83	visit livestream
2026-09-22T08:51:27.863Z	info	staff-logger	scenario/viewer.go:90	get livestream stats
2026-09-22T08:51:27.908Z	info	staff-logger	scenario/viewer.go:32	basic viewer scenario
2026-09-22T08:51:27.908Z	info	staff-logger	scenario/viewer.go:56	visit top
2026-09-22T08:51:27.908Z	info	staff-logger	scenario/viewer.go:64	get livestream
2026-09-22T08:51:27.908Z	info	staff-logger	scenario/viewer.go:83	visit livestream
2026-09-22T08:51:27.976Z	info	staff-logger	scenario/viewer.go:83	visit livestream
2026-09-22T08:51:28.052Z	info	staff-logger	scenario/viewer.go:32	basic viewer scenario
2026-09-22T08:51:28.052Z	info	staff-logger	scenario/viewer.go:56	visit top
2026-09-22T08:51:28.052Z	info	staff-logger	scenario/viewer.go:64	get livestream
2026-09-22T08:51:28.052Z	info	staff-logger	scenario/viewer.go:83	visit livestream
2026-09-22T08:51:28.115Z	info	staff-logger	scenario/viewer.go:32	basic viewer scenario
2026-09-22T08:51:28.115Z	info	staff-logger	scenario/viewer.go:56	visit top
2026-09-22T08:51:28.115Z	info	staff-logger	scenario/viewer.go:64	get livestream
2026-09-22T08:51:28.115Z	info	staff-logger	scenario/viewer.go:83	visit livestream
2026-09-22T08:51:28.408Z	info	staff-logger	scenario/viewer.go:32	basic viewer scenario
2026-09-22T08:51:28.408Z	info	staff-logger	scenario/viewer.go:46	change icon
2026-09-22T08:51:28.465Z	info	staff-logger	scenario/viewer.go:56	visit top
2026-09-22T08:51:28.639Z	info	staff-logger	scenario/viewer.go:32	basic viewer scenario
2026-09-22T08:51:28.639Z	info	staff-logger	scenario/viewer.go:56	visit top
2026-09-22T08:51:28.640Z	info	staff-logger	scenario/viewer.go:64	get livestream
2026-09-22T08:51:28.640Z	info	staff-logger	scenario/viewer.go:83	visit livestream
2026-09-22T08:51:28.826Z	info	staff-logger	scenario/viewer.go:32	basic viewer scenario
2026-09-22T08:51:28.826Z	info	staff-logger	scenario/viewer.go:56	visit top
2026-09-22T08:51:28.826Z	info	staff-logger	scenario/viewer.go:64	get livestream
2026-09-22T08:51:28.826Z	info	staff-logger	scenario/viewer.go:83	visit livestream
2026-09-22T08:51:28.963Z	info	staff-logger	scenario/viewer.go:32	basic viewer scenario
2026-09-22T08:51:28.963Z	info	staff-logger	scenario/viewer.go:56	visit top
2026-09-22T08:51:28.963Z	info	staff-logger	scenario/viewer.go:64	get livestream
2026-09-22T08:51:28.963Z	info	staff-logger	scenario/viewer.go:83	visit livestream
2026-09-22T08:51:29.170Z	info	staff-logger	scenario/viewer.go:32	basic viewer scenario
2026-09-22T08:51:29.170Z	info	staff-logger	scenario/viewer.go:56	visit top
2026-09-22T08:51:29.170Z	info	staff-logger	scenario/viewer.go:64	get livestream
2026-09-22T08:51:29.170Z	info	staff-logger	scenario/viewer.go:83	visit livestream
2026-09-22T08:51:29.186Z	info	staff-logger	scenario/viewer.go:32	basic viewer scenario
2026-09-22T08:51:29.186Z	info	staff-logger	scenario/viewer.go:56	visit top
2026-09-22T08:51:29.186Z	info	staff-logger	scenario/viewer.go:64	get livestream
2026-09-22T08:51:29.186Z	info	staff-logger	scenario/viewer.go:83	visit livestream
2026-09-22T08:51:29.198Z	info	staff-logger	scenario/viewer.go:32	basic viewer scenario
2026-09-22T08:51:29.198Z	info	staff-logger	scenario/viewer.go:56	visit top
2026-09-22T08:51:29.198Z	info	staff-logger	scenario/viewer.go:64	get livestream
2026-09-22T08:51:29.198Z	info	staff-logger	scenario/viewer.go:83	visit livestream
2026-09-22T08:51:29.208Z	info	staff-logger	scenario/viewer.go:64	get livestream
2026-09-22T08:51:29.208Z	info	staff-logger	scenario/viewer.go:76	visit user profile
2026-09-22T08:51:29.461Z	info	staff-logger	scenario/viewer.go:83	visit livestream
2026-09-22T08:51:29.571Z	info	staff-logger	scenario/viewer.go:32	basic viewer scenario
2026-09-22T08:51:29.571Z	info	staff-logger	scenario/viewer.go:56	visit top
2026-09-22T08:51:29.571Z	info	staff-logger	scenario/viewer.go:64	get livestream
2026-09-22T08:51:29.571Z	info	staff-logger	scenario/viewer.go:83	visit livestream
2026-09-22T08:51:29.591Z	info	staff-logger	scenario/viewer.go:32	basic viewer scenario
2026-09-22T08:51:29.591Z	info	staff-logger	scenario/viewer.go:56	visit top
2026-09-22T08:51:29.591Z	info	staff-logger	scenario/viewer.go:64	get livestream
2026-09-22T08:51:29.591Z	info	staff-logger	scenario/viewer.go:83	visit livestream
2026-09-22T08:51:29.691Z	info	staff-logger	scenario/viewer.go:32	basic viewer scenario
2026-09-22T08:51:29.692Z	info	staff-logger	scenario/viewer.go:56	visit top
2026-09-22T08:51:29.692Z	info	staff-logger	scenario/viewer.go:64	get livestream
2026-09-22T08:51:29.692Z	info	staff-logger	scenario/viewer.go:83	visit livestream
2026-09-22T08:51:29.781Z	info	staff-logger	scenario/viewer.go:32	basic viewer scenario
2026-09-22T08:51:29.781Z	info	staff-logger	scenario/viewer.go:56	visit top
2026-09-22T08:51:29.781Z	info	staff-logger	scenario/viewer.go:64	get livestream
2026-09-22T08:51:29.781Z	info	staff-logger	scenario/viewer.go:83	visit livestream
2026-09-22T08:51:29.850Z	info	staff-logger	scenario/viewer.go:32	basic viewer scenario
2026-09-22T08:51:29.851Z	info	staff-logger	scenario/viewer.go:56	visit top
2026-09-22T08:51:29.851Z	info	staff-logger	scenario/viewer.go:64	get livestream
2026-09-22T08:51:29.851Z	info	staff-logger	scenario/viewer.go:83	visit livestream
2026-09-22T08:51:29.853Z	info	staff-logger	scenario/viewer.go:32	basic viewer scenario
2026-09-22T08:51:29.853Z	info	staff-logger	scenario/viewer.go:56	visit top
2026-09-22T08:51:29.853Z	info	staff-logger	scenario/viewer.go:64	get livestream
2026-09-22T08:51:29.853Z	info	staff-logger	scenario/viewer.go:83	visit livestream
2026-09-22T08:51:29.873Z	info	staff-logger	scenario/viewer.go:32	basic viewer scenario
2026-09-22T08:51:29.873Z	info	staff-logger	scenario/viewer.go:56	visit top
2026-09-22T08:51:29.873Z	info	staff-logger	scenario/viewer.go:64	get livestream
2026-09-22T08:51:29.873Z	info	staff-logger	scenario/viewer.go:83	visit livestream
2026-09-22T08:51:30.009Z	info	staff-logger	scenario/viewer.go:32	basic viewer scenario
2026-09-22T08:51:30.010Z	info	staff-logger	scenario/viewer.go:56	visit top
2026-09-22T08:51:30.010Z	info	staff-logger	scenario/viewer.go:64	get livestream
2026-09-22T08:51:30.010Z	info	staff-logger	scenario/viewer.go:83	visit livestream
2026-09-22T08:51:30.051Z	info	staff-logger	scenario/viewer.go:32	basic viewer scenario
2026-09-22T08:51:30.051Z	info	staff-logger	scenario/viewer.go:56	visit top
2026-09-22T08:51:30.051Z	info	staff-logger	scenario/viewer.go:64	get livestream
2026-09-22T08:51:30.051Z	info	staff-logger	scenario/viewer.go:83	visit livestream
2026-09-22T08:51:30.247Z	info	staff-logger	scenario/viewer.go:32	basic viewer scenario
2026-09-22T08:51:30.247Z	info	staff-logger	scenario/viewer.go:56	visit top
2026-09-22T08:51:30.247Z	info	staff-logger	scenario/viewer.go:64	get livestream
2026-09-22T08:51:30.247Z	info	staff-logger	scenario/viewer.go:83	visit livestream
2026-09-22T08:51:30.253Z	info	staff-logger	scenario/viewer.go:32	basic viewer scenario
2026-09-22T08:51:30.253Z	info	staff-logger	scenario/viewer.go:56	visit top
2026-09-22T08:51:30.253Z	info	staff-logger	scenario/viewer.go:64	get livestream
2026-09-22T08:51:30.253Z	info	staff-logger	scenario/viewer.go:83	visit livestream
2026-09-22T08:51:30.278Z	info	staff-logger	scenario/viewer.go:32	basic viewer scenario
2026-09-22T08:51:30.278Z	info	staff-logger	scenario/viewer.go:56	visit top
2026-09-22T08:51:30.278Z	info	staff-logger	scenario/viewer.go:64	get livestream
2026-09-22T08:51:30.278Z	info	staff-logger	scenario/viewer.go:83	visit livestream
2026-09-22T08:51:30.293Z	info	staff-logger	scenario/viewer.go:32	basic viewer scenario
2026-09-22T08:51:30.293Z	info	staff-logger	scenario/viewer.go:56	visit top
2026-09-22T08:51:30.293Z	info	staff-logger	scenario/viewer.go:64	get livestream
2026-09-22T08:51:30.293Z	info	staff-logger	scenario/viewer.go:83	visit livestream
2026-09-22T08:51:30.310Z	info	staff-logger	scenario/viewer.go:32	basic viewer scenario
2026-09-22T08:51:30.310Z	info	staff-logger	scenario/viewer.go:56	visit top
2026-09-22T08:51:30.310Z	info	staff-logger	scenario/viewer.go:64	get livestream
2026-09-22T08:51:30.310Z	info	staff-logger	scenario/viewer.go:83	visit livestream
2026-09-22T08:51:30.328Z	info	staff-logger	scenario/viewer.go:32	basic viewer scenario
2026-09-22T08:51:30.328Z	info	staff-logger	scenario/viewer.go:56	visit top
2026-09-22T08:51:30.328Z	info	staff-logger	scenario/viewer.go:64	get livestream
2026-09-22T08:51:30.328Z	info	staff-logger	scenario/viewer.go:83	visit livestream
2026-09-22T08:51:30.422Z	info	staff-logger	scenario/viewer.go:90	get livestream stats
2026-09-22T08:51:30.596Z	info	staff-logger	scenario/viewer.go:32	basic viewer scenario
2026-09-22T08:51:30.596Z	info	staff-logger	scenario/viewer.go:56	visit top
2026-09-22T08:51:30.596Z	info	staff-logger	scenario/viewer.go:64	get livestream
2026-09-22T08:51:30.596Z	info	staff-logger	scenario/viewer.go:83	visit livestream
2026-09-22T08:51:30.737Z	info	staff-logger	scenario/viewer.go:32	basic viewer scenario
2026-09-22T08:51:30.737Z	info	staff-logger	scenario/viewer.go:56	visit top
2026-09-22T08:51:30.796Z	info	staff-logger	scenario/viewer.go:32	basic viewer scenario
2026-09-22T08:51:30.796Z	info	staff-logger	scenario/viewer.go:56	visit top
2026-09-22T08:51:30.836Z	info	staff-logger	scenario/streamer.go:48	change icon
2026-09-22T08:51:30.875Z	info	staff-logger	scenario/viewer.go:32	basic viewer scenario
2026-09-22T08:51:30.875Z	info	staff-logger	scenario/viewer.go:56	visit top
2026-09-22T08:51:30.875Z	info	staff-logger	scenario/viewer.go:64	get livestream
2026-09-22T08:51:30.875Z	info	staff-logger	scenario/viewer.go:83	visit livestream
2026-09-22T08:51:31.024Z	info	staff-logger	scenario/viewer.go:32	basic viewer scenario
2026-09-22T08:51:31.024Z	info	staff-logger	scenario/viewer.go:56	visit top
2026-09-22T08:51:31.024Z	info	staff-logger	scenario/viewer.go:64	get livestream
2026-09-22T08:51:31.024Z	info	staff-logger	scenario/viewer.go:83	visit livestream
2026-09-22T08:51:31.072Z	info	staff-logger	scenario/viewer.go:32	basic viewer scenario
2026-09-22T08:51:31.072Z	info	staff-logger	scenario/viewer.go:56	visit top
2026-09-22T08:51:31.072Z	info	staff-logger	scenario/viewer.go:64	get livestream
2026-09-22T08:51:31.072Z	info	staff-logger	scenario/viewer.go:83	visit livestream
2026-09-22T08:51:31.085Z	info	staff-logger	scenario/viewer.go:32	basic viewer scenario
2026-09-22T08:51:31.085Z	info	staff-logger	scenario/viewer.go:56	visit top
2026-09-22T08:51:31.085Z	info	staff-logger	scenario/viewer.go:64	get livestream
2026-09-22T08:51:31.085Z	info	staff-logger	scenario/viewer.go:83	visit livestream
2026-09-22T08:51:31.113Z	info	staff-logger	scenario/viewer.go:32	basic viewer scenario
2026-09-22T08:51:31.113Z	info	staff-logger	scenario/viewer.go:56	visit top
2026-09-22T08:51:31.113Z	info	staff-logger	scenario/viewer.go:64	get livestream
2026-09-22T08:51:31.113Z	info	staff-logger	scenario/viewer.go:83	visit livestream
2026-09-22T08:51:31.346Z	info	staff-logger	scenario/viewer.go:64	get livestream
2026-09-22T08:51:31.346Z	info	staff-logger	scenario/viewer.go:76	visit user profile
2026-09-22T08:51:31.365Z	info	staff-logger	scenario/viewer.go:32	basic viewer scenario
2026-09-22T08:51:31.365Z	info	staff-logger	scenario/viewer.go:56	visit top
2026-09-22T08:51:31.395Z	info	staff-logger	scenario/viewer.go:32	basic viewer scenario
2026-09-22T08:51:31.395Z	info	staff-logger	scenario/viewer.go:56	visit top
2026-09-22T08:51:31.432Z	info	staff-logger	scenario/streamer.go:48	change icon
2026-09-22T08:51:31.530Z	info	staff-logger	scenario/viewer.go:32	basic viewer scenario
2026-09-22T08:51:31.530Z	info	staff-logger	scenario/viewer.go:56	visit top
2026-09-22T08:51:31.530Z	info	staff-logger	scenario/viewer.go:64	get livestream
2026-09-22T08:51:31.530Z	info	staff-logger	scenario/viewer.go:83	visit livestream
2026-09-22T08:51:31.530Z	info	staff-logger	scenario/viewer.go:64	get livestream
2026-09-22T08:51:31.530Z	info	staff-logger	scenario/viewer.go:76	visit user profile
2026-09-22T08:51:31.569Z	info	staff-logger	scenario/viewer.go:90	get livestream stats
2026-09-22T08:51:31.679Z	info	staff-logger	scenario/viewer.go:32	basic viewer scenario
2026-09-22T08:51:31.679Z	info	staff-logger	scenario/viewer.go:56	visit top
2026-09-22T08:51:31.679Z	info	staff-logger	scenario/viewer.go:64	get livestream
2026-09-22T08:51:31.679Z	info	staff-logger	scenario/viewer.go:83	visit livestream
2026-09-22T08:51:31.735Z	info	staff-logger	scenario/viewer.go:32	basic viewer scenario
2026-09-22T08:51:31.736Z	info	staff-logger	scenario/viewer.go:56	visit top
2026-09-22T08:51:31.736Z	info	staff-logger	scenario/viewer.go:64	get livestream
2026-09-22T08:51:31.736Z	info	staff-logger	scenario/viewer.go:83	visit livestream
2026-09-22T08:51:31.749Z	info	staff-logger	scenario/viewer.go:32	basic viewer scenario
2026-09-22T08:51:31.749Z	info	staff-logger	scenario/viewer.go:56	visit top
2026-09-22T08:51:31.749Z	info	staff-logger	scenario/viewer.go:64	get livestream
2026-09-22T08:51:31.749Z	info	staff-logger	scenario/viewer.go:83	visit livestream
2026-09-22T08:51:31.815Z	info	staff-logger	scenario/viewer.go:83	visit livestream
2026-09-22T08:51:31.895Z	info	staff-logger	scenario/viewer.go:90	get livestream stats
2026-09-22T08:51:31.954Z	info	staff-logger	scenario/viewer.go:83	visit livestream
2026-09-22T08:51:32.025Z	info	staff-logger	scenario/viewer.go:64	get livestream
2026-09-22T08:51:32.025Z	info	staff-logger	scenario/viewer.go:76	visit user profile
2026-09-22T08:51:32.069Z	info	staff-logger	scenario/viewer.go:64	get livestream
2026-09-22T08:51:32.069Z	info	staff-logger	scenario/viewer.go:76	visit user profile
2026-09-22T08:51:32.382Z	info	staff-logger	scenario/viewer.go:83	visit livestream
2026-09-22T08:51:32.525Z	info	staff-logger	scenario/viewer.go:83	visit livestream
2026-09-22T08:51:32.561Z	info	staff-logger	scenario/viewer.go:32	basic viewer scenario
2026-09-22T08:51:32.561Z	info	staff-logger	scenario/viewer.go:56	visit top
2026-09-22T08:51:32.561Z	info	staff-logger	scenario/viewer.go:64	get livestream
2026-09-22T08:51:32.561Z	info	staff-logger	scenario/viewer.go:83	visit livestream
2026-09-22T08:51:32.574Z	info	staff-logger	scenario/viewer.go:32	basic viewer scenario
2026-09-22T08:51:32.574Z	info	staff-logger	scenario/viewer.go:56	visit top
2026-09-22T08:51:32.574Z	info	staff-logger	scenario/viewer.go:64	get livestream
2026-09-22T08:51:32.574Z	info	staff-logger	scenario/viewer.go:83	visit livestream
2026-09-22T08:51:32.632Z	info	staff-logger	scenario/viewer.go:32	basic viewer scenario
2026-09-22T08:51:32.632Z	info	staff-logger	scenario/viewer.go:56	visit top
2026-09-22T08:51:32.632Z	info	staff-logger	scenario/viewer.go:64	get livestream
2026-09-22T08:51:32.632Z	info	staff-logger	scenario/viewer.go:83	visit livestream
2026-09-22T08:51:32.678Z	info	staff-logger	scenario/viewer.go:32	basic viewer scenario
2026-09-22T08:51:32.679Z	info	staff-logger	scenario/viewer.go:56	visit top
2026-09-22T08:51:32.679Z	info	staff-logger	scenario/viewer.go:64	get livestream
2026-09-22T08:51:32.679Z	info	staff-logger	scenario/viewer.go:83	visit livestream
2026-09-22T08:51:32.772Z	info	staff-logger	scenario/viewer.go:32	basic viewer scenario
2026-09-22T08:51:32.772Z	info	staff-logger	scenario/viewer.go:56	visit top
2026-09-22T08:51:32.772Z	info	staff-logger	scenario/viewer.go:64	get livestream
2026-09-22T08:51:32.772Z	info	staff-logger	scenario/viewer.go:83	visit livestream
2026-09-22T08:51:32.849Z	info	staff-logger	scenario/viewer.go:32	basic viewer scenario
2026-09-22T08:51:32.849Z	info	staff-logger	scenario/viewer.go:56	visit top
2026-09-22T08:51:32.849Z	info	staff-logger	scenario/viewer.go:64	get livestream
2026-09-22T08:51:32.849Z	info	staff-logger	scenario/viewer.go:83	visit livestream
2026-09-22T08:51:32.974Z	info	staff-logger	scenario/viewer.go:90	get livestream stats
2026-09-22T08:51:33.086Z	info	staff-logger	scenario/viewer.go:32	basic viewer scenario
2026-09-22T08:51:33.086Z	info	staff-logger	scenario/viewer.go:56	visit top
2026-09-22T08:51:33.169Z	info	staff-logger	scenario/viewer.go:32	basic viewer scenario
2026-09-22T08:51:33.169Z	info	staff-logger	scenario/viewer.go:56	visit top
2026-09-22T08:51:33.169Z	info	staff-logger	scenario/viewer.go:64	get livestream
2026-09-22T08:51:33.169Z	info	staff-logger	scenario/viewer.go:83	visit livestream
2026-09-22T08:51:33.176Z	info	staff-logger	scenario/viewer.go:32	basic viewer scenario
2026-09-22T08:51:33.176Z	info	staff-logger	scenario/viewer.go:56	visit top
2026-09-22T08:51:33.176Z	info	staff-logger	scenario/viewer.go:64	get livestream
2026-09-22T08:51:33.176Z	info	staff-logger	scenario/viewer.go:83	visit livestream
2026-09-22T08:51:33.185Z	info	staff-logger	scenario/viewer.go:32	basic viewer scenario
2026-09-22T08:51:33.185Z	info	staff-logger	scenario/viewer.go:56	visit top
2026-09-22T08:51:33.185Z	info	staff-logger	scenario/viewer.go:64	get livestream
2026-09-22T08:51:33.185Z	info	staff-logger	scenario/viewer.go:83	visit livestream
2026-09-22T08:51:33.343Z	info	staff-logger	scenario/viewer.go:32	basic viewer scenario
2026-09-22T08:51:33.343Z	info	staff-logger	scenario/viewer.go:56	visit top
2026-09-22T08:51:33.343Z	info	staff-logger	scenario/viewer.go:64	get livestream
2026-09-22T08:51:33.344Z	info	staff-logger	scenario/viewer.go:83	visit livestream
2026-09-22T08:51:33.352Z	info	staff-logger	scenario/viewer.go:32	basic viewer scenario
2026-09-22T08:51:33.353Z	info	staff-logger	scenario/viewer.go:56	visit top
2026-09-22T08:51:33.407Z	info	staff-logger	scenario/viewer.go:90	get livestream stats
2026-09-22T08:51:33.494Z	info	staff-logger	scenario/viewer.go:32	basic viewer scenario
2026-09-22T08:51:33.494Z	info	staff-logger	scenario/viewer.go:56	visit top
2026-09-22T08:51:33.494Z	info	staff-logger	scenario/viewer.go:64	get livestream
2026-09-22T08:51:33.494Z	info	staff-logger	scenario/viewer.go:83	visit livestream
2026-09-22T08:51:33.533Z	info	staff-logger	scenario/viewer.go:32	basic viewer scenario
2026-09-22T08:51:33.533Z	info	staff-logger	scenario/viewer.go:56	visit top
2026-09-22T08:51:33.533Z	info	staff-logger	scenario/viewer.go:64	get livestream
2026-09-22T08:51:33.533Z	info	staff-logger	scenario/viewer.go:83	visit livestream
2026-09-22T08:51:33.557Z	info	staff-logger	scenario/viewer.go:32	basic viewer scenario
2026-09-22T08:51:33.557Z	info	staff-logger	scenario/viewer.go:56	visit top
2026-09-22T08:51:33.557Z	info	staff-logger	scenario/viewer.go:64	get livestream
2026-09-22T08:51:33.557Z	info	staff-logger	scenario/viewer.go:83	visit livestream
2026-09-22T08:51:33.581Z	info	staff-logger	scenario/viewer.go:64	get livestream
2026-09-22T08:51:33.581Z	info	staff-logger	scenario/viewer.go:76	visit user profile
2026-09-22T08:51:33.604Z	info	staff-logger	scenario/viewer.go:32	basic viewer scenario
2026-09-22T08:51:33.605Z	info	staff-logger	scenario/viewer.go:56	visit top
2026-09-22T08:51:33.605Z	info	staff-logger	scenario/viewer.go:64	get livestream
2026-09-22T08:51:33.605Z	info	staff-logger	scenario/viewer.go:83	visit livestream
2026-09-22T08:51:33.706Z	info	staff-logger	scenario/viewer.go:90	get livestream stats
2026-09-22T08:51:33.831Z	info	staff-logger	scenario/viewer.go:32	basic viewer scenario
2026-09-22T08:51:33.831Z	info	staff-logger	scenario/viewer.go:56	visit top
2026-09-22T08:51:33.831Z	info	staff-logger	scenario/viewer.go:64	get livestream
2026-09-22T08:51:33.831Z	info	staff-logger	scenario/viewer.go:83	visit livestream
2026-09-22T08:51:33.940Z	info	staff-logger	scenario/viewer.go:64	get livestream
2026-09-22T08:51:33.940Z	info	staff-logger	scenario/viewer.go:76	visit user profile
2026-09-22T08:51:34.009Z	info	staff-logger	scenario/viewer.go:32	basic viewer scenario
2026-09-22T08:51:34.009Z	info	staff-logger	scenario/viewer.go:56	visit top
2026-09-22T08:51:34.009Z	info	staff-logger	scenario/viewer.go:64	get livestream
2026-09-22T08:51:34.009Z	info	staff-logger	scenario/viewer.go:83	visit livestream
2026-09-22T08:51:34.164Z	info	staff-logger	scenario/viewer.go:83	visit livestream
2026-09-22T08:51:34.188Z	info	staff-logger	scenario/viewer.go:32	basic viewer scenario
2026-09-22T08:51:34.188Z	info	staff-logger	scenario/viewer.go:56	visit top
2026-09-22T08:51:34.188Z	info	staff-logger	scenario/viewer.go:64	get livestream
2026-09-22T08:51:34.188Z	info	staff-logger	scenario/viewer.go:83	visit livestream
2026-09-22T08:51:34.332Z	info	staff-logger	scenario/viewer.go:83	visit livestream
2026-09-22T08:51:34.432Z	info	staff-logger	scenario/viewer.go:32	basic viewer scenario
2026-09-22T08:51:34.432Z	info	staff-logger	scenario/viewer.go:56	visit top
2026-09-22T08:51:34.432Z	info	staff-logger	scenario/viewer.go:64	get livestream
2026-09-22T08:51:34.432Z	info	staff-logger	scenario/viewer.go:83	visit livestream
2026-09-22T08:51:34.456Z	info	staff-logger	scenario/viewer.go:32	basic viewer scenario
2026-09-22T08:51:34.456Z	info	staff-logger	scenario/viewer.go:56	visit top
2026-09-22T08:51:34.456Z	info	staff-logger	scenario/viewer.go:64	get livestream
2026-09-22T08:51:34.456Z	info	staff-logger	scenario/viewer.go:83	visit livestream
2026-09-22T08:51:34.467Z	info	staff-logger	scenario/viewer.go:32	basic viewer scenario
2026-09-22T08:51:34.467Z	info	staff-logger	scenario/viewer.go:56	visit top
2026-09-22T08:51:34.467Z	info	staff-logger	scenario/viewer.go:64	get livestream
2026-09-22T08:51:34.467Z	info	staff-logger	scenario/viewer.go:83	visit livestream
2026-09-22T08:51:34.467Z	info	staff-logger	scenario/viewer.go:32	basic viewer scenario
2026-09-22T08:51:34.467Z	info	staff-logger	scenario/viewer.go:56	visit top
2026-09-22T08:51:34.467Z	info	staff-logger	scenario/viewer.go:64	get livestream
2026-09-22T08:51:34.467Z	info	staff-logger	scenario/viewer.go:83	visit livestream
2026-09-22T08:51:34.505Z	info	staff-logger	scenario/streamer.go:48	change icon
2026-09-22T08:51:34.615Z	info	staff-logger	scenario/viewer.go:32	basic viewer scenario
2026-09-22T08:51:34.615Z	info	staff-logger	scenario/viewer.go:56	visit top
2026-09-22T08:51:34.615Z	info	staff-logger	scenario/viewer.go:64	get livestream
2026-09-22T08:51:34.615Z	info	staff-logger	scenario/viewer.go:83	visit livestream
2026-09-22T08:51:34.669Z	info	staff-logger	scenario/viewer.go:32	basic viewer scenario
2026-09-22T08:51:34.669Z	info	staff-logger	scenario/viewer.go:56	visit top
2026-09-22T08:51:34.669Z	info	staff-logger	scenario/viewer.go:64	get livestream
2026-09-22T08:51:34.669Z	info	staff-logger	scenario/viewer.go:83	visit livestream
2026-09-22T08:51:34.759Z	info	staff-logger	scenario/viewer.go:32	basic viewer scenario
2026-09-22T08:51:34.760Z	info	staff-logger	scenario/viewer.go:56	visit top
2026-09-22T08:51:34.760Z	info	staff-logger	scenario/viewer.go:64	get livestream
2026-09-22T08:51:34.760Z	info	staff-logger	scenario/viewer.go:83	visit livestream
2026-09-22T08:51:34.863Z	info	staff-logger	scenario/viewer.go:32	basic viewer scenario
2026-09-22T08:51:34.863Z	info	staff-logger	scenario/viewer.go:56	visit top
2026-09-22T08:51:34.863Z	info	staff-logger	scenario/viewer.go:64	get livestream
2026-09-22T08:51:34.863Z	info	staff-logger	scenario/viewer.go:83	visit livestream
2026-09-22T08:51:34.867Z	info	staff-logger	scenario/viewer.go:32	basic viewer scenario
2026-09-22T08:51:34.868Z	info	staff-logger	scenario/viewer.go:56	visit top
2026-09-22T08:51:34.868Z	info	staff-logger	scenario/viewer.go:64	get livestream
2026-09-22T08:51:34.868Z	info	staff-logger	scenario/viewer.go:83	visit livestream
2026-09-22T08:51:34.883Z	info	staff-logger	scenario/viewer.go:32	basic viewer scenario
2026-09-22T08:51:34.883Z	info	staff-logger	scenario/viewer.go:56	visit top
2026-09-22T08:51:34.883Z	info	staff-logger	scenario/viewer.go:64	get livestream
2026-09-22T08:51:34.883Z	info	staff-logger	scenario/viewer.go:83	visit livestream
2026-09-22T08:51:34.951Z	info	staff-logger	scenario/viewer.go:90	get livestream stats
2026-09-22T08:51:35.195Z	info	staff-logger	scenario/viewer.go:32	basic viewer scenario
2026-09-22T08:51:35.196Z	info	staff-logger	scenario/viewer.go:56	visit top
2026-09-22T08:51:35.196Z	info	staff-logger	scenario/viewer.go:64	get livestream
2026-09-22T08:51:35.196Z	info	staff-logger	scenario/viewer.go:83	visit livestream
2026-09-22T08:51:35.287Z	info	staff-logger	scenario/streamer.go:48	change icon
2026-09-22T08:51:35.443Z	info	staff-logger	scenario/viewer.go:32	basic viewer scenario
2026-09-22T08:51:35.443Z	info	staff-logger	scenario/viewer.go:56	visit top
2026-09-22T08:51:35.443Z	info	staff-logger	scenario/viewer.go:64	get livestream
2026-09-22T08:51:35.443Z	info	staff-logger	scenario/viewer.go:83	visit livestream
2026-09-22T08:51:35.566Z	info	staff-logger	scenario/viewer.go:32	basic viewer scenario
2026-09-22T08:51:35.566Z	info	staff-logger	scenario/viewer.go:56	visit top
2026-09-22T08:51:35.566Z	info	staff-logger	scenario/viewer.go:64	get livestream
2026-09-22T08:51:35.566Z	info	staff-logger	scenario/viewer.go:83	visit livestream
2026-09-22T08:51:35.607Z	info	staff-logger	scenario/viewer.go:32	basic viewer scenario
2026-09-22T08:51:35.607Z	info	staff-logger	scenario/viewer.go:56	visit top
2026-09-22T08:51:35.607Z	info	staff-logger	scenario/viewer.go:64	get livestream
2026-09-22T08:51:35.607Z	info	staff-logger	scenario/viewer.go:83	visit livestream
2026-09-22T08:51:35.683Z	info	staff-logger	scenario/viewer.go:32	basic viewer scenario
2026-09-22T08:51:35.683Z	info	staff-logger	scenario/viewer.go:56	visit top
2026-09-22T08:51:35.683Z	info	staff-logger	scenario/viewer.go:64	get livestream
2026-09-22T08:51:35.683Z	info	staff-logger	scenario/viewer.go:83	visit livestream
2026-09-22T08:51:35.715Z	info	staff-logger	scenario/viewer.go:32	basic viewer scenario
2026-09-22T08:51:35.715Z	info	staff-logger	scenario/viewer.go:56	visit top
2026-09-22T08:51:35.715Z	info	staff-logger	scenario/viewer.go:64	get livestream
2026-09-22T08:51:35.715Z	info	staff-logger	scenario/viewer.go:83	visit livestream
2026-09-22T08:51:35.815Z	info	staff-logger	scenario/viewer.go:32	basic viewer scenario
2026-09-22T08:51:35.815Z	info	staff-logger	scenario/viewer.go:56	visit top
2026-09-22T08:51:35.815Z	info	staff-logger	scenario/viewer.go:64	get livestream
2026-09-22T08:51:35.815Z	info	staff-logger	scenario/viewer.go:83	visit livestream
2026-09-22T08:51:35.838Z	info	staff-logger	scenario/viewer.go:32	basic viewer scenario
2026-09-22T08:51:35.838Z	info	staff-logger	scenario/viewer.go:56	visit top
2026-09-22T08:51:35.838Z	info	staff-logger	scenario/viewer.go:64	get livestream
2026-09-22T08:51:35.838Z	info	staff-logger	scenario/viewer.go:83	visit livestream
2026-09-22T08:51:35.969Z	info	staff-logger	scenario/viewer.go:32	basic viewer scenario
2026-09-22T08:51:35.969Z	info	staff-logger	scenario/viewer.go:56	visit top
2026-09-22T08:51:35.969Z	info	staff-logger	scenario/viewer.go:64	get livestream
2026-09-22T08:51:35.969Z	info	staff-logger	scenario/viewer.go:83	visit livestream
2026-09-22T08:51:36.377Z	info	staff-logger	scenario/viewer.go:32	basic viewer scenario
2026-09-22T08:51:36.377Z	info	staff-logger	scenario/viewer.go:56	visit top
2026-09-22T08:51:36.377Z	info	staff-logger	scenario/viewer.go:64	get livestream
2026-09-22T08:51:36.377Z	info	staff-logger	scenario/viewer.go:83	visit livestream
2026-09-22T08:51:36.437Z	info	staff-logger	scenario/viewer.go:32	basic viewer scenario
2026-09-22T08:51:36.437Z	info	staff-logger	scenario/viewer.go:56	visit top
2026-09-22T08:51:36.437Z	info	staff-logger	scenario/viewer.go:64	get livestream
2026-09-22T08:51:36.437Z	info	staff-logger	scenario/viewer.go:83	visit livestream
2026-09-22T08:51:36.454Z	info	staff-logger	scenario/viewer.go:32	basic viewer scenario
2026-09-22T08:51:36.454Z	info	staff-logger	scenario/viewer.go:56	visit top
2026-09-22T08:51:36.454Z	info	staff-logger	scenario/viewer.go:64	get livestream
2026-09-22T08:51:36.454Z	info	staff-logger	scenario/viewer.go:83	visit livestream
2026-09-22T08:51:36.561Z	info	staff-logger	scenario/viewer.go:32	basic viewer scenario
2026-09-22T08:51:36.561Z	info	staff-logger	scenario/viewer.go:56	visit top
2026-09-22T08:51:36.561Z	info	staff-logger	scenario/viewer.go:64	get livestream
2026-09-22T08:51:36.561Z	info	staff-logger	scenario/viewer.go:83	visit livestream
2026-09-22T08:51:36.643Z	info	staff-logger	scenario/viewer.go:32	basic viewer scenario
2026-09-22T08:51:36.643Z	info	staff-logger	scenario/viewer.go:56	visit top
2026-09-22T08:51:36.643Z	info	staff-logger	scenario/viewer.go:64	get livestream
2026-09-22T08:51:36.643Z	info	staff-logger	scenario/viewer.go:83	visit livestream
2026-09-22T08:51:36.662Z	info	staff-logger	scenario/viewer.go:32	basic viewer scenario
2026-09-22T08:51:36.662Z	info	staff-logger	scenario/viewer.go:56	visit top
2026-09-22T08:51:36.662Z	info	staff-logger	scenario/viewer.go:64	get livestream
2026-09-22T08:51:36.662Z	info	staff-logger	scenario/viewer.go:83	visit livestream
2026-09-22T08:51:36.803Z	info	staff-logger	scenario/viewer.go:32	basic viewer scenario
2026-09-22T08:51:36.803Z	info	staff-logger	scenario/viewer.go:56	visit top
2026-09-22T08:51:36.803Z	info	staff-logger	scenario/viewer.go:64	get livestream
2026-09-22T08:51:36.803Z	info	staff-logger	scenario/viewer.go:83	visit livestream
2026-09-22T08:51:36.928Z	info	staff-logger	scenario/viewer.go:32	basic viewer scenario
2026-09-22T08:51:36.928Z	info	staff-logger	scenario/viewer.go:56	visit top
2026-09-22T08:51:36.928Z	info	staff-logger	scenario/viewer.go:64	get livestream
2026-09-22T08:51:36.928Z	info	staff-logger	scenario/viewer.go:83	visit livestream
2026-09-22T08:51:37.045Z	info	staff-logger	scenario/viewer.go:32	basic viewer scenario
2026-09-22T08:51:37.045Z	info	staff-logger	scenario/viewer.go:56	visit top
2026-09-22T08:51:37.045Z	info	staff-logger	scenario/viewer.go:64	get livestream
2026-09-22T08:51:37.045Z	info	staff-logger	scenario/viewer.go:83	visit livestream
2026-09-22T08:51:37.079Z	info	staff-logger	scenario/viewer.go:90	get livestream stats
2026-09-22T08:51:37.203Z	info	staff-logger	scenario/viewer.go:32	basic viewer scenario
2026-09-22T08:51:37.203Z	info	staff-logger	scenario/viewer.go:56	visit top
2026-09-22T08:51:37.203Z	info	staff-logger	scenario/viewer.go:64	get livestream
2026-09-22T08:51:37.203Z	info	staff-logger	scenario/viewer.go:83	visit livestream
2026-09-22T08:51:37.248Z	info	staff-logger	scenario/viewer.go:32	basic viewer scenario
2026-09-22T08:51:37.248Z	info	staff-logger	scenario/viewer.go:56	visit top
2026-09-22T08:51:37.344Z	info	staff-logger	scenario/viewer.go:32	basic viewer scenario
2026-09-22T08:51:37.344Z	info	staff-logger	scenario/viewer.go:56	visit top
2026-09-22T08:51:37.344Z	info	staff-logger	scenario/viewer.go:64	get livestream
2026-09-22T08:51:37.344Z	info	staff-logger	scenario/viewer.go:83	visit livestream
2026-09-22T08:51:37.534Z	info	staff-logger	scenario/viewer.go:32	basic viewer scenario
2026-09-22T08:51:37.534Z	info	staff-logger	scenario/viewer.go:56	visit top
2026-09-22T08:51:37.534Z	info	staff-logger	scenario/viewer.go:64	get livestream
2026-09-22T08:51:37.534Z	info	staff-logger	scenario/viewer.go:83	visit livestream
2026-09-22T08:51:37.544Z	info	staff-logger	scenario/viewer.go:32	basic viewer scenario
2026-09-22T08:51:37.544Z	info	staff-logger	scenario/viewer.go:56	visit top
2026-09-22T08:51:37.544Z	info	staff-logger	scenario/viewer.go:64	get livestream
2026-09-22T08:51:37.544Z	info	staff-logger	scenario/viewer.go:83	visit livestream
2026-09-22T08:51:37.566Z	info	staff-logger	scenario/viewer.go:32	basic viewer scenario
2026-09-22T08:51:37.566Z	info	staff-logger	scenario/viewer.go:56	visit top
2026-09-22T08:51:37.566Z	info	staff-logger	scenario/viewer.go:64	get livestream
2026-09-22T08:51:37.566Z	info	staff-logger	scenario/viewer.go:83	visit livestream
2026-09-22T08:51:37.684Z	info	staff-logger	scenario/viewer.go:32	basic viewer scenario
2026-09-22T08:51:37.684Z	info	staff-logger	scenario/viewer.go:56	visit top
2026-09-22T08:51:37.684Z	info	staff-logger	scenario/viewer.go:64	get livestream
2026-09-22T08:51:37.684Z	info	staff-logger	scenario/viewer.go:83	visit livestream
2026-09-22T08:51:37.686Z	info	staff-logger	scenario/viewer.go:90	get livestream stats
2026-09-22T08:51:37.714Z	info	staff-logger	scenario/viewer.go:32	basic viewer scenario
2026-09-22T08:51:37.714Z	info	staff-logger	scenario/viewer.go:56	visit top
2026-09-22T08:51:37.714Z	info	staff-logger	scenario/viewer.go:64	get livestream
2026-09-22T08:51:37.714Z	info	staff-logger	scenario/viewer.go:83	visit livestream
2026-09-22T08:51:37.819Z	info	staff-logger	scenario/viewer.go:64	get livestream
2026-09-22T08:51:37.819Z	info	staff-logger	scenario/viewer.go:76	visit user profile
2026-09-22T08:51:37.973Z	info	staff-logger	scenario/viewer.go:32	basic viewer scenario
2026-09-22T08:51:37.973Z	info	staff-logger	scenario/viewer.go:56	visit top
2026-09-22T08:51:37.973Z	info	staff-logger	scenario/viewer.go:64	get livestream
2026-09-22T08:51:37.973Z	info	staff-logger	scenario/viewer.go:83	visit livestream
2026-09-22T08:51:37.975Z	info	staff-logger	scenario/viewer.go:32	basic viewer scenario
2026-09-22T08:51:37.975Z	info	staff-logger	scenario/viewer.go:56	visit top
2026-09-22T08:51:37.975Z	info	staff-logger	scenario/viewer.go:64	get livestream
2026-09-22T08:51:37.975Z	info	staff-logger	scenario/viewer.go:83	visit livestream
2026-09-22T08:51:38.105Z	info	staff-logger	scenario/viewer.go:32	basic viewer scenario
2026-09-22T08:51:38.105Z	info	staff-logger	scenario/viewer.go:56	visit top
2026-09-22T08:51:38.105Z	info	staff-logger	scenario/viewer.go:64	get livestream
2026-09-22T08:51:38.105Z	info	staff-logger	scenario/viewer.go:83	visit livestream
2026-09-22T08:51:38.233Z	info	staff-logger	scenario/viewer.go:83	visit livestream
2026-09-22T08:51:38.374Z	info	staff-logger	scenario/viewer.go:32	basic viewer scenario
2026-09-22T08:51:38.374Z	info	staff-logger	scenario/viewer.go:56	visit top
2026-09-22T08:51:38.374Z	info	staff-logger	scenario/viewer.go:64	get livestream
2026-09-22T08:51:38.374Z	info	staff-logger	scenario/viewer.go:83	visit livestream
2026-09-22T08:51:38.436Z	info	staff-logger	scenario/viewer.go:32	basic viewer scenario
2026-09-22T08:51:38.436Z	info	staff-logger	scenario/viewer.go:56	visit top
2026-09-22T08:51:38.436Z	info	staff-logger	scenario/viewer.go:64	get livestream
2026-09-22T08:51:38.436Z	info	staff-logger	scenario/viewer.go:83	visit livestream
2026-09-22T08:51:38.436Z	info	staff-logger	scenario/viewer.go:32	basic viewer scenario
2026-09-22T08:51:38.436Z	info	staff-logger	scenario/viewer.go:56	visit top
2026-09-22T08:51:38.436Z	info	staff-logger	scenario/viewer.go:64	get livestream
2026-09-22T08:51:38.436Z	info	staff-logger	scenario/viewer.go:83	visit livestream
2026-09-22T08:51:38.470Z	info	staff-logger	scenario/viewer.go:32	basic viewer scenario
2026-09-22T08:51:38.471Z	info	staff-logger	scenario/viewer.go:56	visit top
2026-09-22T08:51:38.471Z	info	staff-logger	scenario/viewer.go:64	get livestream
2026-09-22T08:51:38.471Z	info	staff-logger	scenario/viewer.go:83	visit livestream
2026-09-22T08:51:38.839Z	info	staff-logger	scenario/viewer.go:32	basic viewer scenario
2026-09-22T08:51:38.839Z	info	staff-logger	scenario/viewer.go:56	visit top
2026-09-22T08:51:38.839Z	info	staff-logger	scenario/viewer.go:64	get livestream
2026-09-22T08:51:38.839Z	info	staff-logger	scenario/viewer.go:83	visit livestream
2026-09-22T08:51:38.981Z	info	staff-logger	scenario/viewer.go:32	basic viewer scenario
2026-09-22T08:51:38.981Z	info	staff-logger	scenario/viewer.go:56	visit top
2026-09-22T08:51:38.991Z	info	staff-logger	scenario/viewer.go:32	basic viewer scenario
2026-09-22T08:51:38.991Z	info	staff-logger	scenario/viewer.go:56	visit top
2026-09-22T08:51:38.991Z	info	staff-logger	scenario/viewer.go:64	get livestream
2026-09-22T08:51:38.991Z	info	staff-logger	scenario/viewer.go:83	visit livestream
2026-09-22T08:51:39.091Z	info	staff-logger	scenario/viewer.go:32	basic viewer scenario
2026-09-22T08:51:39.091Z	info	staff-logger	scenario/viewer.go:56	visit top
2026-09-22T08:51:39.091Z	info	staff-logger	scenario/viewer.go:64	get livestream
2026-09-22T08:51:39.091Z	info	staff-logger	scenario/viewer.go:83	visit livestream
2026-09-22T08:51:39.104Z	info	staff-logger	scenario/viewer.go:32	basic viewer scenario
2026-09-22T08:51:39.104Z	info	staff-logger	scenario/viewer.go:56	visit top
2026-09-22T08:51:39.104Z	info	staff-logger	scenario/viewer.go:64	get livestream
2026-09-22T08:51:39.104Z	info	staff-logger	scenario/viewer.go:83	visit livestream
2026-09-22T08:51:39.249Z	info	staff-logger	scenario/viewer.go:32	basic viewer scenario
2026-09-22T08:51:39.249Z	info	staff-logger	scenario/viewer.go:56	visit top
2026-09-22T08:51:39.249Z	info	staff-logger	scenario/viewer.go:64	get livestream
2026-09-22T08:51:39.249Z	info	staff-logger	scenario/viewer.go:83	visit livestream
2026-09-22T08:51:39.264Z	info	staff-logger	scenario/viewer.go:32	basic viewer scenario
2026-09-22T08:51:39.264Z	info	staff-logger	scenario/viewer.go:56	visit top
2026-09-22T08:51:39.264Z	info	staff-logger	scenario/viewer.go:64	get livestream
2026-09-22T08:51:39.264Z	info	staff-logger	scenario/viewer.go:83	visit livestream
2026-09-22T08:51:39.280Z	info	staff-logger	scenario/viewer.go:32	basic viewer scenario
2026-09-22T08:51:39.280Z	info	staff-logger	scenario/viewer.go:56	visit top
2026-09-22T08:51:39.280Z	info	staff-logger	scenario/viewer.go:64	get livestream
2026-09-22T08:51:39.280Z	info	staff-logger	scenario/viewer.go:83	visit livestream
2026-09-22T08:51:39.317Z	info	staff-logger	scenario/viewer.go:32	basic viewer scenario
2026-09-22T08:51:39.317Z	info	staff-logger	scenario/viewer.go:56	visit top
2026-09-22T08:51:39.317Z	info	staff-logger	scenario/viewer.go:64	get livestream
2026-09-22T08:51:39.317Z	info	staff-logger	scenario/viewer.go:83	visit livestream
2026-09-22T08:51:39.474Z	info	staff-logger	scenario/streamer.go:48	change icon
2026-09-22T08:51:39.560Z	info	staff-logger	scenario/viewer.go:64	get livestream
2026-09-22T08:51:39.560Z	info	staff-logger	scenario/viewer.go:76	visit user profile
2026-09-22T08:51:39.628Z	info	staff-logger	scenario/viewer.go:32	basic viewer scenario
2026-09-22T08:51:39.628Z	info	staff-logger	scenario/viewer.go:56	visit top
2026-09-22T08:51:39.739Z	info	staff-logger	scenario/viewer.go:32	basic viewer scenario
2026-09-22T08:51:39.739Z	info	staff-logger	scenario/viewer.go:56	visit top
2026-09-22T08:51:39.739Z	info	staff-logger	scenario/viewer.go:64	get livestream
2026-09-22T08:51:39.739Z	info	staff-logger	scenario/viewer.go:83	visit livestream
2026-09-22T08:51:39.757Z	info	staff-logger	scenario/viewer.go:32	basic viewer scenario
2026-09-22T08:51:39.757Z	info	staff-logger	scenario/viewer.go:56	visit top
2026-09-22T08:51:39.757Z	info	staff-logger	scenario/viewer.go:64	get livestream
2026-09-22T08:51:39.757Z	info	staff-logger	scenario/viewer.go:83	visit livestream
2026-09-22T08:51:39.779Z	info	staff-logger	scenario/viewer.go:32	basic viewer scenario
2026-09-22T08:51:39.779Z	info	staff-logger	scenario/viewer.go:56	visit top
2026-09-22T08:51:39.779Z	info	staff-logger	scenario/viewer.go:64	get livestream
2026-09-22T08:51:39.779Z	info	staff-logger	scenario/viewer.go:83	visit livestream
2026-09-22T08:51:39.781Z	info	staff-logger	scenario/viewer.go:32	basic viewer scenario
2026-09-22T08:51:39.781Z	info	staff-logger	scenario/viewer.go:56	visit top
2026-09-22T08:51:39.781Z	info	staff-logger	scenario/viewer.go:64	get livestream
2026-09-22T08:51:39.781Z	info	staff-logger	scenario/viewer.go:83	visit livestream
2026-09-22T08:51:39.927Z	info	staff-logger	scenario/viewer.go:83	visit livestream
2026-09-22T08:51:39.927Z	info	staff-logger	scenario/viewer.go:32	basic viewer scenario
2026-09-22T08:51:39.927Z	info	staff-logger	scenario/viewer.go:56	visit top
2026-09-22T08:51:39.927Z	info	staff-logger	scenario/viewer.go:64	get livestream
2026-09-22T08:51:39.927Z	info	staff-logger	scenario/viewer.go:83	visit livestream
2026-09-22T08:51:40.093Z	info	staff-logger	scenario/viewer.go:32	basic viewer scenario
2026-09-22T08:51:40.093Z	info	staff-logger	scenario/viewer.go:56	visit top
2026-09-22T08:51:40.093Z	info	staff-logger	scenario/viewer.go:64	get livestream
2026-09-22T08:51:40.093Z	info	staff-logger	scenario/viewer.go:83	visit livestream
2026-09-22T08:51:40.114Z	info	staff-logger	scenario/viewer.go:32	basic viewer scenario
2026-09-22T08:51:40.114Z	info	staff-logger	scenario/viewer.go:56	visit top
2026-09-22T08:51:40.114Z	info	staff-logger	scenario/viewer.go:64	get livestream
2026-09-22T08:51:40.114Z	info	staff-logger	scenario/viewer.go:83	visit livestream
2026-09-22T08:51:40.115Z	info	staff-logger	scenario/viewer.go:32	basic viewer scenario
2026-09-22T08:51:40.115Z	info	staff-logger	scenario/viewer.go:56	visit top
2026-09-22T08:51:40.115Z	info	staff-logger	scenario/viewer.go:64	get livestream
2026-09-22T08:51:40.115Z	info	staff-logger	scenario/viewer.go:83	visit livestream
2026-09-22T08:51:40.130Z	info	staff-logger	scenario/viewer.go:32	basic viewer scenario
2026-09-22T08:51:40.130Z	info	staff-logger	scenario/viewer.go:56	visit top
2026-09-22T08:51:40.130Z	info	staff-logger	scenario/viewer.go:64	get livestream
2026-09-22T08:51:40.130Z	info	staff-logger	scenario/viewer.go:83	visit livestream
2026-09-22T08:51:40.177Z	info	staff-logger	scenario/viewer.go:64	get livestream
2026-09-22T08:51:40.177Z	info	staff-logger	scenario/viewer.go:76	visit user profile
2026-09-22T08:51:40.306Z	info	staff-logger	scenario/viewer.go:32	basic viewer scenario
2026-09-22T08:51:40.306Z	info	staff-logger	scenario/viewer.go:56	visit top
2026-09-22T08:51:40.307Z	info	staff-logger	scenario/viewer.go:64	get livestream
2026-09-22T08:51:40.307Z	info	staff-logger	scenario/viewer.go:83	visit livestream
2026-09-22T08:51:40.333Z	info	staff-logger	scenario/viewer.go:32	basic viewer scenario
2026-09-22T08:51:40.333Z	info	staff-logger	scenario/viewer.go:56	visit top
2026-09-22T08:51:40.333Z	info	staff-logger	scenario/viewer.go:64	get livestream
2026-09-22T08:51:40.333Z	info	staff-logger	scenario/viewer.go:83	visit livestream
2026-09-22T08:51:40.341Z	info	staff-logger	scenario/viewer.go:32	basic viewer scenario
2026-09-22T08:51:40.341Z	info	staff-logger	scenario/viewer.go:56	visit top
2026-09-22T08:51:40.341Z	info	staff-logger	scenario/viewer.go:64	get livestream
2026-09-22T08:51:40.341Z	info	staff-logger	scenario/viewer.go:83	visit livestream
2026-09-22T08:51:40.428Z	info	staff-logger	scenario/streamer.go:48	change icon
2026-09-22T08:51:40.479Z	info	staff-logger	scenario/viewer.go:32	basic viewer scenario
2026-09-22T08:51:40.479Z	info	staff-logger	scenario/viewer.go:56	visit top
2026-09-22T08:51:40.479Z	info	staff-logger	scenario/viewer.go:64	get livestream
2026-09-22T08:51:40.479Z	info	staff-logger	scenario/viewer.go:83	visit livestream
2026-09-22T08:51:40.534Z	info	staff-logger	scenario/viewer.go:83	visit livestream
2026-09-22T08:51:40.727Z	info	staff-logger	scenario/viewer.go:32	basic viewer scenario
2026-09-22T08:51:40.727Z	info	staff-logger	scenario/viewer.go:56	visit top
2026-09-22T08:51:40.727Z	info	staff-logger	scenario/viewer.go:64	get livestream
2026-09-22T08:51:40.727Z	info	staff-logger	scenario/viewer.go:83	visit livestream
2026-09-22T08:51:40.835Z	info	staff-logger	scenario/viewer.go:32	basic viewer scenario
2026-09-22T08:51:40.835Z	info	staff-logger	scenario/viewer.go:56	visit top
2026-09-22T08:51:40.836Z	info	staff-logger	scenario/viewer.go:64	get livestream
2026-09-22T08:51:40.836Z	info	staff-logger	scenario/viewer.go:83	visit livestream
2026-09-22T08:51:40.891Z	info	staff-logger	scenario/viewer.go:32	basic viewer scenario
2026-09-22T08:51:40.891Z	info	staff-logger	scenario/viewer.go:56	visit top
2026-09-22T08:51:40.891Z	info	staff-logger	scenario/viewer.go:64	get livestream
2026-09-22T08:51:40.891Z	info	staff-logger	scenario/viewer.go:83	visit livestream
2026-09-22T08:51:41.017Z	info	staff-logger	scenario/viewer.go:32	basic viewer scenario
2026-09-22T08:51:41.017Z	info	staff-logger	scenario/viewer.go:56	visit top
2026-09-22T08:51:41.017Z	info	staff-logger	scenario/viewer.go:64	get livestream
2026-09-22T08:51:41.017Z	info	staff-logger	scenario/viewer.go:83	visit livestream
2026-09-22T08:51:41.169Z	info	staff-logger	scenario/viewer.go:32	basic viewer scenario
2026-09-22T08:51:41.169Z	info	staff-logger	scenario/viewer.go:56	visit top
2026-09-22T08:51:41.169Z	info	staff-logger	scenario/viewer.go:64	get livestream
2026-09-22T08:51:41.169Z	info	staff-logger	scenario/viewer.go:83	visit livestream
2026-09-22T08:51:41.228Z	info	staff-logger	scenario/viewer.go:32	basic viewer scenario
2026-09-22T08:51:41.228Z	info	staff-logger	scenario/viewer.go:56	visit top
2026-09-22T08:51:41.228Z	info	staff-logger	scenario/viewer.go:64	get livestream
2026-09-22T08:51:41.228Z	info	staff-logger	scenario/viewer.go:83	visit livestream
2026-09-22T08:51:41.462Z	info	staff-logger	scenario/viewer.go:32	basic viewer scenario
2026-09-22T08:51:41.462Z	info	staff-logger	scenario/viewer.go:56	visit top
2026-09-22T08:51:41.625Z	info	staff-logger	scenario/viewer.go:32	basic viewer scenario
2026-09-22T08:51:41.625Z	info	staff-logger	scenario/viewer.go:56	visit top
2026-09-22T08:51:41.625Z	info	staff-logger	scenario/viewer.go:64	get livestream
2026-09-22T08:51:41.625Z	info	staff-logger	scenario/viewer.go:83	visit livestream
2026-09-22T08:51:41.820Z	info	staff-logger	scenario/viewer.go:32	basic viewer scenario
2026-09-22T08:51:41.820Z	info	staff-logger	scenario/viewer.go:56	visit top
2026-09-22T08:51:41.820Z	info	staff-logger	scenario/viewer.go:64	get livestream
2026-09-22T08:51:41.820Z	info	staff-logger	scenario/viewer.go:83	visit livestream
2026-09-22T08:51:41.934Z	info	staff-logger	scenario/viewer.go:32	basic viewer scenario
2026-09-22T08:51:41.934Z	info	staff-logger	scenario/viewer.go:56	visit top
2026-09-22T08:51:41.934Z	info	staff-logger	scenario/viewer.go:64	get livestream
2026-09-22T08:51:41.934Z	info	staff-logger	scenario/viewer.go:83	visit livestream
2026-09-22T08:51:41.935Z	info	staff-logger	scenario/viewer.go:32	basic viewer scenario
2026-09-22T08:51:41.935Z	info	staff-logger	scenario/viewer.go:56	visit top
2026-09-22T08:51:41.935Z	info	staff-logger	scenario/viewer.go:64	get livestream
2026-09-22T08:51:41.935Z	info	staff-logger	scenario/viewer.go:83	visit livestream
2026-09-22T08:51:42.000Z	info	staff-logger	scenario/viewer.go:32	basic viewer scenario
2026-09-22T08:51:42.000Z	info	staff-logger	scenario/viewer.go:56	visit top
2026-09-22T08:51:42.000Z	info	staff-logger	scenario/viewer.go:64	get livestream
2026-09-22T08:51:42.000Z	info	staff-logger	scenario/viewer.go:83	visit livestream
2026-09-22T08:51:42.068Z	info	staff-logger	scenario/viewer.go:32	basic viewer scenario
2026-09-22T08:51:42.068Z	info	staff-logger	scenario/viewer.go:56	visit top
2026-09-22T08:51:42.068Z	info	staff-logger	scenario/viewer.go:64	get livestream
2026-09-22T08:51:42.068Z	info	staff-logger	scenario/viewer.go:83	visit livestream
2026-09-22T08:51:42.071Z	info	staff-logger	scenario/viewer.go:90	get livestream stats
2026-09-22T08:51:42.145Z	info	staff-logger	scenario/viewer.go:32	basic viewer scenario
2026-09-22T08:51:42.145Z	info	staff-logger	scenario/viewer.go:56	visit top
2026-09-22T08:51:42.145Z	info	staff-logger	scenario/viewer.go:64	get livestream
2026-09-22T08:51:42.145Z	info	staff-logger	scenario/viewer.go:83	visit livestream
2026-09-22T08:51:42.164Z	info	staff-logger	scenario/viewer.go:32	basic viewer scenario
2026-09-22T08:51:42.164Z	info	staff-logger	scenario/viewer.go:56	visit top
2026-09-22T08:51:42.164Z	info	staff-logger	scenario/viewer.go:64	get livestream
2026-09-22T08:51:42.164Z	info	staff-logger	scenario/viewer.go:83	visit livestream
2026-09-22T08:51:42.182Z	info	staff-logger	scenario/viewer.go:64	get livestream
2026-09-22T08:51:42.182Z	info	staff-logger	scenario/viewer.go:76	visit user profile
2026-09-22T08:51:42.319Z	info	staff-logger	scenario/viewer.go:32	basic viewer scenario
2026-09-22T08:51:42.319Z	info	staff-logger	scenario/viewer.go:46	change icon
2026-09-22T08:51:42.415Z	info	staff-logger	scenario/viewer.go:32	basic viewer scenario
2026-09-22T08:51:42.415Z	info	staff-logger	scenario/viewer.go:56	visit top
2026-09-22T08:51:42.415Z	info	staff-logger	scenario/viewer.go:64	get livestream
2026-09-22T08:51:42.415Z	info	staff-logger	scenario/viewer.go:83	visit livestream
2026-09-22T08:51:42.451Z	info	staff-logger	scenario/viewer.go:56	visit top
2026-09-22T08:51:42.622Z	info	staff-logger	scenario/viewer.go:32	basic viewer scenario
2026-09-22T08:51:42.622Z	info	staff-logger	scenario/viewer.go:56	visit top
2026-09-22T08:51:42.622Z	info	staff-logger	scenario/viewer.go:64	get livestream
2026-09-22T08:51:42.622Z	info	staff-logger	scenario/viewer.go:83	visit livestream
2026-09-22T08:51:42.638Z	info	staff-logger	scenario/viewer.go:32	basic viewer scenario
2026-09-22T08:51:42.638Z	info	staff-logger	scenario/viewer.go:56	visit top
2026-09-22T08:51:42.638Z	info	staff-logger	scenario/viewer.go:64	get livestream
2026-09-22T08:51:42.638Z	info	staff-logger	scenario/viewer.go:83	visit livestream
2026-09-22T08:51:42.682Z	info	staff-logger	scenario/viewer.go:32	basic viewer scenario
2026-09-22T08:51:42.682Z	info	staff-logger	scenario/viewer.go:56	visit top
2026-09-22T08:51:42.724Z	info	staff-logger	scenario/viewer.go:83	visit livestream
2026-09-22T08:51:42.746Z	info	staff-logger	scenario/viewer.go:32	basic viewer scenario
2026-09-22T08:51:42.746Z	info	staff-logger	scenario/viewer.go:56	visit top
2026-09-22T08:51:42.746Z	info	staff-logger	scenario/viewer.go:64	get livestream
2026-09-22T08:51:42.746Z	info	staff-logger	scenario/viewer.go:83	visit livestream
2026-09-22T08:51:42.949Z	info	staff-logger	scenario/viewer.go:32	basic viewer scenario
2026-09-22T08:51:42.949Z	info	staff-logger	scenario/viewer.go:56	visit top
2026-09-22T08:51:43.008Z	info	staff-logger	scenario/viewer.go:64	get livestream
2026-09-22T08:51:43.008Z	info	staff-logger	scenario/viewer.go:76	visit user profile
2026-09-22T08:51:43.021Z	info	staff-logger	scenario/viewer.go:32	basic viewer scenario
2026-09-22T08:51:43.021Z	info	staff-logger	scenario/viewer.go:56	visit top
2026-09-22T08:51:43.021Z	info	staff-logger	scenario/viewer.go:64	get livestream
2026-09-22T08:51:43.021Z	info	staff-logger	scenario/viewer.go:83	visit livestream
2026-09-22T08:51:43.058Z	info	staff-logger	scenario/viewer.go:32	basic viewer scenario
2026-09-22T08:51:43.058Z	info	staff-logger	scenario/viewer.go:56	visit top
2026-09-22T08:51:43.058Z	info	staff-logger	scenario/viewer.go:64	get livestream
2026-09-22T08:51:43.058Z	info	staff-logger	scenario/viewer.go:83	visit livestream
2026-09-22T08:51:43.093Z	info	staff-logger	scenario/viewer.go:32	basic viewer scenario
2026-09-22T08:51:43.093Z	info	staff-logger	scenario/viewer.go:56	visit top
2026-09-22T08:51:43.093Z	info	staff-logger	scenario/viewer.go:64	get livestream
2026-09-22T08:51:43.093Z	info	staff-logger	scenario/viewer.go:83	visit livestream
2026-09-22T08:51:43.105Z	info	staff-logger	scenario/viewer.go:32	basic viewer scenario
2026-09-22T08:51:43.105Z	info	staff-logger	scenario/viewer.go:56	visit top
2026-09-22T08:51:43.105Z	info	staff-logger	scenario/viewer.go:64	get livestream
2026-09-22T08:51:43.105Z	info	staff-logger	scenario/viewer.go:83	visit livestream
2026-09-22T08:51:43.120Z	info	staff-logger	scenario/viewer.go:32	basic viewer scenario
2026-09-22T08:51:43.120Z	info	staff-logger	scenario/viewer.go:56	visit top
2026-09-22T08:51:43.121Z	info	staff-logger	scenario/viewer.go:64	get livestream
2026-09-22T08:51:43.121Z	info	staff-logger	scenario/viewer.go:83	visit livestream
2026-09-22T08:51:43.236Z	info	staff-logger	scenario/viewer.go:64	get livestream
2026-09-22T08:51:43.236Z	info	staff-logger	scenario/viewer.go:76	visit user profile
2026-09-22T08:51:43.412Z	info	staff-logger	scenario/viewer.go:32	basic viewer scenario
2026-09-22T08:51:43.412Z	info	staff-logger	scenario/viewer.go:56	visit top
2026-09-22T08:51:43.412Z	info	staff-logger	scenario/viewer.go:64	get livestream
2026-09-22T08:51:43.412Z	info	staff-logger	scenario/viewer.go:83	visit livestream
2026-09-22T08:51:43.418Z	info	staff-logger	scenario/viewer.go:83	visit livestream
2026-09-22T08:51:43.447Z	info	staff-logger	scenario/viewer.go:32	basic viewer scenario
2026-09-22T08:51:43.447Z	info	staff-logger	scenario/viewer.go:56	visit top
2026-09-22T08:51:43.447Z	info	staff-logger	scenario/viewer.go:64	get livestream
2026-09-22T08:51:43.447Z	info	staff-logger	scenario/viewer.go:83	visit livestream
2026-09-22T08:51:43.469Z	info	staff-logger	scenario/viewer.go:64	get livestream
2026-09-22T08:51:43.469Z	info	staff-logger	scenario/viewer.go:76	visit user profile
2026-09-22T08:51:43.875Z	info	staff-logger	scenario/viewer.go:83	visit livestream
2026-09-22T08:51:43.882Z	info	staff-logger	scenario/viewer.go:83	visit livestream
2026-09-22T08:51:44.166Z	info	staff-logger	scenario/viewer.go:32	basic viewer scenario
2026-09-22T08:51:44.166Z	info	staff-logger	scenario/viewer.go:56	visit top
2026-09-22T08:51:44.166Z	info	staff-logger	scenario/viewer.go:64	get livestream
2026-09-22T08:51:44.166Z	info	staff-logger	scenario/viewer.go:83	visit livestream
2026-09-22T08:51:44.186Z	info	staff-logger	scenario/viewer.go:32	basic viewer scenario
2026-09-22T08:51:44.186Z	info	staff-logger	scenario/viewer.go:56	visit top
2026-09-22T08:51:44.198Z	info	staff-logger	scenario/viewer.go:32	basic viewer scenario
2026-09-22T08:51:44.198Z	info	staff-logger	scenario/viewer.go:56	visit top
2026-09-22T08:51:44.198Z	info	staff-logger	scenario/viewer.go:64	get livestream
2026-09-22T08:51:44.198Z	info	staff-logger	scenario/viewer.go:83	visit livestream
2026-09-22T08:51:44.262Z	info	staff-logger	scenario/viewer.go:32	basic viewer scenario
2026-09-22T08:51:44.262Z	info	staff-logger	scenario/viewer.go:56	visit top
2026-09-22T08:51:44.262Z	info	staff-logger	scenario/viewer.go:64	get livestream
2026-09-22T08:51:44.262Z	info	staff-logger	scenario/viewer.go:83	visit livestream
2026-09-22T08:51:44.264Z	info	staff-logger	scenario/viewer.go:32	basic viewer scenario
2026-09-22T08:51:44.264Z	info	staff-logger	scenario/viewer.go:56	visit top
2026-09-22T08:51:44.307Z	info	staff-logger	scenario/viewer.go:32	basic viewer scenario
2026-09-22T08:51:44.307Z	info	staff-logger	scenario/viewer.go:56	visit top
2026-09-22T08:51:44.307Z	info	staff-logger	scenario/viewer.go:64	get livestream
2026-09-22T08:51:44.307Z	info	staff-logger	scenario/viewer.go:83	visit livestream
2026-09-22T08:51:44.426Z	info	staff-logger	scenario/viewer.go:32	basic viewer scenario
2026-09-22T08:51:44.426Z	info	staff-logger	scenario/viewer.go:56	visit top
2026-09-22T08:51:44.426Z	info	staff-logger	scenario/viewer.go:64	get livestream
2026-09-22T08:51:44.426Z	info	staff-logger	scenario/viewer.go:83	visit livestream
2026-09-22T08:51:44.476Z	info	staff-logger	scenario/viewer.go:32	basic viewer scenario
2026-09-22T08:51:44.476Z	info	staff-logger	scenario/viewer.go:56	visit top
2026-09-22T08:51:44.477Z	info	staff-logger	scenario/viewer.go:64	get livestream
2026-09-22T08:51:44.477Z	info	staff-logger	scenario/viewer.go:83	visit livestream
2026-09-22T08:51:44.508Z	info	staff-logger	scenario/viewer.go:32	basic viewer scenario
2026-09-22T08:51:44.508Z	info	staff-logger	scenario/viewer.go:56	visit top
2026-09-22T08:51:44.508Z	info	staff-logger	scenario/viewer.go:64	get livestream
2026-09-22T08:51:44.508Z	info	staff-logger	scenario/viewer.go:83	visit livestream
2026-09-22T08:51:44.524Z	info	staff-logger	scenario/viewer.go:32	basic viewer scenario
2026-09-22T08:51:44.524Z	info	staff-logger	scenario/viewer.go:56	visit top
2026-09-22T08:51:44.524Z	info	staff-logger	scenario/viewer.go:64	get livestream
2026-09-22T08:51:44.524Z	info	staff-logger	scenario/viewer.go:83	visit livestream
2026-09-22T08:51:44.524Z	info	staff-logger	scenario/viewer.go:32	basic viewer scenario
2026-09-22T08:51:44.524Z	info	staff-logger	scenario/viewer.go:56	visit top
2026-09-22T08:51:44.524Z	info	staff-logger	scenario/viewer.go:64	get livestream
2026-09-22T08:51:44.524Z	info	staff-logger	scenario/viewer.go:83	visit livestream
2026-09-22T08:51:44.577Z	info	staff-logger	scenario/viewer.go:32	basic viewer scenario
2026-09-22T08:51:44.577Z	info	staff-logger	scenario/viewer.go:56	visit top
2026-09-22T08:51:44.577Z	info	staff-logger	scenario/viewer.go:64	get livestream
2026-09-22T08:51:44.577Z	info	staff-logger	scenario/viewer.go:83	visit livestream
2026-09-22T08:51:44.596Z	info	staff-logger	scenario/viewer.go:90	get livestream stats
2026-09-22T08:51:44.655Z	info	staff-logger	scenario/viewer.go:32	basic viewer scenario
2026-09-22T08:51:44.655Z	info	staff-logger	scenario/viewer.go:56	visit top
2026-09-22T08:51:44.655Z	info	staff-logger	scenario/viewer.go:64	get livestream
2026-09-22T08:51:44.655Z	info	staff-logger	scenario/viewer.go:83	visit livestream
2026-09-22T08:51:44.771Z	info	staff-logger	scenario/viewer.go:90	get livestream stats
2026-09-22T08:51:44.776Z	info	staff-logger	scenario/viewer.go:64	get livestream
2026-09-22T08:51:44.776Z	info	staff-logger	scenario/viewer.go:76	visit user profile
2026-09-22T08:51:44.888Z	info	staff-logger	scenario/viewer.go:64	get livestream
2026-09-22T08:51:44.888Z	info	staff-logger	scenario/viewer.go:76	visit user profile
2026-09-22T08:51:44.950Z	info	staff-logger	scenario/viewer.go:32	basic viewer scenario
2026-09-22T08:51:44.950Z	info	staff-logger	scenario/viewer.go:56	visit top
2026-09-22T08:51:44.950Z	info	staff-logger	scenario/viewer.go:64	get livestream
2026-09-22T08:51:44.950Z	info	staff-logger	scenario/viewer.go:83	visit livestream
2026-09-22T08:51:45.113Z	info	staff-logger	scenario/viewer.go:32	basic viewer scenario
2026-09-22T08:51:45.114Z	info	staff-logger	scenario/viewer.go:56	visit top
2026-09-22T08:51:45.114Z	info	staff-logger	scenario/viewer.go:64	get livestream
2026-09-22T08:51:45.114Z	info	staff-logger	scenario/viewer.go:83	visit livestream
2026-09-22T08:51:45.206Z	info	staff-logger	scenario/viewer.go:32	basic viewer scenario
2026-09-22T08:51:45.206Z	info	staff-logger	scenario/viewer.go:56	visit top
2026-09-22T08:51:45.206Z	info	staff-logger	scenario/viewer.go:64	get livestream
2026-09-22T08:51:45.206Z	info	staff-logger	scenario/viewer.go:83	visit livestream
2026-09-22T08:51:45.344Z	info	staff-logger	scenario/viewer.go:32	basic viewer scenario
2026-09-22T08:51:45.344Z	info	staff-logger	scenario/viewer.go:56	visit top
2026-09-22T08:51:45.345Z	info	staff-logger	scenario/viewer.go:64	get livestream
2026-09-22T08:51:45.345Z	info	staff-logger	scenario/viewer.go:83	visit livestream
2026-09-22T08:51:45.382Z	info	staff-logger	scenario/viewer.go:83	visit livestream
2026-09-22T08:51:45.413Z	info	staff-logger	scenario/viewer.go:32	basic viewer scenario
2026-09-22T08:51:45.413Z	info	staff-logger	scenario/viewer.go:56	visit top
2026-09-22T08:51:45.413Z	info	staff-logger	scenario/viewer.go:64	get livestream
2026-09-22T08:51:45.413Z	info	staff-logger	scenario/viewer.go:83	visit livestream
2026-09-22T08:51:45.448Z	info	staff-logger	scenario/viewer.go:32	basic viewer scenario
2026-09-22T08:51:45.448Z	info	staff-logger	scenario/viewer.go:56	visit top
2026-09-22T08:51:45.449Z	info	staff-logger	scenario/viewer.go:64	get livestream
2026-09-22T08:51:45.449Z	info	staff-logger	scenario/viewer.go:83	visit livestream
2026-09-22T08:51:45.590Z	info	staff-logger	scenario/viewer.go:32	basic viewer scenario
2026-09-22T08:51:45.590Z	info	staff-logger	scenario/viewer.go:56	visit top
2026-09-22T08:51:45.590Z	info	staff-logger	scenario/viewer.go:64	get livestream
2026-09-22T08:51:45.590Z	info	staff-logger	scenario/viewer.go:83	visit livestream
2026-09-22T08:51:45.634Z	info	staff-logger	scenario/viewer.go:83	visit livestream
2026-09-22T08:51:45.639Z	info	staff-logger	scenario/streamer.go:48	change icon
2026-09-22T08:51:45.751Z	info	staff-logger	scenario/viewer.go:32	basic viewer scenario
2026-09-22T08:51:45.751Z	info	staff-logger	scenario/viewer.go:56	visit top
2026-09-22T08:51:45.835Z	info	staff-logger	scenario/viewer.go:32	basic viewer scenario
2026-09-22T08:51:45.836Z	info	staff-logger	scenario/viewer.go:56	visit top
2026-09-22T08:51:45.836Z	info	staff-logger	scenario/viewer.go:64	get livestream
2026-09-22T08:51:45.836Z	info	staff-logger	scenario/viewer.go:83	visit livestream
2026-09-22T08:51:46.202Z	info	staff-logger	scenario/viewer.go:32	basic viewer scenario
2026-09-22T08:51:46.202Z	info	staff-logger	scenario/viewer.go:56	visit top
2026-09-22T08:51:46.202Z	info	staff-logger	scenario/viewer.go:64	get livestream
2026-09-22T08:51:46.202Z	info	staff-logger	scenario/viewer.go:83	visit livestream
2026-09-22T08:51:46.445Z	info	staff-logger	scenario/viewer.go:64	get livestream
2026-09-22T08:51:46.445Z	info	staff-logger	scenario/viewer.go:76	visit user profile
2026-09-22T08:51:46.451Z	info	staff-logger	scenario/viewer.go:32	basic viewer scenario
2026-09-22T08:51:46.451Z	info	staff-logger	scenario/viewer.go:56	visit top
2026-09-22T08:51:46.451Z	info	staff-logger	scenario/viewer.go:64	get livestream
2026-09-22T08:51:46.451Z	info	staff-logger	scenario/viewer.go:83	visit livestream
2026-09-22T08:51:46.459Z	info	staff-logger	scenario/viewer.go:32	basic viewer scenario
2026-09-22T08:51:46.459Z	info	staff-logger	scenario/viewer.go:56	visit top
2026-09-22T08:51:46.459Z	info	staff-logger	scenario/viewer.go:64	get livestream
2026-09-22T08:51:46.459Z	info	staff-logger	scenario/viewer.go:83	visit livestream
2026-09-22T08:51:46.649Z	info	staff-logger	scenario/viewer.go:32	basic viewer scenario
2026-09-22T08:51:46.649Z	info	staff-logger	scenario/viewer.go:56	visit top
2026-09-22T08:51:46.649Z	info	staff-logger	scenario/viewer.go:64	get livestream
2026-09-22T08:51:46.649Z	info	staff-logger	scenario/viewer.go:83	visit livestream
2026-09-22T08:51:46.694Z	info	staff-logger	scenario/viewer.go:32	basic viewer scenario
2026-09-22T08:51:46.694Z	info	staff-logger	scenario/viewer.go:56	visit top
2026-09-22T08:51:46.694Z	info	staff-logger	scenario/viewer.go:64	get livestream
2026-09-22T08:51:46.694Z	info	staff-logger	scenario/viewer.go:83	visit livestream
2026-09-22T08:51:46.706Z	info	staff-logger	scenario/viewer.go:32	basic viewer scenario
2026-09-22T08:51:46.706Z	info	staff-logger	scenario/viewer.go:56	visit top
2026-09-22T08:51:46.706Z	info	staff-logger	scenario/viewer.go:64	get livestream
2026-09-22T08:51:46.706Z	info	staff-logger	scenario/viewer.go:83	visit livestream
2026-09-22T08:51:46.791Z	info	staff-logger	scenario/viewer.go:32	basic viewer scenario
2026-09-22T08:51:46.791Z	info	staff-logger	scenario/viewer.go:56	visit top
2026-09-22T08:51:46.791Z	info	staff-logger	scenario/viewer.go:64	get livestream
2026-09-22T08:51:46.791Z	info	staff-logger	scenario/viewer.go:83	visit livestream
2026-09-22T08:51:46.920Z	info	staff-logger	scenario/viewer.go:32	basic viewer scenario
2026-09-22T08:51:46.920Z	info	staff-logger	scenario/viewer.go:56	visit top
2026-09-22T08:51:46.920Z	info	staff-logger	scenario/viewer.go:64	get livestream
2026-09-22T08:51:46.920Z	info	staff-logger	scenario/viewer.go:83	visit livestream
2026-09-22T08:51:46.955Z	info	staff-logger	scenario/viewer.go:32	basic viewer scenario
2026-09-22T08:51:46.955Z	info	staff-logger	scenario/viewer.go:56	visit top
2026-09-22T08:51:46.955Z	info	staff-logger	scenario/viewer.go:64	get livestream
2026-09-22T08:51:46.955Z	info	staff-logger	scenario/viewer.go:83	visit livestream
2026-09-22T08:51:46.978Z	info	staff-logger	scenario/viewer.go:83	visit livestream
2026-09-22T08:51:47.029Z	info	staff-logger	scenario/viewer.go:32	basic viewer scenario
2026-09-22T08:51:47.029Z	info	staff-logger	scenario/viewer.go:56	visit top
2026-09-22T08:51:47.156Z	info	staff-logger	scenario/viewer.go:32	basic viewer scenario
2026-09-22T08:51:47.156Z	info	staff-logger	scenario/viewer.go:56	visit top
2026-09-22T08:51:47.156Z	info	staff-logger	scenario/viewer.go:64	get livestream
2026-09-22T08:51:47.156Z	info	staff-logger	scenario/viewer.go:83	visit livestream
2026-09-22T08:51:47.252Z	info	staff-logger	scenario/viewer.go:32	basic viewer scenario
2026-09-22T08:51:47.252Z	info	staff-logger	scenario/viewer.go:56	visit top
2026-09-22T08:51:47.252Z	info	staff-logger	scenario/viewer.go:64	get livestream
2026-09-22T08:51:47.252Z	info	staff-logger	scenario/viewer.go:83	visit livestream
2026-09-22T08:51:47.315Z	info	staff-logger	scenario/viewer.go:90	get livestream stats
2026-09-22T08:51:47.384Z	info	staff-logger	scenario/viewer.go:32	basic viewer scenario
2026-09-22T08:51:47.384Z	info	staff-logger	scenario/viewer.go:56	visit top
2026-09-22T08:51:47.384Z	info	staff-logger	scenario/viewer.go:64	get livestream
2026-09-22T08:51:47.384Z	info	staff-logger	scenario/viewer.go:83	visit livestream
2026-09-22T08:51:47.624Z	info	staff-logger	scenario/viewer.go:32	basic viewer scenario
2026-09-22T08:51:47.625Z	info	staff-logger	scenario/viewer.go:56	visit top
2026-09-22T08:51:47.625Z	info	staff-logger	scenario/viewer.go:64	get livestream
2026-09-22T08:51:47.625Z	info	staff-logger	scenario/viewer.go:83	visit livestream
2026-09-22T08:51:47.640Z	info	staff-logger	scenario/viewer.go:64	get livestream
2026-09-22T08:51:47.640Z	info	staff-logger	scenario/viewer.go:76	visit user profile
2026-09-22T08:51:47.791Z	info	staff-logger	scenario/viewer.go:32	basic viewer scenario
2026-09-22T08:51:47.791Z	info	staff-logger	scenario/viewer.go:56	visit top
2026-09-22T08:51:47.791Z	info	staff-logger	scenario/viewer.go:64	get livestream
2026-09-22T08:51:47.791Z	info	staff-logger	scenario/viewer.go:83	visit livestream
2026-09-22T08:51:47.793Z	info	staff-logger	scenario/viewer.go:32	basic viewer scenario
2026-09-22T08:51:47.793Z	info	staff-logger	scenario/viewer.go:56	visit top
2026-09-22T08:51:47.793Z	info	staff-logger	scenario/viewer.go:64	get livestream
2026-09-22T08:51:47.793Z	info	staff-logger	scenario/viewer.go:83	visit livestream
2026-09-22T08:51:47.909Z	info	staff-logger	scenario/viewer.go:32	basic viewer scenario
2026-09-22T08:51:47.909Z	info	staff-logger	scenario/viewer.go:56	visit top
2026-09-22T08:51:47.909Z	info	staff-logger	scenario/viewer.go:64	get livestream
2026-09-22T08:51:47.909Z	info	staff-logger	scenario/viewer.go:83	visit livestream
2026-09-22T08:51:47.936Z	info	staff-logger	scenario/viewer.go:32	basic viewer scenario
2026-09-22T08:51:47.937Z	info	staff-logger	scenario/viewer.go:56	visit top
2026-09-22T08:51:47.937Z	info	staff-logger	scenario/viewer.go:64	get livestream
2026-09-22T08:51:47.937Z	info	staff-logger	scenario/viewer.go:83	visit livestream
2026-09-22T08:51:48.072Z	info	staff-logger	scenario/viewer.go:90	get livestream stats
2026-09-22T08:51:48.077Z	info	staff-logger	scenario/viewer.go:32	basic viewer scenario
2026-09-22T08:51:48.077Z	info	staff-logger	scenario/viewer.go:56	visit top
2026-09-22T08:51:48.077Z	info	staff-logger	scenario/viewer.go:64	get livestream
2026-09-22T08:51:48.077Z	info	staff-logger	scenario/viewer.go:83	visit livestream
2026-09-22T08:51:48.109Z	info	staff-logger	scenario/viewer.go:83	visit livestream
2026-09-22T08:51:48.504Z	info	staff-logger	scenario/viewer.go:32	basic viewer scenario
2026-09-22T08:51:48.504Z	info	staff-logger	scenario/viewer.go:56	visit top
2026-09-22T08:51:48.505Z	info	staff-logger	scenario/viewer.go:64	get livestream
2026-09-22T08:51:48.505Z	info	staff-logger	scenario/viewer.go:83	visit livestream
2026-09-22T08:51:48.505Z	info	staff-logger	scenario/viewer.go:32	basic viewer scenario
2026-09-22T08:51:48.506Z	info	staff-logger	scenario/viewer.go:56	visit top
2026-09-22T08:51:48.506Z	info	staff-logger	scenario/viewer.go:64	get livestream
2026-09-22T08:51:48.506Z	info	staff-logger	scenario/viewer.go:83	visit livestream
2026-09-22T08:51:48.613Z	info	staff-logger	scenario/viewer.go:32	basic viewer scenario
2026-09-22T08:51:48.613Z	info	staff-logger	scenario/viewer.go:56	visit top
2026-09-22T08:51:48.660Z	info	staff-logger	scenario/viewer.go:32	basic viewer scenario
2026-09-22T08:51:48.660Z	info	staff-logger	scenario/viewer.go:56	visit top
2026-09-22T08:51:48.660Z	info	staff-logger	scenario/viewer.go:64	get livestream
2026-09-22T08:51:48.660Z	info	staff-logger	scenario/viewer.go:83	visit livestream
2026-09-22T08:51:48.674Z	info	staff-logger	scenario/viewer.go:32	basic viewer scenario
2026-09-22T08:51:48.674Z	info	staff-logger	scenario/viewer.go:56	visit top
2026-09-22T08:51:48.674Z	info	staff-logger	scenario/viewer.go:64	get livestream
2026-09-22T08:51:48.674Z	info	staff-logger	scenario/viewer.go:83	visit livestream
2026-09-22T08:51:48.800Z	info	staff-logger	scenario/viewer.go:32	basic viewer scenario
2026-09-22T08:51:48.800Z	info	staff-logger	scenario/viewer.go:56	visit top
2026-09-22T08:51:48.977Z	info	staff-logger	scenario/viewer.go:32	basic viewer scenario
2026-09-22T08:51:48.977Z	info	staff-logger	scenario/viewer.go:56	visit top
2026-09-22T08:51:48.977Z	info	staff-logger	scenario/viewer.go:64	get livestream
2026-09-22T08:51:48.977Z	info	staff-logger	scenario/viewer.go:83	visit livestream
2026-09-22T08:51:48.988Z	info	staff-logger	scenario/viewer.go:32	basic viewer scenario
2026-09-22T08:51:48.988Z	info	staff-logger	scenario/viewer.go:56	visit top
2026-09-22T08:51:48.988Z	info	staff-logger	scenario/viewer.go:64	get livestream
2026-09-22T08:51:48.988Z	info	staff-logger	scenario/viewer.go:83	visit livestream
2026-09-22T08:51:49.067Z	info	staff-logger	scenario/viewer.go:32	basic viewer scenario
2026-09-22T08:51:49.067Z	info	staff-logger	scenario/viewer.go:56	visit top
2026-09-22T08:51:49.067Z	info	staff-logger	scenario/viewer.go:64	get livestream
2026-09-22T08:51:49.067Z	info	staff-logger	scenario/viewer.go:83	visit livestream
2026-09-22T08:51:49.075Z	info	staff-logger	scenario/viewer.go:32	basic viewer scenario
2026-09-22T08:51:49.075Z	info	staff-logger	scenario/viewer.go:56	visit top
2026-09-22T08:51:49.075Z	info	staff-logger	scenario/viewer.go:64	get livestream
2026-09-22T08:51:49.075Z	info	staff-logger	scenario/viewer.go:83	visit livestream
2026-09-22T08:51:49.168Z	info	staff-logger	scenario/viewer.go:90	get livestream stats
2026-09-22T08:51:49.176Z	info	staff-logger	scenario/viewer.go:32	basic viewer scenario
2026-09-22T08:51:49.176Z	info	staff-logger	scenario/viewer.go:56	visit top
2026-09-22T08:51:49.176Z	info	staff-logger	scenario/viewer.go:64	get livestream
2026-09-22T08:51:49.176Z	info	staff-logger	scenario/viewer.go:83	visit livestream
2026-09-22T08:51:49.187Z	info	staff-logger	scenario/viewer.go:32	basic viewer scenario
2026-09-22T08:51:49.187Z	info	staff-logger	scenario/viewer.go:56	visit top
2026-09-22T08:51:49.187Z	info	staff-logger	scenario/viewer.go:64	get livestream
2026-09-22T08:51:49.187Z	info	staff-logger	scenario/viewer.go:83	visit livestream
2026-09-22T08:51:49.203Z	info	staff-logger	scenario/viewer.go:32	basic viewer scenario
2026-09-22T08:51:49.203Z	info	staff-logger	scenario/viewer.go:56	visit top
2026-09-22T08:51:49.203Z	info	staff-logger	scenario/viewer.go:64	get livestream
2026-09-22T08:51:49.203Z	info	staff-logger	scenario/viewer.go:83	visit livestream
2026-09-22T08:51:49.243Z	info	staff-logger	scenario/viewer.go:64	get livestream
2026-09-22T08:51:49.243Z	info	staff-logger	scenario/viewer.go:76	visit user profile
2026-09-22T08:51:49.320Z	info	staff-logger	scenario/viewer.go:90	get livestream stats
2026-09-22T08:51:49.370Z	info	staff-logger	scenario/viewer.go:64	get livestream
2026-09-22T08:51:49.370Z	info	staff-logger	scenario/viewer.go:76	visit user profile
2026-09-22T08:51:49.406Z	info	staff-logger	scenario/viewer.go:32	basic viewer scenario
2026-09-22T08:51:49.406Z	info	staff-logger	scenario/viewer.go:56	visit top
2026-09-22T08:51:49.406Z	info	staff-logger	scenario/viewer.go:64	get livestream
2026-09-22T08:51:49.406Z	info	staff-logger	scenario/viewer.go:83	visit livestream
2026-09-22T08:51:49.413Z	info	staff-logger	scenario/viewer.go:32	basic viewer scenario
2026-09-22T08:51:49.413Z	info	staff-logger	scenario/viewer.go:56	visit top
2026-09-22T08:51:49.413Z	info	staff-logger	scenario/viewer.go:64	get livestream
2026-09-22T08:51:49.413Z	info	staff-logger	scenario/viewer.go:83	visit livestream
2026-09-22T08:51:49.552Z	info	staff-logger	scenario/viewer.go:32	basic viewer scenario
2026-09-22T08:51:49.552Z	info	staff-logger	scenario/viewer.go:56	visit top
2026-09-22T08:51:49.552Z	info	staff-logger	scenario/viewer.go:64	get livestream
2026-09-22T08:51:49.552Z	info	staff-logger	scenario/viewer.go:83	visit livestream
2026-09-22T08:51:49.552Z	info	staff-logger	scenario/viewer.go:32	basic viewer scenario
2026-09-22T08:51:49.552Z	info	staff-logger	scenario/viewer.go:56	visit top
2026-09-22T08:51:49.597Z	info	staff-logger	scenario/viewer.go:32	basic viewer scenario
2026-09-22T08:51:49.597Z	info	staff-logger	scenario/viewer.go:56	visit top
2026-09-22T08:51:49.597Z	info	staff-logger	scenario/viewer.go:64	get livestream
2026-09-22T08:51:49.597Z	info	staff-logger	scenario/viewer.go:83	visit livestream
2026-09-22T08:51:49.886Z	info	staff-logger	scenario/viewer.go:83	visit livestream
2026-09-22T08:51:49.911Z	info	staff-logger	scenario/viewer.go:32	basic viewer scenario
2026-09-22T08:51:49.911Z	info	staff-logger	scenario/viewer.go:56	visit top
2026-09-22T08:51:49.911Z	info	staff-logger	scenario/viewer.go:64	get livestream
2026-09-22T08:51:49.911Z	info	staff-logger	scenario/viewer.go:83	visit livestream
2026-09-22T08:51:50.140Z	info	staff-logger	scenario/viewer.go:64	get livestream
2026-09-22T08:51:50.140Z	info	staff-logger	scenario/viewer.go:76	visit user profile
2026-09-22T08:51:50.240Z	info	staff-logger	scenario/streamer.go:48	change icon
2026-09-22T08:51:50.240Z	info	staff-logger	scenario/viewer.go:32	basic viewer scenario
2026-09-22T08:51:50.240Z	info	staff-logger	scenario/viewer.go:56	visit top
2026-09-22T08:51:50.240Z	info	staff-logger	scenario/viewer.go:64	get livestream
2026-09-22T08:51:50.240Z	info	staff-logger	scenario/viewer.go:83	visit livestream
2026-09-22T08:51:50.354Z	info	staff-logger	scenario/viewer.go:83	visit livestream
2026-09-22T08:51:50.370Z	info	staff-logger	scenario/viewer.go:32	basic viewer scenario
2026-09-22T08:51:50.370Z	info	staff-logger	scenario/viewer.go:56	visit top
2026-09-22T08:51:50.370Z	info	staff-logger	scenario/viewer.go:64	get livestream
2026-09-22T08:51:50.370Z	info	staff-logger	scenario/viewer.go:83	visit livestream
2026-09-22T08:51:50.383Z	info	staff-logger	scenario/viewer.go:32	basic viewer scenario
2026-09-22T08:51:50.383Z	info	staff-logger	scenario/viewer.go:56	visit top
2026-09-22T08:51:50.578Z	info	staff-logger	scenario/viewer.go:32	basic viewer scenario
2026-09-22T08:51:50.578Z	info	staff-logger	scenario/viewer.go:56	visit top
2026-09-22T08:51:50.578Z	info	staff-logger	scenario/viewer.go:64	get livestream
2026-09-22T08:51:50.578Z	info	staff-logger	scenario/viewer.go:83	visit livestream
2026-09-22T08:51:50.646Z	info	staff-logger	scenario/viewer.go:32	basic viewer scenario
2026-09-22T08:51:50.646Z	info	staff-logger	scenario/viewer.go:56	visit top
2026-09-22T08:51:50.646Z	info	staff-logger	scenario/viewer.go:64	get livestream
2026-09-22T08:51:50.646Z	info	staff-logger	scenario/viewer.go:83	visit livestream
2026-09-22T08:51:50.659Z	info	staff-logger	scenario/viewer.go:32	basic viewer scenario
2026-09-22T08:51:50.659Z	info	staff-logger	scenario/viewer.go:56	visit top
2026-09-22T08:51:50.659Z	info	staff-logger	scenario/viewer.go:64	get livestream
2026-09-22T08:51:50.659Z	info	staff-logger	scenario/viewer.go:83	visit livestream
2026-09-22T08:51:50.799Z	info	staff-logger	scenario/viewer.go:83	visit livestream
2026-09-22T08:51:50.800Z	info	staff-logger	scenario/viewer.go:90	get livestream stats
2026-09-22T08:51:50.942Z	info	staff-logger	scenario/viewer.go:64	get livestream
2026-09-22T08:51:50.942Z	info	staff-logger	scenario/viewer.go:76	visit user profile
2026-09-22T08:51:51.109Z	info	staff-logger	scenario/viewer.go:32	basic viewer scenario
2026-09-22T08:51:51.109Z	info	staff-logger	scenario/viewer.go:56	visit top
2026-09-22T08:51:51.109Z	info	staff-logger	scenario/viewer.go:64	get livestream
2026-09-22T08:51:51.109Z	info	staff-logger	scenario/viewer.go:83	visit livestream
2026-09-22T08:51:51.122Z	info	staff-logger	scenario/viewer.go:32	basic viewer scenario
2026-09-22T08:51:51.122Z	info	staff-logger	scenario/viewer.go:56	visit top
2026-09-22T08:51:51.122Z	info	staff-logger	scenario/viewer.go:64	get livestream
2026-09-22T08:51:51.122Z	info	staff-logger	scenario/viewer.go:83	visit livestream
2026-09-22T08:51:51.122Z	info	staff-logger	scenario/viewer.go:32	basic viewer scenario
2026-09-22T08:51:51.122Z	info	staff-logger	scenario/viewer.go:56	visit top
2026-09-22T08:51:51.122Z	info	staff-logger	scenario/viewer.go:64	get livestream
2026-09-22T08:51:51.122Z	info	staff-logger	scenario/viewer.go:83	visit livestream
2026-09-22T08:51:51.154Z	info	staff-logger	scenario/viewer.go:32	basic viewer scenario
2026-09-22T08:51:51.154Z	info	staff-logger	scenario/viewer.go:56	visit top
2026-09-22T08:51:51.154Z	info	staff-logger	scenario/viewer.go:64	get livestream
2026-09-22T08:51:51.154Z	info	staff-logger	scenario/viewer.go:83	visit livestream
2026-09-22T08:51:51.182Z	info	staff-logger	scenario/viewer.go:32	basic viewer scenario
2026-09-22T08:51:51.182Z	info	staff-logger	scenario/viewer.go:56	visit top
2026-09-22T08:51:51.182Z	info	staff-logger	scenario/viewer.go:64	get livestream
2026-09-22T08:51:51.182Z	info	staff-logger	scenario/viewer.go:83	visit livestream
2026-09-22T08:51:51.258Z	info	staff-logger	scenario/viewer.go:90	get livestream stats
2026-09-22T08:51:51.310Z	info	staff-logger	scenario/viewer.go:32	basic viewer scenario
2026-09-22T08:51:51.310Z	info	staff-logger	scenario/viewer.go:56	visit top
2026-09-22T08:51:51.310Z	info	staff-logger	scenario/viewer.go:64	get livestream
2026-09-22T08:51:51.310Z	info	staff-logger	scenario/viewer.go:83	visit livestream
2026-09-22T08:51:51.323Z	info	staff-logger	scenario/viewer.go:32	basic viewer scenario
2026-09-22T08:51:51.323Z	info	staff-logger	scenario/viewer.go:56	visit top
2026-09-22T08:51:51.323Z	info	staff-logger	scenario/viewer.go:64	get livestream
2026-09-22T08:51:51.323Z	info	staff-logger	scenario/viewer.go:83	visit livestream
2026-09-22T08:51:51.335Z	info	staff-logger	scenario/viewer.go:32	basic viewer scenario
2026-09-22T08:51:51.335Z	info	staff-logger	scenario/viewer.go:56	visit top
2026-09-22T08:51:51.335Z	info	staff-logger	scenario/viewer.go:64	get livestream
2026-09-22T08:51:51.335Z	info	staff-logger	scenario/viewer.go:83	visit livestream
2026-09-22T08:51:51.345Z	info	staff-logger	scenario/viewer.go:32	basic viewer scenario
2026-09-22T08:51:51.345Z	info	staff-logger	scenario/viewer.go:56	visit top
2026-09-22T08:51:51.345Z	info	staff-logger	scenario/viewer.go:64	get livestream
2026-09-22T08:51:51.345Z	info	staff-logger	scenario/viewer.go:83	visit livestream
2026-09-22T08:51:51.374Z	info	staff-logger	scenario/viewer.go:32	basic viewer scenario
2026-09-22T08:51:51.374Z	info	staff-logger	scenario/viewer.go:56	visit top
2026-09-22T08:51:51.374Z	info	staff-logger	scenario/viewer.go:64	get livestream
2026-09-22T08:51:51.374Z	info	staff-logger	scenario/viewer.go:83	visit livestream
2026-09-22T08:51:51.402Z	info	staff-logger	scenario/viewer.go:90	get livestream stats
2026-09-22T08:51:51.422Z	info	staff-logger	scenario/viewer.go:32	basic viewer scenario
2026-09-22T08:51:51.422Z	info	staff-logger	scenario/viewer.go:56	visit top
2026-09-22T08:51:51.422Z	info	staff-logger	scenario/viewer.go:64	get livestream
2026-09-22T08:51:51.422Z	info	staff-logger	scenario/viewer.go:83	visit livestream
2026-09-22T08:51:51.494Z	info	staff-logger	scenario/viewer.go:90	get livestream stats
2026-09-22T08:51:51.515Z	info	staff-logger	scenario/viewer.go:32	basic viewer scenario
2026-09-22T08:51:51.515Z	info	staff-logger	scenario/viewer.go:56	visit top
2026-09-22T08:51:51.515Z	info	staff-logger	scenario/viewer.go:64	get livestream
2026-09-22T08:51:51.515Z	info	staff-logger	scenario/viewer.go:83	visit livestream
2026-09-22T08:51:51.687Z	info	staff-logger	scenario/viewer.go:90	get livestream stats
2026-09-22T08:51:51.726Z	info	staff-logger	scenario/viewer.go:32	basic viewer scenario
2026-09-22T08:51:51.726Z	info	staff-logger	scenario/viewer.go:56	visit top
2026-09-22T08:51:51.731Z	info	staff-logger	scenario/viewer.go:32	basic viewer scenario
2026-09-22T08:51:51.731Z	info	staff-logger	scenario/viewer.go:56	visit top
2026-09-22T08:51:51.764Z	info	staff-logger	scenario/viewer.go:32	basic viewer scenario
2026-09-22T08:51:51.764Z	info	staff-logger	scenario/viewer.go:56	visit top
2026-09-22T08:51:51.764Z	info	staff-logger	scenario/viewer.go:64	get livestream
2026-09-22T08:51:51.764Z	info	staff-logger	scenario/viewer.go:83	visit livestream
2026-09-22T08:51:51.797Z	info	staff-logger	scenario/streamer.go:48	change icon
2026-09-22T08:51:51.880Z	info	staff-logger	scenario/viewer.go:83	visit livestream
2026-09-22T08:51:52.074Z	info	staff-logger	scenario/viewer.go:32	basic viewer scenario
2026-09-22T08:51:52.074Z	info	staff-logger	scenario/viewer.go:56	visit top
2026-09-22T08:51:52.074Z	info	staff-logger	scenario/viewer.go:64	get livestream
2026-09-22T08:51:52.074Z	info	staff-logger	scenario/viewer.go:83	visit livestream
2026-09-22T08:51:52.112Z	info	staff-logger	scenario/viewer.go:32	basic viewer scenario
2026-09-22T08:51:52.112Z	info	staff-logger	scenario/viewer.go:56	visit top
2026-09-22T08:51:52.112Z	info	staff-logger	scenario/viewer.go:64	get livestream
2026-09-22T08:51:52.112Z	info	staff-logger	scenario/viewer.go:83	visit livestream
2026-09-22T08:51:52.114Z	info	staff-logger	scenario/viewer.go:32	basic viewer scenario
2026-09-22T08:51:52.114Z	info	staff-logger	scenario/viewer.go:56	visit top
2026-09-22T08:51:52.262Z	info	staff-logger	scenario/viewer.go:64	get livestream
2026-09-22T08:51:52.262Z	info	staff-logger	scenario/viewer.go:76	visit user profile
2026-09-22T08:51:52.529Z	info	staff-logger	scenario/viewer.go:64	get livestream
2026-09-22T08:51:52.529Z	info	staff-logger	scenario/viewer.go:76	visit user profile
2026-09-22T08:51:52.577Z	info	staff-logger	scenario/viewer.go:32	basic viewer scenario
2026-09-22T08:51:52.577Z	info	staff-logger	scenario/viewer.go:56	visit top
2026-09-22T08:51:52.577Z	info	staff-logger	scenario/viewer.go:64	get livestream
2026-09-22T08:51:52.577Z	info	staff-logger	scenario/viewer.go:83	visit livestream
2026-09-22T08:51:52.627Z	info	staff-logger	scenario/viewer.go:32	basic viewer scenario
2026-09-22T08:51:52.627Z	info	staff-logger	scenario/viewer.go:56	visit top
2026-09-22T08:51:52.627Z	info	staff-logger	scenario/viewer.go:64	get livestream
2026-09-22T08:51:52.627Z	info	staff-logger	scenario/viewer.go:83	visit livestream
2026-09-22T08:51:52.843Z	info	staff-logger	scenario/viewer.go:83	visit livestream
2026-09-22T08:51:52.883Z	info	staff-logger	scenario/viewer.go:83	visit livestream
2026-09-22T08:51:52.904Z	info	staff-logger	scenario/viewer.go:64	get livestream
2026-09-22T08:51:52.904Z	info	staff-logger	scenario/viewer.go:76	visit user profile
2026-09-22T08:51:52.920Z	info	staff-logger	scenario/streamer.go:48	change icon
2026-09-22T08:51:53.178Z	info	staff-logger	scenario/viewer.go:32	basic viewer scenario
2026-09-22T08:51:53.178Z	info	staff-logger	scenario/viewer.go:56	visit top
2026-09-22T08:51:53.178Z	info	staff-logger	scenario/viewer.go:64	get livestream
2026-09-22T08:51:53.178Z	info	staff-logger	scenario/viewer.go:83	visit livestream
2026-09-22T08:51:53.181Z	info	staff-logger	scenario/viewer.go:32	basic viewer scenario
2026-09-22T08:51:53.181Z	info	staff-logger	scenario/viewer.go:56	visit top
2026-09-22T08:51:53.181Z	info	staff-logger	scenario/viewer.go:64	get livestream
2026-09-22T08:51:53.181Z	info	staff-logger	scenario/viewer.go:83	visit livestream
2026-09-22T08:51:53.189Z	info	staff-logger	scenario/viewer.go:32	basic viewer scenario
2026-09-22T08:51:53.189Z	info	staff-logger	scenario/viewer.go:56	visit top
2026-09-22T08:51:53.189Z	info	staff-logger	scenario/viewer.go:64	get livestream
2026-09-22T08:51:53.189Z	info	staff-logger	scenario/viewer.go:83	visit livestream
2026-09-22T08:51:53.233Z	info	staff-logger	scenario/viewer.go:32	basic viewer scenario
2026-09-22T08:51:53.233Z	info	staff-logger	scenario/viewer.go:56	visit top
2026-09-22T08:51:53.233Z	info	staff-logger	scenario/viewer.go:64	get livestream
2026-09-22T08:51:53.233Z	info	staff-logger	scenario/viewer.go:83	visit livestream
2026-09-22T08:51:53.408Z	info	staff-logger	scenario/viewer.go:32	basic viewer scenario
2026-09-22T08:51:53.408Z	info	staff-logger	scenario/viewer.go:56	visit top
2026-09-22T08:51:53.408Z	info	staff-logger	scenario/viewer.go:64	get livestream
2026-09-22T08:51:53.408Z	info	staff-logger	scenario/viewer.go:83	visit livestream
2026-09-22T08:51:53.452Z	info	staff-logger	scenario/viewer.go:32	basic viewer scenario
2026-09-22T08:51:53.452Z	info	staff-logger	scenario/viewer.go:56	visit top
2026-09-22T08:51:53.452Z	info	staff-logger	scenario/viewer.go:64	get livestream
2026-09-22T08:51:53.452Z	info	staff-logger	scenario/viewer.go:83	visit livestream
2026-09-22T08:51:53.501Z	info	staff-logger	scenario/viewer.go:83	visit livestream
2026-09-22T08:51:53.654Z	info	staff-logger	scenario/viewer.go:32	basic viewer scenario
2026-09-22T08:51:53.654Z	info	staff-logger	scenario/viewer.go:56	visit top
2026-09-22T08:51:53.654Z	info	staff-logger	scenario/viewer.go:64	get livestream
2026-09-22T08:51:53.654Z	info	staff-logger	scenario/viewer.go:83	visit livestream
2026-09-22T08:51:53.673Z	info	staff-logger	scenario/viewer.go:32	basic viewer scenario
2026-09-22T08:51:53.673Z	info	staff-logger	scenario/viewer.go:56	visit top
2026-09-22T08:51:53.673Z	info	staff-logger	scenario/viewer.go:64	get livestream
2026-09-22T08:51:53.673Z	info	staff-logger	scenario/viewer.go:83	visit livestream
2026-09-22T08:51:53.742Z	info	staff-logger	scenario/viewer.go:32	basic viewer scenario
2026-09-22T08:51:53.742Z	info	staff-logger	scenario/viewer.go:56	visit top
2026-09-22T08:51:53.742Z	info	staff-logger	scenario/viewer.go:64	get livestream
2026-09-22T08:51:53.742Z	info	staff-logger	scenario/viewer.go:83	visit livestream
2026-09-22T08:51:53.871Z	info	staff-logger	scenario/viewer.go:32	basic viewer scenario
2026-09-22T08:51:53.871Z	info	staff-logger	scenario/viewer.go:56	visit top
2026-09-22T08:51:53.871Z	info	staff-logger	scenario/viewer.go:64	get livestream
2026-09-22T08:51:53.871Z	info	staff-logger	scenario/viewer.go:83	visit livestream
2026-09-22T08:51:53.956Z	info	staff-logger	scenario/viewer.go:32	basic viewer scenario
2026-09-22T08:51:53.956Z	info	staff-logger	scenario/viewer.go:56	visit top
2026-09-22T08:51:53.956Z	info	staff-logger	scenario/viewer.go:64	get livestream
2026-09-22T08:51:53.956Z	info	staff-logger	scenario/viewer.go:83	visit livestream
2026-09-22T08:51:54.172Z	info	staff-logger	scenario/viewer.go:32	basic viewer scenario
2026-09-22T08:51:54.172Z	info	staff-logger	scenario/viewer.go:56	visit top
2026-09-22T08:51:54.172Z	info	staff-logger	scenario/viewer.go:64	get livestream
2026-09-22T08:51:54.172Z	info	staff-logger	scenario/viewer.go:83	visit livestream
2026-09-22T08:51:54.175Z	info	staff-logger	scenario/viewer.go:32	basic viewer scenario
2026-09-22T08:51:54.176Z	info	staff-logger	scenario/viewer.go:56	visit top
2026-09-22T08:51:54.176Z	info	staff-logger	scenario/viewer.go:64	get livestream
2026-09-22T08:51:54.176Z	info	staff-logger	scenario/viewer.go:83	visit livestream
2026-09-22T08:51:54.237Z	info	staff-logger	scenario/viewer.go:32	basic viewer scenario
2026-09-22T08:51:54.237Z	info	staff-logger	scenario/viewer.go:56	visit top
2026-09-22T08:51:54.237Z	info	staff-logger	scenario/viewer.go:64	get livestream
2026-09-22T08:51:54.237Z	info	staff-logger	scenario/viewer.go:83	visit livestream
2026-09-22T08:51:54.462Z	info	staff-logger	scenario/viewer.go:32	basic viewer scenario
2026-09-22T08:51:54.462Z	info	staff-logger	scenario/viewer.go:56	visit top
2026-09-22T08:51:54.462Z	info	staff-logger	scenario/viewer.go:64	get livestream
2026-09-22T08:51:54.462Z	info	staff-logger	scenario/viewer.go:83	visit livestream
2026-09-22T08:51:54.673Z	info	staff-logger	scenario/viewer.go:32	basic viewer scenario
2026-09-22T08:51:54.673Z	info	staff-logger	scenario/viewer.go:56	visit top
2026-09-22T08:51:54.673Z	info	staff-logger	scenario/viewer.go:64	get livestream
2026-09-22T08:51:54.673Z	info	staff-logger	scenario/viewer.go:83	visit livestream
2026-09-22T08:51:54.677Z	info	staff-logger	scenario/viewer.go:32	basic viewer scenario
2026-09-22T08:51:54.677Z	info	staff-logger	scenario/viewer.go:56	visit top
2026-09-22T08:51:54.677Z	info	staff-logger	scenario/viewer.go:64	get livestream
2026-09-22T08:51:54.677Z	info	staff-logger	scenario/viewer.go:83	visit livestream
2026-09-22T08:51:54.689Z	info	staff-logger	scenario/viewer.go:32	basic viewer scenario
2026-09-22T08:51:54.689Z	info	staff-logger	scenario/viewer.go:56	visit top
2026-09-22T08:51:54.689Z	info	staff-logger	scenario/viewer.go:64	get livestream
2026-09-22T08:51:54.689Z	info	staff-logger	scenario/viewer.go:83	visit livestream
2026-09-22T08:51:54.706Z	info	staff-logger	scenario/viewer.go:32	basic viewer scenario
2026-09-22T08:51:54.706Z	info	staff-logger	scenario/viewer.go:56	visit top
2026-09-22T08:51:54.706Z	info	staff-logger	scenario/viewer.go:64	get livestream
2026-09-22T08:51:54.706Z	info	staff-logger	scenario/viewer.go:83	visit livestream
2026-09-22T08:51:54.782Z	info	staff-logger	scenario/viewer.go:32	basic viewer scenario
2026-09-22T08:51:54.782Z	info	staff-logger	scenario/viewer.go:56	visit top
2026-09-22T08:51:54.782Z	info	staff-logger	scenario/viewer.go:64	get livestream
2026-09-22T08:51:54.782Z	info	staff-logger	scenario/viewer.go:83	visit livestream
2026-09-22T08:51:54.986Z	info	staff-logger	scenario/viewer.go:32	basic viewer scenario
2026-09-22T08:51:54.986Z	info	staff-logger	scenario/viewer.go:56	visit top
2026-09-22T08:51:54.986Z	info	staff-logger	scenario/viewer.go:64	get livestream
2026-09-22T08:51:54.986Z	info	staff-logger	scenario/viewer.go:83	visit livestream
2026-09-22T08:51:55.003Z	info	staff-logger	scenario/viewer.go:32	basic viewer scenario
2026-09-22T08:51:55.003Z	info	staff-logger	scenario/viewer.go:56	visit top
2026-09-22T08:51:55.003Z	info	staff-logger	scenario/viewer.go:64	get livestream
2026-09-22T08:51:55.003Z	info	staff-logger	scenario/viewer.go:83	visit livestream
2026-09-22T08:51:55.263Z	info	staff-logger	scenario/viewer.go:32	basic viewer scenario
2026-09-22T08:51:55.263Z	info	staff-logger	scenario/viewer.go:56	visit top
2026-09-22T08:51:55.263Z	info	staff-logger	scenario/viewer.go:64	get livestream
2026-09-22T08:51:55.263Z	info	staff-logger	scenario/viewer.go:83	visit livestream
2026-09-22T08:51:55.289Z	info	staff-logger	scenario/viewer.go:32	basic viewer scenario
2026-09-22T08:51:55.289Z	info	staff-logger	scenario/viewer.go:56	visit top
2026-09-22T08:51:55.289Z	info	staff-logger	scenario/viewer.go:64	get livestream
2026-09-22T08:51:55.289Z	info	staff-logger	scenario/viewer.go:83	visit livestream
2026-09-22T08:51:55.330Z	info	staff-logger	scenario/streamer.go:48	change icon
2026-09-22T08:51:55.507Z	info	staff-logger	scenario/viewer.go:32	basic viewer scenario
2026-09-22T08:51:55.507Z	info	staff-logger	scenario/viewer.go:56	visit top
2026-09-22T08:51:55.507Z	info	staff-logger	scenario/viewer.go:64	get livestream
2026-09-22T08:51:55.507Z	info	staff-logger	scenario/viewer.go:83	visit livestream
2026-09-22T08:51:55.628Z	info	staff-logger	scenario/streamer.go:48	change icon
2026-09-22T08:51:55.668Z	info	staff-logger	scenario/viewer.go:32	basic viewer scenario
2026-09-22T08:51:55.668Z	info	staff-logger	scenario/viewer.go:56	visit top
2026-09-22T08:51:55.669Z	info	staff-logger	scenario/viewer.go:32	basic viewer scenario
2026-09-22T08:51:55.669Z	info	staff-logger	scenario/viewer.go:56	visit top
2026-09-22T08:51:55.669Z	info	staff-logger	scenario/viewer.go:64	get livestream
2026-09-22T08:51:55.669Z	info	staff-logger	scenario/viewer.go:83	visit livestream
2026-09-22T08:51:55.754Z	info	staff-logger	scenario/viewer.go:32	basic viewer scenario
2026-09-22T08:51:55.754Z	info	staff-logger	scenario/viewer.go:56	visit top
2026-09-22T08:51:55.754Z	info	staff-logger	scenario/viewer.go:64	get livestream
2026-09-22T08:51:55.754Z	info	staff-logger	scenario/viewer.go:83	visit livestream
2026-09-22T08:51:55.769Z	info	staff-logger	scenario/viewer.go:32	basic viewer scenario
2026-09-22T08:51:55.769Z	info	staff-logger	scenario/viewer.go:56	visit top
2026-09-22T08:51:55.769Z	info	staff-logger	scenario/viewer.go:64	get livestream
2026-09-22T08:51:55.769Z	info	staff-logger	scenario/viewer.go:83	visit livestream
2026-09-22T08:51:55.962Z	info	staff-logger	scenario/streamer.go:48	change icon
2026-09-22T08:51:56.084Z	info	staff-logger	scenario/viewer.go:32	basic viewer scenario
2026-09-22T08:51:56.084Z	info	staff-logger	scenario/viewer.go:56	visit top
2026-09-22T08:51:56.084Z	info	staff-logger	scenario/viewer.go:64	get livestream
2026-09-22T08:51:56.084Z	info	staff-logger	scenario/viewer.go:83	visit livestream
2026-09-22T08:51:56.196Z	info	staff-logger	scenario/viewer.go:32	basic viewer scenario
2026-09-22T08:51:56.196Z	info	staff-logger	scenario/viewer.go:56	visit top
2026-09-22T08:51:56.196Z	info	staff-logger	scenario/viewer.go:64	get livestream
2026-09-22T08:51:56.196Z	info	staff-logger	scenario/viewer.go:83	visit livestream
2026-09-22T08:51:56.198Z	info	staff-logger	scenario/viewer.go:32	basic viewer scenario
2026-09-22T08:51:56.198Z	info	staff-logger	scenario/viewer.go:56	visit top
2026-09-22T08:51:56.198Z	info	staff-logger	scenario/viewer.go:64	get livestream
2026-09-22T08:51:56.198Z	info	staff-logger	scenario/viewer.go:83	visit livestream
2026-09-22T08:51:56.199Z	info	staff-logger	scenario/viewer.go:32	basic viewer scenario
2026-09-22T08:51:56.199Z	info	staff-logger	scenario/viewer.go:56	visit top
2026-09-22T08:51:56.199Z	info	staff-logger	scenario/viewer.go:64	get livestream
2026-09-22T08:51:56.199Z	info	staff-logger	scenario/viewer.go:83	visit livestream
2026-09-22T08:51:56.206Z	info	staff-logger	scenario/viewer.go:32	basic viewer scenario
2026-09-22T08:51:56.206Z	info	staff-logger	scenario/viewer.go:56	visit top
2026-09-22T08:51:56.206Z	info	staff-logger	scenario/viewer.go:64	get livestream
2026-09-22T08:51:56.206Z	info	staff-logger	scenario/viewer.go:83	visit livestream
2026-09-22T08:51:56.219Z	info	staff-logger	scenario/viewer.go:32	basic viewer scenario
2026-09-22T08:51:56.219Z	info	staff-logger	scenario/viewer.go:56	visit top
2026-09-22T08:51:56.219Z	info	staff-logger	scenario/viewer.go:64	get livestream
2026-09-22T08:51:56.219Z	info	staff-logger	scenario/viewer.go:83	visit livestream
2026-09-22T08:51:56.237Z	info	staff-logger	scenario/viewer.go:64	get livestream
2026-09-22T08:51:56.237Z	info	staff-logger	scenario/viewer.go:76	visit user profile
2026-09-22T08:51:56.254Z	info	staff-logger	scenario/viewer.go:32	basic viewer scenario
2026-09-22T08:51:56.254Z	info	staff-logger	scenario/viewer.go:56	visit top
2026-09-22T08:51:56.254Z	info	staff-logger	scenario/viewer.go:64	get livestream
2026-09-22T08:51:56.254Z	info	staff-logger	scenario/viewer.go:83	visit livestream
2026-09-22T08:51:56.383Z	info	staff-logger	scenario/streamer.go:48	change icon
2026-09-22T08:51:56.432Z	info	staff-logger	scenario/viewer.go:32	basic viewer scenario
2026-09-22T08:51:56.432Z	info	staff-logger	scenario/viewer.go:56	visit top
2026-09-22T08:51:56.432Z	info	staff-logger	scenario/viewer.go:64	get livestream
2026-09-22T08:51:56.432Z	info	staff-logger	scenario/viewer.go:83	visit livestream
2026-09-22T08:51:56.460Z	info	staff-logger	scenario/viewer.go:90	get livestream stats
2026-09-22T08:51:56.551Z	info	staff-logger	scenario/viewer.go:32	basic viewer scenario
2026-09-22T08:51:56.551Z	info	staff-logger	scenario/viewer.go:56	visit top
2026-09-22T08:51:56.551Z	info	staff-logger	scenario/viewer.go:64	get livestream
2026-09-22T08:51:56.551Z	info	staff-logger	scenario/viewer.go:83	visit livestream
2026-09-22T08:51:56.630Z	info	staff-logger	scenario/viewer.go:90	get livestream stats
2026-09-22T08:51:56.643Z	info	staff-logger	scenario/viewer.go:32	basic viewer scenario
2026-09-22T08:51:56.643Z	info	staff-logger	scenario/viewer.go:56	visit top
2026-09-22T08:51:56.643Z	info	staff-logger	scenario/viewer.go:64	get livestream
2026-09-22T08:51:56.643Z	info	staff-logger	scenario/viewer.go:83	visit livestream
2026-09-22T08:51:56.712Z	info	staff-logger	scenario/viewer.go:32	basic viewer scenario
2026-09-22T08:51:56.712Z	info	staff-logger	scenario/viewer.go:56	visit top
2026-09-22T08:51:56.712Z	info	staff-logger	scenario/viewer.go:64	get livestream
2026-09-22T08:51:56.712Z	info	staff-logger	scenario/viewer.go:83	visit livestream
2026-09-22T08:51:56.867Z	info	staff-logger	scenario/viewer.go:90	get livestream stats
2026-09-22T08:51:56.929Z	info	staff-logger	scenario/viewer.go:32	basic viewer scenario
2026-09-22T08:51:56.930Z	info	staff-logger	scenario/viewer.go:56	visit top
2026-09-22T08:51:56.930Z	info	staff-logger	scenario/viewer.go:64	get livestream
2026-09-22T08:51:56.930Z	info	staff-logger	scenario/viewer.go:83	visit livestream
2026-09-22T08:51:56.955Z	info	staff-logger	scenario/viewer.go:32	basic viewer scenario
2026-09-22T08:51:56.955Z	info	staff-logger	scenario/viewer.go:56	visit top
2026-09-22T08:51:56.955Z	info	staff-logger	scenario/viewer.go:64	get livestream
2026-09-22T08:51:56.955Z	info	staff-logger	scenario/viewer.go:83	visit livestream
2026-09-22T08:51:57.016Z	info	staff-logger	scenario/viewer.go:83	visit livestream
2026-09-22T08:51:57.286Z	info	staff-logger	scenario/viewer.go:32	basic viewer scenario
2026-09-22T08:51:57.286Z	info	staff-logger	scenario/viewer.go:56	visit top
2026-09-22T08:51:57.286Z	info	staff-logger	scenario/viewer.go:64	get livestream
2026-09-22T08:51:57.286Z	info	staff-logger	scenario/viewer.go:83	visit livestream
2026-09-22T08:51:57.320Z	info	staff-logger	scenario/viewer.go:32	basic viewer scenario
2026-09-22T08:51:57.320Z	info	staff-logger	scenario/viewer.go:56	visit top
2026-09-22T08:51:57.320Z	info	staff-logger	scenario/viewer.go:64	get livestream
2026-09-22T08:51:57.320Z	info	staff-logger	scenario/viewer.go:83	visit livestream
2026-09-22T08:51:57.361Z	info	staff-logger	scenario/viewer.go:32	basic viewer scenario
2026-09-22T08:51:57.361Z	info	staff-logger	scenario/viewer.go:56	visit top
2026-09-22T08:51:57.361Z	info	staff-logger	scenario/viewer.go:64	get livestream
2026-09-22T08:51:57.361Z	info	staff-logger	scenario/viewer.go:83	visit livestream
2026-09-22T08:51:57.384Z	info	staff-logger	scenario/viewer.go:32	basic viewer scenario
2026-09-22T08:51:57.384Z	info	staff-logger	scenario/viewer.go:56	visit top
2026-09-22T08:51:57.596Z	info	staff-logger	scenario/viewer.go:32	basic viewer scenario
2026-09-22T08:51:57.596Z	info	staff-logger	scenario/viewer.go:56	visit top
2026-09-22T08:51:57.596Z	info	staff-logger	scenario/viewer.go:64	get livestream
2026-09-22T08:51:57.596Z	info	staff-logger	scenario/viewer.go:83	visit livestream
2026-09-22T08:51:57.687Z	info	staff-logger	scenario/viewer.go:90	get livestream stats
2026-09-22T08:51:57.761Z	info	staff-logger	scenario/viewer.go:32	basic viewer scenario
2026-09-22T08:51:57.761Z	info	staff-logger	scenario/viewer.go:56	visit top
2026-09-22T08:51:57.761Z	info	staff-logger	scenario/viewer.go:64	get livestream
2026-09-22T08:51:57.761Z	info	staff-logger	scenario/viewer.go:83	visit livestream
2026-09-22T08:51:57.770Z	info	staff-logger	scenario/viewer.go:32	basic viewer scenario
2026-09-22T08:51:57.770Z	info	staff-logger	scenario/viewer.go:56	visit top
2026-09-22T08:51:57.770Z	info	staff-logger	scenario/viewer.go:64	get livestream
2026-09-22T08:51:57.771Z	info	staff-logger	scenario/viewer.go:83	visit livestream
2026-09-22T08:51:57.771Z	info	staff-logger	scenario/viewer.go:32	basic viewer scenario
2026-09-22T08:51:57.771Z	info	staff-logger	scenario/viewer.go:56	visit top
2026-09-22T08:51:57.771Z	info	staff-logger	scenario/viewer.go:64	get livestream
2026-09-22T08:51:57.771Z	info	staff-logger	scenario/viewer.go:83	visit livestream
2026-09-22T08:51:58.073Z	info	staff-logger	scenario/viewer.go:32	basic viewer scenario
2026-09-22T08:51:58.073Z	info	staff-logger	scenario/viewer.go:56	visit top
2026-09-22T08:51:58.073Z	info	staff-logger	scenario/viewer.go:64	get livestream
2026-09-22T08:51:58.073Z	info	staff-logger	scenario/viewer.go:83	visit livestream
2026-09-22T08:51:58.095Z	info	staff-logger	scenario/viewer.go:64	get livestream
2026-09-22T08:51:58.095Z	info	staff-logger	scenario/viewer.go:76	visit user profile
2026-09-22T08:51:58.234Z	info	staff-logger	scenario/viewer.go:32	basic viewer scenario
2026-09-22T08:51:58.234Z	info	staff-logger	scenario/viewer.go:56	visit top
2026-09-22T08:51:58.234Z	info	staff-logger	scenario/viewer.go:64	get livestream
2026-09-22T08:51:58.234Z	info	staff-logger	scenario/viewer.go:83	visit livestream
2026-09-22T08:51:58.317Z	info	staff-logger	scenario/viewer.go:32	basic viewer scenario
2026-09-22T08:51:58.317Z	info	staff-logger	scenario/viewer.go:56	visit top
2026-09-22T08:51:58.317Z	info	staff-logger	scenario/viewer.go:64	get livestream
2026-09-22T08:51:58.317Z	info	staff-logger	scenario/viewer.go:83	visit livestream
2026-09-22T08:51:58.322Z	info	staff-logger	scenario/viewer.go:32	basic viewer scenario
2026-09-22T08:51:58.322Z	info	staff-logger	scenario/viewer.go:56	visit top
2026-09-22T08:51:58.322Z	info	staff-logger	scenario/viewer.go:64	get livestream
2026-09-22T08:51:58.322Z	info	staff-logger	scenario/viewer.go:83	visit livestream
2026-09-22T08:51:58.346Z	info	staff-logger	scenario/viewer.go:32	basic viewer scenario
2026-09-22T08:51:58.346Z	info	staff-logger	scenario/viewer.go:56	visit top
2026-09-22T08:51:58.346Z	info	staff-logger	scenario/viewer.go:64	get livestream
2026-09-22T08:51:58.346Z	info	staff-logger	scenario/viewer.go:83	visit livestream
2026-09-22T08:51:58.412Z	info	staff-logger	scenario/viewer.go:32	basic viewer scenario
2026-09-22T08:51:58.412Z	info	staff-logger	scenario/viewer.go:56	visit top
2026-09-22T08:51:58.412Z	info	staff-logger	scenario/viewer.go:64	get livestream
2026-09-22T08:51:58.412Z	info	staff-logger	scenario/viewer.go:83	visit livestream
2026-09-22T08:51:58.530Z	info	staff-logger	scenario/viewer.go:32	basic viewer scenario
2026-09-22T08:51:58.530Z	info	staff-logger	scenario/viewer.go:56	visit top
2026-09-22T08:51:58.530Z	info	staff-logger	scenario/viewer.go:64	get livestream
2026-09-22T08:51:58.530Z	info	staff-logger	scenario/viewer.go:83	visit livestream
2026-09-22T08:51:58.716Z	info	staff-logger	scenario/viewer.go:32	basic viewer scenario
2026-09-22T08:51:58.716Z	info	staff-logger	scenario/viewer.go:56	visit top
2026-09-22T08:51:58.716Z	info	staff-logger	scenario/viewer.go:64	get livestream
2026-09-22T08:51:58.716Z	info	staff-logger	scenario/viewer.go:83	visit livestream
2026-09-22T08:51:58.755Z	info	staff-logger	scenario/viewer.go:32	basic viewer scenario
2026-09-22T08:51:58.755Z	info	staff-logger	scenario/viewer.go:56	visit top
2026-09-22T08:51:58.755Z	info	staff-logger	scenario/viewer.go:64	get livestream
2026-09-22T08:51:58.755Z	info	staff-logger	scenario/viewer.go:83	visit livestream
2026-09-22T08:51:58.834Z	info	staff-logger	scenario/viewer.go:83	visit livestream
2026-09-22T08:51:59.039Z	info	staff-logger	scenario/viewer.go:32	basic viewer scenario
2026-09-22T08:51:59.039Z	info	staff-logger	scenario/viewer.go:56	visit top
2026-09-22T08:51:59.039Z	info	staff-logger	scenario/viewer.go:64	get livestream
2026-09-22T08:51:59.039Z	info	staff-logger	scenario/viewer.go:83	visit livestream
2026-09-22T08:51:59.324Z	info	staff-logger	scenario/viewer.go:32	basic viewer scenario
2026-09-22T08:51:59.324Z	info	staff-logger	scenario/viewer.go:56	visit top
2026-09-22T08:51:59.324Z	info	staff-logger	scenario/viewer.go:64	get livestream
2026-09-22T08:51:59.324Z	info	staff-logger	scenario/viewer.go:83	visit livestream
2026-09-22T08:51:59.376Z	info	staff-logger	scenario/viewer.go:90	get livestream stats
2026-09-22T08:51:59.418Z	info	staff-logger	scenario/viewer.go:32	basic viewer scenario
2026-09-22T08:51:59.418Z	info	staff-logger	scenario/viewer.go:56	visit top
2026-09-22T08:51:59.418Z	info	staff-logger	scenario/viewer.go:64	get livestream
2026-09-22T08:51:59.418Z	info	staff-logger	scenario/viewer.go:83	visit livestream
2026-09-22T08:51:59.434Z	info	staff-logger	scenario/viewer.go:32	basic viewer scenario
2026-09-22T08:51:59.434Z	info	staff-logger	scenario/viewer.go:56	visit top
2026-09-22T08:51:59.434Z	info	staff-logger	scenario/viewer.go:64	get livestream
2026-09-22T08:51:59.434Z	info	staff-logger	scenario/viewer.go:83	visit livestream
2026-09-22T08:51:59.477Z	info	staff-logger	scenario/viewer.go:32	basic viewer scenario
2026-09-22T08:51:59.477Z	info	staff-logger	scenario/viewer.go:56	visit top
2026-09-22T08:51:59.477Z	info	staff-logger	scenario/viewer.go:64	get livestream
2026-09-22T08:51:59.477Z	info	staff-logger	scenario/viewer.go:83	visit livestream
2026-09-22T08:51:59.478Z	info	staff-logger	scenario/viewer.go:32	basic viewer scenario
2026-09-22T08:51:59.478Z	info	staff-logger	scenario/viewer.go:56	visit top
2026-09-22T08:51:59.478Z	info	staff-logger	scenario/viewer.go:64	get livestream
2026-09-22T08:51:59.478Z	info	staff-logger	scenario/viewer.go:83	visit livestream
2026-09-22T08:51:59.495Z	info	staff-logger	scenario/viewer.go:32	basic viewer scenario
2026-09-22T08:51:59.495Z	info	staff-logger	scenario/viewer.go:56	visit top
2026-09-22T08:51:59.495Z	info	staff-logger	scenario/viewer.go:64	get livestream
2026-09-22T08:51:59.495Z	info	staff-logger	scenario/viewer.go:83	visit livestream
2026-09-22T08:51:59.499Z	info	staff-logger	scenario/viewer.go:32	basic viewer scenario
2026-09-22T08:51:59.499Z	info	staff-logger	scenario/viewer.go:56	visit top
2026-09-22T08:51:59.499Z	info	staff-logger	scenario/viewer.go:64	get livestream
2026-09-22T08:51:59.499Z	info	staff-logger	scenario/viewer.go:83	visit livestream
2026-09-22T08:51:59.549Z	info	staff-logger	scenario/viewer.go:32	basic viewer scenario
2026-09-22T08:51:59.549Z	info	staff-logger	scenario/viewer.go:56	visit top
2026-09-22T08:51:59.549Z	info	staff-logger	scenario/viewer.go:64	get livestream
2026-09-22T08:51:59.549Z	info	staff-logger	scenario/viewer.go:83	visit livestream
2026-09-22T08:51:59.566Z	info	staff-logger	scenario/viewer.go:32	basic viewer scenario
2026-09-22T08:51:59.566Z	info	staff-logger	scenario/viewer.go:56	visit top
2026-09-22T08:51:59.566Z	info	staff-logger	scenario/viewer.go:64	get livestream
2026-09-22T08:51:59.566Z	info	staff-logger	scenario/viewer.go:83	visit livestream
2026-09-22T08:51:59.596Z	info	staff-logger	scenario/viewer.go:32	basic viewer scenario
2026-09-22T08:51:59.596Z	info	staff-logger	scenario/viewer.go:56	visit top
2026-09-22T08:51:59.597Z	info	staff-logger	scenario/viewer.go:64	get livestream
2026-09-22T08:51:59.597Z	info	staff-logger	scenario/viewer.go:83	visit livestream
2026-09-22T08:51:59.649Z	info	staff-logger	scenario/viewer.go:90	get livestream stats
2026-09-22T08:51:59.658Z	info	staff-logger	scenario/viewer.go:32	basic viewer scenario
2026-09-22T08:51:59.658Z	info	staff-logger	scenario/viewer.go:56	visit top
2026-09-22T08:51:59.658Z	info	staff-logger	scenario/viewer.go:64	get livestream
2026-09-22T08:51:59.658Z	info	staff-logger	scenario/viewer.go:83	visit livestream
2026-09-22T08:51:59.715Z	info	staff-logger	scenario/viewer.go:90	get livestream stats
2026-09-22T08:51:59.842Z	info	staff-logger	scenario/viewer.go:90	get livestream stats
2026-09-22T08:52:00.121Z	info	staff-logger	scenario/viewer.go:32	basic viewer scenario
2026-09-22T08:52:00.121Z	info	staff-logger	scenario/viewer.go:56	visit top
2026-09-22T08:52:00.121Z	info	staff-logger	scenario/viewer.go:64	get livestream
2026-09-22T08:52:00.121Z	info	staff-logger	scenario/viewer.go:83	visit livestream
2026-09-22T08:52:00.196Z	info	staff-logger	scenario/viewer.go:32	basic viewer scenario
2026-09-22T08:52:00.196Z	info	staff-logger	scenario/viewer.go:56	visit top
2026-09-22T08:52:00.196Z	info	staff-logger	scenario/viewer.go:64	get livestream
2026-09-22T08:52:00.196Z	info	staff-logger	scenario/viewer.go:83	visit livestream
2026-09-22T08:52:00.405Z	info	staff-logger	scenario/viewer.go:32	basic viewer scenario
2026-09-22T08:52:00.405Z	info	staff-logger	scenario/viewer.go:56	visit top
2026-09-22T08:52:00.405Z	info	staff-logger	scenario/viewer.go:64	get livestream
2026-09-22T08:52:00.405Z	info	staff-logger	scenario/viewer.go:83	visit livestream
2026-09-22T08:52:00.422Z	info	staff-logger	scenario/viewer.go:90	get livestream stats
2026-09-22T08:52:00.506Z	info	staff-logger	scenario/viewer.go:32	basic viewer scenario
2026-09-22T08:52:00.506Z	info	staff-logger	scenario/viewer.go:56	visit top
2026-09-22T08:52:00.507Z	info	staff-logger	scenario/viewer.go:64	get livestream
2026-09-22T08:52:00.507Z	info	staff-logger	scenario/viewer.go:83	visit livestream
2026-09-22T08:52:00.578Z	info	staff-logger	scenario/viewer.go:32	basic viewer scenario
2026-09-22T08:52:00.578Z	info	staff-logger	scenario/viewer.go:56	visit top
2026-09-22T08:52:00.578Z	info	staff-logger	scenario/viewer.go:64	get livestream
2026-09-22T08:52:00.578Z	info	staff-logger	scenario/viewer.go:83	visit livestream
2026-09-22T08:52:00.594Z	info	staff-logger	scenario/viewer.go:32	basic viewer scenario
2026-09-22T08:52:00.594Z	info	staff-logger	scenario/viewer.go:56	visit top
2026-09-22T08:52:00.594Z	info	staff-logger	scenario/viewer.go:64	get livestream
2026-09-22T08:52:00.594Z	info	staff-logger	scenario/viewer.go:83	visit livestream
2026-09-22T08:52:00.605Z	info	staff-logger	scenario/viewer.go:32	basic viewer scenario
2026-09-22T08:52:00.605Z	info	staff-logger	scenario/viewer.go:56	visit top
2026-09-22T08:52:00.605Z	info	staff-logger	scenario/viewer.go:64	get livestream
2026-09-22T08:52:00.605Z	info	staff-logger	scenario/viewer.go:83	visit livestream
2026-09-22T08:52:00.678Z	info	staff-logger	scenario/viewer.go:32	basic viewer scenario
2026-09-22T08:52:00.678Z	info	staff-logger	scenario/viewer.go:56	visit top
2026-09-22T08:52:00.678Z	info	staff-logger	scenario/viewer.go:64	get livestream
2026-09-22T08:52:00.678Z	info	staff-logger	scenario/viewer.go:83	visit livestream
2026-09-22T08:52:00.700Z	info	staff-logger	scenario/viewer.go:32	basic viewer scenario
2026-09-22T08:52:00.700Z	info	staff-logger	scenario/viewer.go:56	visit top
2026-09-22T08:52:01.025Z	info	staff-logger	scenario/viewer.go:32	basic viewer scenario
2026-09-22T08:52:01.025Z	info	staff-logger	scenario/viewer.go:56	visit top
2026-09-22T08:52:01.025Z	info	staff-logger	scenario/viewer.go:64	get livestream
2026-09-22T08:52:01.025Z	info	staff-logger	scenario/viewer.go:83	visit livestream
2026-09-22T08:52:01.086Z	info	staff-logger	scenario/viewer.go:32	basic viewer scenario
2026-09-22T08:52:01.086Z	info	staff-logger	scenario/viewer.go:56	visit top
2026-09-22T08:52:01.086Z	info	staff-logger	scenario/viewer.go:64	get livestream
2026-09-22T08:52:01.086Z	info	staff-logger	scenario/viewer.go:83	visit livestream
2026-09-22T08:52:01.120Z	info	staff-logger	scenario/viewer.go:32	basic viewer scenario
2026-09-22T08:52:01.120Z	info	staff-logger	scenario/viewer.go:56	visit top
2026-09-22T08:52:01.120Z	info	staff-logger	scenario/viewer.go:64	get livestream
2026-09-22T08:52:01.120Z	info	staff-logger	scenario/viewer.go:83	visit livestream
2026-09-22T08:52:01.179Z	info	staff-logger	scenario/viewer.go:32	basic viewer scenario
2026-09-22T08:52:01.179Z	info	staff-logger	scenario/viewer.go:56	visit top
2026-09-22T08:52:01.226Z	info	staff-logger	scenario/viewer.go:32	basic viewer scenario
2026-09-22T08:52:01.226Z	info	staff-logger	scenario/viewer.go:56	visit top
2026-09-22T08:52:01.226Z	info	staff-logger	scenario/viewer.go:64	get livestream
2026-09-22T08:52:01.226Z	info	staff-logger	scenario/viewer.go:83	visit livestream
2026-09-22T08:52:01.307Z	info	staff-logger	scenario/viewer.go:32	basic viewer scenario
2026-09-22T08:52:01.307Z	info	staff-logger	scenario/viewer.go:56	visit top
2026-09-22T08:52:01.307Z	info	staff-logger	scenario/viewer.go:64	get livestream
2026-09-22T08:52:01.307Z	info	staff-logger	scenario/viewer.go:83	visit livestream
2026-09-22T08:52:01.359Z	info	staff-logger	scenario/viewer.go:32	basic viewer scenario
2026-09-22T08:52:01.359Z	info	staff-logger	scenario/viewer.go:56	visit top
2026-09-22T08:52:01.359Z	info	staff-logger	scenario/viewer.go:64	get livestream
2026-09-22T08:52:01.359Z	info	staff-logger	scenario/viewer.go:83	visit livestream
2026-09-22T08:52:01.457Z	info	staff-logger	scenario/viewer.go:64	get livestream
2026-09-22T08:52:01.457Z	info	staff-logger	scenario/viewer.go:76	visit user profile
2026-09-22T08:52:01.771Z	info	staff-logger	scenario/viewer.go:32	basic viewer scenario
2026-09-22T08:52:01.771Z	info	staff-logger	scenario/viewer.go:56	visit top
2026-09-22T08:52:01.771Z	info	staff-logger	scenario/viewer.go:64	get livestream
2026-09-22T08:52:01.771Z	info	staff-logger	scenario/viewer.go:83	visit livestream
2026-09-22T08:52:01.857Z	info	staff-logger	scenario/viewer.go:64	get livestream
2026-09-22T08:52:01.857Z	info	staff-logger	scenario/viewer.go:76	visit user profile
2026-09-22T08:52:01.968Z	info	staff-logger	scenario/streamer.go:48	change icon
2026-09-22T08:52:02.047Z	info	staff-logger	scenario/viewer.go:32	basic viewer scenario
2026-09-22T08:52:02.047Z	info	staff-logger	scenario/viewer.go:56	visit top
2026-09-22T08:52:02.047Z	info	staff-logger	scenario/viewer.go:64	get livestream
2026-09-22T08:52:02.047Z	info	staff-logger	scenario/viewer.go:83	visit livestream
2026-09-22T08:52:02.068Z	info	staff-logger	scenario/viewer.go:83	visit livestream
2026-09-22T08:52:02.105Z	info	staff-logger	scenario/viewer.go:32	basic viewer scenario
2026-09-22T08:52:02.105Z	info	staff-logger	scenario/viewer.go:56	visit top
2026-09-22T08:52:02.105Z	info	staff-logger	scenario/viewer.go:64	get livestream
2026-09-22T08:52:02.105Z	info	staff-logger	scenario/viewer.go:83	visit livestream
2026-09-22T08:52:02.129Z	info	staff-logger	scenario/viewer.go:32	basic viewer scenario
2026-09-22T08:52:02.129Z	info	staff-logger	scenario/viewer.go:56	visit top
2026-09-22T08:52:02.129Z	info	staff-logger	scenario/viewer.go:64	get livestream
2026-09-22T08:52:02.129Z	info	staff-logger	scenario/viewer.go:83	visit livestream
2026-09-22T08:52:02.175Z	info	staff-logger	scenario/viewer.go:90	get livestream stats
2026-09-22T08:52:02.193Z	info	staff-logger	scenario/viewer.go:32	basic viewer scenario
2026-09-22T08:52:02.193Z	info	staff-logger	scenario/viewer.go:56	visit top
2026-09-22T08:52:02.193Z	info	staff-logger	scenario/viewer.go:64	get livestream
2026-09-22T08:52:02.193Z	info	staff-logger	scenario/viewer.go:83	visit livestream
2026-09-22T08:52:02.279Z	info	staff-logger	scenario/viewer.go:32	basic viewer scenario
2026-09-22T08:52:02.279Z	info	staff-logger	scenario/viewer.go:56	visit top
2026-09-22T08:52:02.280Z	info	staff-logger	scenario/viewer.go:64	get livestream
2026-09-22T08:52:02.280Z	info	staff-logger	scenario/viewer.go:83	visit livestream
2026-09-22T08:52:02.281Z	info	staff-logger	scenario/viewer.go:83	visit livestream
2026-09-22T08:52:02.329Z	info	staff-logger	scenario/viewer.go:32	basic viewer scenario
2026-09-22T08:52:02.329Z	info	staff-logger	scenario/viewer.go:56	visit top
2026-09-22T08:52:02.329Z	info	staff-logger	scenario/viewer.go:64	get livestream
2026-09-22T08:52:02.329Z	info	staff-logger	scenario/viewer.go:83	visit livestream
2026-09-22T08:52:02.641Z	info	staff-logger	scenario/viewer.go:32	basic viewer scenario
2026-09-22T08:52:02.641Z	info	staff-logger	scenario/viewer.go:56	visit top
2026-09-22T08:52:02.641Z	info	staff-logger	scenario/viewer.go:64	get livestream
2026-09-22T08:52:02.641Z	info	staff-logger	scenario/viewer.go:83	visit livestream
2026-09-22T08:52:02.664Z	info	staff-logger	scenario/viewer.go:32	basic viewer scenario
2026-09-22T08:52:02.664Z	info	staff-logger	scenario/viewer.go:56	visit top
2026-09-22T08:52:02.664Z	info	staff-logger	scenario/viewer.go:64	get livestream
2026-09-22T08:52:02.664Z	info	staff-logger	scenario/viewer.go:83	visit livestream
2026-09-22T08:52:02.773Z	info	staff-logger	scenario/viewer.go:90	get livestream stats
2026-09-22T08:52:03.015Z	info	staff-logger	scenario/viewer.go:32	basic viewer scenario
2026-09-22T08:52:03.015Z	info	staff-logger	scenario/viewer.go:56	visit top
2026-09-22T08:52:03.015Z	info	staff-logger	scenario/viewer.go:64	get livestream
2026-09-22T08:52:03.015Z	info	staff-logger	scenario/viewer.go:83	visit livestream
2026-09-22T08:52:03.057Z	info	staff-logger	scenario/viewer.go:32	basic viewer scenario
2026-09-22T08:52:03.057Z	info	staff-logger	scenario/viewer.go:56	visit top
2026-09-22T08:52:03.057Z	info	staff-logger	scenario/viewer.go:64	get livestream
2026-09-22T08:52:03.057Z	info	staff-logger	scenario/viewer.go:83	visit livestream
2026-09-22T08:52:03.126Z	info	staff-logger	scenario/viewer.go:32	basic viewer scenario
2026-09-22T08:52:03.126Z	info	staff-logger	scenario/viewer.go:56	visit top
2026-09-22T08:52:03.126Z	info	staff-logger	scenario/viewer.go:64	get livestream
2026-09-22T08:52:03.126Z	info	staff-logger	scenario/viewer.go:83	visit livestream
2026-09-22T08:52:03.201Z	info	staff-logger	scenario/viewer.go:32	basic viewer scenario
2026-09-22T08:52:03.201Z	info	staff-logger	scenario/viewer.go:56	visit top
2026-09-22T08:52:03.229Z	info	staff-logger	scenario/viewer.go:32	basic viewer scenario
2026-09-22T08:52:03.229Z	info	staff-logger	scenario/viewer.go:56	visit top
2026-09-22T08:52:03.229Z	info	staff-logger	scenario/viewer.go:64	get livestream
2026-09-22T08:52:03.229Z	info	staff-logger	scenario/viewer.go:83	visit livestream
2026-09-22T08:52:03.515Z	info	staff-logger	scenario/viewer.go:32	basic viewer scenario
2026-09-22T08:52:03.515Z	info	staff-logger	scenario/viewer.go:56	visit top
2026-09-22T08:52:03.515Z	info	staff-logger	scenario/viewer.go:64	get livestream
2026-09-22T08:52:03.515Z	info	staff-logger	scenario/viewer.go:83	visit livestream
2026-09-22T08:52:03.807Z	info	staff-logger	scenario/viewer.go:32	basic viewer scenario
2026-09-22T08:52:03.807Z	info	staff-logger	scenario/viewer.go:56	visit top
2026-09-22T08:52:03.807Z	info	staff-logger	scenario/viewer.go:64	get livestream
2026-09-22T08:52:03.807Z	info	staff-logger	scenario/viewer.go:83	visit livestream
2026-09-22T08:52:03.897Z	info	staff-logger	scenario/viewer.go:32	basic viewer scenario
2026-09-22T08:52:03.898Z	info	staff-logger	scenario/viewer.go:56	visit top
2026-09-22T08:52:03.898Z	info	staff-logger	scenario/viewer.go:64	get livestream
2026-09-22T08:52:03.898Z	info	staff-logger	scenario/viewer.go:83	visit livestream
2026-09-22T08:52:03.908Z	info	staff-logger	scenario/viewer.go:32	basic viewer scenario
2026-09-22T08:52:03.908Z	info	staff-logger	scenario/viewer.go:56	visit top
2026-09-22T08:52:03.908Z	info	staff-logger	scenario/viewer.go:64	get livestream
2026-09-22T08:52:03.908Z	info	staff-logger	scenario/viewer.go:83	visit livestream
2026-09-22T08:52:03.951Z	info	staff-logger	scenario/viewer.go:64	get livestream
2026-09-22T08:52:03.952Z	info	staff-logger	scenario/viewer.go:76	visit user profile
2026-09-22T08:52:03.974Z	info	staff-logger	scenario/viewer.go:32	basic viewer scenario
2026-09-22T08:52:03.974Z	info	staff-logger	scenario/viewer.go:56	visit top
2026-09-22T08:52:03.974Z	info	staff-logger	scenario/viewer.go:64	get livestream
2026-09-22T08:52:03.974Z	info	staff-logger	scenario/viewer.go:83	visit livestream
2026-09-22T08:52:04.025Z	info	staff-logger	scenario/viewer.go:32	basic viewer scenario
2026-09-22T08:52:04.025Z	info	staff-logger	scenario/viewer.go:56	visit top
2026-09-22T08:52:04.075Z	info	staff-logger	scenario/viewer.go:90	get livestream stats
2026-09-22T08:52:04.118Z	info	staff-logger	scenario/viewer.go:32	basic viewer scenario
2026-09-22T08:52:04.118Z	info	staff-logger	scenario/viewer.go:56	visit top
2026-09-22T08:52:04.118Z	info	staff-logger	scenario/viewer.go:64	get livestream
2026-09-22T08:52:04.118Z	info	staff-logger	scenario/viewer.go:83	visit livestream
2026-09-22T08:52:04.118Z	info	staff-logger	scenario/viewer.go:32	basic viewer scenario
2026-09-22T08:52:04.118Z	info	staff-logger	scenario/viewer.go:56	visit top
2026-09-22T08:52:04.118Z	info	staff-logger	scenario/viewer.go:64	get livestream
2026-09-22T08:52:04.118Z	info	staff-logger	scenario/viewer.go:83	visit livestream
2026-09-22T08:52:04.157Z	info	staff-logger	scenario/viewer.go:32	basic viewer scenario
2026-09-22T08:52:04.157Z	info	staff-logger	scenario/viewer.go:56	visit top
2026-09-22T08:52:04.157Z	info	staff-logger	scenario/viewer.go:64	get livestream
2026-09-22T08:52:04.157Z	info	staff-logger	scenario/viewer.go:83	visit livestream
2026-09-22T08:52:04.211Z	info	staff-logger	scenario/viewer.go:32	basic viewer scenario
2026-09-22T08:52:04.211Z	info	staff-logger	scenario/viewer.go:56	visit top
2026-09-22T08:52:04.211Z	info	staff-logger	scenario/viewer.go:64	get livestream
2026-09-22T08:52:04.211Z	info	staff-logger	scenario/viewer.go:83	visit livestream
2026-09-22T08:52:04.255Z	info	staff-logger	scenario/viewer.go:32	basic viewer scenario
2026-09-22T08:52:04.255Z	info	staff-logger	scenario/viewer.go:56	visit top
2026-09-22T08:52:04.255Z	info	staff-logger	scenario/viewer.go:64	get livestream
2026-09-22T08:52:04.255Z	info	staff-logger	scenario/viewer.go:83	visit livestream
2026-09-22T08:52:04.308Z	info	staff-logger	scenario/viewer.go:32	basic viewer scenario
2026-09-22T08:52:04.308Z	info	staff-logger	scenario/viewer.go:56	visit top
2026-09-22T08:52:04.308Z	info	staff-logger	scenario/viewer.go:64	get livestream
2026-09-22T08:52:04.308Z	info	staff-logger	scenario/viewer.go:83	visit livestream
2026-09-22T08:52:04.363Z	info	staff-logger	scenario/viewer.go:90	get livestream stats
2026-09-22T08:52:04.507Z	info	staff-logger	scenario/viewer.go:32	basic viewer scenario
2026-09-22T08:52:04.507Z	info	staff-logger	scenario/viewer.go:56	visit top
2026-09-22T08:52:04.507Z	info	staff-logger	scenario/viewer.go:64	get livestream
2026-09-22T08:52:04.507Z	info	staff-logger	scenario/viewer.go:83	visit livestream
2026-09-22T08:52:04.589Z	info	staff-logger	scenario/viewer.go:64	get livestream
2026-09-22T08:52:04.589Z	info	staff-logger	scenario/viewer.go:76	visit user profile
2026-09-22T08:52:04.675Z	info	staff-logger	scenario/viewer.go:83	visit livestream
2026-09-22T08:52:04.743Z	info	staff-logger	scenario/streamer.go:48	change icon
2026-09-22T08:52:04.947Z	info	staff-logger	scenario/viewer.go:32	basic viewer scenario
2026-09-22T08:52:04.947Z	info	staff-logger	scenario/viewer.go:56	visit top
2026-09-22T08:52:04.947Z	info	staff-logger	scenario/viewer.go:64	get livestream
2026-09-22T08:52:04.947Z	info	staff-logger	scenario/viewer.go:83	visit livestream
2026-09-22T08:52:05.102Z	info	staff-logger	scenario/viewer.go:32	basic viewer scenario
2026-09-22T08:52:05.102Z	info	staff-logger	scenario/viewer.go:56	visit top
2026-09-22T08:52:05.102Z	info	staff-logger	scenario/viewer.go:64	get livestream
2026-09-22T08:52:05.102Z	info	staff-logger	scenario/viewer.go:83	visit livestream
2026-09-22T08:52:05.144Z	info	staff-logger	scenario/viewer.go:32	basic viewer scenario
2026-09-22T08:52:05.144Z	info	staff-logger	scenario/viewer.go:56	visit top
2026-09-22T08:52:05.144Z	info	staff-logger	scenario/viewer.go:64	get livestream
2026-09-22T08:52:05.144Z	info	staff-logger	scenario/viewer.go:83	visit livestream
2026-09-22T08:52:05.171Z	info	staff-logger	scenario/viewer.go:32	basic viewer scenario
2026-09-22T08:52:05.171Z	info	staff-logger	scenario/viewer.go:56	visit top
2026-09-22T08:52:05.171Z	info	staff-logger	scenario/viewer.go:64	get livestream
2026-09-22T08:52:05.171Z	info	staff-logger	scenario/viewer.go:83	visit livestream
2026-09-22T08:52:05.181Z	info	staff-logger	scenario/viewer.go:32	basic viewer scenario
2026-09-22T08:52:05.181Z	info	staff-logger	scenario/viewer.go:56	visit top
2026-09-22T08:52:05.181Z	info	staff-logger	scenario/viewer.go:64	get livestream
2026-09-22T08:52:05.181Z	info	staff-logger	scenario/viewer.go:83	visit livestream
2026-09-22T08:52:05.260Z	info	staff-logger	scenario/viewer.go:83	visit livestream
2026-09-22T08:52:05.315Z	info	staff-logger	scenario/viewer.go:90	get livestream stats
2026-09-22T08:52:05.479Z	info	staff-logger	scenario/viewer.go:32	basic viewer scenario
2026-09-22T08:52:05.479Z	info	staff-logger	scenario/viewer.go:56	visit top
2026-09-22T08:52:05.479Z	info	staff-logger	scenario/viewer.go:64	get livestream
2026-09-22T08:52:05.479Z	info	staff-logger	scenario/viewer.go:83	visit livestream
2026-09-22T08:52:05.581Z	info	staff-logger	scenario/viewer.go:32	basic viewer scenario
2026-09-22T08:52:05.582Z	info	staff-logger	scenario/viewer.go:56	visit top
2026-09-22T08:52:05.582Z	info	staff-logger	scenario/viewer.go:64	get livestream
2026-09-22T08:52:05.582Z	info	staff-logger	scenario/viewer.go:83	visit livestream
2026-09-22T08:52:05.602Z	info	staff-logger	scenario/viewer.go:32	basic viewer scenario
2026-09-22T08:52:05.602Z	info	staff-logger	scenario/viewer.go:56	visit top
2026-09-22T08:52:05.657Z	info	staff-logger	scenario/viewer.go:90	get livestream stats
2026-09-22T08:52:05.715Z	info	staff-logger	scenario/viewer.go:90	get livestream stats
2026-09-22T08:52:05.786Z	info	staff-logger	scenario/viewer.go:32	basic viewer scenario
2026-09-22T08:52:05.786Z	info	staff-logger	scenario/viewer.go:56	visit top
2026-09-22T08:52:05.786Z	info	staff-logger	scenario/viewer.go:64	get livestream
2026-09-22T08:52:05.786Z	info	staff-logger	scenario/viewer.go:83	visit livestream
2026-09-22T08:52:05.823Z	info	staff-logger	scenario/viewer.go:32	basic viewer scenario
2026-09-22T08:52:05.823Z	info	staff-logger	scenario/viewer.go:56	visit top
2026-09-22T08:52:05.823Z	info	staff-logger	scenario/viewer.go:64	get livestream
2026-09-22T08:52:05.823Z	info	staff-logger	scenario/viewer.go:83	visit livestream
2026-09-22T08:52:05.910Z	info	staff-logger	scenario/viewer.go:32	basic viewer scenario
2026-09-22T08:52:05.910Z	info	staff-logger	scenario/viewer.go:56	visit top
2026-09-22T08:52:05.910Z	info	staff-logger	scenario/viewer.go:64	get livestream
2026-09-22T08:52:05.910Z	info	staff-logger	scenario/viewer.go:83	visit livestream
2026-09-22T08:52:06.012Z	info	staff-logger	scenario/viewer.go:32	basic viewer scenario
2026-09-22T08:52:06.012Z	info	staff-logger	scenario/viewer.go:56	visit top
2026-09-22T08:52:06.012Z	info	staff-logger	scenario/viewer.go:64	get livestream
2026-09-22T08:52:06.012Z	info	staff-logger	scenario/viewer.go:83	visit livestream
2026-09-22T08:52:06.034Z	info	staff-logger	scenario/viewer.go:32	basic viewer scenario
2026-09-22T08:52:06.035Z	info	staff-logger	scenario/viewer.go:56	visit top
2026-09-22T08:52:06.035Z	info	staff-logger	scenario/viewer.go:64	get livestream
2026-09-22T08:52:06.035Z	info	staff-logger	scenario/viewer.go:83	visit livestream
2026-09-22T08:52:06.215Z	info	staff-logger	scenario/viewer.go:32	basic viewer scenario
2026-09-22T08:52:06.215Z	info	staff-logger	scenario/viewer.go:56	visit top
2026-09-22T08:52:06.215Z	info	staff-logger	scenario/viewer.go:64	get livestream
2026-09-22T08:52:06.215Z	info	staff-logger	scenario/viewer.go:83	visit livestream
2026-09-22T08:52:06.233Z	info	staff-logger	scenario/viewer.go:32	basic viewer scenario
2026-09-22T08:52:06.233Z	info	staff-logger	scenario/viewer.go:46	change icon
2026-09-22T08:52:06.281Z	info	staff-logger	scenario/viewer.go:56	visit top
2026-09-22T08:52:06.290Z	info	staff-logger	scenario/viewer.go:64	get livestream
2026-09-22T08:52:06.290Z	info	staff-logger	scenario/viewer.go:76	visit user profile
2026-09-22T08:52:06.349Z	info	staff-logger	scenario/viewer.go:32	basic viewer scenario
2026-09-22T08:52:06.349Z	info	staff-logger	scenario/viewer.go:56	visit top
2026-09-22T08:52:06.349Z	info	staff-logger	scenario/viewer.go:64	get livestream
2026-09-22T08:52:06.349Z	info	staff-logger	scenario/viewer.go:83	visit livestream
2026-09-22T08:52:06.373Z	info	staff-logger	scenario/viewer.go:32	basic viewer scenario
2026-09-22T08:52:06.373Z	info	staff-logger	scenario/viewer.go:56	visit top
2026-09-22T08:52:06.373Z	info	staff-logger	scenario/viewer.go:64	get livestream
2026-09-22T08:52:06.373Z	info	staff-logger	scenario/viewer.go:83	visit livestream
2026-09-22T08:52:06.464Z	info	staff-logger	scenario/viewer.go:32	basic viewer scenario
2026-09-22T08:52:06.464Z	info	staff-logger	scenario/viewer.go:56	visit top
2026-09-22T08:52:06.665Z	info	staff-logger	scenario/viewer.go:83	visit livestream
2026-09-22T08:52:06.686Z	info	staff-logger	scenario/viewer.go:32	basic viewer scenario
2026-09-22T08:52:06.686Z	info	staff-logger	scenario/viewer.go:56	visit top
2026-09-22T08:52:06.686Z	info	staff-logger	scenario/viewer.go:64	get livestream
2026-09-22T08:52:06.686Z	info	staff-logger	scenario/viewer.go:83	visit livestream
2026-09-22T08:52:06.916Z	info	staff-logger	scenario/viewer.go:64	get livestream
2026-09-22T08:52:06.916Z	info	staff-logger	scenario/viewer.go:76	visit user profile
2026-09-22T08:52:06.926Z	info	staff-logger	scenario/viewer.go:32	basic viewer scenario
2026-09-22T08:52:06.926Z	info	staff-logger	scenario/viewer.go:56	visit top
2026-09-22T08:52:06.926Z	info	staff-logger	scenario/viewer.go:64	get livestream
2026-09-22T08:52:06.926Z	info	staff-logger	scenario/viewer.go:83	visit livestream
2026-09-22T08:52:06.933Z	info	staff-logger	scenario/viewer.go:32	basic viewer scenario
2026-09-22T08:52:06.933Z	info	staff-logger	scenario/viewer.go:56	visit top
2026-09-22T08:52:06.933Z	info	staff-logger	scenario/viewer.go:64	get livestream
2026-09-22T08:52:06.933Z	info	staff-logger	scenario/viewer.go:83	visit livestream
2026-09-22T08:52:07.094Z	info	staff-logger	scenario/viewer.go:32	basic viewer scenario
2026-09-22T08:52:07.095Z	info	staff-logger	scenario/viewer.go:56	visit top
2026-09-22T08:52:07.095Z	info	staff-logger	scenario/viewer.go:64	get livestream
2026-09-22T08:52:07.095Z	info	staff-logger	scenario/viewer.go:83	visit livestream
2026-09-22T08:52:07.130Z	info	staff-logger	scenario/viewer.go:32	basic viewer scenario
2026-09-22T08:52:07.130Z	info	staff-logger	scenario/viewer.go:56	visit top
2026-09-22T08:52:07.187Z	info	staff-logger	scenario/viewer.go:64	get livestream
2026-09-22T08:52:07.187Z	info	staff-logger	scenario/viewer.go:76	visit user profile
2026-09-22T08:52:07.226Z	info	staff-logger	scenario/viewer.go:32	basic viewer scenario
2026-09-22T08:52:07.226Z	info	staff-logger	scenario/viewer.go:56	visit top
2026-09-22T08:52:07.226Z	info	staff-logger	scenario/viewer.go:64	get livestream
2026-09-22T08:52:07.226Z	info	staff-logger	scenario/viewer.go:83	visit livestream
2026-09-22T08:52:07.256Z	info	staff-logger	scenario/viewer.go:32	basic viewer scenario
2026-09-22T08:52:07.256Z	info	staff-logger	scenario/viewer.go:56	visit top
2026-09-22T08:52:07.371Z	info	staff-logger	scenario/viewer.go:32	basic viewer scenario
2026-09-22T08:52:07.371Z	info	staff-logger	scenario/viewer.go:56	visit top
2026-09-22T08:52:07.371Z	info	staff-logger	scenario/viewer.go:64	get livestream
2026-09-22T08:52:07.371Z	info	staff-logger	scenario/viewer.go:83	visit livestream
2026-09-22T08:52:07.408Z	info	staff-logger	scenario/viewer.go:32	basic viewer scenario
2026-09-22T08:52:07.408Z	info	staff-logger	scenario/viewer.go:56	visit top
2026-09-22T08:52:07.408Z	info	staff-logger	scenario/viewer.go:64	get livestream
2026-09-22T08:52:07.408Z	info	staff-logger	scenario/viewer.go:83	visit livestream
2026-09-22T08:52:07.460Z	info	staff-logger	scenario/viewer.go:90	get livestream stats
2026-09-22T08:52:07.607Z	info	staff-logger	scenario/viewer.go:32	basic viewer scenario
2026-09-22T08:52:07.607Z	info	staff-logger	scenario/viewer.go:56	visit top
2026-09-22T08:52:07.608Z	info	staff-logger	scenario/viewer.go:64	get livestream
2026-09-22T08:52:07.608Z	info	staff-logger	scenario/viewer.go:83	visit livestream
2026-09-22T08:52:07.651Z	info	staff-logger	scenario/viewer.go:83	visit livestream
2026-09-22T08:52:07.651Z	info	staff-logger	scenario/viewer.go:32	basic viewer scenario
2026-09-22T08:52:07.651Z	info	staff-logger	scenario/viewer.go:56	visit top
2026-09-22T08:52:07.651Z	info	staff-logger	scenario/viewer.go:64	get livestream
2026-09-22T08:52:07.651Z	info	staff-logger	scenario/viewer.go:83	visit livestream
2026-09-22T08:52:07.864Z	info	staff-logger	scenario/viewer.go:64	get livestream
2026-09-22T08:52:07.864Z	info	staff-logger	scenario/viewer.go:76	visit user profile
2026-09-22T08:52:07.871Z	info	staff-logger	scenario/viewer.go:32	basic viewer scenario
2026-09-22T08:52:07.871Z	info	staff-logger	scenario/viewer.go:56	visit top
2026-09-22T08:52:07.871Z	info	staff-logger	scenario/viewer.go:64	get livestream
2026-09-22T08:52:07.871Z	info	staff-logger	scenario/viewer.go:83	visit livestream
2026-09-22T08:52:07.956Z	info	staff-logger	scenario/viewer.go:64	get livestream
2026-09-22T08:52:07.956Z	info	staff-logger	scenario/viewer.go:76	visit user profile
2026-09-22T08:52:07.972Z	info	staff-logger	scenario/viewer.go:32	basic viewer scenario
2026-09-22T08:52:07.973Z	info	staff-logger	scenario/viewer.go:56	visit top
2026-09-22T08:52:07.980Z	info	staff-logger	scenario/viewer.go:32	basic viewer scenario
2026-09-22T08:52:07.980Z	info	staff-logger	scenario/viewer.go:56	visit top
2026-09-22T08:52:07.980Z	info	staff-logger	scenario/viewer.go:64	get livestream
2026-09-22T08:52:07.980Z	info	staff-logger	scenario/viewer.go:83	visit livestream
2026-09-22T08:52:07.983Z	info	staff-logger	scenario/viewer.go:83	visit livestream
2026-09-22T08:52:08.064Z	info	staff-logger	scenario/viewer.go:32	basic viewer scenario
2026-09-22T08:52:08.064Z	info	staff-logger	scenario/viewer.go:56	visit top
2026-09-22T08:52:08.064Z	info	staff-logger	scenario/viewer.go:64	get livestream
2026-09-22T08:52:08.064Z	info	staff-logger	scenario/viewer.go:83	visit livestream
2026-09-22T08:52:08.123Z	info	staff-logger	scenario/viewer.go:32	basic viewer scenario
2026-09-22T08:52:08.123Z	info	staff-logger	scenario/viewer.go:56	visit top
2026-09-22T08:52:08.123Z	info	staff-logger	scenario/viewer.go:64	get livestream
2026-09-22T08:52:08.123Z	info	staff-logger	scenario/viewer.go:83	visit livestream
2026-09-22T08:52:08.341Z	warn	staff-logger	scenario/streamer.go:160	streamer_moderate: failed to moderate: benchmark-timeout: [リクエストタイムアウト] POST /api/livestream/7522/moderate: Post "https://endoyui0.u.isucon.local:443/api/livestream/7522/moderate": context deadline exceeded (Client.Timeout exceeded while awaiting headers): タイムアウトによりリクエスト失敗

2026-09-22T08:52:08.366Z	info	staff-logger	scenario/streamer.go:48	change icon
2026-09-22T08:52:08.391Z	info	staff-logger	scenario/viewer.go:32	basic viewer scenario
2026-09-22T08:52:08.391Z	info	staff-logger	scenario/viewer.go:56	visit top
2026-09-22T08:52:08.392Z	info	staff-logger	scenario/viewer.go:64	get livestream
2026-09-22T08:52:08.392Z	info	staff-logger	scenario/viewer.go:83	visit livestream
2026-09-22T08:52:08.429Z	info	staff-logger	scenario/viewer.go:32	basic viewer scenario
2026-09-22T08:52:08.429Z	info	staff-logger	scenario/viewer.go:56	visit top
2026-09-22T08:52:08.429Z	info	staff-logger	scenario/viewer.go:64	get livestream
2026-09-22T08:52:08.429Z	info	staff-logger	scenario/viewer.go:83	visit livestream
2026-09-22T08:52:08.490Z	info	staff-logger	scenario/viewer.go:32	basic viewer scenario
2026-09-22T08:52:08.490Z	info	staff-logger	scenario/viewer.go:56	visit top
2026-09-22T08:52:08.490Z	info	staff-logger	scenario/viewer.go:64	get livestream
2026-09-22T08:52:08.490Z	info	staff-logger	scenario/viewer.go:83	visit livestream
2026-09-22T08:52:08.576Z	info	staff-logger	scenario/viewer.go:83	visit livestream
2026-09-22T08:52:08.688Z	info	staff-logger	scenario/viewer.go:83	visit livestream
2026-09-22T08:52:08.692Z	info	staff-logger	scenario/viewer.go:64	get livestream
2026-09-22T08:52:08.692Z	info	staff-logger	scenario/viewer.go:76	visit user profile
2026-09-22T08:52:08.853Z	info	staff-logger	scenario/viewer.go:32	basic viewer scenario
2026-09-22T08:52:08.853Z	info	staff-logger	scenario/viewer.go:56	visit top
2026-09-22T08:52:08.853Z	info	staff-logger	scenario/viewer.go:64	get livestream
2026-09-22T08:52:08.853Z	info	staff-logger	scenario/viewer.go:83	visit livestream
2026-09-22T08:52:08.884Z	info	staff-logger	scenario/viewer.go:32	basic viewer scenario
2026-09-22T08:52:08.884Z	info	staff-logger	scenario/viewer.go:56	visit top
2026-09-22T08:52:08.884Z	info	staff-logger	scenario/viewer.go:64	get livestream
2026-09-22T08:52:08.884Z	info	staff-logger	scenario/viewer.go:83	visit livestream
2026-09-22T08:52:08.915Z	info	staff-logger	scenario/viewer.go:32	basic viewer scenario
2026-09-22T08:52:08.915Z	info	staff-logger	scenario/viewer.go:56	visit top
2026-09-22T08:52:08.915Z	info	staff-logger	scenario/viewer.go:64	get livestream
2026-09-22T08:52:08.915Z	info	staff-logger	scenario/viewer.go:83	visit livestream
2026-09-22T08:52:08.973Z	info	staff-logger	scenario/viewer.go:90	get livestream stats
2026-09-22T08:52:08.989Z	info	staff-logger	scenario/viewer.go:32	basic viewer scenario
2026-09-22T08:52:08.989Z	info	staff-logger	scenario/viewer.go:56	visit top
2026-09-22T08:52:08.989Z	info	staff-logger	scenario/viewer.go:64	get livestream
2026-09-22T08:52:08.989Z	info	staff-logger	scenario/viewer.go:83	visit livestream
2026-09-22T08:52:09.045Z	info	staff-logger	scenario/viewer.go:32	basic viewer scenario
2026-09-22T08:52:09.045Z	info	staff-logger	scenario/viewer.go:56	visit top
2026-09-22T08:52:09.045Z	info	staff-logger	scenario/viewer.go:64	get livestream
2026-09-22T08:52:09.045Z	info	staff-logger	scenario/viewer.go:83	visit livestream
2026-09-22T08:52:09.218Z	info	staff-logger	scenario/viewer.go:32	basic viewer scenario
2026-09-22T08:52:09.218Z	info	staff-logger	scenario/viewer.go:56	visit top
2026-09-22T08:52:09.218Z	info	staff-logger	scenario/viewer.go:64	get livestream
2026-09-22T08:52:09.218Z	info	staff-logger	scenario/viewer.go:83	visit livestream
2026-09-22T08:52:09.284Z	info	staff-logger	scenario/viewer.go:32	basic viewer scenario
2026-09-22T08:52:09.284Z	info	staff-logger	scenario/viewer.go:56	visit top
2026-09-22T08:52:09.284Z	info	staff-logger	scenario/viewer.go:64	get livestream
2026-09-22T08:52:09.284Z	info	staff-logger	scenario/viewer.go:83	visit livestream
2026-09-22T08:52:09.385Z	info	isupipe-benchmarker	ベンチマーク走行を停止します
2026-09-22T08:52:09.386Z	warn	staff-logger	scenario/viewer.go:134	view: failed to post reactions: Post "https://nakamuraryohei0.u.isucon.local:443/api/livestream/7554/reaction": context canceled: ベンチマーク走行が継続できないエラーが発生しました

2026-09-22T08:52:09.386Z	warn	staff-logger	scenario/viewer.go:85	view: failed to visit livestream: Get "https://yamazakikyosuke0.u.isucon.local:443/api/livestream/7559/reaction?limit=10": context canceled: ベンチマーク走行が継続できないエラーが発生しました

2026-09-22T08:52:09.386Z	warn	staff-logger	scenario/viewer.go:134	view: failed to post reactions: Post "https://nanamimatsumoto0.u.isucon.local:443/api/livestream/7678/reaction": context canceled: ベンチマーク走行が継続できないエラーが発生しました

2026-09-22T08:52:09.386Z	warn	staff-logger	scenario/viewer.go:101	view: failed to get livecomments: Get "https://nanamimatsumoto0.u.isucon.local:443/api/livestream/7678/livecomment": context canceled: ベンチマーク走行が継続できないエラーが発生しました

2026-09-22T08:52:09.386Z	warn	staff-logger	scenario/viewer.go:101	view: failed to get livecomments: Get "https://nanamimatsumoto0.u.isucon.local:443/api/livestream/7678/livecomment": context canceled: ベンチマーク走行が継続できないエラーが発生しました

2026-09-22T08:52:09.386Z	warn	staff-logger	scenario/viewer.go:101	view: failed to get livecomments: Get "https://nanamimatsumoto0.u.isucon.local:443/api/livestream/7678/livecomment": context canceled: ベンチマーク走行が継続できないエラーが発生しました

2026-09-22T08:52:09.386Z	warn	staff-logger	scenario/viewer.go:101	view: failed to get livecomments: Get "https://nanamimatsumoto0.u.isucon.local:443/api/livestream/7678/livecomment": context canceled: ベンチマーク走行が継続できないエラーが発生しました

2026-09-22T08:52:09.386Z	warn	staff-logger	scenario/viewer.go:101	view: failed to get livecomments: Get "https://nanamimatsumoto0.u.isucon.local:443/api/livestream/7678/livecomment": context canceled: ベンチマーク走行が継続できないエラーが発生しました

2026-09-22T08:52:09.386Z	warn	staff-logger	scenario/viewer.go:101	view: failed to get livecomments: Get "https://nanamimatsumoto0.u.isucon.local:443/api/livestream/7678/livecomment": context canceled: ベンチマーク走行が継続できないエラーが発生しました

2026-09-22T08:52:09.387Z	warn	isupipe-benchmarker	ライブコメントを配信に投稿できないため、視聴者が離脱します	{"viewer": "tsuzuki2", "livestream_id": 7643, "error": "Post \"https://katominoru0.u.isucon.local:443/api/livestream/7643/livecomment\": context canceled: ベンチマーク走行が継続できないエラーが発生しました"}
2026-09-22T08:52:09.387Z	warn	isupipe-benchmarker	ライブコメントを配信に投稿できないため、視聴者が離脱します	{"viewer": "kyosukeishikawa0", "livestream_id": 7524, "error": "Post \"https://hanako600.u.isucon.local:443/api/livestream/7524/livecomment\": context canceled: ベンチマーク走行が継続できないエラーが発生しました"}
2026-09-22T08:52:09.387Z	warn	isupipe-benchmarker	ライブコメントを配信に投稿できないため、視聴者が離脱します	{"viewer": "atakahashi1", "livestream_id": 7638, "error": "Post \"https://ogawayoichi0.u.isucon.local:443/api/livestream/7638/livecomment\": context canceled: ベンチマーク走行が継続できないエラーが発生しました"}
2026-09-22T08:52:09.386Z	warn	staff-logger	scenario/viewer.go:101	view: failed to get livecomments: Get "https://nanamimatsumoto0.u.isucon.local:443/api/livestream/7678/livecomment": context canceled: ベンチマーク走行が継続できないエラーが発生しました

2026-09-22T08:52:09.386Z	warn	staff-logger	scenario/viewer.go:142	view: failed to leave from livestream: Delete "https://nanamimatsumoto0.u.isucon.local:443/api/livestream/7678/exit": context canceled: ベンチマーク走行が継続できないエラーが発生しました

2026-09-22T08:52:09.387Z	warn	staff-logger	scenario/viewer.go:121	view: failed to post livecomment: Post "https://katominoru0.u.isucon.local:443/api/livestream/7643/livecomment": context canceled: ベンチマーク走行が継続できないエラーが発生しました

2026-09-22T08:52:09.387Z	warn	staff-logger	scenario/viewer.go:121	view: failed to post livecomment: Post "https://hanako600.u.isucon.local:443/api/livestream/7524/livecomment": context canceled: ベンチマーク走行が継続できないエラーが発生しました

2026-09-22T08:52:09.387Z	warn	staff-logger	scenario/viewer.go:121	view: failed to post livecomment: Post "https://ogawayoichi0.u.isucon.local:443/api/livestream/7638/livecomment": context canceled: ベンチマーク走行が継続できないエラーが発生しました

2026-09-22T08:52:09.387Z	warn	staff-logger	scenario/viewer.go:126	view: failed to get reactions: Get "https://maiokamoto0.u.isucon.local:443/api/livestream/7556/reaction": context canceled: ベンチマーク走行が継続できないエラーが発生しました

2026-09-22T08:52:09.387Z	warn	staff-logger	scenario/viewer.go:101	view: failed to get livecomments: Get "https://maiokamoto0.u.isucon.local:443/api/livestream/7556/livecomment": context canceled: ベンチマーク走行が継続できないエラーが発生しました

2026-09-22T08:52:09.387Z	warn	staff-logger	scenario/viewer.go:101	view: failed to get livecomments: Get "https://maiokamoto0.u.isucon.local:443/api/livestream/7556/livecomment": context canceled: ベンチマーク走行が継続できないエラーが発生しました

2026-09-22T08:52:09.387Z	warn	staff-logger	scenario/viewer.go:101	view: failed to get livecomments: Get "https://maiokamoto0.u.isucon.local:443/api/livestream/7556/livecomment": context canceled: ベンチマーク走行が継続できないエラーが発生しました

2026-09-22T08:52:09.387Z	warn	staff-logger	scenario/viewer.go:101	view: failed to get livecomments: Get "https://maiokamoto0.u.isucon.local:443/api/livestream/7556/livecomment": context canceled: ベンチマーク走行が継続できないエラーが発生しました

2026-09-22T08:52:09.387Z	warn	staff-logger	scenario/viewer.go:101	view: failed to get livecomments: Get "https://maiokamoto0.u.isucon.local:443/api/livestream/7556/livecomment": context canceled: ベンチマーク走行が継続できないエラーが発生しました

2026-09-22T08:52:09.387Z	warn	staff-logger	scenario/viewer.go:101	view: failed to get livecomments: Get "https://maiokamoto0.u.isucon.local:443/api/livestream/7556/livecomment": context canceled: ベンチマーク走行が継続できないエラーが発生しました

2026-09-22T08:52:09.387Z	warn	staff-logger	scenario/viewer.go:101	view: failed to get livecomments: Get "https://maiokamoto0.u.isucon.local:443/api/livestream/7556/livecomment": context canceled: ベンチマーク走行が継続できないエラーが発生しました

2026-09-22T08:52:09.387Z	warn	staff-logger	scenario/viewer.go:101	view: failed to get livecomments: Get "https://maiokamoto0.u.isucon.local:443/api/livestream/7556/livecomment": context canceled: ベンチマーク走行が継続できないエラーが発生しました

2026-09-22T08:52:09.387Z	warn	staff-logger	scenario/viewer.go:101	view: failed to get livecomments: Get "https://maiokamoto0.u.isucon.local:443/api/livestream/7556/livecomment": context canceled: ベンチマーク走行が継続できないエラーが発生しました

2026-09-22T08:52:09.387Z	warn	staff-logger	scenario/viewer.go:101	view: failed to get livecomments: Get "https://maiokamoto0.u.isucon.local:443/api/livestream/7556/livecomment": context canceled: ベンチマーク走行が継続できないエラーが発生しました

2026-09-22T08:52:09.387Z	warn	staff-logger	scenario/viewer.go:101	view: failed to get livecomments: Get "https://maiokamoto0.u.isucon.local:443/api/livestream/7556/livecomment": context canceled: ベンチマーク走行が継続できないエラーが発生しました

2026-09-22T08:52:09.388Z	warn	staff-logger	scenario/viewer.go:101	view: failed to get livecomments: Get "https://maiokamoto0.u.isucon.local:443/api/livestream/7556/livecomment": context canceled: ベンチマーク走行が継続できないエラーが発生しました

2026-09-22T08:52:09.388Z	warn	staff-logger	scenario/viewer.go:142	view: failed to leave from livestream: Delete "https://maiokamoto0.u.isucon.local:443/api/livestream/7556/exit": context canceled: ベンチマーク走行が継続できないエラーが発生しました

2026-09-22T08:52:09.388Z	warn	staff-logger	scenario/viewer.go:126	view: failed to get reactions: Get "https://hanako600.u.isucon.local:443/api/livestream/7642/reaction": context canceled: ベンチマーク走行が継続できないエラーが発生しました

2026-09-22T08:52:09.388Z	warn	staff-logger	scenario/viewer.go:101	view: failed to get livecomments: Get "https://hanako600.u.isucon.local:443/api/livestream/7642/livecomment": context canceled: ベンチマーク走行が継続できないエラーが発生しました

2026-09-22T08:52:09.388Z	warn	staff-logger	scenario/viewer.go:101	view: failed to get livecomments: Get "https://hanako600.u.isucon.local:443/api/livestream/7642/livecomment": context canceled: ベンチマーク走行が継続できないエラーが発生しました

2026-09-22T08:52:09.388Z	warn	staff-logger	scenario/viewer.go:101	view: failed to get livecomments: Get "https://hanako600.u.isucon.local:443/api/livestream/7642/livecomment": context canceled: ベンチマーク走行が継続できないエラーが発生しました

2026-09-22T08:52:09.388Z	warn	staff-logger	scenario/viewer.go:101	view: failed to get livecomments: Get "https://hanako600.u.isucon.local:443/api/livestream/7642/livecomment": context canceled: ベンチマーク走行が継続できないエラーが発生しました

2026-09-22T08:52:09.388Z	warn	staff-logger	scenario/viewer.go:142	view: failed to leave from livestream: Delete "https://hanako600.u.isucon.local:443/api/livestream/7642/exit": context canceled: ベンチマーク走行が継続できないエラーが発生しました

2026-09-22T08:52:09.388Z	warn	staff-logger	scenario/streamer.go:91	reserve: failed to reserve: Post "https://isato0.u.isucon.local:443/api/livestream/reservation": context canceled: ベンチマーク走行が継続できないエラーが発生しました

2026-09-22T08:52:09.388Z	warn	staff-logger	scenario/viewer.go:92	view: failed to get livestream stats: Get "https://yoichiendo1.u.isucon.local:443/api/livestream/7588/statistics": context canceled: ベンチマーク走行が継続できないエラーが発生しました

2026-09-22T08:52:09.388Z	warn	staff-logger	scenario/viewer.go:78	view: failed to visit user profile: Get "https://pipe.u.isucon.local:443/api/user/chiyonakamura1/statistics": context canceled: ベンチマーク走行が継続できないエラーが発生しました

2026-09-22T08:52:09.388Z	warn	staff-logger	scenario/streamer.go:160	streamer_moderate: failed to moderate: Post "https://endoyui0.u.isucon.local:443/api/livestream/7522/moderate": context canceled: ベンチマーク走行が継続できないエラーが発生しました

2026-09-22T08:52:09.388Z	warn	staff-logger	scenario/streamer.go:160	streamer_moderate: failed to moderate: Post "https://endoyui0.u.isucon.local:443/api/livestream/7522/moderate": context canceled: ベンチマーク走行が継続できないエラーが発生しました

2026-09-22T08:52:09.388Z	warn	staff-logger	scenario/streamer.go:160	streamer_moderate: failed to moderate: Post "https://endoyui0.u.isucon.local:443/api/livestream/7522/moderate": context canceled: ベンチマーク走行が継続できないエラーが発生しました

2026-09-22T08:52:09.388Z	warn	staff-logger	scenario/streamer.go:160	streamer_moderate: failed to moderate: Post "https://endoyui0.u.isucon.local:443/api/livestream/7522/moderate": context canceled: ベンチマーク走行が継続できないエラーが発生しました

2026-09-22T08:52:09.389Z	warn	staff-logger	scenario/streamer.go:139	streamer_moderate: failed to visit livestream admin: Get "https://pipe.u.isucon.local:443/api/livestream/search?limit=50": context canceled: ベンチマーク走行が継続できないエラーが発生しました

2026-09-22T08:52:09.389Z	warn	staff-logger	scenario/streamer.go:204	aggressive streamer moderate: failed to moderate: Post "https://vkobayashi0.u.isucon.local:443/api/livestream/7598/moderate": context canceled: ベンチマーク走行が継続できないエラーが発生しました

2026-09-22T08:52:09.386Z	warn	staff-logger	scenario/viewer.go:101	view: failed to get livecomments: Get "https://nakamuraryohei0.u.isucon.local:443/api/livestream/7554/livecomment": context canceled: ベンチマーク走行が継続できないエラーが発生しました

2026-09-22T08:52:09.389Z	warn	staff-logger	scenario/viewer.go:142	view: failed to leave from livestream: Delete "https://nakamuraryohei0.u.isucon.local:443/api/livestream/7554/exit": context canceled: ベンチマーク走行が継続できないエラーが発生しました

2026-09-22T08:52:09.386Z	warn	staff-logger	scenario/streamer.go:204	aggressive streamer moderate: failed to moderate: Post "https://qsaito0.u.isucon.local:443/api/livestream/7622/moderate": context canceled: ベンチマーク走行が継続できないエラーが発生しました

2026-09-22T08:52:10.320Z	info	isupipe-benchmarker	ベンチマーク走行終了
2026-09-22T08:52:10.320Z	info	isupipe-benchmarker	最終チェックを実施します
2026-09-22T08:52:10.320Z	info	isupipe-benchmarker	最終チェックが成功しました
2026-09-22T08:52:10.321Z	info	isupipe-benchmarker	重複排除したログを以下に出力します
2026-09-22T08:52:10.320Z	info	staff-logger	bench/bench.go:260	ベンチマーク走行時間: 1m0.935845561s
2026-09-22T08:52:10.321Z	info	staff-logger	bench/bench.go:277	ベンチエラーを収集します
2026-09-22T08:52:10.321Z	info	isupipe-benchmarker	配信を最後まで視聴できた視聴者数	{"viewers": 587}
2026-09-22T08:52:10.321Z	info	staff-logger	bench/bench.go:285	内部エラーを収集します
2026-09-22T08:52:10.321Z	info	staff-logger	bench/bench.go:301	シナリオカウンタを出力します
2026-09-22T08:52:10.321Z	info	staff-logger	bench/bench.go:323	[シナリオ aggressive-streamer-moderate] 15 回成功
2026-09-22T08:52:10.321Z	info	staff-logger	bench/bench.go:323	[シナリオ dns-watertorture-attack] 47 回成功
2026-09-22T08:52:10.321Z	info	staff-logger	bench/bench.go:323	[シナリオ streamer-cold-reserve] 202 回成功
2026-09-22T08:52:10.321Z	info	staff-logger	bench/bench.go:323	[シナリオ streamer-moderate] 181 回成功, 1 回失敗
2026-09-22T08:52:10.321Z	info	staff-logger	bench/bench.go:323	[シナリオ viewer-report] 47 回成功, 9 回失敗
2026-09-22T08:52:10.321Z	info	staff-logger	bench/bench.go:323	[シナリオ viewer-spam] 17 回成功
2026-09-22T08:52:10.321Z	info	staff-logger	bench/bench.go:323	[シナリオ viewer] 587 回成功, 5 回失敗
2026-09-22T08:52:10.321Z	info	staff-logger	bench/bench.go:323	[失敗シナリオ streamer-moderate-fail] 1 回失敗
2026-09-22T08:52:10.321Z	info	staff-logger	bench/bench.go:323	[失敗シナリオ viewer-fail] 5 回失敗
2026-09-22T08:52:10.321Z	info	staff-logger	bench/bench.go:323	[失敗シナリオ viewer-report-fail] 9 回失敗
2026-09-22T08:52:10.321Z	info	staff-logger	bench/bench.go:329	DNSAttacker並列数: 3
2026-09-22T08:52:10.321Z	info	staff-logger	bench/bench.go:330	名前解決成功数: 7509
2026-09-22T08:52:10.321Z	info	staff-logger	bench/bench.go:331	名前解決失敗数: 10
2026-09-22T08:52:10.321Z	info	staff-logger	bench/bench.go:335	スコア: 115960
