sudo: unable to resolve host ip-10-100-0-186: Name or service not known
sudo: unable to resolve host ip-10-100-0-186: Name or service not known
2026-09-22T08:53:23.326Z	info	isupipe-benchmarker	SSL接続が有効になっています
2026-09-22T08:53:23.326Z	info	isupipe-benchmarker	静的ファイルチェックを行います
2026-09-22T08:53:23.326Z	info	isupipe-benchmarker	静的ファイルチェックが完了しました
2026-09-22T08:53:23.326Z	info	isupipe-benchmarker	webappの初期化を行います
2026-09-22T08:53:23.326Z	info	staff-logger	bench/bench.go:172	SSL接続が有効になっています
2026-09-22T08:53:23.326Z	info	staff-logger	bench/bench.go:193	webapp: https://pipe.u.isucon.local:443
2026-09-22T08:53:23.326Z	info	staff-logger	bench/bench.go:194	nameserver: 10.100.0.155:53
2026-09-22T08:53:25.984Z	info	isupipe-benchmarker	ベンチマーク走行前のデータ整合性チェックを行います
2026-09-22T08:53:31.163Z	info	isupipe-benchmarker	整合性チェックが成功しました
2026-09-22T08:53:31.163Z	info	isupipe-benchmarker	ベンチマーク走行を開始します
2026-09-22T08:53:31.174Z	info	staff-logger	scenario/viewer.go:32	basic viewer scenario
2026-09-22T08:53:31.174Z	info	staff-logger	scenario/viewer.go:32	basic viewer scenario
2026-09-22T08:53:31.174Z	info	staff-logger	scenario/viewer.go:32	basic viewer scenario
2026-09-22T08:53:31.175Z	info	staff-logger	scenario/viewer.go:32	basic viewer scenario
2026-09-22T08:53:31.175Z	info	staff-logger	scenario/viewer.go:32	basic viewer scenario
2026-09-22T08:53:31.175Z	info	staff-logger	scenario/viewer.go:32	basic viewer scenario
2026-09-22T08:53:31.175Z	info	staff-logger	scenario/viewer.go:32	basic viewer scenario
2026-09-22T08:53:31.175Z	info	staff-logger	scenario/viewer.go:32	basic viewer scenario
2026-09-22T08:53:31.175Z	info	staff-logger	scenario/viewer.go:32	basic viewer scenario
2026-09-22T08:53:31.175Z	info	staff-logger	scenario/viewer.go:32	basic viewer scenario
2026-09-22T08:53:31.293Z	info	staff-logger	scenario/viewer.go:56	visit top
2026-09-22T08:53:31.293Z	info	staff-logger	scenario/viewer.go:64	get livestream
2026-09-22T08:53:31.320Z	info	staff-logger	scenario/viewer.go:83	visit livestream
2026-09-22T08:53:31.372Z	info	staff-logger	scenario/streamer.go:48	change icon
2026-09-22T08:53:31.427Z	info	staff-logger	scenario/viewer.go:56	visit top
2026-09-22T08:53:31.427Z	info	staff-logger	scenario/viewer.go:64	get livestream
2026-09-22T08:53:31.505Z	info	staff-logger	scenario/viewer.go:83	visit livestream
2026-09-22T08:53:31.582Z	info	staff-logger	scenario/viewer.go:32	basic viewer scenario
2026-09-22T08:53:31.584Z	info	staff-logger	scenario/viewer.go:56	visit top
2026-09-22T08:53:31.584Z	info	staff-logger	scenario/viewer.go:64	get livestream
2026-09-22T08:53:31.584Z	info	staff-logger	scenario/viewer.go:83	visit livestream
2026-09-22T08:53:31.596Z	info	staff-logger	scenario/viewer.go:46	change icon
2026-09-22T08:53:31.596Z	info	staff-logger	scenario/viewer.go:32	basic viewer scenario
2026-09-22T08:53:31.612Z	info	staff-logger	scenario/viewer.go:56	visit top
2026-09-22T08:53:31.612Z	info	staff-logger	scenario/viewer.go:64	get livestream
2026-09-22T08:53:31.612Z	info	staff-logger	scenario/viewer.go:83	visit livestream
2026-09-22T08:53:31.645Z	info	staff-logger	scenario/viewer.go:56	visit top
2026-09-22T08:53:31.749Z	info	staff-logger	scenario/viewer.go:32	basic viewer scenario
2026-09-22T08:53:31.768Z	info	staff-logger	scenario/viewer.go:56	visit top
2026-09-22T08:53:31.792Z	info	staff-logger	scenario/viewer.go:56	visit top
2026-09-22T08:53:31.966Z	info	staff-logger	scenario/viewer.go:56	visit top
2026-09-22T08:53:31.966Z	info	staff-logger	scenario/viewer.go:64	get livestream
2026-09-22T08:53:31.966Z	info	staff-logger	scenario/viewer.go:83	visit livestream
2026-09-22T08:53:31.981Z	info	staff-logger	scenario/viewer.go:64	get livestream
2026-09-22T08:53:31.981Z	info	staff-logger	scenario/viewer.go:76	visit user profile
2026-09-22T08:53:32.074Z	info	staff-logger	scenario/streamer.go:48	change icon
2026-09-22T08:53:32.082Z	info	staff-logger	scenario/viewer.go:56	visit top
2026-09-22T08:53:32.082Z	info	staff-logger	scenario/viewer.go:64	get livestream
2026-09-22T08:53:32.082Z	info	staff-logger	scenario/viewer.go:32	basic viewer scenario
2026-09-22T08:53:32.082Z	info	staff-logger	scenario/viewer.go:83	visit livestream
2026-09-22T08:53:32.126Z	info	staff-logger	scenario/viewer.go:83	visit livestream
2026-09-22T08:53:32.197Z	info	staff-logger	scenario/viewer.go:64	get livestream
2026-09-22T08:53:32.197Z	info	staff-logger	scenario/viewer.go:76	visit user profile
2026-09-22T08:53:32.206Z	info	staff-logger	scenario/viewer.go:64	get livestream
2026-09-22T08:53:32.206Z	info	staff-logger	scenario/viewer.go:76	visit user profile
2026-09-22T08:53:32.220Z	info	staff-logger	scenario/viewer.go:56	visit top
2026-09-22T08:53:32.220Z	info	staff-logger	scenario/viewer.go:64	get livestream
2026-09-22T08:53:32.221Z	info	staff-logger	scenario/viewer.go:83	visit livestream
2026-09-22T08:53:32.221Z	info	staff-logger	scenario/viewer.go:32	basic viewer scenario
2026-09-22T08:53:32.252Z	info	staff-logger	scenario/viewer.go:56	visit top
2026-09-22T08:53:32.252Z	info	staff-logger	scenario/viewer.go:64	get livestream
2026-09-22T08:53:32.252Z	info	staff-logger	scenario/viewer.go:83	visit livestream
2026-09-22T08:53:32.350Z	info	staff-logger	scenario/viewer.go:83	visit livestream
2026-09-22T08:53:32.350Z	info	staff-logger	scenario/viewer.go:83	visit livestream
2026-09-22T08:53:32.400Z	info	staff-logger	scenario/viewer.go:32	basic viewer scenario
2026-09-22T08:53:32.438Z	info	staff-logger	scenario/viewer.go:56	visit top
2026-09-22T08:53:32.438Z	info	staff-logger	scenario/viewer.go:64	get livestream
2026-09-22T08:53:32.438Z	info	staff-logger	scenario/viewer.go:83	visit livestream
2026-09-22T08:53:32.458Z	info	staff-logger	scenario/viewer.go:56	visit top
2026-09-22T08:53:32.458Z	info	staff-logger	scenario/viewer.go:64	get livestream
2026-09-22T08:53:32.458Z	info	staff-logger	scenario/viewer.go:83	visit livestream
2026-09-22T08:53:32.527Z	info	staff-logger	scenario/viewer.go:32	basic viewer scenario
2026-09-22T08:53:32.535Z	info	staff-logger	scenario/viewer.go:56	visit top
2026-09-22T08:53:32.535Z	info	staff-logger	scenario/viewer.go:64	get livestream
2026-09-22T08:53:32.535Z	info	staff-logger	scenario/viewer.go:83	visit livestream
2026-09-22T08:53:32.621Z	info	staff-logger	scenario/viewer.go:32	basic viewer scenario
2026-09-22T08:53:32.639Z	info	staff-logger	scenario/viewer.go:56	visit top
2026-09-22T08:53:32.718Z	info	staff-logger	scenario/viewer.go:56	visit top
2026-09-22T08:53:32.718Z	info	staff-logger	scenario/viewer.go:64	get livestream
2026-09-22T08:53:32.718Z	info	staff-logger	scenario/viewer.go:83	visit livestream
2026-09-22T08:53:32.718Z	info	staff-logger	scenario/viewer.go:32	basic viewer scenario
2026-09-22T08:53:32.771Z	info	staff-logger	scenario/viewer.go:56	visit top
2026-09-22T08:53:32.771Z	info	staff-logger	scenario/viewer.go:64	get livestream
2026-09-22T08:53:32.771Z	info	staff-logger	scenario/viewer.go:83	visit livestream
2026-09-22T08:53:32.794Z	info	staff-logger	scenario/viewer.go:32	basic viewer scenario
2026-09-22T08:53:32.800Z	info	staff-logger	scenario/viewer.go:56	visit top
2026-09-22T08:53:32.800Z	info	staff-logger	scenario/viewer.go:64	get livestream
2026-09-22T08:53:32.800Z	info	staff-logger	scenario/viewer.go:83	visit livestream
2026-09-22T08:53:32.926Z	info	staff-logger	scenario/viewer.go:56	visit top
2026-09-22T08:53:32.926Z	info	staff-logger	scenario/viewer.go:64	get livestream
2026-09-22T08:53:32.926Z	info	staff-logger	scenario/viewer.go:83	visit livestream
2026-09-22T08:53:32.926Z	info	staff-logger	scenario/viewer.go:32	basic viewer scenario
2026-09-22T08:53:33.005Z	info	staff-logger	scenario/viewer.go:56	visit top
2026-09-22T08:53:33.005Z	info	staff-logger	scenario/viewer.go:64	get livestream
2026-09-22T08:53:33.005Z	info	staff-logger	scenario/viewer.go:83	visit livestream
2026-09-22T08:53:33.005Z	info	staff-logger	scenario/viewer.go:32	basic viewer scenario
2026-09-22T08:53:33.033Z	info	staff-logger	scenario/viewer.go:56	visit top
2026-09-22T08:53:33.058Z	info	staff-logger	scenario/viewer.go:56	visit top
2026-09-22T08:53:33.058Z	info	staff-logger	scenario/viewer.go:64	get livestream
2026-09-22T08:53:33.058Z	info	staff-logger	scenario/viewer.go:83	visit livestream
2026-09-22T08:53:33.058Z	info	staff-logger	scenario/viewer.go:32	basic viewer scenario
2026-09-22T08:53:33.108Z	info	staff-logger	scenario/viewer.go:32	basic viewer scenario
2026-09-22T08:53:33.147Z	info	staff-logger	scenario/streamer.go:48	change icon
2026-09-22T08:53:33.169Z	info	staff-logger	scenario/viewer.go:56	visit top
2026-09-22T08:53:33.169Z	info	staff-logger	scenario/viewer.go:64	get livestream
2026-09-22T08:53:33.169Z	info	staff-logger	scenario/viewer.go:83	visit livestream
2026-09-22T08:53:33.174Z	info	isupipe-benchmarker	DNS水責め負荷が上昇します	{"parallelis": 3}
2026-09-22T08:53:33.216Z	info	staff-logger	scenario/viewer.go:56	visit top
2026-09-22T08:53:33.216Z	info	staff-logger	scenario/viewer.go:64	get livestream
2026-09-22T08:53:33.216Z	info	staff-logger	scenario/viewer.go:83	visit livestream
2026-09-22T08:53:33.216Z	info	staff-logger	scenario/viewer.go:32	basic viewer scenario
2026-09-22T08:53:33.234Z	info	staff-logger	scenario/viewer.go:56	visit top
2026-09-22T08:53:33.234Z	info	staff-logger	scenario/viewer.go:64	get livestream
2026-09-22T08:53:33.234Z	info	staff-logger	scenario/viewer.go:83	visit livestream
2026-09-22T08:53:33.234Z	info	staff-logger	scenario/viewer.go:32	basic viewer scenario
2026-09-22T08:53:33.234Z	info	staff-logger	scenario/viewer.go:64	get livestream
2026-09-22T08:53:33.234Z	info	staff-logger	scenario/viewer.go:76	visit user profile
2026-09-22T08:53:33.265Z	info	staff-logger	scenario/viewer.go:56	visit top
2026-09-22T08:53:33.265Z	info	staff-logger	scenario/viewer.go:64	get livestream
2026-09-22T08:53:33.265Z	info	staff-logger	scenario/viewer.go:83	visit livestream
2026-09-22T08:53:33.355Z	info	staff-logger	scenario/viewer.go:32	basic viewer scenario
2026-09-22T08:53:33.381Z	info	staff-logger	scenario/viewer.go:83	visit livestream
2026-09-22T08:53:33.415Z	info	staff-logger	scenario/viewer.go:56	visit top
2026-09-22T08:53:33.415Z	info	staff-logger	scenario/viewer.go:64	get livestream
2026-09-22T08:53:33.415Z	info	staff-logger	scenario/viewer.go:83	visit livestream
2026-09-22T08:53:33.688Z	info	staff-logger	scenario/viewer.go:32	basic viewer scenario
2026-09-22T08:53:33.703Z	info	staff-logger	scenario/viewer.go:56	visit top
2026-09-22T08:53:33.703Z	info	staff-logger	scenario/viewer.go:64	get livestream
2026-09-22T08:53:33.704Z	info	staff-logger	scenario/viewer.go:83	visit livestream
2026-09-22T08:53:33.715Z	info	staff-logger	scenario/viewer.go:64	get livestream
2026-09-22T08:53:33.716Z	info	staff-logger	scenario/viewer.go:76	visit user profile
2026-09-22T08:53:33.909Z	info	staff-logger	scenario/viewer.go:32	basic viewer scenario
2026-09-22T08:53:33.909Z	info	staff-logger	scenario/viewer.go:56	visit top
2026-09-22T08:53:33.909Z	info	staff-logger	scenario/viewer.go:64	get livestream
2026-09-22T08:53:33.909Z	info	staff-logger	scenario/viewer.go:83	visit livestream
2026-09-22T08:53:33.924Z	info	staff-logger	scenario/viewer.go:32	basic viewer scenario
2026-09-22T08:53:33.924Z	info	staff-logger	scenario/viewer.go:56	visit top
2026-09-22T08:53:33.924Z	info	staff-logger	scenario/viewer.go:64	get livestream
2026-09-22T08:53:33.924Z	info	staff-logger	scenario/viewer.go:83	visit livestream
2026-09-22T08:53:33.988Z	info	staff-logger	scenario/viewer.go:83	visit livestream
2026-09-22T08:53:34.069Z	info	staff-logger	scenario/viewer.go:32	basic viewer scenario
2026-09-22T08:53:34.069Z	info	staff-logger	scenario/viewer.go:56	visit top
2026-09-22T08:53:34.069Z	info	staff-logger	scenario/viewer.go:64	get livestream
2026-09-22T08:53:34.069Z	info	staff-logger	scenario/viewer.go:83	visit livestream
2026-09-22T08:53:34.257Z	info	staff-logger	scenario/viewer.go:32	basic viewer scenario
2026-09-22T08:53:34.257Z	info	staff-logger	scenario/viewer.go:46	change icon
2026-09-22T08:53:34.257Z	info	staff-logger	scenario/viewer.go:32	basic viewer scenario
2026-09-22T08:53:34.257Z	info	staff-logger	scenario/viewer.go:56	visit top
2026-09-22T08:53:34.257Z	info	staff-logger	scenario/viewer.go:64	get livestream
2026-09-22T08:53:34.257Z	info	staff-logger	scenario/viewer.go:83	visit livestream
2026-09-22T08:53:34.278Z	info	staff-logger	scenario/viewer.go:56	visit top
2026-09-22T08:53:34.280Z	info	staff-logger	scenario/viewer.go:32	basic viewer scenario
2026-09-22T08:53:34.280Z	info	staff-logger	scenario/viewer.go:56	visit top
2026-09-22T08:53:34.280Z	info	staff-logger	scenario/viewer.go:64	get livestream
2026-09-22T08:53:34.280Z	info	staff-logger	scenario/viewer.go:83	visit livestream
2026-09-22T08:53:34.283Z	info	staff-logger	scenario/viewer.go:32	basic viewer scenario
2026-09-22T08:53:34.283Z	info	staff-logger	scenario/viewer.go:56	visit top
2026-09-22T08:53:34.283Z	info	staff-logger	scenario/viewer.go:64	get livestream
2026-09-22T08:53:34.283Z	info	staff-logger	scenario/viewer.go:83	visit livestream
2026-09-22T08:53:34.427Z	info	staff-logger	scenario/viewer.go:32	basic viewer scenario
2026-09-22T08:53:34.427Z	info	staff-logger	scenario/viewer.go:56	visit top
2026-09-22T08:53:34.427Z	info	staff-logger	scenario/viewer.go:64	get livestream
2026-09-22T08:53:34.427Z	info	staff-logger	scenario/viewer.go:83	visit livestream
2026-09-22T08:53:34.443Z	info	staff-logger	scenario/viewer.go:32	basic viewer scenario
2026-09-22T08:53:34.443Z	info	staff-logger	scenario/viewer.go:56	visit top
2026-09-22T08:53:34.443Z	info	staff-logger	scenario/viewer.go:64	get livestream
2026-09-22T08:53:34.443Z	info	staff-logger	scenario/viewer.go:83	visit livestream
2026-09-22T08:53:34.486Z	info	staff-logger	scenario/viewer.go:32	basic viewer scenario
2026-09-22T08:53:34.486Z	info	staff-logger	scenario/viewer.go:56	visit top
2026-09-22T08:53:34.532Z	warn	staff-logger	scenario/streamer.go:139	streamer_moderate: failed to visit livestream admin: benchmark-application: [一般エラー] GET /api/livestream/7522/report へのリクエストに対して、期待されたHTTPステータスコードが確認できませんでした (expected:200, actual:500)

2026-09-22T08:53:34.833Z	info	staff-logger	scenario/viewer.go:32	basic viewer scenario
2026-09-22T08:53:34.833Z	info	staff-logger	scenario/viewer.go:56	visit top
2026-09-22T08:53:34.935Z	info	staff-logger	scenario/viewer.go:32	basic viewer scenario
2026-09-22T08:53:34.935Z	info	staff-logger	scenario/viewer.go:56	visit top
2026-09-22T08:53:34.935Z	info	staff-logger	scenario/viewer.go:64	get livestream
2026-09-22T08:53:34.935Z	info	staff-logger	scenario/viewer.go:83	visit livestream
2026-09-22T08:53:34.940Z	warn	staff-logger	scenario/streamer.go:139	streamer_moderate: failed to visit livestream admin: benchmark-application: [一般エラー] GET /api/livestream/7522/report へのリクエストに対して、期待されたHTTPステータスコードが確認できませんでした (expected:200, actual:500)

2026-09-22T08:53:34.955Z	info	staff-logger	scenario/viewer.go:32	basic viewer scenario
2026-09-22T08:53:34.955Z	info	staff-logger	scenario/viewer.go:56	visit top
2026-09-22T08:53:35.074Z	info	staff-logger	scenario/viewer.go:64	get livestream
2026-09-22T08:53:35.074Z	info	staff-logger	scenario/viewer.go:76	visit user profile
2026-09-22T08:53:35.114Z	info	staff-logger	scenario/viewer.go:32	basic viewer scenario
2026-09-22T08:53:35.114Z	info	staff-logger	scenario/viewer.go:56	visit top
2026-09-22T08:53:35.114Z	info	staff-logger	scenario/viewer.go:64	get livestream
2026-09-22T08:53:35.114Z	info	staff-logger	scenario/viewer.go:83	visit livestream
2026-09-22T08:53:35.193Z	info	staff-logger	scenario/viewer.go:32	basic viewer scenario
2026-09-22T08:53:35.193Z	info	staff-logger	scenario/viewer.go:56	visit top
2026-09-22T08:53:35.193Z	info	staff-logger	scenario/viewer.go:64	get livestream
2026-09-22T08:53:35.193Z	info	staff-logger	scenario/viewer.go:83	visit livestream
2026-09-22T08:53:35.205Z	info	staff-logger	scenario/viewer.go:32	basic viewer scenario
2026-09-22T08:53:35.205Z	info	staff-logger	scenario/viewer.go:56	visit top
2026-09-22T08:53:35.205Z	info	staff-logger	scenario/viewer.go:64	get livestream
2026-09-22T08:53:35.205Z	info	staff-logger	scenario/viewer.go:83	visit livestream
2026-09-22T08:53:35.205Z	info	staff-logger	scenario/viewer.go:64	get livestream
2026-09-22T08:53:35.205Z	info	staff-logger	scenario/viewer.go:76	visit user profile
2026-09-22T08:53:35.243Z	warn	staff-logger	scenario/streamer.go:139	streamer_moderate: failed to visit livestream admin: benchmark-application: [一般エラー] GET /api/livestream/7522/report へのリクエストに対して、期待されたHTTPステータスコードが確認できませんでした (expected:200, actual:500)

2026-09-22T08:53:35.396Z	info	staff-logger	scenario/viewer.go:83	visit livestream
2026-09-22T08:53:35.451Z	info	staff-logger	scenario/viewer.go:83	visit livestream
2026-09-22T08:53:35.522Z	info	staff-logger	scenario/viewer.go:32	basic viewer scenario
2026-09-22T08:53:35.522Z	info	staff-logger	scenario/viewer.go:56	visit top
2026-09-22T08:53:35.522Z	info	staff-logger	scenario/viewer.go:64	get livestream
2026-09-22T08:53:35.522Z	info	staff-logger	scenario/viewer.go:83	visit livestream
2026-09-22T08:53:35.569Z	info	staff-logger	scenario/viewer.go:64	get livestream
2026-09-22T08:53:35.569Z	info	staff-logger	scenario/viewer.go:76	visit user profile
2026-09-22T08:53:35.602Z	info	staff-logger	scenario/viewer.go:32	basic viewer scenario
2026-09-22T08:53:35.602Z	info	staff-logger	scenario/viewer.go:56	visit top
2026-09-22T08:53:35.602Z	info	staff-logger	scenario/viewer.go:64	get livestream
2026-09-22T08:53:35.602Z	info	staff-logger	scenario/viewer.go:83	visit livestream
2026-09-22T08:53:35.605Z	info	staff-logger	scenario/viewer.go:64	get livestream
2026-09-22T08:53:35.606Z	info	staff-logger	scenario/viewer.go:76	visit user profile
2026-09-22T08:53:35.614Z	info	staff-logger	scenario/streamer.go:48	change icon
2026-09-22T08:53:35.711Z	info	staff-logger	scenario/viewer.go:32	basic viewer scenario
2026-09-22T08:53:35.711Z	info	staff-logger	scenario/viewer.go:56	visit top
2026-09-22T08:53:35.711Z	info	staff-logger	scenario/viewer.go:64	get livestream
2026-09-22T08:53:35.711Z	info	staff-logger	scenario/viewer.go:83	visit livestream
2026-09-22T08:53:35.803Z	warn	staff-logger	scenario/streamer.go:198	aggressive streamer moderate: failed to visit livestream admin: benchmark-application: [一般エラー] GET /api/livestream/7524/report へのリクエストに対して、期待されたHTTPステータスコードが確認できませんでした (expected:200, actual:500)

2026-09-22T08:53:35.805Z	info	staff-logger	scenario/viewer.go:83	visit livestream
2026-09-22T08:53:35.826Z	info	staff-logger	scenario/viewer.go:32	basic viewer scenario
2026-09-22T08:53:35.826Z	info	staff-logger	scenario/viewer.go:56	visit top
2026-09-22T08:53:35.826Z	info	staff-logger	scenario/viewer.go:64	get livestream
2026-09-22T08:53:35.826Z	info	staff-logger	scenario/viewer.go:83	visit livestream
2026-09-22T08:53:35.890Z	info	staff-logger	scenario/viewer.go:83	visit livestream
2026-09-22T08:53:35.946Z	info	staff-logger	scenario/viewer.go:32	basic viewer scenario
2026-09-22T08:53:35.946Z	info	staff-logger	scenario/viewer.go:56	visit top
2026-09-22T08:53:35.946Z	info	staff-logger	scenario/viewer.go:64	get livestream
2026-09-22T08:53:35.946Z	info	staff-logger	scenario/viewer.go:83	visit livestream
2026-09-22T08:53:35.946Z	warn	staff-logger	scenario/streamer.go:139	streamer_moderate: failed to visit livestream admin: benchmark-application: [一般エラー] GET /api/livestream/7522/report へのリクエストに対して、期待されたHTTPステータスコードが確認できませんでした (expected:200, actual:500)

2026-09-22T08:53:36.183Z	warn	staff-logger	scenario/streamer.go:198	aggressive streamer moderate: failed to visit livestream admin: benchmark-application: [一般エラー] GET /api/livestream/7524/report へのリクエストに対して、期待されたHTTPステータスコードが確認できませんでした (expected:200, actual:500)

2026-09-22T08:53:36.283Z	info	staff-logger	scenario/viewer.go:32	basic viewer scenario
2026-09-22T08:53:36.283Z	info	staff-logger	scenario/viewer.go:56	visit top
2026-09-22T08:53:36.283Z	info	staff-logger	scenario/viewer.go:64	get livestream
2026-09-22T08:53:36.283Z	info	staff-logger	scenario/viewer.go:83	visit livestream
2026-09-22T08:53:36.306Z	info	staff-logger	scenario/viewer.go:32	basic viewer scenario
2026-09-22T08:53:36.306Z	info	staff-logger	scenario/viewer.go:56	visit top
2026-09-22T08:53:36.306Z	info	staff-logger	scenario/viewer.go:64	get livestream
2026-09-22T08:53:36.306Z	info	staff-logger	scenario/viewer.go:83	visit livestream
2026-09-22T08:53:36.465Z	warn	staff-logger	scenario/streamer.go:139	streamer_moderate: failed to visit livestream admin: benchmark-application: [一般エラー] GET /api/livestream/7522/report へのリクエストに対して、期待されたHTTPステータスコードが確認できませんでした (expected:200, actual:500)

2026-09-22T08:53:36.564Z	info	staff-logger	scenario/viewer.go:32	basic viewer scenario
2026-09-22T08:53:36.564Z	info	staff-logger	scenario/viewer.go:56	visit top
2026-09-22T08:53:36.564Z	info	staff-logger	scenario/viewer.go:64	get livestream
2026-09-22T08:53:36.564Z	info	staff-logger	scenario/viewer.go:83	visit livestream
2026-09-22T08:53:36.576Z	info	staff-logger	scenario/viewer.go:32	basic viewer scenario
2026-09-22T08:53:36.576Z	info	staff-logger	scenario/viewer.go:56	visit top
2026-09-22T08:53:36.576Z	info	staff-logger	scenario/viewer.go:64	get livestream
2026-09-22T08:53:36.576Z	info	staff-logger	scenario/viewer.go:83	visit livestream
2026-09-22T08:53:36.593Z	info	staff-logger	scenario/viewer.go:32	basic viewer scenario
2026-09-22T08:53:36.593Z	info	staff-logger	scenario/viewer.go:56	visit top
2026-09-22T08:53:36.593Z	info	staff-logger	scenario/viewer.go:64	get livestream
2026-09-22T08:53:36.593Z	info	staff-logger	scenario/viewer.go:83	visit livestream
2026-09-22T08:53:36.624Z	info	staff-logger	scenario/viewer.go:32	basic viewer scenario
2026-09-22T08:53:36.624Z	info	staff-logger	scenario/viewer.go:56	visit top
2026-09-22T08:53:36.647Z	info	staff-logger	scenario/viewer.go:32	basic viewer scenario
2026-09-22T08:53:36.647Z	info	staff-logger	scenario/viewer.go:56	visit top
2026-09-22T08:53:36.647Z	info	staff-logger	scenario/viewer.go:64	get livestream
2026-09-22T08:53:36.647Z	info	staff-logger	scenario/viewer.go:83	visit livestream
2026-09-22T08:53:36.857Z	warn	staff-logger	scenario/streamer.go:198	aggressive streamer moderate: failed to visit livestream admin: benchmark-application: [一般エラー] GET /api/livestream/7522/report へのリクエストに対して、期待されたHTTPステータスコードが確認できませんでした (expected:200, actual:500)

2026-09-22T08:53:36.924Z	info	staff-logger	scenario/viewer.go:32	basic viewer scenario
2026-09-22T08:53:36.924Z	info	staff-logger	scenario/viewer.go:56	visit top
2026-09-22T08:53:37.024Z	warn	staff-logger	scenario/streamer.go:139	streamer_moderate: failed to visit livestream admin: benchmark-application: [一般エラー] GET /api/livestream/7524/report へのリクエストに対して、期待されたHTTPステータスコードが確認できませんでした (expected:200, actual:500)

2026-09-22T08:53:37.211Z	info	staff-logger	scenario/viewer.go:32	basic viewer scenario
2026-09-22T08:53:37.211Z	info	staff-logger	scenario/viewer.go:56	visit top
2026-09-22T08:53:37.211Z	info	staff-logger	scenario/viewer.go:64	get livestream
2026-09-22T08:53:37.211Z	info	staff-logger	scenario/viewer.go:83	visit livestream
2026-09-22T08:53:37.273Z	info	staff-logger	scenario/viewer.go:32	basic viewer scenario
2026-09-22T08:53:37.273Z	info	staff-logger	scenario/viewer.go:56	visit top
2026-09-22T08:53:37.273Z	info	staff-logger	scenario/viewer.go:64	get livestream
2026-09-22T08:53:37.273Z	info	staff-logger	scenario/viewer.go:83	visit livestream
2026-09-22T08:53:37.298Z	info	staff-logger	scenario/viewer.go:64	get livestream
2026-09-22T08:53:37.298Z	info	staff-logger	scenario/viewer.go:76	visit user profile
2026-09-22T08:53:37.305Z	info	staff-logger	scenario/viewer.go:32	basic viewer scenario
2026-09-22T08:53:37.305Z	info	staff-logger	scenario/viewer.go:56	visit top
2026-09-22T08:53:37.305Z	info	staff-logger	scenario/viewer.go:64	get livestream
2026-09-22T08:53:37.305Z	info	staff-logger	scenario/viewer.go:83	visit livestream
2026-09-22T08:53:37.323Z	warn	staff-logger	scenario/streamer.go:198	aggressive streamer moderate: failed to visit livestream admin: benchmark-application: [一般エラー] GET /api/livestream/7522/report へのリクエストに対して、期待されたHTTPステータスコードが確認できませんでした (expected:200, actual:500)

2026-09-22T08:53:37.373Z	info	staff-logger	scenario/viewer.go:90	get livestream stats
2026-09-22T08:53:37.445Z	info	staff-logger	scenario/viewer.go:32	basic viewer scenario
2026-09-22T08:53:37.445Z	info	staff-logger	scenario/viewer.go:56	visit top
2026-09-22T08:53:37.445Z	info	staff-logger	scenario/viewer.go:64	get livestream
2026-09-22T08:53:37.445Z	info	staff-logger	scenario/viewer.go:83	visit livestream
2026-09-22T08:53:37.445Z	info	staff-logger	scenario/viewer.go:32	basic viewer scenario
2026-09-22T08:53:37.445Z	info	staff-logger	scenario/viewer.go:56	visit top
2026-09-22T08:53:37.445Z	info	staff-logger	scenario/viewer.go:64	get livestream
2026-09-22T08:53:37.445Z	info	staff-logger	scenario/viewer.go:83	visit livestream
2026-09-22T08:53:37.459Z	info	staff-logger	scenario/viewer.go:90	get livestream stats
2026-09-22T08:53:37.524Z	info	staff-logger	scenario/viewer.go:64	get livestream
2026-09-22T08:53:37.524Z	info	staff-logger	scenario/viewer.go:76	visit user profile
2026-09-22T08:53:37.584Z	warn	staff-logger	scenario/streamer.go:198	aggressive streamer moderate: failed to visit livestream admin: benchmark-application: [一般エラー] GET /api/livestream/7524/report へのリクエストに対して、期待されたHTTPステータスコードが確認できませんでした (expected:200, actual:500)

2026-09-22T08:53:37.680Z	info	staff-logger	scenario/viewer.go:32	basic viewer scenario
2026-09-22T08:53:37.680Z	info	staff-logger	scenario/viewer.go:56	visit top
2026-09-22T08:53:37.680Z	info	staff-logger	scenario/viewer.go:64	get livestream
2026-09-22T08:53:37.680Z	info	staff-logger	scenario/viewer.go:83	visit livestream
2026-09-22T08:53:37.693Z	info	staff-logger	scenario/viewer.go:32	basic viewer scenario
2026-09-22T08:53:37.693Z	info	staff-logger	scenario/viewer.go:56	visit top
2026-09-22T08:53:37.693Z	info	staff-logger	scenario/viewer.go:64	get livestream
2026-09-22T08:53:37.693Z	info	staff-logger	scenario/viewer.go:83	visit livestream
2026-09-22T08:53:37.694Z	info	staff-logger	scenario/viewer.go:32	basic viewer scenario
2026-09-22T08:53:37.694Z	info	staff-logger	scenario/viewer.go:56	visit top
2026-09-22T08:53:37.694Z	info	staff-logger	scenario/viewer.go:64	get livestream
2026-09-22T08:53:37.694Z	info	staff-logger	scenario/viewer.go:83	visit livestream
2026-09-22T08:53:37.699Z	info	staff-logger	scenario/viewer.go:90	get livestream stats
2026-09-22T08:53:37.715Z	info	staff-logger	scenario/viewer.go:83	visit livestream
2026-09-22T08:53:37.747Z	info	staff-logger	scenario/viewer.go:83	visit livestream
2026-09-22T08:53:37.884Z	warn	staff-logger	scenario/streamer.go:198	aggressive streamer moderate: failed to visit livestream admin: benchmark-application: [一般エラー] GET /api/livestream/7522/report へのリクエストに対して、期待されたHTTPステータスコードが確認できませんでした (expected:200, actual:500)

2026-09-22T08:53:38.082Z	info	staff-logger	scenario/streamer.go:48	change icon
2026-09-22T08:53:38.153Z	warn	staff-logger	scenario/streamer.go:198	aggressive streamer moderate: failed to visit livestream admin: benchmark-application: [一般エラー] GET /api/livestream/7524/report へのリクエストに対して、期待されたHTTPステータスコードが確認できませんでした (expected:200, actual:500)

2026-09-22T08:53:38.253Z	info	staff-logger	scenario/viewer.go:32	basic viewer scenario
2026-09-22T08:53:38.253Z	info	staff-logger	scenario/viewer.go:56	visit top
2026-09-22T08:53:38.253Z	info	staff-logger	scenario/viewer.go:64	get livestream
2026-09-22T08:53:38.253Z	info	staff-logger	scenario/viewer.go:83	visit livestream
2026-09-22T08:53:38.280Z	info	staff-logger	scenario/viewer.go:32	basic viewer scenario
2026-09-22T08:53:38.280Z	info	staff-logger	scenario/viewer.go:56	visit top
2026-09-22T08:53:38.280Z	info	staff-logger	scenario/viewer.go:64	get livestream
2026-09-22T08:53:38.280Z	info	staff-logger	scenario/viewer.go:83	visit livestream
2026-09-22T08:53:38.386Z	info	staff-logger	scenario/viewer.go:32	basic viewer scenario
2026-09-22T08:53:38.386Z	info	staff-logger	scenario/viewer.go:56	visit top
2026-09-22T08:53:38.386Z	info	staff-logger	scenario/viewer.go:64	get livestream
2026-09-22T08:53:38.386Z	info	staff-logger	scenario/viewer.go:83	visit livestream
2026-09-22T08:53:38.588Z	warn	staff-logger	scenario/streamer.go:198	aggressive streamer moderate: failed to visit livestream admin: benchmark-application: [一般エラー] GET /api/livestream/7522/report へのリクエストに対して、期待されたHTTPステータスコードが確認できませんでした (expected:200, actual:500)

2026-09-22T08:53:38.637Z	info	staff-logger	scenario/viewer.go:32	basic viewer scenario
2026-09-22T08:53:38.637Z	info	staff-logger	scenario/viewer.go:56	visit top
2026-09-22T08:53:38.637Z	info	staff-logger	scenario/viewer.go:64	get livestream
2026-09-22T08:53:38.637Z	info	staff-logger	scenario/viewer.go:83	visit livestream
2026-09-22T08:53:38.644Z	info	staff-logger	scenario/viewer.go:32	basic viewer scenario
2026-09-22T08:53:38.644Z	info	staff-logger	scenario/viewer.go:56	visit top
2026-09-22T08:53:38.644Z	info	staff-logger	scenario/viewer.go:64	get livestream
2026-09-22T08:53:38.644Z	info	staff-logger	scenario/viewer.go:83	visit livestream
2026-09-22T08:53:38.725Z	info	staff-logger	scenario/viewer.go:32	basic viewer scenario
2026-09-22T08:53:38.725Z	info	staff-logger	scenario/viewer.go:56	visit top
2026-09-22T08:53:38.725Z	info	staff-logger	scenario/viewer.go:64	get livestream
2026-09-22T08:53:38.725Z	info	staff-logger	scenario/viewer.go:83	visit livestream
2026-09-22T08:53:38.784Z	info	staff-logger	scenario/viewer.go:32	basic viewer scenario
2026-09-22T08:53:38.785Z	info	staff-logger	scenario/viewer.go:56	visit top
2026-09-22T08:53:38.803Z	warn	staff-logger	scenario/streamer.go:198	aggressive streamer moderate: failed to visit livestream admin: benchmark-application: [一般エラー] GET /api/livestream/7524/report へのリクエストに対して、期待されたHTTPステータスコードが確認できませんでした (expected:200, actual:500)

2026-09-22T08:53:38.816Z	warn	staff-logger	scenario/streamer.go:139	streamer_moderate: failed to visit livestream admin: benchmark-application: [一般エラー] GET /api/livestream/7528/report へのリクエストに対して、期待されたHTTPステータスコードが確認できませんでした (expected:200, actual:500)

2026-09-22T08:53:38.838Z	info	staff-logger	scenario/viewer.go:32	basic viewer scenario
2026-09-22T08:53:38.838Z	info	staff-logger	scenario/viewer.go:56	visit top
2026-09-22T08:53:38.838Z	info	staff-logger	scenario/viewer.go:64	get livestream
2026-09-22T08:53:38.838Z	info	staff-logger	scenario/viewer.go:83	visit livestream
2026-09-22T08:53:38.949Z	info	staff-logger	scenario/viewer.go:32	basic viewer scenario
2026-09-22T08:53:38.949Z	info	staff-logger	scenario/viewer.go:56	visit top
2026-09-22T08:53:38.949Z	info	staff-logger	scenario/viewer.go:64	get livestream
2026-09-22T08:53:38.949Z	info	staff-logger	scenario/viewer.go:83	visit livestream
2026-09-22T08:53:39.006Z	info	staff-logger	scenario/viewer.go:32	basic viewer scenario
2026-09-22T08:53:39.006Z	info	staff-logger	scenario/viewer.go:56	visit top
2026-09-22T08:53:39.006Z	info	staff-logger	scenario/viewer.go:64	get livestream
2026-09-22T08:53:39.006Z	info	staff-logger	scenario/viewer.go:83	visit livestream
2026-09-22T08:53:39.118Z	info	staff-logger	scenario/viewer.go:32	basic viewer scenario
2026-09-22T08:53:39.118Z	info	staff-logger	scenario/viewer.go:56	visit top
2026-09-22T08:53:39.166Z	warn	staff-logger	scenario/streamer.go:198	aggressive streamer moderate: failed to visit livestream admin: benchmark-application: [一般エラー] GET /api/livestream/7522/report へのリクエストに対して、期待されたHTTPステータスコードが確認できませんでした (expected:200, actual:500)

2026-09-22T08:53:39.297Z	info	staff-logger	scenario/viewer.go:32	basic viewer scenario
2026-09-22T08:53:39.298Z	info	staff-logger	scenario/viewer.go:56	visit top
2026-09-22T08:53:39.298Z	info	staff-logger	scenario/viewer.go:64	get livestream
2026-09-22T08:53:39.298Z	info	staff-logger	scenario/viewer.go:83	visit livestream
2026-09-22T08:53:39.400Z	info	staff-logger	scenario/viewer.go:32	basic viewer scenario
2026-09-22T08:53:39.400Z	info	staff-logger	scenario/viewer.go:56	visit top
2026-09-22T08:53:39.400Z	info	staff-logger	scenario/viewer.go:64	get livestream
2026-09-22T08:53:39.400Z	info	staff-logger	scenario/viewer.go:83	visit livestream
2026-09-22T08:53:39.444Z	info	staff-logger	scenario/viewer.go:32	basic viewer scenario
2026-09-22T08:53:39.444Z	info	staff-logger	scenario/viewer.go:56	visit top
2026-09-22T08:53:39.444Z	info	staff-logger	scenario/viewer.go:64	get livestream
2026-09-22T08:53:39.445Z	info	staff-logger	scenario/viewer.go:83	visit livestream
2026-09-22T08:53:39.470Z	info	staff-logger	scenario/viewer.go:32	basic viewer scenario
2026-09-22T08:53:39.470Z	info	staff-logger	scenario/viewer.go:56	visit top
2026-09-22T08:53:39.470Z	info	staff-logger	scenario/viewer.go:64	get livestream
2026-09-22T08:53:39.470Z	info	staff-logger	scenario/viewer.go:83	visit livestream
2026-09-22T08:53:39.470Z	info	staff-logger	scenario/viewer.go:32	basic viewer scenario
2026-09-22T08:53:39.470Z	info	staff-logger	scenario/viewer.go:56	visit top
2026-09-22T08:53:39.470Z	info	staff-logger	scenario/viewer.go:64	get livestream
2026-09-22T08:53:39.470Z	info	staff-logger	scenario/viewer.go:83	visit livestream
2026-09-22T08:53:39.471Z	info	staff-logger	scenario/viewer.go:32	basic viewer scenario
2026-09-22T08:53:39.471Z	info	staff-logger	scenario/viewer.go:56	visit top
2026-09-22T08:53:39.488Z	warn	staff-logger	scenario/streamer.go:198	aggressive streamer moderate: failed to visit livestream admin: benchmark-application: [一般エラー] GET /api/livestream/7524/report へのリクエストに対して、期待されたHTTPステータスコードが確認できませんでした (expected:200, actual:500)

2026-09-22T08:53:39.545Z	warn	staff-logger	scenario/streamer.go:198	aggressive streamer moderate: failed to visit livestream admin: benchmark-application: [一般エラー] GET /api/livestream/7528/report へのリクエストに対して、期待されたHTTPステータスコードが確認できませんでした (expected:200, actual:500)

2026-09-22T08:53:39.565Z	info	staff-logger	scenario/viewer.go:32	basic viewer scenario
2026-09-22T08:53:39.565Z	info	staff-logger	scenario/viewer.go:56	visit top
2026-09-22T08:53:39.565Z	info	staff-logger	scenario/viewer.go:64	get livestream
2026-09-22T08:53:39.565Z	info	staff-logger	scenario/viewer.go:83	visit livestream
2026-09-22T08:53:39.594Z	info	staff-logger	scenario/viewer.go:64	get livestream
2026-09-22T08:53:39.594Z	info	staff-logger	scenario/viewer.go:76	visit user profile
2026-09-22T08:53:39.760Z	info	staff-logger	scenario/viewer.go:64	get livestream
2026-09-22T08:53:39.760Z	info	staff-logger	scenario/viewer.go:76	visit user profile
2026-09-22T08:53:39.921Z	info	staff-logger	scenario/viewer.go:83	visit livestream
2026-09-22T08:53:39.968Z	warn	staff-logger	scenario/streamer.go:198	aggressive streamer moderate: failed to visit livestream admin: benchmark-application: [一般エラー] GET /api/livestream/7522/report へのリクエストに対して、期待されたHTTPステータスコードが確認できませんでした (expected:200, actual:500)

2026-09-22T08:53:40.003Z	info	staff-logger	scenario/viewer.go:83	visit livestream
2026-09-22T08:53:40.128Z	info	staff-logger	scenario/viewer.go:32	basic viewer scenario
2026-09-22T08:53:40.128Z	info	staff-logger	scenario/viewer.go:56	visit top
2026-09-22T08:53:40.128Z	info	staff-logger	scenario/viewer.go:64	get livestream
2026-09-22T08:53:40.128Z	info	staff-logger	scenario/viewer.go:83	visit livestream
2026-09-22T08:53:40.184Z	info	staff-logger	scenario/viewer.go:32	basic viewer scenario
2026-09-22T08:53:40.184Z	info	staff-logger	scenario/viewer.go:56	visit top
2026-09-22T08:53:40.184Z	info	staff-logger	scenario/viewer.go:64	get livestream
2026-09-22T08:53:40.184Z	info	staff-logger	scenario/viewer.go:83	visit livestream
2026-09-22T08:53:40.208Z	info	staff-logger	scenario/viewer.go:64	get livestream
2026-09-22T08:53:40.208Z	info	staff-logger	scenario/viewer.go:76	visit user profile
2026-09-22T08:53:40.254Z	warn	staff-logger	scenario/streamer.go:198	aggressive streamer moderate: failed to visit livestream admin: benchmark-application: [一般エラー] GET /api/livestream/7524/report へのリクエストに対して、期待されたHTTPステータスコードが確認できませんでした (expected:200, actual:500)

2026-09-22T08:53:40.377Z	warn	staff-logger	scenario/streamer.go:198	aggressive streamer moderate: failed to visit livestream admin: benchmark-application: [一般エラー] GET /api/livestream/7528/report へのリクエストに対して、期待されたHTTPステータスコードが確認できませんでした (expected:200, actual:500)

2026-09-22T08:53:40.480Z	info	staff-logger	scenario/viewer.go:83	visit livestream
2026-09-22T08:53:40.614Z	info	staff-logger	scenario/viewer.go:32	basic viewer scenario
2026-09-22T08:53:40.614Z	info	staff-logger	scenario/viewer.go:56	visit top
2026-09-22T08:53:40.614Z	info	staff-logger	scenario/viewer.go:64	get livestream
2026-09-22T08:53:40.614Z	info	staff-logger	scenario/viewer.go:83	visit livestream
2026-09-22T08:53:40.650Z	warn	staff-logger	scenario/streamer.go:139	streamer_moderate: failed to visit livestream admin: benchmark-application: [一般エラー] GET /api/livestream/7522/report へのリクエストに対して、期待されたHTTPステータスコードが確認できませんでした (expected:200, actual:500)

2026-09-22T08:53:40.684Z	info	staff-logger	scenario/viewer.go:32	basic viewer scenario
2026-09-22T08:53:40.684Z	info	staff-logger	scenario/viewer.go:56	visit top
2026-09-22T08:53:40.684Z	info	staff-logger	scenario/viewer.go:64	get livestream
2026-09-22T08:53:40.685Z	info	staff-logger	scenario/viewer.go:83	visit livestream
2026-09-22T08:53:40.797Z	info	staff-logger	scenario/viewer.go:32	basic viewer scenario
2026-09-22T08:53:40.797Z	info	staff-logger	scenario/viewer.go:56	visit top
2026-09-22T08:53:40.797Z	info	staff-logger	scenario/viewer.go:64	get livestream
2026-09-22T08:53:40.797Z	info	staff-logger	scenario/viewer.go:83	visit livestream
2026-09-22T08:53:40.836Z	info	staff-logger	scenario/viewer.go:32	basic viewer scenario
2026-09-22T08:53:40.836Z	info	staff-logger	scenario/viewer.go:56	visit top
2026-09-22T08:53:40.836Z	info	staff-logger	scenario/viewer.go:64	get livestream
2026-09-22T08:53:40.836Z	info	staff-logger	scenario/viewer.go:83	visit livestream
2026-09-22T08:53:40.874Z	info	staff-logger	scenario/viewer.go:32	basic viewer scenario
2026-09-22T08:53:40.874Z	info	staff-logger	scenario/viewer.go:56	visit top
2026-09-22T08:53:40.874Z	info	staff-logger	scenario/viewer.go:64	get livestream
2026-09-22T08:53:40.874Z	info	staff-logger	scenario/viewer.go:83	visit livestream
2026-09-22T08:53:40.914Z	info	staff-logger	scenario/viewer.go:32	basic viewer scenario
2026-09-22T08:53:40.914Z	info	staff-logger	scenario/viewer.go:56	visit top
2026-09-22T08:53:40.914Z	info	staff-logger	scenario/viewer.go:64	get livestream
2026-09-22T08:53:40.914Z	info	staff-logger	scenario/viewer.go:83	visit livestream
2026-09-22T08:53:41.018Z	info	staff-logger	scenario/streamer.go:48	change icon
2026-09-22T08:53:41.034Z	warn	staff-logger	scenario/streamer.go:198	aggressive streamer moderate: failed to visit livestream admin: benchmark-application: [一般エラー] GET /api/livestream/7524/report へのリクエストに対して、期待されたHTTPステータスコードが確認できませんでした (expected:200, actual:500)

2026-09-22T08:53:41.123Z	info	staff-logger	scenario/viewer.go:32	basic viewer scenario
2026-09-22T08:53:41.123Z	info	staff-logger	scenario/viewer.go:56	visit top
2026-09-22T08:53:41.123Z	info	staff-logger	scenario/viewer.go:64	get livestream
2026-09-22T08:53:41.123Z	info	staff-logger	scenario/viewer.go:83	visit livestream
2026-09-22T08:53:41.216Z	warn	staff-logger	scenario/streamer.go:139	streamer_moderate: failed to visit livestream admin: benchmark-application: [一般エラー] GET /api/livestream/7528/report へのリクエストに対して、期待されたHTTPステータスコードが確認できませんでした (expected:200, actual:500)

2026-09-22T08:53:41.423Z	info	staff-logger	scenario/viewer.go:32	basic viewer scenario
2026-09-22T08:53:41.423Z	info	staff-logger	scenario/viewer.go:56	visit top
2026-09-22T08:53:41.423Z	info	staff-logger	scenario/viewer.go:64	get livestream
2026-09-22T08:53:41.423Z	info	staff-logger	scenario/viewer.go:83	visit livestream
2026-09-22T08:53:41.475Z	info	staff-logger	scenario/viewer.go:32	basic viewer scenario
2026-09-22T08:53:41.475Z	info	staff-logger	scenario/viewer.go:56	visit top
2026-09-22T08:53:41.475Z	info	staff-logger	scenario/viewer.go:64	get livestream
2026-09-22T08:53:41.475Z	info	staff-logger	scenario/viewer.go:83	visit livestream
2026-09-22T08:53:41.495Z	info	staff-logger	scenario/viewer.go:90	get livestream stats
2026-09-22T08:53:41.540Z	warn	staff-logger	scenario/streamer.go:198	aggressive streamer moderate: failed to visit livestream admin: benchmark-application: [一般エラー] GET /api/livestream/7522/report へのリクエストに対して、期待されたHTTPステータスコードが確認できませんでした (expected:200, actual:500)

2026-09-22T08:53:41.568Z	info	staff-logger	scenario/viewer.go:32	basic viewer scenario
2026-09-22T08:53:41.568Z	info	staff-logger	scenario/viewer.go:56	visit top
2026-09-22T08:53:41.568Z	info	staff-logger	scenario/viewer.go:64	get livestream
2026-09-22T08:53:41.568Z	info	staff-logger	scenario/viewer.go:83	visit livestream
2026-09-22T08:53:41.606Z	info	staff-logger	scenario/viewer.go:32	basic viewer scenario
2026-09-22T08:53:41.606Z	info	staff-logger	scenario/viewer.go:56	visit top
2026-09-22T08:53:41.606Z	info	staff-logger	scenario/viewer.go:64	get livestream
2026-09-22T08:53:41.606Z	info	staff-logger	scenario/viewer.go:83	visit livestream
2026-09-22T08:53:41.611Z	info	staff-logger	scenario/viewer.go:32	basic viewer scenario
2026-09-22T08:53:41.611Z	info	staff-logger	scenario/viewer.go:56	visit top
2026-09-22T08:53:41.611Z	info	staff-logger	scenario/viewer.go:64	get livestream
2026-09-22T08:53:41.611Z	info	staff-logger	scenario/viewer.go:83	visit livestream
2026-09-22T08:53:41.796Z	info	staff-logger	scenario/viewer.go:32	basic viewer scenario
2026-09-22T08:53:41.796Z	info	staff-logger	scenario/viewer.go:56	visit top
2026-09-22T08:53:41.796Z	info	staff-logger	scenario/viewer.go:64	get livestream
2026-09-22T08:53:41.796Z	info	staff-logger	scenario/viewer.go:83	visit livestream
2026-09-22T08:53:41.817Z	info	staff-logger	scenario/viewer.go:32	basic viewer scenario
2026-09-22T08:53:41.817Z	info	staff-logger	scenario/viewer.go:56	visit top
2026-09-22T08:53:41.817Z	info	staff-logger	scenario/viewer.go:64	get livestream
2026-09-22T08:53:41.817Z	info	staff-logger	scenario/viewer.go:83	visit livestream
2026-09-22T08:53:41.900Z	warn	staff-logger	scenario/streamer.go:198	aggressive streamer moderate: failed to visit livestream admin: benchmark-application: [一般エラー] GET /api/livestream/7524/report へのリクエストに対して、期待されたHTTPステータスコードが確認できませんでした (expected:200, actual:500)

2026-09-22T08:53:41.920Z	info	staff-logger	scenario/viewer.go:32	basic viewer scenario
2026-09-22T08:53:41.920Z	info	staff-logger	scenario/viewer.go:56	visit top
2026-09-22T08:53:41.920Z	info	staff-logger	scenario/viewer.go:64	get livestream
2026-09-22T08:53:41.920Z	info	staff-logger	scenario/viewer.go:83	visit livestream
2026-09-22T08:53:42.073Z	info	staff-logger	scenario/viewer.go:32	basic viewer scenario
2026-09-22T08:53:42.073Z	info	staff-logger	scenario/viewer.go:56	visit top
2026-09-22T08:53:42.073Z	info	staff-logger	scenario/viewer.go:64	get livestream
2026-09-22T08:53:42.073Z	info	staff-logger	scenario/viewer.go:83	visit livestream
2026-09-22T08:53:42.242Z	info	staff-logger	scenario/viewer.go:32	basic viewer scenario
2026-09-22T08:53:42.242Z	info	staff-logger	scenario/viewer.go:56	visit top
2026-09-22T08:53:42.242Z	info	staff-logger	scenario/viewer.go:64	get livestream
2026-09-22T08:53:42.242Z	info	staff-logger	scenario/viewer.go:83	visit livestream
2026-09-22T08:53:42.306Z	info	staff-logger	scenario/viewer.go:32	basic viewer scenario
2026-09-22T08:53:42.306Z	info	staff-logger	scenario/viewer.go:56	visit top
2026-09-22T08:53:42.306Z	info	staff-logger	scenario/viewer.go:64	get livestream
2026-09-22T08:53:42.306Z	info	staff-logger	scenario/viewer.go:83	visit livestream
2026-09-22T08:53:42.342Z	info	staff-logger	scenario/viewer.go:32	basic viewer scenario
2026-09-22T08:53:42.343Z	info	staff-logger	scenario/viewer.go:56	visit top
2026-09-22T08:53:42.343Z	info	staff-logger	scenario/viewer.go:64	get livestream
2026-09-22T08:53:42.343Z	info	staff-logger	scenario/viewer.go:83	visit livestream
2026-09-22T08:53:42.413Z	info	staff-logger	scenario/viewer.go:90	get livestream stats
2026-09-22T08:53:42.549Z	warn	staff-logger	scenario/streamer.go:139	streamer_moderate: failed to visit livestream admin: benchmark-application: [一般エラー] GET /api/livestream/7522/report へのリクエストに対して、期待されたHTTPステータスコードが確認できませんでした (expected:200, actual:500)

2026-09-22T08:53:42.719Z	info	staff-logger	scenario/viewer.go:32	basic viewer scenario
2026-09-22T08:53:42.719Z	info	staff-logger	scenario/viewer.go:56	visit top
2026-09-22T08:53:42.719Z	info	staff-logger	scenario/viewer.go:64	get livestream
2026-09-22T08:53:42.719Z	info	staff-logger	scenario/viewer.go:83	visit livestream
2026-09-22T08:53:42.780Z	info	staff-logger	scenario/viewer.go:32	basic viewer scenario
2026-09-22T08:53:42.780Z	info	staff-logger	scenario/viewer.go:56	visit top
2026-09-22T08:53:42.780Z	info	staff-logger	scenario/viewer.go:64	get livestream
2026-09-22T08:53:42.780Z	info	staff-logger	scenario/viewer.go:83	visit livestream
2026-09-22T08:53:42.786Z	info	staff-logger	scenario/viewer.go:32	basic viewer scenario
2026-09-22T08:53:42.786Z	info	staff-logger	scenario/viewer.go:56	visit top
2026-09-22T08:53:42.786Z	info	staff-logger	scenario/viewer.go:64	get livestream
2026-09-22T08:53:42.786Z	info	staff-logger	scenario/viewer.go:83	visit livestream
2026-09-22T08:53:42.837Z	info	staff-logger	scenario/viewer.go:32	basic viewer scenario
2026-09-22T08:53:42.837Z	info	staff-logger	scenario/viewer.go:56	visit top
2026-09-22T08:53:42.837Z	info	staff-logger	scenario/viewer.go:64	get livestream
2026-09-22T08:53:42.837Z	info	staff-logger	scenario/viewer.go:83	visit livestream
2026-09-22T08:53:42.849Z	info	staff-logger	scenario/viewer.go:32	basic viewer scenario
2026-09-22T08:53:42.849Z	info	staff-logger	scenario/viewer.go:56	visit top
2026-09-22T08:53:42.849Z	info	staff-logger	scenario/viewer.go:64	get livestream
2026-09-22T08:53:42.849Z	info	staff-logger	scenario/viewer.go:83	visit livestream
2026-09-22T08:53:42.923Z	warn	staff-logger	scenario/streamer.go:198	aggressive streamer moderate: failed to visit livestream admin: benchmark-application: [一般エラー] GET /api/livestream/7524/report へのリクエストに対して、期待されたHTTPステータスコードが確認できませんでした (expected:200, actual:500)

2026-09-22T08:53:42.947Z	info	staff-logger	scenario/viewer.go:32	basic viewer scenario
2026-09-22T08:53:42.947Z	info	staff-logger	scenario/viewer.go:56	visit top
2026-09-22T08:53:42.947Z	info	staff-logger	scenario/viewer.go:64	get livestream
2026-09-22T08:53:42.947Z	info	staff-logger	scenario/viewer.go:83	visit livestream
2026-09-22T08:53:43.086Z	warn	staff-logger	scenario/streamer.go:139	streamer_moderate: failed to visit livestream admin: benchmark-application: [一般エラー] GET /api/livestream/7528/report へのリクエストに対して、期待されたHTTPステータスコードが確認できませんでした (expected:200, actual:500)

2026-09-22T08:53:43.134Z	info	staff-logger	scenario/viewer.go:32	basic viewer scenario
2026-09-22T08:53:43.134Z	info	staff-logger	scenario/viewer.go:56	visit top
2026-09-22T08:53:43.134Z	info	staff-logger	scenario/viewer.go:64	get livestream
2026-09-22T08:53:43.134Z	info	staff-logger	scenario/viewer.go:83	visit livestream
2026-09-22T08:53:43.166Z	warn	staff-logger	scenario/streamer.go:139	streamer_moderate: failed to visit livestream admin: benchmark-application: [一般エラー] GET /api/livestream/7532/report へのリクエストに対して、期待されたHTTPステータスコードが確認できませんでした (expected:200, actual:500)

2026-09-22T08:53:43.173Z	info	staff-logger	scenario/viewer.go:32	basic viewer scenario
2026-09-22T08:53:43.173Z	info	staff-logger	scenario/viewer.go:56	visit top
2026-09-22T08:53:43.174Z	info	isupipe-benchmarker	DNS水責め負荷が上昇します	{"parallelis": 4}
2026-09-22T08:53:43.229Z	info	staff-logger	scenario/viewer.go:32	basic viewer scenario
2026-09-22T08:53:43.229Z	info	staff-logger	scenario/viewer.go:56	visit top
2026-09-22T08:53:43.445Z	warn	staff-logger	scenario/streamer.go:198	aggressive streamer moderate: failed to visit livestream admin: benchmark-application: [一般エラー] GET /api/livestream/7522/report へのリクエストに対して、期待されたHTTPステータスコードが確認できませんでした (expected:200, actual:500)

2026-09-22T08:53:43.494Z	info	staff-logger	scenario/viewer.go:32	basic viewer scenario
2026-09-22T08:53:43.494Z	info	staff-logger	scenario/viewer.go:56	visit top
2026-09-22T08:53:43.494Z	info	staff-logger	scenario/viewer.go:64	get livestream
2026-09-22T08:53:43.494Z	info	staff-logger	scenario/viewer.go:83	visit livestream
2026-09-22T08:53:43.521Z	info	staff-logger	scenario/viewer.go:32	basic viewer scenario
2026-09-22T08:53:43.521Z	info	staff-logger	scenario/viewer.go:56	visit top
2026-09-22T08:53:43.585Z	info	staff-logger	scenario/viewer.go:32	basic viewer scenario
2026-09-22T08:53:43.585Z	info	staff-logger	scenario/viewer.go:56	visit top
2026-09-22T08:53:43.585Z	info	staff-logger	scenario/viewer.go:64	get livestream
2026-09-22T08:53:43.586Z	info	staff-logger	scenario/viewer.go:83	visit livestream
2026-09-22T08:53:43.705Z	info	staff-logger	scenario/viewer.go:32	basic viewer scenario
2026-09-22T08:53:43.705Z	info	staff-logger	scenario/viewer.go:56	visit top
2026-09-22T08:53:43.705Z	info	staff-logger	scenario/viewer.go:64	get livestream
2026-09-22T08:53:43.705Z	info	staff-logger	scenario/viewer.go:83	visit livestream
2026-09-22T08:53:43.825Z	info	staff-logger	scenario/viewer.go:64	get livestream
2026-09-22T08:53:43.825Z	info	staff-logger	scenario/viewer.go:76	visit user profile
2026-09-22T08:53:43.874Z	info	staff-logger	scenario/viewer.go:64	get livestream
2026-09-22T08:53:43.874Z	info	staff-logger	scenario/viewer.go:76	visit user profile
2026-09-22T08:53:43.943Z	warn	staff-logger	scenario/streamer.go:198	aggressive streamer moderate: failed to visit livestream admin: benchmark-application: [一般エラー] GET /api/livestream/7524/report へのリクエストに対して、期待されたHTTPステータスコードが確認できませんでした (expected:200, actual:500)

2026-09-22T08:53:44.024Z	info	staff-logger	scenario/viewer.go:32	basic viewer scenario
2026-09-22T08:53:44.024Z	info	staff-logger	scenario/viewer.go:56	visit top
2026-09-22T08:53:44.024Z	info	staff-logger	scenario/viewer.go:64	get livestream
2026-09-22T08:53:44.024Z	info	staff-logger	scenario/viewer.go:83	visit livestream
2026-09-22T08:53:44.033Z	info	staff-logger	scenario/viewer.go:64	get livestream
2026-09-22T08:53:44.033Z	info	staff-logger	scenario/viewer.go:76	visit user profile
2026-09-22T08:53:44.065Z	info	staff-logger	scenario/viewer.go:83	visit livestream
2026-09-22T08:53:44.071Z	warn	staff-logger	scenario/streamer.go:139	streamer_moderate: failed to visit livestream admin: benchmark-application: [一般エラー] GET /api/livestream/7528/report へのリクエストに対して、期待されたHTTPステータスコードが確認できませんでした (expected:200, actual:500)

2026-09-22T08:53:44.094Z	info	staff-logger	scenario/viewer.go:32	basic viewer scenario
2026-09-22T08:53:44.094Z	info	staff-logger	scenario/viewer.go:56	visit top
2026-09-22T08:53:44.094Z	info	staff-logger	scenario/viewer.go:64	get livestream
2026-09-22T08:53:44.094Z	info	staff-logger	scenario/viewer.go:83	visit livestream
2026-09-22T08:53:44.142Z	info	staff-logger	scenario/viewer.go:83	visit livestream
2026-09-22T08:53:44.173Z	warn	staff-logger	scenario/streamer.go:139	streamer_moderate: failed to visit livestream admin: benchmark-application: [一般エラー] GET /api/livestream/7532/report へのリクエストに対して、期待されたHTTPステータスコードが確認できませんでした (expected:200, actual:500)

2026-09-22T08:53:44.242Z	info	staff-logger	scenario/viewer.go:83	visit livestream
2026-09-22T08:53:44.267Z	info	staff-logger	scenario/viewer.go:32	basic viewer scenario
2026-09-22T08:53:44.267Z	info	staff-logger	scenario/viewer.go:56	visit top
2026-09-22T08:53:44.267Z	info	staff-logger	scenario/viewer.go:64	get livestream
2026-09-22T08:53:44.267Z	info	staff-logger	scenario/viewer.go:83	visit livestream
2026-09-22T08:53:44.281Z	info	staff-logger	scenario/viewer.go:32	basic viewer scenario
2026-09-22T08:53:44.281Z	info	staff-logger	scenario/viewer.go:56	visit top
2026-09-22T08:53:44.281Z	info	staff-logger	scenario/viewer.go:64	get livestream
2026-09-22T08:53:44.281Z	info	staff-logger	scenario/viewer.go:83	visit livestream
2026-09-22T08:53:44.436Z	warn	staff-logger	scenario/streamer.go:139	streamer_moderate: failed to visit livestream admin: benchmark-application: [一般エラー] GET /api/livestream/7522/report へのリクエストに対して、期待されたHTTPステータスコードが確認できませんでした (expected:200, actual:500)

2026-09-22T08:53:44.490Z	info	staff-logger	scenario/viewer.go:32	basic viewer scenario
2026-09-22T08:53:44.490Z	info	staff-logger	scenario/viewer.go:56	visit top
2026-09-22T08:53:44.490Z	info	staff-logger	scenario/viewer.go:64	get livestream
2026-09-22T08:53:44.490Z	info	staff-logger	scenario/viewer.go:83	visit livestream
2026-09-22T08:53:44.607Z	info	staff-logger	scenario/viewer.go:32	basic viewer scenario
2026-09-22T08:53:44.607Z	info	staff-logger	scenario/viewer.go:56	visit top
2026-09-22T08:53:44.607Z	info	staff-logger	scenario/viewer.go:64	get livestream
2026-09-22T08:53:44.607Z	info	staff-logger	scenario/viewer.go:83	visit livestream
2026-09-22T08:53:44.737Z	info	staff-logger	scenario/viewer.go:32	basic viewer scenario
2026-09-22T08:53:44.737Z	info	staff-logger	scenario/viewer.go:56	visit top
2026-09-22T08:53:44.737Z	info	staff-logger	scenario/viewer.go:64	get livestream
2026-09-22T08:53:44.737Z	info	staff-logger	scenario/viewer.go:83	visit livestream
2026-09-22T08:53:44.820Z	info	staff-logger	scenario/viewer.go:32	basic viewer scenario
2026-09-22T08:53:44.820Z	info	staff-logger	scenario/viewer.go:56	visit top
2026-09-22T08:53:44.820Z	info	staff-logger	scenario/viewer.go:64	get livestream
2026-09-22T08:53:44.820Z	info	staff-logger	scenario/viewer.go:83	visit livestream
2026-09-22T08:53:44.985Z	info	staff-logger	scenario/viewer.go:32	basic viewer scenario
2026-09-22T08:53:44.986Z	info	staff-logger	scenario/viewer.go:46	change icon
2026-09-22T08:53:45.091Z	info	staff-logger	scenario/viewer.go:32	basic viewer scenario
2026-09-22T08:53:45.091Z	info	staff-logger	scenario/viewer.go:56	visit top
2026-09-22T08:53:45.091Z	info	staff-logger	scenario/viewer.go:64	get livestream
2026-09-22T08:53:45.091Z	info	staff-logger	scenario/viewer.go:83	visit livestream
2026-09-22T08:53:45.122Z	info	staff-logger	scenario/viewer.go:32	basic viewer scenario
2026-09-22T08:53:45.122Z	info	staff-logger	scenario/viewer.go:56	visit top
2026-09-22T08:53:45.122Z	info	staff-logger	scenario/viewer.go:64	get livestream
2026-09-22T08:53:45.122Z	info	staff-logger	scenario/viewer.go:83	visit livestream
2026-09-22T08:53:45.134Z	info	staff-logger	scenario/viewer.go:56	visit top
2026-09-22T08:53:45.151Z	info	staff-logger	scenario/viewer.go:32	basic viewer scenario
2026-09-22T08:53:45.151Z	info	staff-logger	scenario/viewer.go:56	visit top
2026-09-22T08:53:45.151Z	info	staff-logger	scenario/viewer.go:64	get livestream
2026-09-22T08:53:45.151Z	info	staff-logger	scenario/viewer.go:83	visit livestream
2026-09-22T08:53:45.202Z	warn	staff-logger	scenario/streamer.go:198	aggressive streamer moderate: failed to visit livestream admin: benchmark-application: [一般エラー] GET /api/livestream/7528/report へのリクエストに対して、期待されたHTTPステータスコードが確認できませんでした (expected:200, actual:500)

2026-09-22T08:53:45.216Z	info	staff-logger	scenario/viewer.go:32	basic viewer scenario
2026-09-22T08:53:45.216Z	info	staff-logger	scenario/viewer.go:56	visit top
2026-09-22T08:53:45.216Z	info	staff-logger	scenario/viewer.go:64	get livestream
2026-09-22T08:53:45.216Z	info	staff-logger	scenario/viewer.go:83	visit livestream
2026-09-22T08:53:45.398Z	info	staff-logger	scenario/viewer.go:32	basic viewer scenario
2026-09-22T08:53:45.398Z	info	staff-logger	scenario/viewer.go:56	visit top
2026-09-22T08:53:45.398Z	info	staff-logger	scenario/viewer.go:64	get livestream
2026-09-22T08:53:45.398Z	info	staff-logger	scenario/viewer.go:83	visit livestream
2026-09-22T08:53:45.426Z	info	staff-logger	scenario/viewer.go:32	basic viewer scenario
2026-09-22T08:53:45.426Z	info	staff-logger	scenario/viewer.go:56	visit top
2026-09-22T08:53:45.426Z	info	staff-logger	scenario/viewer.go:64	get livestream
2026-09-22T08:53:45.426Z	info	staff-logger	scenario/viewer.go:83	visit livestream
2026-09-22T08:53:45.438Z	info	staff-logger	scenario/viewer.go:32	basic viewer scenario
2026-09-22T08:53:45.438Z	info	staff-logger	scenario/viewer.go:56	visit top
2026-09-22T08:53:45.438Z	info	staff-logger	scenario/viewer.go:64	get livestream
2026-09-22T08:53:45.438Z	info	staff-logger	scenario/viewer.go:83	visit livestream
2026-09-22T08:53:45.529Z	info	staff-logger	scenario/viewer.go:90	get livestream stats
2026-09-22T08:53:45.656Z	info	staff-logger	scenario/viewer.go:32	basic viewer scenario
2026-09-22T08:53:45.656Z	info	staff-logger	scenario/viewer.go:56	visit top
2026-09-22T08:53:45.656Z	info	staff-logger	scenario/viewer.go:64	get livestream
2026-09-22T08:53:45.656Z	info	staff-logger	scenario/viewer.go:83	visit livestream
2026-09-22T08:53:45.675Z	warn	staff-logger	scenario/streamer.go:198	aggressive streamer moderate: failed to visit livestream admin: benchmark-application: [一般エラー] GET /api/livestream/7522/report へのリクエストに対して、期待されたHTTPステータスコードが確認できませんでした (expected:200, actual:500)

2026-09-22T08:53:45.676Z	info	staff-logger	scenario/viewer.go:64	get livestream
2026-09-22T08:53:45.676Z	info	staff-logger	scenario/viewer.go:76	visit user profile
2026-09-22T08:53:45.764Z	info	staff-logger	scenario/viewer.go:90	get livestream stats
2026-09-22T08:53:45.861Z	info	staff-logger	scenario/viewer.go:32	basic viewer scenario
2026-09-22T08:53:45.861Z	info	staff-logger	scenario/viewer.go:56	visit top
2026-09-22T08:53:45.861Z	info	staff-logger	scenario/viewer.go:64	get livestream
2026-09-22T08:53:45.861Z	info	staff-logger	scenario/viewer.go:83	visit livestream
2026-09-22T08:53:45.892Z	info	staff-logger	scenario/viewer.go:32	basic viewer scenario
2026-09-22T08:53:45.892Z	info	staff-logger	scenario/viewer.go:56	visit top
2026-09-22T08:53:45.893Z	info	staff-logger	scenario/viewer.go:64	get livestream
2026-09-22T08:53:45.893Z	info	staff-logger	scenario/viewer.go:83	visit livestream
2026-09-22T08:53:45.971Z	info	staff-logger	scenario/viewer.go:83	visit livestream
2026-09-22T08:53:46.100Z	warn	staff-logger	scenario/streamer.go:198	aggressive streamer moderate: failed to visit livestream admin: benchmark-application: [一般エラー] GET /api/livestream/7524/report へのリクエストに対して、期待されたHTTPステータスコードが確認できませんでした (expected:200, actual:500)

2026-09-22T08:53:46.129Z	info	staff-logger	scenario/viewer.go:32	basic viewer scenario
2026-09-22T08:53:46.129Z	info	staff-logger	scenario/viewer.go:56	visit top
2026-09-22T08:53:46.129Z	info	staff-logger	scenario/viewer.go:64	get livestream
2026-09-22T08:53:46.129Z	info	staff-logger	scenario/viewer.go:83	visit livestream
2026-09-22T08:53:46.179Z	info	staff-logger	scenario/viewer.go:32	basic viewer scenario
2026-09-22T08:53:46.179Z	info	staff-logger	scenario/viewer.go:56	visit top
2026-09-22T08:53:46.179Z	info	staff-logger	scenario/viewer.go:64	get livestream
2026-09-22T08:53:46.179Z	info	staff-logger	scenario/viewer.go:83	visit livestream
2026-09-22T08:53:46.303Z	info	staff-logger	scenario/viewer.go:32	basic viewer scenario
2026-09-22T08:53:46.303Z	info	staff-logger	scenario/viewer.go:56	visit top
2026-09-22T08:53:46.303Z	info	staff-logger	scenario/viewer.go:64	get livestream
2026-09-22T08:53:46.303Z	info	staff-logger	scenario/viewer.go:83	visit livestream
2026-09-22T08:53:46.332Z	info	staff-logger	scenario/viewer.go:32	basic viewer scenario
2026-09-22T08:53:46.332Z	info	staff-logger	scenario/viewer.go:56	visit top
2026-09-22T08:53:46.332Z	info	staff-logger	scenario/viewer.go:64	get livestream
2026-09-22T08:53:46.332Z	info	staff-logger	scenario/viewer.go:83	visit livestream
2026-09-22T08:53:46.364Z	info	staff-logger	scenario/viewer.go:32	basic viewer scenario
2026-09-22T08:53:46.364Z	info	staff-logger	scenario/viewer.go:56	visit top
2026-09-22T08:53:46.364Z	info	staff-logger	scenario/viewer.go:64	get livestream
2026-09-22T08:53:46.364Z	info	staff-logger	scenario/viewer.go:83	visit livestream
2026-09-22T08:53:46.422Z	warn	staff-logger	scenario/streamer.go:139	streamer_moderate: failed to visit livestream admin: benchmark-application: [一般エラー] GET /api/livestream/7528/report へのリクエストに対して、期待されたHTTPステータスコードが確認できませんでした (expected:200, actual:500)

2026-09-22T08:53:46.450Z	info	staff-logger	scenario/viewer.go:32	basic viewer scenario
2026-09-22T08:53:46.450Z	info	staff-logger	scenario/viewer.go:56	visit top
2026-09-22T08:53:46.450Z	info	staff-logger	scenario/viewer.go:64	get livestream
2026-09-22T08:53:46.450Z	info	staff-logger	scenario/viewer.go:83	visit livestream
2026-09-22T08:53:46.499Z	warn	staff-logger	scenario/streamer.go:139	streamer_moderate: failed to visit livestream admin: benchmark-application: [一般エラー] GET /api/livestream/7532/report へのリクエストに対して、期待されたHTTPステータスコードが確認できませんでした (expected:200, actual:500)

2026-09-22T08:53:46.607Z	info	staff-logger	scenario/viewer.go:32	basic viewer scenario
2026-09-22T08:53:46.607Z	info	staff-logger	scenario/viewer.go:56	visit top
2026-09-22T08:53:46.607Z	info	staff-logger	scenario/viewer.go:64	get livestream
2026-09-22T08:53:46.607Z	info	staff-logger	scenario/viewer.go:83	visit livestream
2026-09-22T08:53:46.640Z	info	staff-logger	scenario/viewer.go:32	basic viewer scenario
2026-09-22T08:53:46.640Z	info	staff-logger	scenario/viewer.go:56	visit top
2026-09-22T08:53:47.010Z	info	staff-logger	scenario/viewer.go:32	basic viewer scenario
2026-09-22T08:53:47.010Z	info	staff-logger	scenario/viewer.go:56	visit top
2026-09-22T08:53:47.010Z	info	staff-logger	scenario/viewer.go:64	get livestream
2026-09-22T08:53:47.010Z	info	staff-logger	scenario/viewer.go:83	visit livestream
2026-09-22T08:53:47.216Z	info	staff-logger	scenario/viewer.go:32	basic viewer scenario
2026-09-22T08:53:47.216Z	info	staff-logger	scenario/viewer.go:56	visit top
2026-09-22T08:53:47.216Z	info	staff-logger	scenario/viewer.go:64	get livestream
2026-09-22T08:53:47.216Z	info	staff-logger	scenario/viewer.go:83	visit livestream
2026-09-22T08:53:47.273Z	info	staff-logger	scenario/viewer.go:32	basic viewer scenario
2026-09-22T08:53:47.273Z	info	staff-logger	scenario/viewer.go:56	visit top
2026-09-22T08:53:47.273Z	info	staff-logger	scenario/viewer.go:64	get livestream
2026-09-22T08:53:47.273Z	info	staff-logger	scenario/viewer.go:83	visit livestream
2026-09-22T08:53:47.345Z	info	staff-logger	scenario/viewer.go:64	get livestream
2026-09-22T08:53:47.345Z	info	staff-logger	scenario/viewer.go:76	visit user profile
2026-09-22T08:53:47.448Z	info	staff-logger	scenario/viewer.go:32	basic viewer scenario
2026-09-22T08:53:47.448Z	info	staff-logger	scenario/viewer.go:56	visit top
2026-09-22T08:53:47.448Z	info	staff-logger	scenario/viewer.go:64	get livestream
2026-09-22T08:53:47.448Z	info	staff-logger	scenario/viewer.go:83	visit livestream
2026-09-22T08:53:47.490Z	warn	staff-logger	scenario/streamer.go:198	aggressive streamer moderate: failed to visit livestream admin: benchmark-application: [一般エラー] GET /api/livestream/7524/report へのリクエストに対して、期待されたHTTPステータスコードが確認できませんでした (expected:200, actual:500)

2026-09-22T08:53:47.497Z	info	staff-logger	scenario/viewer.go:32	basic viewer scenario
2026-09-22T08:53:47.497Z	info	staff-logger	scenario/viewer.go:56	visit top
2026-09-22T08:53:47.497Z	info	staff-logger	scenario/viewer.go:64	get livestream
2026-09-22T08:53:47.497Z	info	staff-logger	scenario/viewer.go:83	visit livestream
2026-09-22T08:53:47.608Z	info	staff-logger	scenario/viewer.go:32	basic viewer scenario
2026-09-22T08:53:47.608Z	info	staff-logger	scenario/viewer.go:56	visit top
2026-09-22T08:53:47.608Z	info	staff-logger	scenario/viewer.go:64	get livestream
2026-09-22T08:53:47.608Z	info	staff-logger	scenario/viewer.go:83	visit livestream
2026-09-22T08:53:47.726Z	info	staff-logger	scenario/viewer.go:83	visit livestream
2026-09-22T08:53:47.825Z	info	staff-logger	scenario/viewer.go:32	basic viewer scenario
2026-09-22T08:53:47.825Z	info	staff-logger	scenario/viewer.go:56	visit top
2026-09-22T08:53:47.825Z	info	staff-logger	scenario/viewer.go:64	get livestream
2026-09-22T08:53:47.825Z	info	staff-logger	scenario/viewer.go:83	visit livestream
2026-09-22T08:53:47.827Z	warn	staff-logger	scenario/streamer.go:198	aggressive streamer moderate: failed to visit livestream admin: benchmark-application: [一般エラー] GET /api/livestream/7528/report へのリクエストに対して、期待されたHTTPステータスコードが確認できませんでした (expected:200, actual:500)

2026-09-22T08:53:47.837Z	info	staff-logger	scenario/viewer.go:32	basic viewer scenario
2026-09-22T08:53:47.837Z	info	staff-logger	scenario/viewer.go:56	visit top
2026-09-22T08:53:47.837Z	info	staff-logger	scenario/viewer.go:64	get livestream
2026-09-22T08:53:47.837Z	info	staff-logger	scenario/viewer.go:83	visit livestream
2026-09-22T08:53:47.938Z	info	staff-logger	scenario/viewer.go:32	basic viewer scenario
2026-09-22T08:53:47.938Z	info	staff-logger	scenario/viewer.go:56	visit top
2026-09-22T08:53:48.022Z	warn	staff-logger	scenario/streamer.go:198	aggressive streamer moderate: failed to visit livestream admin: benchmark-application: [一般エラー] GET /api/livestream/7532/report へのリクエストに対して、期待されたHTTPステータスコードが確認できませんでした (expected:200, actual:500)

2026-09-22T08:53:48.226Z	info	staff-logger	scenario/viewer.go:32	basic viewer scenario
2026-09-22T08:53:48.226Z	info	staff-logger	scenario/viewer.go:56	visit top
2026-09-22T08:53:48.226Z	info	staff-logger	scenario/viewer.go:64	get livestream
2026-09-22T08:53:48.226Z	info	staff-logger	scenario/viewer.go:83	visit livestream
2026-09-22T08:53:48.234Z	info	staff-logger	scenario/viewer.go:32	basic viewer scenario
2026-09-22T08:53:48.234Z	info	staff-logger	scenario/viewer.go:56	visit top
2026-09-22T08:53:48.234Z	info	staff-logger	scenario/viewer.go:64	get livestream
2026-09-22T08:53:48.234Z	info	staff-logger	scenario/viewer.go:83	visit livestream
2026-09-22T08:53:48.253Z	info	staff-logger	scenario/viewer.go:32	basic viewer scenario
2026-09-22T08:53:48.253Z	info	staff-logger	scenario/viewer.go:56	visit top
2026-09-22T08:53:48.253Z	info	staff-logger	scenario/viewer.go:64	get livestream
2026-09-22T08:53:48.254Z	info	staff-logger	scenario/viewer.go:83	visit livestream
2026-09-22T08:53:48.314Z	info	staff-logger	scenario/viewer.go:32	basic viewer scenario
2026-09-22T08:53:48.314Z	info	staff-logger	scenario/viewer.go:56	visit top
2026-09-22T08:53:48.314Z	info	staff-logger	scenario/viewer.go:64	get livestream
2026-09-22T08:53:48.314Z	info	staff-logger	scenario/viewer.go:83	visit livestream
2026-09-22T08:53:48.430Z	warn	staff-logger	scenario/streamer.go:139	streamer_moderate: failed to visit livestream admin: benchmark-application: [一般エラー] GET /api/livestream/7522/report へのリクエストに対して、期待されたHTTPステータスコードが確認できませんでした (expected:200, actual:500)

2026-09-22T08:53:48.471Z	info	staff-logger	scenario/viewer.go:32	basic viewer scenario
2026-09-22T08:53:48.471Z	info	staff-logger	scenario/viewer.go:56	visit top
2026-09-22T08:53:48.471Z	info	staff-logger	scenario/viewer.go:64	get livestream
2026-09-22T08:53:48.471Z	info	staff-logger	scenario/viewer.go:83	visit livestream
2026-09-22T08:53:48.570Z	info	staff-logger	scenario/viewer.go:32	basic viewer scenario
2026-09-22T08:53:48.570Z	info	staff-logger	scenario/viewer.go:56	visit top
2026-09-22T08:53:48.570Z	info	staff-logger	scenario/viewer.go:64	get livestream
2026-09-22T08:53:48.570Z	info	staff-logger	scenario/viewer.go:83	visit livestream
2026-09-22T08:53:48.649Z	info	staff-logger	scenario/viewer.go:64	get livestream
2026-09-22T08:53:48.650Z	info	staff-logger	scenario/viewer.go:76	visit user profile
2026-09-22T08:53:48.668Z	info	staff-logger	scenario/viewer.go:32	basic viewer scenario
2026-09-22T08:53:48.668Z	info	staff-logger	scenario/viewer.go:56	visit top
2026-09-22T08:53:48.668Z	info	staff-logger	scenario/viewer.go:64	get livestream
2026-09-22T08:53:48.668Z	info	staff-logger	scenario/viewer.go:83	visit livestream
2026-09-22T08:53:48.744Z	info	staff-logger	scenario/viewer.go:32	basic viewer scenario
2026-09-22T08:53:48.744Z	info	staff-logger	scenario/viewer.go:56	visit top
2026-09-22T08:53:48.744Z	info	staff-logger	scenario/viewer.go:64	get livestream
2026-09-22T08:53:48.744Z	info	staff-logger	scenario/viewer.go:83	visit livestream
2026-09-22T08:53:48.946Z	info	staff-logger	scenario/viewer.go:32	basic viewer scenario
2026-09-22T08:53:48.946Z	info	staff-logger	scenario/viewer.go:56	visit top
2026-09-22T08:53:48.946Z	info	staff-logger	scenario/viewer.go:64	get livestream
2026-09-22T08:53:48.946Z	info	staff-logger	scenario/viewer.go:83	visit livestream
2026-09-22T08:53:48.977Z	info	staff-logger	scenario/viewer.go:32	basic viewer scenario
2026-09-22T08:53:48.978Z	info	staff-logger	scenario/viewer.go:56	visit top
2026-09-22T08:53:48.978Z	info	staff-logger	scenario/viewer.go:64	get livestream
2026-09-22T08:53:48.978Z	info	staff-logger	scenario/viewer.go:83	visit livestream
2026-09-22T08:53:49.020Z	info	staff-logger	scenario/viewer.go:83	visit livestream
2026-09-22T08:53:49.184Z	info	staff-logger	scenario/viewer.go:32	basic viewer scenario
2026-09-22T08:53:49.184Z	info	staff-logger	scenario/viewer.go:56	visit top
2026-09-22T08:53:49.184Z	info	staff-logger	scenario/viewer.go:64	get livestream
2026-09-22T08:53:49.184Z	info	staff-logger	scenario/viewer.go:83	visit livestream
2026-09-22T08:53:49.291Z	warn	staff-logger	scenario/streamer.go:139	streamer_moderate: failed to visit livestream admin: benchmark-application: [一般エラー] GET /api/livestream/7528/report へのリクエストに対して、期待されたHTTPステータスコードが確認できませんでした (expected:200, actual:500)

2026-09-22T08:53:49.347Z	warn	staff-logger	scenario/streamer.go:198	aggressive streamer moderate: failed to visit livestream admin: benchmark-application: [一般エラー] GET /api/livestream/7532/report へのリクエストに対して、期待されたHTTPステータスコードが確認できませんでした (expected:200, actual:500)

2026-09-22T08:53:49.357Z	info	staff-logger	scenario/viewer.go:32	basic viewer scenario
2026-09-22T08:53:49.357Z	info	staff-logger	scenario/viewer.go:56	visit top
2026-09-22T08:53:49.357Z	info	staff-logger	scenario/viewer.go:64	get livestream
2026-09-22T08:53:49.357Z	info	staff-logger	scenario/viewer.go:83	visit livestream
2026-09-22T08:53:49.385Z	info	staff-logger	scenario/viewer.go:32	basic viewer scenario
2026-09-22T08:53:49.385Z	info	staff-logger	scenario/viewer.go:56	visit top
2026-09-22T08:53:49.385Z	info	staff-logger	scenario/viewer.go:64	get livestream
2026-09-22T08:53:49.385Z	info	staff-logger	scenario/viewer.go:83	visit livestream
2026-09-22T08:53:49.552Z	info	staff-logger	scenario/viewer.go:32	basic viewer scenario
2026-09-22T08:53:49.552Z	info	staff-logger	scenario/viewer.go:56	visit top
2026-09-22T08:53:49.552Z	info	staff-logger	scenario/viewer.go:64	get livestream
2026-09-22T08:53:49.552Z	info	staff-logger	scenario/viewer.go:83	visit livestream
2026-09-22T08:53:49.693Z	info	staff-logger	scenario/viewer.go:32	basic viewer scenario
2026-09-22T08:53:49.693Z	info	staff-logger	scenario/viewer.go:56	visit top
2026-09-22T08:53:49.693Z	info	staff-logger	scenario/viewer.go:64	get livestream
2026-09-22T08:53:49.693Z	info	staff-logger	scenario/viewer.go:83	visit livestream
2026-09-22T08:53:49.857Z	warn	staff-logger	scenario/streamer.go:198	aggressive streamer moderate: failed to visit livestream admin: benchmark-application: [一般エラー] GET /api/livestream/7526/report へのリクエストに対して、期待されたHTTPステータスコードが確認できませんでした (expected:200, actual:500)

2026-09-22T08:53:49.974Z	warn	staff-logger	scenario/streamer.go:139	streamer_moderate: failed to visit livestream admin: benchmark-application: [一般エラー] GET /api/livestream/7522/report へのリクエストに対して、期待されたHTTPステータスコードが確認できませんでした (expected:200, actual:500)

2026-09-22T08:53:50.014Z	info	staff-logger	scenario/viewer.go:32	basic viewer scenario
2026-09-22T08:53:50.014Z	info	staff-logger	scenario/viewer.go:56	visit top
2026-09-22T08:53:50.015Z	info	staff-logger	scenario/viewer.go:64	get livestream
2026-09-22T08:53:50.015Z	info	staff-logger	scenario/viewer.go:83	visit livestream
2026-09-22T08:53:50.089Z	info	staff-logger	scenario/viewer.go:32	basic viewer scenario
2026-09-22T08:53:50.089Z	info	staff-logger	scenario/viewer.go:56	visit top
2026-09-22T08:53:50.089Z	info	staff-logger	scenario/viewer.go:64	get livestream
2026-09-22T08:53:50.089Z	info	staff-logger	scenario/viewer.go:83	visit livestream
2026-09-22T08:53:50.225Z	info	staff-logger	scenario/viewer.go:32	basic viewer scenario
2026-09-22T08:53:50.225Z	info	staff-logger	scenario/viewer.go:56	visit top
2026-09-22T08:53:50.225Z	info	staff-logger	scenario/viewer.go:64	get livestream
2026-09-22T08:53:50.225Z	info	staff-logger	scenario/viewer.go:83	visit livestream
2026-09-22T08:53:50.275Z	info	staff-logger	scenario/viewer.go:32	basic viewer scenario
2026-09-22T08:53:50.275Z	info	staff-logger	scenario/viewer.go:56	visit top
2026-09-22T08:53:50.275Z	info	staff-logger	scenario/viewer.go:64	get livestream
2026-09-22T08:53:50.275Z	info	staff-logger	scenario/viewer.go:83	visit livestream
2026-09-22T08:53:50.341Z	warn	staff-logger	scenario/streamer.go:139	streamer_moderate: failed to visit livestream admin: benchmark-application: [一般エラー] GET /api/livestream/7524/report へのリクエストに対して、期待されたHTTPステータスコードが確認できませんでした (expected:200, actual:500)

2026-09-22T08:53:50.388Z	info	staff-logger	scenario/viewer.go:32	basic viewer scenario
2026-09-22T08:53:50.388Z	info	staff-logger	scenario/viewer.go:56	visit top
2026-09-22T08:53:50.388Z	info	staff-logger	scenario/viewer.go:64	get livestream
2026-09-22T08:53:50.388Z	info	staff-logger	scenario/viewer.go:83	visit livestream
2026-09-22T08:53:50.478Z	info	staff-logger	scenario/viewer.go:32	basic viewer scenario
2026-09-22T08:53:50.478Z	info	staff-logger	scenario/viewer.go:56	visit top
2026-09-22T08:53:50.478Z	info	staff-logger	scenario/viewer.go:64	get livestream
2026-09-22T08:53:50.478Z	info	staff-logger	scenario/viewer.go:83	visit livestream
2026-09-22T08:53:50.526Z	info	staff-logger	scenario/viewer.go:32	basic viewer scenario
2026-09-22T08:53:50.526Z	info	staff-logger	scenario/viewer.go:56	visit top
2026-09-22T08:53:50.526Z	info	staff-logger	scenario/viewer.go:64	get livestream
2026-09-22T08:53:50.526Z	info	staff-logger	scenario/viewer.go:83	visit livestream
2026-09-22T08:53:50.604Z	info	staff-logger	scenario/viewer.go:32	basic viewer scenario
2026-09-22T08:53:50.604Z	info	staff-logger	scenario/viewer.go:56	visit top
2026-09-22T08:53:50.604Z	info	staff-logger	scenario/viewer.go:64	get livestream
2026-09-22T08:53:50.604Z	info	staff-logger	scenario/viewer.go:83	visit livestream
2026-09-22T08:53:50.619Z	info	staff-logger	scenario/streamer.go:48	change icon
2026-09-22T08:53:50.847Z	info	staff-logger	scenario/viewer.go:32	basic viewer scenario
2026-09-22T08:53:50.847Z	info	staff-logger	scenario/viewer.go:56	visit top
2026-09-22T08:53:50.847Z	info	staff-logger	scenario/viewer.go:64	get livestream
2026-09-22T08:53:50.847Z	info	staff-logger	scenario/viewer.go:83	visit livestream
2026-09-22T08:53:50.905Z	info	staff-logger	scenario/viewer.go:32	basic viewer scenario
2026-09-22T08:53:50.905Z	info	staff-logger	scenario/viewer.go:56	visit top
2026-09-22T08:53:50.905Z	info	staff-logger	scenario/viewer.go:64	get livestream
2026-09-22T08:53:50.905Z	info	staff-logger	scenario/viewer.go:83	visit livestream
2026-09-22T08:53:51.017Z	warn	staff-logger	scenario/streamer.go:198	aggressive streamer moderate: failed to visit livestream admin: benchmark-application: [一般エラー] GET /api/livestream/7528/report へのリクエストに対して、期待されたHTTPステータスコードが確認できませんでした (expected:200, actual:500)

2026-09-22T08:53:51.039Z	warn	staff-logger	scenario/streamer.go:139	streamer_moderate: failed to visit livestream admin: benchmark-application: [一般エラー] GET /api/livestream/7532/report へのリクエストに対して、期待されたHTTPステータスコードが確認できませんでした (expected:200, actual:500)

2026-09-22T08:53:51.107Z	info	staff-logger	scenario/viewer.go:32	basic viewer scenario
2026-09-22T08:53:51.107Z	info	staff-logger	scenario/viewer.go:56	visit top
2026-09-22T08:53:51.117Z	info	staff-logger	scenario/streamer.go:48	change icon
2026-09-22T08:53:51.174Z	info	staff-logger	scenario/viewer.go:32	basic viewer scenario
2026-09-22T08:53:51.174Z	info	staff-logger	scenario/viewer.go:56	visit top
2026-09-22T08:53:51.174Z	info	staff-logger	scenario/viewer.go:64	get livestream
2026-09-22T08:53:51.174Z	info	staff-logger	scenario/viewer.go:83	visit livestream
2026-09-22T08:53:51.233Z	info	staff-logger	scenario/viewer.go:32	basic viewer scenario
2026-09-22T08:53:51.233Z	info	staff-logger	scenario/viewer.go:56	visit top
2026-09-22T08:53:51.274Z	info	staff-logger	scenario/viewer.go:32	basic viewer scenario
2026-09-22T08:53:51.274Z	info	staff-logger	scenario/viewer.go:56	visit top
2026-09-22T08:53:51.274Z	info	staff-logger	scenario/viewer.go:64	get livestream
2026-09-22T08:53:51.274Z	info	staff-logger	scenario/viewer.go:83	visit livestream
2026-09-22T08:53:51.322Z	info	staff-logger	scenario/viewer.go:32	basic viewer scenario
2026-09-22T08:53:51.322Z	info	staff-logger	scenario/viewer.go:56	visit top
2026-09-22T08:53:51.322Z	info	staff-logger	scenario/viewer.go:64	get livestream
2026-09-22T08:53:51.322Z	info	staff-logger	scenario/viewer.go:83	visit livestream
2026-09-22T08:53:51.414Z	info	staff-logger	scenario/viewer.go:32	basic viewer scenario
2026-09-22T08:53:51.414Z	info	staff-logger	scenario/viewer.go:56	visit top
2026-09-22T08:53:51.507Z	warn	staff-logger	scenario/streamer.go:139	streamer_moderate: failed to visit livestream admin: benchmark-application: [一般エラー] GET /api/livestream/7526/report へのリクエストに対して、期待されたHTTPステータスコードが確認できませんでした (expected:200, actual:500)

2026-09-22T08:53:51.522Z	info	staff-logger	scenario/viewer.go:32	basic viewer scenario
2026-09-22T08:53:51.522Z	info	staff-logger	scenario/viewer.go:56	visit top
2026-09-22T08:53:51.522Z	info	staff-logger	scenario/viewer.go:64	get livestream
2026-09-22T08:53:51.522Z	info	staff-logger	scenario/viewer.go:83	visit livestream
2026-09-22T08:53:51.630Z	warn	staff-logger	scenario/streamer.go:139	streamer_moderate: failed to visit livestream admin: benchmark-application: [一般エラー] GET /api/livestream/7522/report へのリクエストに対して、期待されたHTTPステータスコードが確認できませんでした (expected:200, actual:500)

2026-09-22T08:53:51.655Z	info	staff-logger	scenario/viewer.go:32	basic viewer scenario
2026-09-22T08:53:51.655Z	info	staff-logger	scenario/viewer.go:56	visit top
2026-09-22T08:53:51.655Z	info	staff-logger	scenario/viewer.go:64	get livestream
2026-09-22T08:53:51.655Z	info	staff-logger	scenario/viewer.go:83	visit livestream
2026-09-22T08:53:51.683Z	info	staff-logger	scenario/viewer.go:90	get livestream stats
2026-09-22T08:53:51.708Z	info	staff-logger	scenario/viewer.go:32	basic viewer scenario
2026-09-22T08:53:51.708Z	info	staff-logger	scenario/viewer.go:56	visit top
2026-09-22T08:53:51.708Z	info	staff-logger	scenario/viewer.go:64	get livestream
2026-09-22T08:53:51.708Z	info	staff-logger	scenario/viewer.go:83	visit livestream
2026-09-22T08:53:51.762Z	info	staff-logger	scenario/viewer.go:64	get livestream
2026-09-22T08:53:51.762Z	info	staff-logger	scenario/viewer.go:76	visit user profile
2026-09-22T08:53:51.822Z	info	staff-logger	scenario/viewer.go:64	get livestream
2026-09-22T08:53:51.823Z	info	staff-logger	scenario/viewer.go:76	visit user profile
2026-09-22T08:53:51.841Z	info	staff-logger	scenario/viewer.go:32	basic viewer scenario
2026-09-22T08:53:51.841Z	info	staff-logger	scenario/viewer.go:56	visit top
2026-09-22T08:53:51.841Z	info	staff-logger	scenario/viewer.go:64	get livestream
2026-09-22T08:53:51.841Z	info	staff-logger	scenario/viewer.go:83	visit livestream
2026-09-22T08:53:51.870Z	warn	staff-logger	scenario/streamer.go:139	streamer_moderate: failed to visit livestream admin: benchmark-application: [一般エラー] GET /api/livestream/7524/report へのリクエストに対して、期待されたHTTPステータスコードが確認できませんでした (expected:200, actual:500)

2026-09-22T08:53:51.965Z	info	staff-logger	scenario/viewer.go:32	basic viewer scenario
2026-09-22T08:53:51.965Z	info	staff-logger	scenario/viewer.go:56	visit top
2026-09-22T08:53:51.965Z	info	staff-logger	scenario/viewer.go:64	get livestream
2026-09-22T08:53:51.966Z	info	staff-logger	scenario/viewer.go:83	visit livestream
2026-09-22T08:53:51.989Z	info	staff-logger	scenario/viewer.go:64	get livestream
2026-09-22T08:53:51.989Z	info	staff-logger	scenario/viewer.go:76	visit user profile
2026-09-22T08:53:52.094Z	info	staff-logger	scenario/viewer.go:32	basic viewer scenario
2026-09-22T08:53:52.094Z	info	staff-logger	scenario/viewer.go:56	visit top
2026-09-22T08:53:52.190Z	info	staff-logger	scenario/viewer.go:83	visit livestream
2026-09-22T08:53:52.351Z	info	staff-logger	scenario/viewer.go:83	visit livestream
2026-09-22T08:53:52.372Z	info	staff-logger	scenario/viewer.go:83	visit livestream
2026-09-22T08:53:52.492Z	info	staff-logger	scenario/viewer.go:32	basic viewer scenario
2026-09-22T08:53:52.492Z	info	staff-logger	scenario/viewer.go:56	visit top
2026-09-22T08:53:52.492Z	info	staff-logger	scenario/viewer.go:64	get livestream
2026-09-22T08:53:52.492Z	info	staff-logger	scenario/viewer.go:83	visit livestream
2026-09-22T08:53:52.525Z	warn	staff-logger	scenario/streamer.go:139	streamer_moderate: failed to visit livestream admin: benchmark-application: [一般エラー] GET /api/livestream/7532/report へのリクエストに対して、期待されたHTTPステータスコードが確認できませんでした (expected:200, actual:500)

2026-09-22T08:53:52.535Z	warn	staff-logger	scenario/streamer.go:198	aggressive streamer moderate: failed to visit livestream admin: benchmark-application: [一般エラー] GET /api/livestream/7528/report へのリクエストに対して、期待されたHTTPステータスコードが確認できませんでした (expected:200, actual:500)

2026-09-22T08:53:52.564Z	info	staff-logger	scenario/viewer.go:32	basic viewer scenario
2026-09-22T08:53:52.564Z	info	staff-logger	scenario/viewer.go:56	visit top
2026-09-22T08:53:52.564Z	info	staff-logger	scenario/viewer.go:64	get livestream
2026-09-22T08:53:52.564Z	info	staff-logger	scenario/viewer.go:83	visit livestream
2026-09-22T08:53:52.831Z	info	staff-logger	scenario/viewer.go:32	basic viewer scenario
2026-09-22T08:53:52.831Z	info	staff-logger	scenario/viewer.go:56	visit top
2026-09-22T08:53:52.831Z	info	staff-logger	scenario/viewer.go:64	get livestream
2026-09-22T08:53:52.831Z	info	staff-logger	scenario/viewer.go:83	visit livestream
2026-09-22T08:53:52.877Z	info	staff-logger	scenario/viewer.go:32	basic viewer scenario
2026-09-22T08:53:52.877Z	info	staff-logger	scenario/viewer.go:56	visit top
2026-09-22T08:53:52.877Z	info	staff-logger	scenario/viewer.go:64	get livestream
2026-09-22T08:53:52.877Z	info	staff-logger	scenario/viewer.go:83	visit livestream
2026-09-22T08:53:52.889Z	info	staff-logger	scenario/viewer.go:64	get livestream
2026-09-22T08:53:52.889Z	info	staff-logger	scenario/viewer.go:76	visit user profile
2026-09-22T08:53:53.131Z	info	staff-logger	scenario/viewer.go:32	basic viewer scenario
2026-09-22T08:53:53.131Z	info	staff-logger	scenario/viewer.go:56	visit top
2026-09-22T08:53:53.131Z	info	staff-logger	scenario/viewer.go:64	get livestream
2026-09-22T08:53:53.131Z	info	staff-logger	scenario/viewer.go:83	visit livestream
2026-09-22T08:53:53.155Z	info	staff-logger	scenario/viewer.go:83	visit livestream
2026-09-22T08:53:53.174Z	info	staff-logger	scenario/viewer.go:32	basic viewer scenario
2026-09-22T08:53:53.174Z	info	staff-logger	scenario/viewer.go:56	visit top
2026-09-22T08:53:53.174Z	info	staff-logger	scenario/viewer.go:64	get livestream
2026-09-22T08:53:53.174Z	info	staff-logger	scenario/viewer.go:83	visit livestream
2026-09-22T08:53:53.248Z	warn	staff-logger	scenario/streamer.go:139	streamer_moderate: failed to visit livestream admin: benchmark-application: [一般エラー] GET /api/livestream/7526/report へのリクエストに対して、期待されたHTTPステータスコードが確認できませんでした (expected:200, actual:500)

2026-09-22T08:53:53.360Z	info	staff-logger	scenario/viewer.go:90	get livestream stats
2026-09-22T08:53:53.387Z	warn	staff-logger	scenario/streamer.go:198	aggressive streamer moderate: failed to visit livestream admin: benchmark-application: [一般エラー] GET /api/livestream/7522/report へのリクエストに対して、期待されたHTTPステータスコードが確認できませんでした (expected:200, actual:500)

2026-09-22T08:53:53.430Z	info	staff-logger	scenario/viewer.go:32	basic viewer scenario
2026-09-22T08:53:53.430Z	info	staff-logger	scenario/viewer.go:56	visit top
2026-09-22T08:53:53.430Z	info	staff-logger	scenario/viewer.go:64	get livestream
2026-09-22T08:53:53.430Z	info	staff-logger	scenario/viewer.go:83	visit livestream
2026-09-22T08:53:53.563Z	info	staff-logger	scenario/viewer.go:32	basic viewer scenario
2026-09-22T08:53:53.563Z	info	staff-logger	scenario/viewer.go:56	visit top
2026-09-22T08:53:53.563Z	info	staff-logger	scenario/viewer.go:64	get livestream
2026-09-22T08:53:53.563Z	info	staff-logger	scenario/viewer.go:83	visit livestream
2026-09-22T08:53:53.611Z	info	staff-logger	scenario/viewer.go:32	basic viewer scenario
2026-09-22T08:53:53.611Z	info	staff-logger	scenario/viewer.go:56	visit top
2026-09-22T08:53:53.611Z	info	staff-logger	scenario/viewer.go:64	get livestream
2026-09-22T08:53:53.611Z	info	staff-logger	scenario/viewer.go:83	visit livestream
2026-09-22T08:53:53.658Z	info	staff-logger	scenario/streamer.go:48	change icon
2026-09-22T08:53:53.673Z	info	staff-logger	scenario/viewer.go:90	get livestream stats
2026-09-22T08:53:53.682Z	info	staff-logger	scenario/viewer.go:90	get livestream stats
2026-09-22T08:53:53.695Z	info	staff-logger	scenario/viewer.go:32	basic viewer scenario
2026-09-22T08:53:53.695Z	info	staff-logger	scenario/viewer.go:56	visit top
2026-09-22T08:53:53.695Z	info	staff-logger	scenario/viewer.go:64	get livestream
2026-09-22T08:53:53.695Z	info	staff-logger	scenario/viewer.go:83	visit livestream
2026-09-22T08:53:53.696Z	warn	staff-logger	scenario/streamer.go:139	streamer_moderate: failed to visit livestream admin: benchmark-application: [一般エラー] GET /api/livestream/7524/report へのリクエストに対して、期待されたHTTPステータスコードが確認できませんでした (expected:200, actual:500)

2026-09-22T08:53:53.764Z	info	staff-logger	scenario/viewer.go:32	basic viewer scenario
2026-09-22T08:53:53.764Z	info	staff-logger	scenario/viewer.go:56	visit top
2026-09-22T08:53:53.764Z	info	staff-logger	scenario/viewer.go:64	get livestream
2026-09-22T08:53:53.764Z	info	staff-logger	scenario/viewer.go:83	visit livestream
2026-09-22T08:53:54.266Z	info	staff-logger	scenario/viewer.go:32	basic viewer scenario
2026-09-22T08:53:54.266Z	info	staff-logger	scenario/viewer.go:56	visit top
2026-09-22T08:53:54.266Z	info	staff-logger	scenario/viewer.go:64	get livestream
2026-09-22T08:53:54.266Z	info	staff-logger	scenario/viewer.go:83	visit livestream
2026-09-22T08:53:54.298Z	info	staff-logger	scenario/viewer.go:32	basic viewer scenario
2026-09-22T08:53:54.298Z	info	staff-logger	scenario/viewer.go:56	visit top
2026-09-22T08:53:54.298Z	info	staff-logger	scenario/viewer.go:64	get livestream
2026-09-22T08:53:54.298Z	info	staff-logger	scenario/viewer.go:83	visit livestream
2026-09-22T08:53:54.346Z	warn	staff-logger	scenario/streamer.go:139	streamer_moderate: failed to visit livestream admin: benchmark-application: [一般エラー] GET /api/livestream/7532/report へのリクエストに対して、期待されたHTTPステータスコードが確認できませんでした (expected:200, actual:500)

2026-09-22T08:53:54.348Z	info	staff-logger	scenario/streamer.go:48	change icon
2026-09-22T08:53:54.374Z	info	staff-logger	scenario/viewer.go:32	basic viewer scenario
2026-09-22T08:53:54.374Z	info	staff-logger	scenario/viewer.go:46	change icon
2026-09-22T08:53:54.391Z	warn	staff-logger	scenario/streamer.go:139	streamer_moderate: failed to visit livestream admin: benchmark-application: [一般エラー] GET /api/livestream/7528/report へのリクエストに対して、期待されたHTTPステータスコードが確認できませんでした (expected:200, actual:500)

2026-09-22T08:53:54.429Z	info	staff-logger	scenario/viewer.go:56	visit top
2026-09-22T08:53:54.438Z	info	staff-logger	scenario/viewer.go:32	basic viewer scenario
2026-09-22T08:53:54.438Z	info	staff-logger	scenario/viewer.go:56	visit top
2026-09-22T08:53:54.438Z	info	staff-logger	scenario/viewer.go:64	get livestream
2026-09-22T08:53:54.438Z	info	staff-logger	scenario/viewer.go:83	visit livestream
2026-09-22T08:53:54.450Z	info	staff-logger	scenario/viewer.go:32	basic viewer scenario
2026-09-22T08:53:54.450Z	info	staff-logger	scenario/viewer.go:56	visit top
2026-09-22T08:53:54.450Z	info	staff-logger	scenario/viewer.go:64	get livestream
2026-09-22T08:53:54.450Z	info	staff-logger	scenario/viewer.go:83	visit livestream
2026-09-22T08:53:54.654Z	info	staff-logger	scenario/viewer.go:32	basic viewer scenario
2026-09-22T08:53:54.654Z	info	staff-logger	scenario/viewer.go:56	visit top
2026-09-22T08:53:54.654Z	info	staff-logger	scenario/viewer.go:64	get livestream
2026-09-22T08:53:54.654Z	info	staff-logger	scenario/viewer.go:83	visit livestream
2026-09-22T08:53:54.735Z	info	staff-logger	scenario/viewer.go:32	basic viewer scenario
2026-09-22T08:53:54.735Z	info	staff-logger	scenario/viewer.go:56	visit top
2026-09-22T08:53:54.735Z	info	staff-logger	scenario/viewer.go:64	get livestream
2026-09-22T08:53:54.735Z	info	staff-logger	scenario/viewer.go:83	visit livestream
2026-09-22T08:53:54.737Z	info	staff-logger	scenario/viewer.go:32	basic viewer scenario
2026-09-22T08:53:54.737Z	info	staff-logger	scenario/viewer.go:56	visit top
2026-09-22T08:53:54.737Z	info	staff-logger	scenario/viewer.go:64	get livestream
2026-09-22T08:53:54.737Z	info	staff-logger	scenario/viewer.go:83	visit livestream
2026-09-22T08:53:54.783Z	info	staff-logger	scenario/viewer.go:32	basic viewer scenario
2026-09-22T08:53:54.783Z	info	staff-logger	scenario/viewer.go:56	visit top
2026-09-22T08:53:54.783Z	info	staff-logger	scenario/viewer.go:64	get livestream
2026-09-22T08:53:54.783Z	info	staff-logger	scenario/viewer.go:83	visit livestream
2026-09-22T08:53:55.014Z	info	staff-logger	scenario/viewer.go:32	basic viewer scenario
2026-09-22T08:53:55.014Z	info	staff-logger	scenario/viewer.go:56	visit top
2026-09-22T08:53:55.015Z	info	staff-logger	scenario/viewer.go:64	get livestream
2026-09-22T08:53:55.015Z	info	staff-logger	scenario/viewer.go:83	visit livestream
2026-09-22T08:53:55.168Z	info	staff-logger	scenario/viewer.go:32	basic viewer scenario
2026-09-22T08:53:55.168Z	info	staff-logger	scenario/viewer.go:56	visit top
2026-09-22T08:53:55.168Z	info	staff-logger	scenario/viewer.go:64	get livestream
2026-09-22T08:53:55.168Z	info	staff-logger	scenario/viewer.go:83	visit livestream
2026-09-22T08:53:55.171Z	info	staff-logger	scenario/viewer.go:64	get livestream
2026-09-22T08:53:55.171Z	info	staff-logger	scenario/viewer.go:76	visit user profile
2026-09-22T08:53:55.196Z	warn	staff-logger	scenario/streamer.go:139	streamer_moderate: failed to visit livestream admin: benchmark-application: [一般エラー] GET /api/livestream/7526/report へのリクエストに対して、期待されたHTTPステータスコードが確認できませんでした (expected:200, actual:500)

2026-09-22T08:53:55.214Z	info	staff-logger	scenario/viewer.go:32	basic viewer scenario
2026-09-22T08:53:55.214Z	info	staff-logger	scenario/viewer.go:56	visit top
2026-09-22T08:53:55.214Z	info	staff-logger	scenario/viewer.go:64	get livestream
2026-09-22T08:53:55.214Z	info	staff-logger	scenario/viewer.go:83	visit livestream
2026-09-22T08:53:55.302Z	info	staff-logger	scenario/viewer.go:32	basic viewer scenario
2026-09-22T08:53:55.303Z	info	staff-logger	scenario/viewer.go:56	visit top
2026-09-22T08:53:55.303Z	info	staff-logger	scenario/viewer.go:64	get livestream
2026-09-22T08:53:55.303Z	info	staff-logger	scenario/viewer.go:83	visit livestream
2026-09-22T08:53:55.340Z	warn	staff-logger	scenario/streamer.go:139	streamer_moderate: failed to visit livestream admin: benchmark-application: [一般エラー] GET /api/livestream/7522/report へのリクエストに対して、期待されたHTTPステータスコードが確認できませんでした (expected:200, actual:500)

2026-09-22T08:53:55.427Z	info	staff-logger	scenario/viewer.go:32	basic viewer scenario
2026-09-22T08:53:55.427Z	info	staff-logger	scenario/viewer.go:56	visit top
2026-09-22T08:53:55.427Z	info	staff-logger	scenario/viewer.go:64	get livestream
2026-09-22T08:53:55.427Z	info	staff-logger	scenario/viewer.go:83	visit livestream
2026-09-22T08:53:55.456Z	info	staff-logger	scenario/viewer.go:32	basic viewer scenario
2026-09-22T08:53:55.457Z	info	staff-logger	scenario/viewer.go:56	visit top
2026-09-22T08:53:55.457Z	info	staff-logger	scenario/viewer.go:64	get livestream
2026-09-22T08:53:55.457Z	info	staff-logger	scenario/viewer.go:83	visit livestream
2026-09-22T08:53:55.503Z	info	staff-logger	scenario/viewer.go:32	basic viewer scenario
2026-09-22T08:53:55.503Z	info	staff-logger	scenario/viewer.go:56	visit top
2026-09-22T08:53:55.503Z	info	staff-logger	scenario/viewer.go:64	get livestream
2026-09-22T08:53:55.503Z	info	staff-logger	scenario/viewer.go:83	visit livestream
2026-09-22T08:53:55.521Z	info	staff-logger	scenario/viewer.go:32	basic viewer scenario
2026-09-22T08:53:55.521Z	info	staff-logger	scenario/viewer.go:56	visit top
2026-09-22T08:53:55.521Z	info	staff-logger	scenario/viewer.go:64	get livestream
2026-09-22T08:53:55.521Z	info	staff-logger	scenario/viewer.go:83	visit livestream
2026-09-22T08:53:55.538Z	info	staff-logger	scenario/viewer.go:83	visit livestream
2026-09-22T08:53:55.623Z	warn	staff-logger	scenario/streamer.go:198	aggressive streamer moderate: failed to visit livestream admin: benchmark-application: [一般エラー] GET /api/livestream/7524/report へのリクエストに対して、期待されたHTTPステータスコードが確認できませんでした (expected:200, actual:500)

2026-09-22T08:53:55.883Z	info	staff-logger	scenario/viewer.go:32	basic viewer scenario
2026-09-22T08:53:55.883Z	info	staff-logger	scenario/viewer.go:56	visit top
2026-09-22T08:53:55.883Z	info	staff-logger	scenario/viewer.go:64	get livestream
2026-09-22T08:53:55.883Z	info	staff-logger	scenario/viewer.go:83	visit livestream
2026-09-22T08:53:55.922Z	info	staff-logger	scenario/viewer.go:32	basic viewer scenario
2026-09-22T08:53:55.923Z	info	staff-logger	scenario/viewer.go:56	visit top
2026-09-22T08:53:55.923Z	info	staff-logger	scenario/viewer.go:64	get livestream
2026-09-22T08:53:55.923Z	info	staff-logger	scenario/viewer.go:83	visit livestream
2026-09-22T08:53:55.943Z	info	staff-logger	scenario/viewer.go:32	basic viewer scenario
2026-09-22T08:53:55.943Z	info	staff-logger	scenario/viewer.go:56	visit top
2026-09-22T08:53:55.943Z	info	staff-logger	scenario/viewer.go:64	get livestream
2026-09-22T08:53:55.943Z	info	staff-logger	scenario/viewer.go:83	visit livestream
2026-09-22T08:53:55.956Z	info	staff-logger	scenario/viewer.go:32	basic viewer scenario
2026-09-22T08:53:55.956Z	info	staff-logger	scenario/viewer.go:56	visit top
2026-09-22T08:53:55.956Z	info	staff-logger	scenario/viewer.go:64	get livestream
2026-09-22T08:53:55.956Z	info	staff-logger	scenario/viewer.go:83	visit livestream
2026-09-22T08:53:56.159Z	info	staff-logger	scenario/viewer.go:32	basic viewer scenario
2026-09-22T08:53:56.160Z	info	staff-logger	scenario/viewer.go:56	visit top
2026-09-22T08:53:56.160Z	info	staff-logger	scenario/viewer.go:64	get livestream
2026-09-22T08:53:56.160Z	info	staff-logger	scenario/viewer.go:83	visit livestream
2026-09-22T08:53:56.247Z	warn	staff-logger	scenario/streamer.go:139	streamer_moderate: failed to visit livestream admin: benchmark-application: [一般エラー] GET /api/livestream/7532/report へのリクエストに対して、期待されたHTTPステータスコードが確認できませんでした (expected:200, actual:500)

2026-09-22T08:53:56.260Z	info	staff-logger	scenario/viewer.go:90	get livestream stats
2026-09-22T08:53:56.314Z	warn	staff-logger	scenario/streamer.go:139	streamer_moderate: failed to visit livestream admin: benchmark-application: [一般エラー] GET /api/livestream/7528/report へのリクエストに対して、期待されたHTTPステータスコードが確認できませんでした (expected:200, actual:500)

2026-09-22T08:53:56.418Z	info	staff-logger	scenario/viewer.go:32	basic viewer scenario
2026-09-22T08:53:56.418Z	info	staff-logger	scenario/viewer.go:56	visit top
2026-09-22T08:53:56.418Z	info	staff-logger	scenario/viewer.go:64	get livestream
2026-09-22T08:53:56.418Z	info	staff-logger	scenario/viewer.go:83	visit livestream
2026-09-22T08:53:56.546Z	info	staff-logger	scenario/viewer.go:32	basic viewer scenario
2026-09-22T08:53:56.546Z	info	staff-logger	scenario/viewer.go:56	visit top
2026-09-22T08:53:56.546Z	info	staff-logger	scenario/viewer.go:64	get livestream
2026-09-22T08:53:56.546Z	info	staff-logger	scenario/viewer.go:83	visit livestream
2026-09-22T08:53:56.624Z	info	staff-logger	scenario/viewer.go:32	basic viewer scenario
2026-09-22T08:53:56.624Z	info	staff-logger	scenario/viewer.go:56	visit top
2026-09-22T08:53:56.624Z	info	staff-logger	scenario/viewer.go:64	get livestream
2026-09-22T08:53:56.624Z	info	staff-logger	scenario/viewer.go:83	visit livestream
2026-09-22T08:53:56.631Z	info	staff-logger	scenario/viewer.go:32	basic viewer scenario
2026-09-22T08:53:56.631Z	info	staff-logger	scenario/viewer.go:56	visit top
2026-09-22T08:53:56.637Z	info	staff-logger	scenario/viewer.go:32	basic viewer scenario
2026-09-22T08:53:56.637Z	info	staff-logger	scenario/viewer.go:56	visit top
2026-09-22T08:53:56.741Z	info	staff-logger	scenario/viewer.go:32	basic viewer scenario
2026-09-22T08:53:56.741Z	info	staff-logger	scenario/viewer.go:56	visit top
2026-09-22T08:53:56.741Z	info	staff-logger	scenario/viewer.go:64	get livestream
2026-09-22T08:53:56.741Z	info	staff-logger	scenario/viewer.go:83	visit livestream
2026-09-22T08:53:56.942Z	info	staff-logger	scenario/viewer.go:32	basic viewer scenario
2026-09-22T08:53:56.942Z	info	staff-logger	scenario/viewer.go:56	visit top
2026-09-22T08:53:56.942Z	info	staff-logger	scenario/viewer.go:64	get livestream
2026-09-22T08:53:56.942Z	info	staff-logger	scenario/viewer.go:83	visit livestream
2026-09-22T08:53:56.944Z	info	staff-logger	scenario/viewer.go:32	basic viewer scenario
2026-09-22T08:53:56.944Z	info	staff-logger	scenario/viewer.go:56	visit top
2026-09-22T08:53:56.944Z	info	staff-logger	scenario/viewer.go:64	get livestream
2026-09-22T08:53:56.944Z	info	staff-logger	scenario/viewer.go:83	visit livestream
2026-09-22T08:53:57.048Z	info	staff-logger	scenario/viewer.go:32	basic viewer scenario
2026-09-22T08:53:57.048Z	info	staff-logger	scenario/viewer.go:56	visit top
2026-09-22T08:53:57.049Z	info	staff-logger	scenario/viewer.go:64	get livestream
2026-09-22T08:53:57.049Z	info	staff-logger	scenario/viewer.go:83	visit livestream
2026-09-22T08:53:57.061Z	warn	staff-logger	scenario/streamer.go:198	aggressive streamer moderate: failed to visit livestream admin: benchmark-application: [一般エラー] GET /api/livestream/7526/report へのリクエストに対して、期待されたHTTPステータスコードが確認できませんでした (expected:200, actual:500)

2026-09-22T08:53:57.163Z	info	staff-logger	scenario/viewer.go:64	get livestream
2026-09-22T08:53:57.163Z	info	staff-logger	scenario/viewer.go:76	visit user profile
2026-09-22T08:53:57.270Z	info	staff-logger	scenario/viewer.go:32	basic viewer scenario
2026-09-22T08:53:57.271Z	info	staff-logger	scenario/viewer.go:56	visit top
2026-09-22T08:53:57.271Z	info	staff-logger	scenario/viewer.go:64	get livestream
2026-09-22T08:53:57.271Z	info	staff-logger	scenario/viewer.go:83	visit livestream
2026-09-22T08:53:57.305Z	info	staff-logger	scenario/viewer.go:64	get livestream
2026-09-22T08:53:57.305Z	info	staff-logger	scenario/viewer.go:76	visit user profile
2026-09-22T08:53:57.325Z	warn	staff-logger	scenario/streamer.go:198	aggressive streamer moderate: failed to visit livestream admin: benchmark-application: [一般エラー] GET /api/livestream/7522/report へのリクエストに対して、期待されたHTTPステータスコードが確認できませんでした (expected:200, actual:500)

2026-09-22T08:53:57.415Z	info	staff-logger	scenario/viewer.go:32	basic viewer scenario
2026-09-22T08:53:57.415Z	info	staff-logger	scenario/viewer.go:56	visit top
2026-09-22T08:53:57.579Z	info	staff-logger	scenario/viewer.go:32	basic viewer scenario
2026-09-22T08:53:57.579Z	info	staff-logger	scenario/viewer.go:56	visit top
2026-09-22T08:53:57.582Z	info	staff-logger	scenario/viewer.go:83	visit livestream
2026-09-22T08:53:57.591Z	info	staff-logger	scenario/viewer.go:32	basic viewer scenario
2026-09-22T08:53:57.591Z	info	staff-logger	scenario/viewer.go:56	visit top
2026-09-22T08:53:57.591Z	info	staff-logger	scenario/viewer.go:64	get livestream
2026-09-22T08:53:57.591Z	info	staff-logger	scenario/viewer.go:83	visit livestream
2026-09-22T08:53:57.616Z	info	staff-logger	scenario/streamer.go:48	change icon
2026-09-22T08:53:57.665Z	info	staff-logger	scenario/viewer.go:32	basic viewer scenario
2026-09-22T08:53:57.666Z	info	staff-logger	scenario/viewer.go:56	visit top
2026-09-22T08:53:57.666Z	info	staff-logger	scenario/viewer.go:64	get livestream
2026-09-22T08:53:57.666Z	info	staff-logger	scenario/viewer.go:83	visit livestream
2026-09-22T08:53:57.706Z	info	staff-logger	scenario/viewer.go:90	get livestream stats
2026-09-22T08:53:57.716Z	info	staff-logger	scenario/viewer.go:32	basic viewer scenario
2026-09-22T08:53:57.716Z	info	staff-logger	scenario/viewer.go:56	visit top
2026-09-22T08:53:57.716Z	info	staff-logger	scenario/viewer.go:64	get livestream
2026-09-22T08:53:57.716Z	info	staff-logger	scenario/viewer.go:83	visit livestream
2026-09-22T08:53:57.745Z	info	staff-logger	scenario/viewer.go:83	visit livestream
2026-09-22T08:53:57.762Z	warn	staff-logger	scenario/streamer.go:139	streamer_moderate: failed to visit livestream admin: benchmark-application: [一般エラー] GET /api/livestream/7524/report へのリクエストに対して、期待されたHTTPステータスコードが確認できませんでした (expected:200, actual:500)

2026-09-22T08:53:57.889Z	info	staff-logger	scenario/viewer.go:64	get livestream
2026-09-22T08:53:57.889Z	info	staff-logger	scenario/viewer.go:76	visit user profile
2026-09-22T08:53:57.892Z	info	staff-logger	scenario/viewer.go:32	basic viewer scenario
2026-09-22T08:53:57.892Z	info	staff-logger	scenario/viewer.go:56	visit top
2026-09-22T08:53:57.892Z	info	staff-logger	scenario/viewer.go:64	get livestream
2026-09-22T08:53:57.893Z	info	staff-logger	scenario/viewer.go:83	visit livestream
2026-09-22T08:53:58.043Z	info	staff-logger	scenario/viewer.go:90	get livestream stats
2026-09-22T08:53:58.238Z	info	staff-logger	scenario/viewer.go:32	basic viewer scenario
2026-09-22T08:53:58.238Z	info	staff-logger	scenario/viewer.go:56	visit top
2026-09-22T08:53:58.238Z	info	staff-logger	scenario/viewer.go:64	get livestream
2026-09-22T08:53:58.238Z	info	staff-logger	scenario/viewer.go:83	visit livestream
2026-09-22T08:53:58.257Z	info	staff-logger	scenario/viewer.go:32	basic viewer scenario
2026-09-22T08:53:58.257Z	info	staff-logger	scenario/viewer.go:56	visit top
2026-09-22T08:53:58.257Z	info	staff-logger	scenario/viewer.go:64	get livestream
2026-09-22T08:53:58.257Z	info	staff-logger	scenario/viewer.go:83	visit livestream
2026-09-22T08:53:58.298Z	warn	staff-logger	scenario/streamer.go:198	aggressive streamer moderate: failed to visit livestream admin: benchmark-application: [一般エラー] GET /api/livestream/7532/report へのリクエストに対して、期待されたHTTPステータスコードが確認できませんでした (expected:200, actual:500)

2026-09-22T08:53:58.305Z	info	staff-logger	scenario/viewer.go:64	get livestream
2026-09-22T08:53:58.305Z	info	staff-logger	scenario/viewer.go:76	visit user profile
2026-09-22T08:53:58.403Z	info	staff-logger	scenario/streamer.go:48	change icon
2026-09-22T08:53:58.440Z	info	staff-logger	scenario/viewer.go:83	visit livestream
2026-09-22T08:53:58.448Z	warn	staff-logger	scenario/streamer.go:198	aggressive streamer moderate: failed to visit livestream admin: benchmark-application: [一般エラー] GET /api/livestream/7528/report へのリクエストに対して、期待されたHTTPステータスコードが確認できませんでした (expected:200, actual:500)

2026-09-22T08:53:58.525Z	info	staff-logger	scenario/viewer.go:32	basic viewer scenario
2026-09-22T08:53:58.525Z	info	staff-logger	scenario/viewer.go:56	visit top
2026-09-22T08:53:58.525Z	info	staff-logger	scenario/viewer.go:64	get livestream
2026-09-22T08:53:58.525Z	info	staff-logger	scenario/viewer.go:83	visit livestream
2026-09-22T08:53:58.560Z	info	staff-logger	scenario/viewer.go:32	basic viewer scenario
2026-09-22T08:53:58.560Z	info	staff-logger	scenario/viewer.go:56	visit top
2026-09-22T08:53:58.560Z	info	staff-logger	scenario/viewer.go:64	get livestream
2026-09-22T08:53:58.561Z	info	staff-logger	scenario/viewer.go:83	visit livestream
2026-09-22T08:53:58.725Z	info	staff-logger	scenario/viewer.go:83	visit livestream
2026-09-22T08:53:58.759Z	info	staff-logger	scenario/viewer.go:32	basic viewer scenario
2026-09-22T08:53:58.759Z	info	staff-logger	scenario/viewer.go:56	visit top
2026-09-22T08:53:58.759Z	info	staff-logger	scenario/viewer.go:64	get livestream
2026-09-22T08:53:58.759Z	info	staff-logger	scenario/viewer.go:83	visit livestream
2026-09-22T08:53:59.194Z	info	staff-logger	scenario/viewer.go:32	basic viewer scenario
2026-09-22T08:53:59.194Z	info	staff-logger	scenario/viewer.go:56	visit top
2026-09-22T08:53:59.194Z	info	staff-logger	scenario/viewer.go:64	get livestream
2026-09-22T08:53:59.194Z	info	staff-logger	scenario/viewer.go:83	visit livestream
2026-09-22T08:53:59.247Z	info	staff-logger	scenario/viewer.go:32	basic viewer scenario
2026-09-22T08:53:59.247Z	info	staff-logger	scenario/viewer.go:56	visit top
2026-09-22T08:53:59.314Z	info	staff-logger	scenario/viewer.go:32	basic viewer scenario
2026-09-22T08:53:59.314Z	info	staff-logger	scenario/viewer.go:56	visit top
2026-09-22T08:53:59.314Z	info	staff-logger	scenario/viewer.go:64	get livestream
2026-09-22T08:53:59.315Z	info	staff-logger	scenario/viewer.go:83	visit livestream
2026-09-22T08:53:59.318Z	info	staff-logger	scenario/viewer.go:90	get livestream stats
2026-09-22T08:53:59.326Z	info	staff-logger	scenario/viewer.go:32	basic viewer scenario
2026-09-22T08:53:59.326Z	info	staff-logger	scenario/viewer.go:56	visit top
2026-09-22T08:53:59.326Z	info	staff-logger	scenario/viewer.go:64	get livestream
2026-09-22T08:53:59.326Z	info	staff-logger	scenario/viewer.go:83	visit livestream
2026-09-22T08:53:59.404Z	info	staff-logger	scenario/viewer.go:90	get livestream stats
2026-09-22T08:53:59.463Z	warn	staff-logger	scenario/streamer.go:198	aggressive streamer moderate: failed to visit livestream admin: benchmark-application: [一般エラー] GET /api/livestream/7522/report へのリクエストに対して、期待されたHTTPステータスコードが確認できませんでした (expected:200, actual:500)

2026-09-22T08:53:59.708Z	info	staff-logger	scenario/viewer.go:32	basic viewer scenario
2026-09-22T08:53:59.708Z	info	staff-logger	scenario/viewer.go:56	visit top
2026-09-22T08:53:59.708Z	info	staff-logger	scenario/viewer.go:64	get livestream
2026-09-22T08:53:59.708Z	info	staff-logger	scenario/viewer.go:83	visit livestream
2026-09-22T08:53:59.968Z	info	staff-logger	scenario/viewer.go:32	basic viewer scenario
2026-09-22T08:53:59.968Z	info	staff-logger	scenario/viewer.go:56	visit top
2026-09-22T08:53:59.968Z	info	staff-logger	scenario/viewer.go:64	get livestream
2026-09-22T08:53:59.968Z	info	staff-logger	scenario/viewer.go:83	visit livestream
2026-09-22T08:53:59.972Z	info	staff-logger	scenario/viewer.go:32	basic viewer scenario
2026-09-22T08:53:59.972Z	info	staff-logger	scenario/viewer.go:56	visit top
2026-09-22T08:53:59.973Z	info	staff-logger	scenario/viewer.go:32	basic viewer scenario
2026-09-22T08:53:59.973Z	info	staff-logger	scenario/viewer.go:56	visit top
2026-09-22T08:53:59.973Z	info	staff-logger	scenario/viewer.go:64	get livestream
2026-09-22T08:53:59.973Z	info	staff-logger	scenario/viewer.go:83	visit livestream
2026-09-22T08:54:00.051Z	info	staff-logger	scenario/viewer.go:64	get livestream
2026-09-22T08:54:00.051Z	info	staff-logger	scenario/viewer.go:76	visit user profile
2026-09-22T08:54:00.142Z	info	staff-logger	scenario/viewer.go:32	basic viewer scenario
2026-09-22T08:54:00.142Z	info	staff-logger	scenario/viewer.go:56	visit top
2026-09-22T08:54:00.142Z	info	staff-logger	scenario/viewer.go:64	get livestream
2026-09-22T08:54:00.142Z	info	staff-logger	scenario/viewer.go:83	visit livestream
2026-09-22T08:54:00.161Z	warn	staff-logger	scenario/streamer.go:198	aggressive streamer moderate: failed to visit livestream admin: benchmark-application: [一般エラー] GET /api/livestream/7524/report へのリクエストに対して、期待されたHTTPステータスコードが確認できませんでした (expected:200, actual:500)

2026-09-22T08:54:00.284Z	info	staff-logger	scenario/viewer.go:32	basic viewer scenario
2026-09-22T08:54:00.284Z	info	staff-logger	scenario/viewer.go:56	visit top
2026-09-22T08:54:00.284Z	info	staff-logger	scenario/viewer.go:64	get livestream
2026-09-22T08:54:00.284Z	info	staff-logger	scenario/viewer.go:83	visit livestream
2026-09-22T08:54:00.320Z	info	staff-logger	scenario/viewer.go:32	basic viewer scenario
2026-09-22T08:54:00.320Z	info	staff-logger	scenario/viewer.go:56	visit top
2026-09-22T08:54:00.320Z	info	staff-logger	scenario/viewer.go:64	get livestream
2026-09-22T08:54:00.320Z	info	staff-logger	scenario/viewer.go:83	visit livestream
2026-09-22T08:54:00.328Z	info	staff-logger	scenario/viewer.go:32	basic viewer scenario
2026-09-22T08:54:00.328Z	info	staff-logger	scenario/viewer.go:56	visit top
2026-09-22T08:54:00.328Z	info	staff-logger	scenario/viewer.go:64	get livestream
2026-09-22T08:54:00.328Z	info	staff-logger	scenario/viewer.go:83	visit livestream
2026-09-22T08:54:00.370Z	info	staff-logger	scenario/viewer.go:32	basic viewer scenario
2026-09-22T08:54:00.370Z	info	staff-logger	scenario/viewer.go:56	visit top
2026-09-22T08:54:00.370Z	info	staff-logger	scenario/viewer.go:64	get livestream
2026-09-22T08:54:00.370Z	info	staff-logger	scenario/viewer.go:83	visit livestream
2026-09-22T08:54:00.374Z	info	staff-logger	scenario/viewer.go:90	get livestream stats
2026-09-22T08:54:00.445Z	info	staff-logger	scenario/viewer.go:32	basic viewer scenario
2026-09-22T08:54:00.445Z	info	staff-logger	scenario/viewer.go:56	visit top
2026-09-22T08:54:00.445Z	info	staff-logger	scenario/viewer.go:64	get livestream
2026-09-22T08:54:00.445Z	info	staff-logger	scenario/viewer.go:83	visit livestream
2026-09-22T08:54:00.528Z	info	staff-logger	scenario/viewer.go:32	basic viewer scenario
2026-09-22T08:54:00.528Z	info	staff-logger	scenario/viewer.go:56	visit top
2026-09-22T08:54:00.528Z	info	staff-logger	scenario/viewer.go:64	get livestream
2026-09-22T08:54:00.528Z	info	staff-logger	scenario/viewer.go:83	visit livestream
2026-09-22T08:54:00.528Z	info	staff-logger	scenario/viewer.go:83	visit livestream
2026-09-22T08:54:00.577Z	info	staff-logger	scenario/viewer.go:32	basic viewer scenario
2026-09-22T08:54:00.577Z	info	staff-logger	scenario/viewer.go:56	visit top
2026-09-22T08:54:00.577Z	info	staff-logger	scenario/viewer.go:64	get livestream
2026-09-22T08:54:00.577Z	info	staff-logger	scenario/viewer.go:83	visit livestream
2026-09-22T08:54:00.581Z	info	staff-logger	scenario/viewer.go:64	get livestream
2026-09-22T08:54:00.581Z	info	staff-logger	scenario/viewer.go:76	visit user profile
2026-09-22T08:54:00.652Z	warn	staff-logger	scenario/streamer.go:139	streamer_moderate: failed to visit livestream admin: benchmark-application: [一般エラー] GET /api/livestream/7532/report へのリクエストに対して、期待されたHTTPステータスコードが確認できませんでした (expected:200, actual:500)

2026-09-22T08:54:00.764Z	warn	staff-logger	scenario/streamer.go:139	streamer_moderate: failed to visit livestream admin: benchmark-application: [一般エラー] GET /api/livestream/7528/report へのリクエストに対して、期待されたHTTPステータスコードが確認できませんでした (expected:200, actual:500)

2026-09-22T08:54:00.851Z	info	staff-logger	scenario/viewer.go:83	visit livestream
2026-09-22T08:54:01.065Z	info	staff-logger	scenario/viewer.go:32	basic viewer scenario
2026-09-22T08:54:01.065Z	info	staff-logger	scenario/viewer.go:56	visit top
2026-09-22T08:54:01.065Z	info	staff-logger	scenario/viewer.go:64	get livestream
2026-09-22T08:54:01.065Z	info	staff-logger	scenario/viewer.go:83	visit livestream
2026-09-22T08:54:01.355Z	info	staff-logger	scenario/viewer.go:32	basic viewer scenario
2026-09-22T08:54:01.355Z	info	staff-logger	scenario/viewer.go:56	visit top
2026-09-22T08:54:01.355Z	info	staff-logger	scenario/viewer.go:64	get livestream
2026-09-22T08:54:01.355Z	info	staff-logger	scenario/viewer.go:83	visit livestream
2026-09-22T08:54:01.410Z	warn	staff-logger	scenario/streamer.go:139	streamer_moderate: failed to visit livestream admin: benchmark-application: [一般エラー] GET /api/livestream/7526/report へのリクエストに対して、期待されたHTTPステータスコードが確認できませんでした (expected:200, actual:500)

2026-09-22T08:54:01.435Z	info	staff-logger	scenario/viewer.go:32	basic viewer scenario
2026-09-22T08:54:01.435Z	info	staff-logger	scenario/viewer.go:56	visit top
2026-09-22T08:54:01.435Z	info	staff-logger	scenario/viewer.go:64	get livestream
2026-09-22T08:54:01.435Z	info	staff-logger	scenario/viewer.go:83	visit livestream
2026-09-22T08:54:01.493Z	info	staff-logger	scenario/viewer.go:32	basic viewer scenario
2026-09-22T08:54:01.493Z	info	staff-logger	scenario/viewer.go:56	visit top
2026-09-22T08:54:01.493Z	info	staff-logger	scenario/viewer.go:64	get livestream
2026-09-22T08:54:01.493Z	info	staff-logger	scenario/viewer.go:83	visit livestream
2026-09-22T08:54:01.713Z	info	staff-logger	scenario/viewer.go:32	basic viewer scenario
2026-09-22T08:54:01.713Z	info	staff-logger	scenario/viewer.go:56	visit top
2026-09-22T08:54:01.713Z	info	staff-logger	scenario/viewer.go:64	get livestream
2026-09-22T08:54:01.713Z	info	staff-logger	scenario/viewer.go:83	visit livestream
2026-09-22T08:54:01.719Z	warn	staff-logger	scenario/streamer.go:139	streamer_moderate: failed to visit livestream admin: benchmark-application: [一般エラー] GET /api/livestream/7522/report へのリクエストに対して、期待されたHTTPステータスコードが確認できませんでした (expected:200, actual:500)

2026-09-22T08:54:01.852Z	info	staff-logger	scenario/viewer.go:32	basic viewer scenario
2026-09-22T08:54:01.852Z	info	staff-logger	scenario/viewer.go:56	visit top
2026-09-22T08:54:01.852Z	info	staff-logger	scenario/viewer.go:64	get livestream
2026-09-22T08:54:01.852Z	info	staff-logger	scenario/viewer.go:83	visit livestream
2026-09-22T08:54:01.949Z	info	staff-logger	scenario/viewer.go:32	basic viewer scenario
2026-09-22T08:54:01.949Z	info	staff-logger	scenario/viewer.go:56	visit top
2026-09-22T08:54:01.949Z	info	staff-logger	scenario/viewer.go:64	get livestream
2026-09-22T08:54:01.949Z	info	staff-logger	scenario/viewer.go:83	visit livestream
2026-09-22T08:54:02.065Z	info	staff-logger	scenario/streamer.go:48	change icon
2026-09-22T08:54:02.195Z	info	staff-logger	scenario/viewer.go:32	basic viewer scenario
2026-09-22T08:54:02.195Z	info	staff-logger	scenario/viewer.go:56	visit top
2026-09-22T08:54:02.195Z	info	staff-logger	scenario/viewer.go:64	get livestream
2026-09-22T08:54:02.195Z	info	staff-logger	scenario/viewer.go:83	visit livestream
2026-09-22T08:54:02.209Z	info	staff-logger	scenario/viewer.go:32	basic viewer scenario
2026-09-22T08:54:02.209Z	info	staff-logger	scenario/viewer.go:56	visit top
2026-09-22T08:54:02.209Z	info	staff-logger	scenario/viewer.go:64	get livestream
2026-09-22T08:54:02.210Z	info	staff-logger	scenario/viewer.go:83	visit livestream
2026-09-22T08:54:02.304Z	info	staff-logger	scenario/viewer.go:90	get livestream stats
2026-09-22T08:54:02.321Z	info	staff-logger	scenario/viewer.go:32	basic viewer scenario
2026-09-22T08:54:02.322Z	info	staff-logger	scenario/viewer.go:56	visit top
2026-09-22T08:54:02.322Z	info	staff-logger	scenario/viewer.go:64	get livestream
2026-09-22T08:54:02.322Z	info	staff-logger	scenario/viewer.go:83	visit livestream
2026-09-22T08:54:02.332Z	info	staff-logger	scenario/viewer.go:32	basic viewer scenario
2026-09-22T08:54:02.332Z	info	staff-logger	scenario/viewer.go:56	visit top
2026-09-22T08:54:02.332Z	info	staff-logger	scenario/viewer.go:64	get livestream
2026-09-22T08:54:02.332Z	info	staff-logger	scenario/viewer.go:83	visit livestream
2026-09-22T08:54:02.352Z	info	staff-logger	scenario/viewer.go:32	basic viewer scenario
2026-09-22T08:54:02.352Z	info	staff-logger	scenario/viewer.go:56	visit top
2026-09-22T08:54:02.352Z	info	staff-logger	scenario/viewer.go:64	get livestream
2026-09-22T08:54:02.352Z	info	staff-logger	scenario/viewer.go:83	visit livestream
2026-09-22T08:54:02.359Z	info	staff-logger	scenario/viewer.go:32	basic viewer scenario
2026-09-22T08:54:02.359Z	info	staff-logger	scenario/viewer.go:56	visit top
2026-09-22T08:54:02.359Z	info	staff-logger	scenario/viewer.go:64	get livestream
2026-09-22T08:54:02.359Z	info	staff-logger	scenario/viewer.go:83	visit livestream
2026-09-22T08:54:02.483Z	warn	staff-logger	scenario/streamer.go:198	aggressive streamer moderate: failed to visit livestream admin: benchmark-application: [一般エラー] GET /api/livestream/7524/report へのリクエストに対して、期待されたHTTPステータスコードが確認できませんでした (expected:200, actual:500)

2026-09-22T08:54:02.576Z	info	staff-logger	scenario/viewer.go:32	basic viewer scenario
2026-09-22T08:54:02.576Z	info	staff-logger	scenario/viewer.go:56	visit top
2026-09-22T08:54:02.576Z	info	staff-logger	scenario/viewer.go:64	get livestream
2026-09-22T08:54:02.576Z	info	staff-logger	scenario/viewer.go:83	visit livestream
2026-09-22T08:54:02.579Z	info	staff-logger	scenario/viewer.go:32	basic viewer scenario
2026-09-22T08:54:02.579Z	info	staff-logger	scenario/viewer.go:56	visit top
2026-09-22T08:54:02.579Z	info	staff-logger	scenario/viewer.go:64	get livestream
2026-09-22T08:54:02.579Z	info	staff-logger	scenario/viewer.go:83	visit livestream
2026-09-22T08:54:02.727Z	info	staff-logger	scenario/viewer.go:32	basic viewer scenario
2026-09-22T08:54:02.727Z	info	staff-logger	scenario/viewer.go:56	visit top
2026-09-22T08:54:02.727Z	info	staff-logger	scenario/viewer.go:64	get livestream
2026-09-22T08:54:02.727Z	info	staff-logger	scenario/viewer.go:83	visit livestream
2026-09-22T08:54:02.832Z	info	staff-logger	scenario/viewer.go:32	basic viewer scenario
2026-09-22T08:54:02.832Z	info	staff-logger	scenario/viewer.go:56	visit top
2026-09-22T08:54:02.832Z	info	staff-logger	scenario/viewer.go:64	get livestream
2026-09-22T08:54:02.832Z	info	staff-logger	scenario/viewer.go:83	visit livestream
2026-09-22T08:54:02.882Z	info	staff-logger	scenario/viewer.go:32	basic viewer scenario
2026-09-22T08:54:02.882Z	info	staff-logger	scenario/viewer.go:56	visit top
2026-09-22T08:54:02.882Z	info	staff-logger	scenario/viewer.go:64	get livestream
2026-09-22T08:54:02.882Z	info	staff-logger	scenario/viewer.go:83	visit livestream
2026-09-22T08:54:03.318Z	warn	staff-logger	scenario/streamer.go:198	aggressive streamer moderate: failed to visit livestream admin: benchmark-application: [一般エラー] GET /api/livestream/7532/report へのリクエストに対して、期待されたHTTPステータスコードが確認できませんでした (expected:200, actual:500)

2026-09-22T08:54:03.375Z	info	staff-logger	scenario/viewer.go:32	basic viewer scenario
2026-09-22T08:54:03.375Z	info	staff-logger	scenario/viewer.go:56	visit top
2026-09-22T08:54:03.375Z	info	staff-logger	scenario/viewer.go:64	get livestream
2026-09-22T08:54:03.375Z	info	staff-logger	scenario/viewer.go:83	visit livestream
2026-09-22T08:54:03.425Z	info	staff-logger	scenario/viewer.go:32	basic viewer scenario
2026-09-22T08:54:03.425Z	info	staff-logger	scenario/viewer.go:56	visit top
2026-09-22T08:54:03.425Z	info	staff-logger	scenario/viewer.go:64	get livestream
2026-09-22T08:54:03.425Z	info	staff-logger	scenario/viewer.go:83	visit livestream
2026-09-22T08:54:03.468Z	warn	staff-logger	scenario/streamer.go:198	aggressive streamer moderate: failed to visit livestream admin: benchmark-application: [一般エラー] GET /api/livestream/7528/report へのリクエストに対して、期待されたHTTPステータスコードが確認できませんでした (expected:200, actual:500)

2026-09-22T08:54:03.503Z	info	staff-logger	scenario/viewer.go:32	basic viewer scenario
2026-09-22T08:54:03.503Z	info	staff-logger	scenario/viewer.go:56	visit top
2026-09-22T08:54:03.503Z	info	staff-logger	scenario/viewer.go:64	get livestream
2026-09-22T08:54:03.503Z	info	staff-logger	scenario/viewer.go:83	visit livestream
2026-09-22T08:54:03.782Z	info	staff-logger	scenario/viewer.go:32	basic viewer scenario
2026-09-22T08:54:03.782Z	info	staff-logger	scenario/viewer.go:56	visit top
2026-09-22T08:54:03.782Z	info	staff-logger	scenario/viewer.go:64	get livestream
2026-09-22T08:54:03.782Z	info	staff-logger	scenario/viewer.go:83	visit livestream
2026-09-22T08:54:03.863Z	info	staff-logger	scenario/viewer.go:32	basic viewer scenario
2026-09-22T08:54:03.863Z	info	staff-logger	scenario/viewer.go:56	visit top
2026-09-22T08:54:03.863Z	info	staff-logger	scenario/viewer.go:64	get livestream
2026-09-22T08:54:03.863Z	info	staff-logger	scenario/viewer.go:32	basic viewer scenario
2026-09-22T08:54:03.863Z	info	staff-logger	scenario/viewer.go:83	visit livestream
2026-09-22T08:54:03.863Z	info	staff-logger	scenario/viewer.go:56	visit top
2026-09-22T08:54:03.863Z	info	staff-logger	scenario/viewer.go:64	get livestream
2026-09-22T08:54:03.863Z	info	staff-logger	scenario/viewer.go:83	visit livestream
2026-09-22T08:54:03.959Z	warn	staff-logger	scenario/streamer.go:139	streamer_moderate: failed to visit livestream admin: benchmark-application: [一般エラー] GET /api/livestream/7537/report へのリクエストに対して、期待されたHTTPステータスコードが確認できませんでした (expected:200, actual:500)

2026-09-22T08:54:04.031Z	warn	staff-logger	scenario/streamer.go:198	aggressive streamer moderate: failed to visit livestream admin: benchmark-application: [一般エラー] GET /api/livestream/7526/report へのリクエストに対して、期待されたHTTPステータスコードが確認できませんでした (expected:200, actual:500)

2026-09-22T08:54:04.145Z	info	staff-logger	scenario/viewer.go:32	basic viewer scenario
2026-09-22T08:54:04.145Z	info	staff-logger	scenario/viewer.go:56	visit top
2026-09-22T08:54:04.145Z	info	staff-logger	scenario/viewer.go:64	get livestream
2026-09-22T08:54:04.145Z	info	staff-logger	scenario/viewer.go:83	visit livestream
2026-09-22T08:54:04.179Z	info	staff-logger	scenario/viewer.go:32	basic viewer scenario
2026-09-22T08:54:04.179Z	info	staff-logger	scenario/viewer.go:56	visit top
2026-09-22T08:54:04.179Z	info	staff-logger	scenario/viewer.go:64	get livestream
2026-09-22T08:54:04.179Z	info	staff-logger	scenario/viewer.go:83	visit livestream
2026-09-22T08:54:04.248Z	info	staff-logger	scenario/viewer.go:90	get livestream stats
2026-09-22T08:54:04.261Z	info	staff-logger	scenario/viewer.go:32	basic viewer scenario
2026-09-22T08:54:04.261Z	info	staff-logger	scenario/viewer.go:56	visit top
2026-09-22T08:54:04.261Z	info	staff-logger	scenario/viewer.go:64	get livestream
2026-09-22T08:54:04.261Z	info	staff-logger	scenario/viewer.go:83	visit livestream
2026-09-22T08:54:04.283Z	info	staff-logger	scenario/viewer.go:32	basic viewer scenario
2026-09-22T08:54:04.283Z	info	staff-logger	scenario/viewer.go:56	visit top
2026-09-22T08:54:04.296Z	info	staff-logger	scenario/viewer.go:32	basic viewer scenario
2026-09-22T08:54:04.296Z	info	staff-logger	scenario/viewer.go:56	visit top
2026-09-22T08:54:04.296Z	info	staff-logger	scenario/viewer.go:64	get livestream
2026-09-22T08:54:04.296Z	info	staff-logger	scenario/viewer.go:83	visit livestream
2026-09-22T08:54:04.302Z	warn	staff-logger	scenario/streamer.go:139	streamer_moderate: failed to visit livestream admin: benchmark-application: [一般エラー] GET /api/livestream/7522/report へのリクエストに対して、期待されたHTTPステータスコードが確認できませんでした (expected:200, actual:500)

2026-09-22T08:54:04.398Z	info	staff-logger	scenario/viewer.go:32	basic viewer scenario
2026-09-22T08:54:04.398Z	info	staff-logger	scenario/viewer.go:56	visit top
2026-09-22T08:54:04.398Z	info	staff-logger	scenario/viewer.go:64	get livestream
2026-09-22T08:54:04.398Z	info	staff-logger	scenario/viewer.go:83	visit livestream
2026-09-22T08:54:04.422Z	info	staff-logger	scenario/viewer.go:32	basic viewer scenario
2026-09-22T08:54:04.422Z	info	staff-logger	scenario/viewer.go:56	visit top
2026-09-22T08:54:04.422Z	info	staff-logger	scenario/viewer.go:64	get livestream
2026-09-22T08:54:04.422Z	info	staff-logger	scenario/viewer.go:83	visit livestream
2026-09-22T08:54:04.532Z	info	staff-logger	scenario/viewer.go:90	get livestream stats
2026-09-22T08:54:04.717Z	info	staff-logger	scenario/viewer.go:32	basic viewer scenario
2026-09-22T08:54:04.717Z	info	staff-logger	scenario/viewer.go:56	visit top
2026-09-22T08:54:04.717Z	info	staff-logger	scenario/viewer.go:64	get livestream
2026-09-22T08:54:04.717Z	info	staff-logger	scenario/viewer.go:83	visit livestream
2026-09-22T08:54:04.827Z	info	staff-logger	scenario/viewer.go:32	basic viewer scenario
2026-09-22T08:54:04.827Z	info	staff-logger	scenario/viewer.go:56	visit top
2026-09-22T08:54:04.827Z	info	staff-logger	scenario/viewer.go:64	get livestream
2026-09-22T08:54:04.827Z	info	staff-logger	scenario/viewer.go:83	visit livestream
2026-09-22T08:54:04.908Z	info	staff-logger	scenario/viewer.go:32	basic viewer scenario
2026-09-22T08:54:04.908Z	info	staff-logger	scenario/viewer.go:56	visit top
2026-09-22T08:54:04.908Z	info	staff-logger	scenario/viewer.go:64	get livestream
2026-09-22T08:54:04.908Z	info	staff-logger	scenario/viewer.go:83	visit livestream
2026-09-22T08:54:04.960Z	info	staff-logger	scenario/viewer.go:32	basic viewer scenario
2026-09-22T08:54:04.960Z	info	staff-logger	scenario/viewer.go:56	visit top
2026-09-22T08:54:04.960Z	info	staff-logger	scenario/viewer.go:64	get livestream
2026-09-22T08:54:04.960Z	info	staff-logger	scenario/viewer.go:83	visit livestream
2026-09-22T08:54:05.149Z	info	staff-logger	scenario/viewer.go:32	basic viewer scenario
2026-09-22T08:54:05.149Z	info	staff-logger	scenario/viewer.go:56	visit top
2026-09-22T08:54:05.149Z	info	staff-logger	scenario/viewer.go:64	get livestream
2026-09-22T08:54:05.149Z	info	staff-logger	scenario/viewer.go:83	visit livestream
2026-09-22T08:54:05.153Z	info	staff-logger	scenario/viewer.go:64	get livestream
2026-09-22T08:54:05.153Z	info	staff-logger	scenario/viewer.go:76	visit user profile
2026-09-22T08:54:05.191Z	info	staff-logger	scenario/viewer.go:32	basic viewer scenario
2026-09-22T08:54:05.191Z	info	staff-logger	scenario/viewer.go:56	visit top
2026-09-22T08:54:05.191Z	info	staff-logger	scenario/viewer.go:64	get livestream
2026-09-22T08:54:05.191Z	info	staff-logger	scenario/viewer.go:83	visit livestream
2026-09-22T08:54:05.193Z	info	staff-logger	scenario/viewer.go:32	basic viewer scenario
2026-09-22T08:54:05.193Z	info	staff-logger	scenario/viewer.go:56	visit top
2026-09-22T08:54:05.193Z	info	staff-logger	scenario/viewer.go:64	get livestream
2026-09-22T08:54:05.193Z	info	staff-logger	scenario/viewer.go:83	visit livestream
2026-09-22T08:54:05.196Z	info	staff-logger	scenario/viewer.go:32	basic viewer scenario
2026-09-22T08:54:05.196Z	info	staff-logger	scenario/viewer.go:56	visit top
2026-09-22T08:54:05.196Z	info	staff-logger	scenario/viewer.go:64	get livestream
2026-09-22T08:54:05.196Z	info	staff-logger	scenario/viewer.go:83	visit livestream
2026-09-22T08:54:05.229Z	info	staff-logger	scenario/viewer.go:32	basic viewer scenario
2026-09-22T08:54:05.229Z	info	staff-logger	scenario/viewer.go:56	visit top
2026-09-22T08:54:05.229Z	info	staff-logger	scenario/viewer.go:64	get livestream
2026-09-22T08:54:05.229Z	info	staff-logger	scenario/viewer.go:83	visit livestream
2026-09-22T08:54:05.263Z	warn	staff-logger	scenario/streamer.go:139	streamer_moderate: failed to visit livestream admin: benchmark-application: [一般エラー] GET /api/livestream/7524/report へのリクエストに対して、期待されたHTTPステータスコードが確認できませんでした (expected:200, actual:500)

2026-09-22T08:54:05.500Z	info	staff-logger	scenario/streamer.go:48	change icon
2026-09-22T08:54:05.621Z	info	staff-logger	scenario/viewer.go:83	visit livestream
2026-09-22T08:54:05.853Z	info	staff-logger	scenario/viewer.go:32	basic viewer scenario
2026-09-22T08:54:05.853Z	info	staff-logger	scenario/viewer.go:56	visit top
2026-09-22T08:54:05.853Z	info	staff-logger	scenario/viewer.go:64	get livestream
2026-09-22T08:54:05.853Z	info	staff-logger	scenario/viewer.go:83	visit livestream
2026-09-22T08:54:05.873Z	info	staff-logger	scenario/viewer.go:32	basic viewer scenario
2026-09-22T08:54:05.874Z	info	staff-logger	scenario/viewer.go:56	visit top
2026-09-22T08:54:05.874Z	info	staff-logger	scenario/viewer.go:64	get livestream
2026-09-22T08:54:05.874Z	info	staff-logger	scenario/viewer.go:83	visit livestream
2026-09-22T08:54:05.934Z	warn	staff-logger	scenario/streamer.go:139	streamer_moderate: failed to visit livestream admin: benchmark-application: [一般エラー] GET /api/livestream/7532/report へのリクエストに対して、期待されたHTTPステータスコードが確認できませんでした (expected:200, actual:500)

2026-09-22T08:54:06.124Z	warn	staff-logger	scenario/streamer.go:198	aggressive streamer moderate: failed to visit livestream admin: benchmark-application: [一般エラー] GET /api/livestream/7528/report へのリクエストに対して、期待されたHTTPステータスコードが確認できませんでした (expected:200, actual:500)

2026-09-22T08:54:06.250Z	info	staff-logger	scenario/viewer.go:32	basic viewer scenario
2026-09-22T08:54:06.250Z	info	staff-logger	scenario/viewer.go:56	visit top
2026-09-22T08:54:06.344Z	info	staff-logger	scenario/viewer.go:32	basic viewer scenario
2026-09-22T08:54:06.344Z	info	staff-logger	scenario/viewer.go:56	visit top
2026-09-22T08:54:06.344Z	info	staff-logger	scenario/viewer.go:64	get livestream
2026-09-22T08:54:06.344Z	info	staff-logger	scenario/viewer.go:83	visit livestream
2026-09-22T08:54:06.377Z	info	staff-logger	scenario/viewer.go:32	basic viewer scenario
2026-09-22T08:54:06.377Z	info	staff-logger	scenario/viewer.go:56	visit top
2026-09-22T08:54:06.377Z	info	staff-logger	scenario/viewer.go:64	get livestream
2026-09-22T08:54:06.377Z	info	staff-logger	scenario/viewer.go:83	visit livestream
2026-09-22T08:54:06.401Z	info	staff-logger	scenario/streamer.go:48	change icon
2026-09-22T08:54:06.413Z	info	staff-logger	scenario/viewer.go:32	basic viewer scenario
2026-09-22T08:54:06.413Z	info	staff-logger	scenario/viewer.go:56	visit top
2026-09-22T08:54:06.413Z	info	staff-logger	scenario/viewer.go:64	get livestream
2026-09-22T08:54:06.413Z	info	staff-logger	scenario/viewer.go:83	visit livestream
2026-09-22T08:54:06.711Z	warn	staff-logger	scenario/streamer.go:198	aggressive streamer moderate: failed to visit livestream admin: benchmark-application: [一般エラー] GET /api/livestream/7537/report へのリクエストに対して、期待されたHTTPステータスコードが確認できませんでした (expected:200, actual:500)

2026-09-22T08:54:06.754Z	info	staff-logger	scenario/viewer.go:32	basic viewer scenario
2026-09-22T08:54:06.754Z	info	staff-logger	scenario/viewer.go:56	visit top
2026-09-22T08:54:06.754Z	info	staff-logger	scenario/viewer.go:64	get livestream
2026-09-22T08:54:06.754Z	info	staff-logger	scenario/viewer.go:83	visit livestream
2026-09-22T08:54:06.760Z	warn	staff-logger	scenario/streamer.go:198	aggressive streamer moderate: failed to visit livestream admin: benchmark-application: [一般エラー] GET /api/livestream/7526/report へのリクエストに対して、期待されたHTTPステータスコードが確認できませんでした (expected:200, actual:500)

2026-09-22T08:54:06.955Z	info	staff-logger	scenario/streamer.go:48	change icon
2026-09-22T08:54:07.017Z	info	staff-logger	scenario/viewer.go:64	get livestream
2026-09-22T08:54:07.017Z	info	staff-logger	scenario/viewer.go:76	visit user profile
2026-09-22T08:54:07.064Z	info	staff-logger	scenario/viewer.go:32	basic viewer scenario
2026-09-22T08:54:07.064Z	info	staff-logger	scenario/viewer.go:56	visit top
2026-09-22T08:54:07.064Z	info	staff-logger	scenario/viewer.go:64	get livestream
2026-09-22T08:54:07.064Z	info	staff-logger	scenario/viewer.go:83	visit livestream
2026-09-22T08:54:07.068Z	info	staff-logger	scenario/viewer.go:32	basic viewer scenario
2026-09-22T08:54:07.068Z	info	staff-logger	scenario/viewer.go:56	visit top
2026-09-22T08:54:07.068Z	info	staff-logger	scenario/viewer.go:64	get livestream
2026-09-22T08:54:07.068Z	info	staff-logger	scenario/viewer.go:83	visit livestream
2026-09-22T08:54:07.107Z	warn	staff-logger	scenario/streamer.go:139	streamer_moderate: failed to visit livestream admin: benchmark-application: [一般エラー] GET /api/livestream/7522/report へのリクエストに対して、期待されたHTTPステータスコードが確認できませんでした (expected:200, actual:500)

2026-09-22T08:54:07.131Z	info	staff-logger	scenario/viewer.go:32	basic viewer scenario
2026-09-22T08:54:07.131Z	info	staff-logger	scenario/viewer.go:56	visit top
2026-09-22T08:54:07.131Z	info	staff-logger	scenario/viewer.go:64	get livestream
2026-09-22T08:54:07.131Z	info	staff-logger	scenario/viewer.go:83	visit livestream
2026-09-22T08:54:07.218Z	info	staff-logger	scenario/viewer.go:32	basic viewer scenario
2026-09-22T08:54:07.218Z	info	staff-logger	scenario/viewer.go:56	visit top
2026-09-22T08:54:07.340Z	info	staff-logger	scenario/viewer.go:32	basic viewer scenario
2026-09-22T08:54:07.340Z	info	staff-logger	scenario/viewer.go:56	visit top
2026-09-22T08:54:07.340Z	info	staff-logger	scenario/viewer.go:64	get livestream
2026-09-22T08:54:07.340Z	info	staff-logger	scenario/viewer.go:83	visit livestream
2026-09-22T08:54:07.354Z	info	staff-logger	scenario/viewer.go:83	visit livestream
2026-09-22T08:54:07.456Z	info	staff-logger	scenario/viewer.go:32	basic viewer scenario
2026-09-22T08:54:07.456Z	info	staff-logger	scenario/viewer.go:56	visit top
2026-09-22T08:54:07.456Z	info	staff-logger	scenario/viewer.go:64	get livestream
2026-09-22T08:54:07.456Z	info	staff-logger	scenario/viewer.go:83	visit livestream
2026-09-22T08:54:07.565Z	info	staff-logger	scenario/viewer.go:32	basic viewer scenario
2026-09-22T08:54:07.566Z	info	staff-logger	scenario/viewer.go:56	visit top
2026-09-22T08:54:07.566Z	info	staff-logger	scenario/viewer.go:64	get livestream
2026-09-22T08:54:07.566Z	info	staff-logger	scenario/viewer.go:83	visit livestream
2026-09-22T08:54:07.625Z	info	staff-logger	scenario/viewer.go:32	basic viewer scenario
2026-09-22T08:54:07.625Z	info	staff-logger	scenario/viewer.go:56	visit top
2026-09-22T08:54:07.625Z	info	staff-logger	scenario/viewer.go:64	get livestream
2026-09-22T08:54:07.625Z	info	staff-logger	scenario/viewer.go:83	visit livestream
2026-09-22T08:54:07.668Z	info	staff-logger	scenario/viewer.go:32	basic viewer scenario
2026-09-22T08:54:07.668Z	info	staff-logger	scenario/viewer.go:56	visit top
2026-09-22T08:54:07.668Z	info	staff-logger	scenario/viewer.go:64	get livestream
2026-09-22T08:54:07.668Z	info	staff-logger	scenario/viewer.go:83	visit livestream
2026-09-22T08:54:07.880Z	info	staff-logger	scenario/viewer.go:32	basic viewer scenario
2026-09-22T08:54:07.880Z	info	staff-logger	scenario/viewer.go:56	visit top
2026-09-22T08:54:07.880Z	info	staff-logger	scenario/viewer.go:64	get livestream
2026-09-22T08:54:07.880Z	info	staff-logger	scenario/viewer.go:83	visit livestream
2026-09-22T08:54:07.958Z	info	staff-logger	scenario/viewer.go:64	get livestream
2026-09-22T08:54:07.958Z	info	staff-logger	scenario/viewer.go:76	visit user profile
2026-09-22T08:54:08.164Z	info	staff-logger	scenario/viewer.go:32	basic viewer scenario
2026-09-22T08:54:08.164Z	info	staff-logger	scenario/viewer.go:56	visit top
2026-09-22T08:54:08.164Z	info	staff-logger	scenario/viewer.go:64	get livestream
2026-09-22T08:54:08.164Z	info	staff-logger	scenario/viewer.go:83	visit livestream
2026-09-22T08:54:08.206Z	info	staff-logger	scenario/viewer.go:32	basic viewer scenario
2026-09-22T08:54:08.206Z	info	staff-logger	scenario/viewer.go:56	visit top
2026-09-22T08:54:08.206Z	info	staff-logger	scenario/viewer.go:64	get livestream
2026-09-22T08:54:08.206Z	info	staff-logger	scenario/viewer.go:83	visit livestream
2026-09-22T08:54:08.210Z	info	staff-logger	scenario/viewer.go:32	basic viewer scenario
2026-09-22T08:54:08.210Z	info	staff-logger	scenario/viewer.go:56	visit top
2026-09-22T08:54:08.210Z	info	staff-logger	scenario/viewer.go:64	get livestream
2026-09-22T08:54:08.210Z	info	staff-logger	scenario/viewer.go:83	visit livestream
2026-09-22T08:54:08.213Z	info	staff-logger	scenario/viewer.go:32	basic viewer scenario
2026-09-22T08:54:08.213Z	info	staff-logger	scenario/viewer.go:56	visit top
2026-09-22T08:54:08.213Z	info	staff-logger	scenario/viewer.go:64	get livestream
2026-09-22T08:54:08.213Z	info	staff-logger	scenario/viewer.go:83	visit livestream
2026-09-22T08:54:08.325Z	info	staff-logger	scenario/viewer.go:83	visit livestream
2026-09-22T08:54:08.418Z	info	staff-logger	scenario/viewer.go:32	basic viewer scenario
2026-09-22T08:54:08.418Z	info	staff-logger	scenario/viewer.go:56	visit top
2026-09-22T08:54:08.418Z	info	staff-logger	scenario/viewer.go:64	get livestream
2026-09-22T08:54:08.418Z	info	staff-logger	scenario/viewer.go:83	visit livestream
2026-09-22T08:54:08.684Z	info	staff-logger	scenario/viewer.go:32	basic viewer scenario
2026-09-22T08:54:08.684Z	info	staff-logger	scenario/viewer.go:56	visit top
2026-09-22T08:54:08.684Z	info	staff-logger	scenario/viewer.go:64	get livestream
2026-09-22T08:54:08.684Z	info	staff-logger	scenario/viewer.go:83	visit livestream
2026-09-22T08:54:08.788Z	info	staff-logger	scenario/viewer.go:32	basic viewer scenario
2026-09-22T08:54:08.788Z	info	staff-logger	scenario/viewer.go:56	visit top
2026-09-22T08:54:08.788Z	info	staff-logger	scenario/viewer.go:64	get livestream
2026-09-22T08:54:08.788Z	info	staff-logger	scenario/viewer.go:83	visit livestream
2026-09-22T08:54:08.876Z	info	staff-logger	scenario/streamer.go:48	change icon
2026-09-22T08:54:08.967Z	warn	staff-logger	scenario/streamer.go:139	streamer_moderate: failed to visit livestream admin: benchmark-application: [一般エラー] GET /api/livestream/7532/report へのリクエストに対して、期待されたHTTPステータスコードが確認できませんでした (expected:200, actual:500)

2026-09-22T08:54:09.004Z	info	staff-logger	scenario/viewer.go:32	basic viewer scenario
2026-09-22T08:54:09.004Z	info	staff-logger	scenario/viewer.go:56	visit top
2026-09-22T08:54:09.004Z	info	staff-logger	scenario/viewer.go:64	get livestream
2026-09-22T08:54:09.005Z	info	staff-logger	scenario/viewer.go:83	visit livestream
2026-09-22T08:54:09.053Z	info	staff-logger	scenario/streamer.go:48	change icon
2026-09-22T08:54:09.152Z	info	staff-logger	scenario/viewer.go:32	basic viewer scenario
2026-09-22T08:54:09.152Z	info	staff-logger	scenario/viewer.go:56	visit top
2026-09-22T08:54:09.152Z	info	staff-logger	scenario/viewer.go:64	get livestream
2026-09-22T08:54:09.152Z	info	staff-logger	scenario/viewer.go:83	visit livestream
2026-09-22T08:54:09.233Z	info	staff-logger	scenario/streamer.go:48	change icon
2026-09-22T08:54:09.300Z	warn	staff-logger	scenario/streamer.go:198	aggressive streamer moderate: failed to visit livestream admin: benchmark-application: [一般エラー] GET /api/livestream/7528/report へのリクエストに対して、期待されたHTTPステータスコードが確認できませんでした (expected:200, actual:500)

2026-09-22T08:54:09.368Z	info	staff-logger	scenario/viewer.go:32	basic viewer scenario
2026-09-22T08:54:09.368Z	info	staff-logger	scenario/viewer.go:56	visit top
2026-09-22T08:54:09.368Z	info	staff-logger	scenario/viewer.go:64	get livestream
2026-09-22T08:54:09.368Z	info	staff-logger	scenario/viewer.go:83	visit livestream
2026-09-22T08:54:09.423Z	info	staff-logger	scenario/viewer.go:32	basic viewer scenario
2026-09-22T08:54:09.423Z	info	staff-logger	scenario/viewer.go:56	visit top
2026-09-22T08:54:09.423Z	info	staff-logger	scenario/viewer.go:64	get livestream
2026-09-22T08:54:09.423Z	info	staff-logger	scenario/viewer.go:83	visit livestream
2026-09-22T08:54:09.489Z	info	staff-logger	scenario/streamer.go:48	change icon
2026-09-22T08:54:09.512Z	info	staff-logger	scenario/viewer.go:32	basic viewer scenario
2026-09-22T08:54:09.513Z	info	staff-logger	scenario/viewer.go:56	visit top
2026-09-22T08:54:09.513Z	info	staff-logger	scenario/viewer.go:64	get livestream
2026-09-22T08:54:09.513Z	info	staff-logger	scenario/viewer.go:83	visit livestream
2026-09-22T08:54:09.586Z	info	staff-logger	scenario/viewer.go:32	basic viewer scenario
2026-09-22T08:54:09.586Z	info	staff-logger	scenario/viewer.go:56	visit top
2026-09-22T08:54:09.586Z	info	staff-logger	scenario/viewer.go:64	get livestream
2026-09-22T08:54:09.586Z	info	staff-logger	scenario/viewer.go:83	visit livestream
2026-09-22T08:54:09.597Z	info	staff-logger	scenario/viewer.go:32	basic viewer scenario
2026-09-22T08:54:09.597Z	info	staff-logger	scenario/viewer.go:56	visit top
2026-09-22T08:54:09.923Z	info	staff-logger	scenario/viewer.go:32	basic viewer scenario
2026-09-22T08:54:09.923Z	info	staff-logger	scenario/viewer.go:56	visit top
2026-09-22T08:54:09.923Z	info	staff-logger	scenario/viewer.go:64	get livestream
2026-09-22T08:54:09.923Z	info	staff-logger	scenario/viewer.go:83	visit livestream
2026-09-22T08:54:09.962Z	info	staff-logger	scenario/viewer.go:32	basic viewer scenario
2026-09-22T08:54:09.962Z	info	staff-logger	scenario/viewer.go:56	visit top
2026-09-22T08:54:09.962Z	info	staff-logger	scenario/viewer.go:64	get livestream
2026-09-22T08:54:09.962Z	info	staff-logger	scenario/viewer.go:83	visit livestream
2026-09-22T08:54:10.047Z	warn	staff-logger	scenario/streamer.go:198	aggressive streamer moderate: failed to visit livestream admin: benchmark-application: [一般エラー] GET /api/livestream/7537/report へのリクエストに対して、期待されたHTTPステータスコードが確認できませんでした (expected:200, actual:500)

2026-09-22T08:54:10.144Z	info	staff-logger	scenario/viewer.go:32	basic viewer scenario
2026-09-22T08:54:10.145Z	info	staff-logger	scenario/viewer.go:56	visit top
2026-09-22T08:54:10.145Z	info	staff-logger	scenario/viewer.go:64	get livestream
2026-09-22T08:54:10.145Z	info	staff-logger	scenario/viewer.go:83	visit livestream
2026-09-22T08:54:10.151Z	warn	staff-logger	scenario/streamer.go:139	streamer_moderate: failed to visit livestream admin: benchmark-application: [一般エラー] GET /api/livestream/7526/report へのリクエストに対して、期待されたHTTPステータスコードが確認できませんでした (expected:200, actual:500)

2026-09-22T08:54:10.234Z	info	staff-logger	scenario/viewer.go:32	basic viewer scenario
2026-09-22T08:54:10.234Z	info	staff-logger	scenario/viewer.go:56	visit top
2026-09-22T08:54:10.234Z	info	staff-logger	scenario/viewer.go:64	get livestream
2026-09-22T08:54:10.234Z	info	staff-logger	scenario/viewer.go:83	visit livestream
2026-09-22T08:54:10.271Z	info	staff-logger	scenario/viewer.go:64	get livestream
2026-09-22T08:54:10.271Z	info	staff-logger	scenario/viewer.go:76	visit user profile
2026-09-22T08:54:10.341Z	info	staff-logger	scenario/viewer.go:32	basic viewer scenario
2026-09-22T08:54:10.341Z	info	staff-logger	scenario/viewer.go:56	visit top
2026-09-22T08:54:10.341Z	info	staff-logger	scenario/viewer.go:64	get livestream
2026-09-22T08:54:10.341Z	info	staff-logger	scenario/viewer.go:83	visit livestream
2026-09-22T08:54:10.383Z	info	staff-logger	scenario/viewer.go:32	basic viewer scenario
2026-09-22T08:54:10.383Z	info	staff-logger	scenario/viewer.go:56	visit top
2026-09-22T08:54:10.383Z	info	staff-logger	scenario/viewer.go:64	get livestream
2026-09-22T08:54:10.383Z	info	staff-logger	scenario/viewer.go:83	visit livestream
2026-09-22T08:54:10.471Z	warn	staff-logger	scenario/streamer.go:198	aggressive streamer moderate: failed to visit livestream admin: benchmark-application: [一般エラー] GET /api/livestream/7522/report へのリクエストに対して、期待されたHTTPステータスコードが確認できませんでした (expected:200, actual:500)

2026-09-22T08:54:10.484Z	info	staff-logger	scenario/viewer.go:90	get livestream stats
2026-09-22T08:54:10.574Z	info	staff-logger	scenario/viewer.go:32	basic viewer scenario
2026-09-22T08:54:10.574Z	info	staff-logger	scenario/viewer.go:56	visit top
2026-09-22T08:54:10.574Z	info	staff-logger	scenario/viewer.go:64	get livestream
2026-09-22T08:54:10.574Z	info	staff-logger	scenario/viewer.go:83	visit livestream
2026-09-22T08:54:10.780Z	info	staff-logger	scenario/viewer.go:83	visit livestream
2026-09-22T08:54:10.794Z	info	staff-logger	scenario/viewer.go:32	basic viewer scenario
2026-09-22T08:54:10.794Z	info	staff-logger	scenario/viewer.go:56	visit top
2026-09-22T08:54:10.794Z	info	staff-logger	scenario/viewer.go:64	get livestream
2026-09-22T08:54:10.794Z	info	staff-logger	scenario/viewer.go:83	visit livestream
2026-09-22T08:54:10.856Z	info	staff-logger	scenario/viewer.go:32	basic viewer scenario
2026-09-22T08:54:10.856Z	info	staff-logger	scenario/viewer.go:46	change icon
2026-09-22T08:54:10.931Z	info	staff-logger	scenario/viewer.go:56	visit top
2026-09-22T08:54:10.966Z	info	staff-logger	scenario/viewer.go:32	basic viewer scenario
2026-09-22T08:54:10.966Z	info	staff-logger	scenario/viewer.go:56	visit top
2026-09-22T08:54:10.966Z	info	staff-logger	scenario/viewer.go:64	get livestream
2026-09-22T08:54:10.966Z	info	staff-logger	scenario/viewer.go:83	visit livestream
2026-09-22T08:54:11.006Z	info	staff-logger	scenario/viewer.go:32	basic viewer scenario
2026-09-22T08:54:11.006Z	info	staff-logger	scenario/viewer.go:56	visit top
2026-09-22T08:54:11.006Z	info	staff-logger	scenario/viewer.go:64	get livestream
2026-09-22T08:54:11.006Z	info	staff-logger	scenario/viewer.go:83	visit livestream
2026-09-22T08:54:11.068Z	warn	staff-logger	scenario/viewer.go:178	viewer_spam: failed to post livecomment (moderated spam): benchmark-application: [一般エラー] POST /api/livestream/7544/livecomment へのリクエストに対して、期待されたHTTPステータスコードが確認できませんでした (expected:400, actual:201)

2026-09-22T08:54:11.313Z	info	staff-logger	scenario/viewer.go:32	basic viewer scenario
2026-09-22T08:54:11.313Z	info	staff-logger	scenario/viewer.go:56	visit top
2026-09-22T08:54:11.313Z	info	staff-logger	scenario/viewer.go:64	get livestream
2026-09-22T08:54:11.313Z	info	staff-logger	scenario/viewer.go:83	visit livestream
2026-09-22T08:54:11.420Z	info	staff-logger	scenario/viewer.go:32	basic viewer scenario
2026-09-22T08:54:11.420Z	info	staff-logger	scenario/viewer.go:56	visit top
2026-09-22T08:54:11.520Z	info	staff-logger	scenario/viewer.go:32	basic viewer scenario
2026-09-22T08:54:11.520Z	info	staff-logger	scenario/viewer.go:56	visit top
2026-09-22T08:54:11.520Z	info	staff-logger	scenario/viewer.go:64	get livestream
2026-09-22T08:54:11.520Z	info	staff-logger	scenario/viewer.go:83	visit livestream
2026-09-22T08:54:11.540Z	info	staff-logger	scenario/viewer.go:64	get livestream
2026-09-22T08:54:11.540Z	info	staff-logger	scenario/viewer.go:76	visit user profile
2026-09-22T08:54:11.602Z	warn	staff-logger	scenario/streamer.go:198	aggressive streamer moderate: failed to visit livestream admin: benchmark-application: [一般エラー] GET /api/livestream/7524/report へのリクエストに対して、期待されたHTTPステータスコードが確認できませんでした (expected:200, actual:500)

2026-09-22T08:54:11.641Z	info	staff-logger	scenario/viewer.go:32	basic viewer scenario
2026-09-22T08:54:11.641Z	info	staff-logger	scenario/viewer.go:56	visit top
2026-09-22T08:54:11.696Z	info	staff-logger	scenario/viewer.go:32	basic viewer scenario
2026-09-22T08:54:11.696Z	info	staff-logger	scenario/viewer.go:56	visit top
2026-09-22T08:54:11.696Z	info	staff-logger	scenario/viewer.go:64	get livestream
2026-09-22T08:54:11.696Z	info	staff-logger	scenario/viewer.go:83	visit livestream
2026-09-22T08:54:11.749Z	info	staff-logger	scenario/viewer.go:32	basic viewer scenario
2026-09-22T08:54:11.749Z	info	staff-logger	scenario/viewer.go:56	visit top
2026-09-22T08:54:11.749Z	info	staff-logger	scenario/viewer.go:64	get livestream
2026-09-22T08:54:11.749Z	info	staff-logger	scenario/viewer.go:83	visit livestream
2026-09-22T08:54:11.844Z	info	staff-logger	scenario/viewer.go:32	basic viewer scenario
2026-09-22T08:54:11.844Z	info	staff-logger	scenario/viewer.go:56	visit top
2026-09-22T08:54:11.844Z	info	staff-logger	scenario/viewer.go:64	get livestream
2026-09-22T08:54:11.844Z	info	staff-logger	scenario/viewer.go:83	visit livestream
2026-09-22T08:54:11.850Z	info	staff-logger	scenario/viewer.go:83	visit livestream
2026-09-22T08:54:11.984Z	info	staff-logger	scenario/viewer.go:32	basic viewer scenario
2026-09-22T08:54:11.984Z	info	staff-logger	scenario/viewer.go:56	visit top
2026-09-22T08:54:11.984Z	info	staff-logger	scenario/viewer.go:64	get livestream
2026-09-22T08:54:11.984Z	info	staff-logger	scenario/viewer.go:83	visit livestream
2026-09-22T08:54:12.070Z	info	staff-logger	scenario/viewer.go:64	get livestream
2026-09-22T08:54:12.070Z	info	staff-logger	scenario/viewer.go:76	visit user profile
2026-09-22T08:54:12.165Z	info	staff-logger	scenario/viewer.go:32	basic viewer scenario
2026-09-22T08:54:12.165Z	info	staff-logger	scenario/viewer.go:56	visit top
2026-09-22T08:54:12.165Z	info	staff-logger	scenario/viewer.go:64	get livestream
2026-09-22T08:54:12.165Z	info	staff-logger	scenario/viewer.go:83	visit livestream
2026-09-22T08:54:12.182Z	info	staff-logger	scenario/viewer.go:32	basic viewer scenario
2026-09-22T08:54:12.182Z	info	staff-logger	scenario/viewer.go:56	visit top
2026-09-22T08:54:12.182Z	info	staff-logger	scenario/viewer.go:64	get livestream
2026-09-22T08:54:12.182Z	info	staff-logger	scenario/viewer.go:83	visit livestream
2026-09-22T08:54:12.227Z	info	staff-logger	scenario/viewer.go:32	basic viewer scenario
2026-09-22T08:54:12.227Z	info	staff-logger	scenario/viewer.go:56	visit top
2026-09-22T08:54:12.227Z	info	staff-logger	scenario/viewer.go:64	get livestream
2026-09-22T08:54:12.227Z	info	staff-logger	scenario/viewer.go:83	visit livestream
2026-09-22T08:54:12.254Z	info	staff-logger	scenario/viewer.go:64	get livestream
2026-09-22T08:54:12.254Z	info	staff-logger	scenario/viewer.go:76	visit user profile
2026-09-22T08:54:12.364Z	info	staff-logger	scenario/viewer.go:32	basic viewer scenario
2026-09-22T08:54:12.364Z	info	staff-logger	scenario/viewer.go:56	visit top
2026-09-22T08:54:12.364Z	info	staff-logger	scenario/viewer.go:64	get livestream
2026-09-22T08:54:12.364Z	info	staff-logger	scenario/viewer.go:83	visit livestream
2026-09-22T08:54:12.379Z	warn	staff-logger	scenario/streamer.go:139	streamer_moderate: failed to visit livestream admin: benchmark-application: [一般エラー] GET /api/livestream/7533/report へのリクエストに対して、期待されたHTTPステータスコードが確認できませんでした (expected:200, actual:500)

2026-09-22T08:54:12.409Z	info	staff-logger	scenario/viewer.go:83	visit livestream
2026-09-22T08:54:12.495Z	info	staff-logger	scenario/viewer.go:32	basic viewer scenario
2026-09-22T08:54:12.495Z	info	staff-logger	scenario/viewer.go:56	visit top
2026-09-22T08:54:12.576Z	warn	staff-logger	scenario/streamer.go:198	aggressive streamer moderate: failed to visit livestream admin: benchmark-application: [一般エラー] GET /api/livestream/7532/report へのリクエストに対して、期待されたHTTPステータスコードが確認できませんでした (expected:200, actual:500)

2026-09-22T08:54:12.693Z	info	staff-logger	scenario/viewer.go:83	visit livestream
2026-09-22T08:54:12.933Z	info	staff-logger	scenario/viewer.go:32	basic viewer scenario
2026-09-22T08:54:12.933Z	info	staff-logger	scenario/viewer.go:56	visit top
2026-09-22T08:54:12.933Z	info	staff-logger	scenario/viewer.go:64	get livestream
2026-09-22T08:54:12.933Z	info	staff-logger	scenario/viewer.go:83	visit livestream
2026-09-22T08:54:13.041Z	info	staff-logger	scenario/viewer.go:32	basic viewer scenario
2026-09-22T08:54:13.041Z	info	staff-logger	scenario/viewer.go:56	visit top
2026-09-22T08:54:13.041Z	info	staff-logger	scenario/viewer.go:64	get livestream
2026-09-22T08:54:13.041Z	info	staff-logger	scenario/viewer.go:83	visit livestream
2026-09-22T08:54:13.108Z	info	staff-logger	scenario/viewer.go:32	basic viewer scenario
2026-09-22T08:54:13.109Z	info	staff-logger	scenario/viewer.go:56	visit top
2026-09-22T08:54:13.155Z	info	staff-logger	scenario/viewer.go:64	get livestream
2026-09-22T08:54:13.155Z	info	staff-logger	scenario/viewer.go:76	visit user profile
2026-09-22T08:54:13.346Z	info	staff-logger	scenario/viewer.go:32	basic viewer scenario
2026-09-22T08:54:13.346Z	info	staff-logger	scenario/viewer.go:56	visit top
2026-09-22T08:54:13.346Z	info	staff-logger	scenario/viewer.go:64	get livestream
2026-09-22T08:54:13.346Z	info	staff-logger	scenario/viewer.go:83	visit livestream
2026-09-22T08:54:13.358Z	info	staff-logger	scenario/viewer.go:32	basic viewer scenario
2026-09-22T08:54:13.358Z	info	staff-logger	scenario/viewer.go:56	visit top
2026-09-22T08:54:13.358Z	info	staff-logger	scenario/viewer.go:64	get livestream
2026-09-22T08:54:13.358Z	info	staff-logger	scenario/viewer.go:83	visit livestream
2026-09-22T08:54:13.459Z	info	staff-logger	scenario/viewer.go:90	get livestream stats
2026-09-22T08:54:13.476Z	info	staff-logger	scenario/viewer.go:32	basic viewer scenario
2026-09-22T08:54:13.476Z	info	staff-logger	scenario/viewer.go:56	visit top
2026-09-22T08:54:13.476Z	info	staff-logger	scenario/viewer.go:64	get livestream
2026-09-22T08:54:13.476Z	info	staff-logger	scenario/viewer.go:83	visit livestream
2026-09-22T08:54:13.477Z	info	staff-logger	scenario/viewer.go:32	basic viewer scenario
2026-09-22T08:54:13.477Z	info	staff-logger	scenario/viewer.go:56	visit top
2026-09-22T08:54:13.477Z	info	staff-logger	scenario/viewer.go:64	get livestream
2026-09-22T08:54:13.477Z	info	staff-logger	scenario/viewer.go:83	visit livestream
2026-09-22T08:54:13.527Z	info	staff-logger	scenario/viewer.go:32	basic viewer scenario
2026-09-22T08:54:13.527Z	info	staff-logger	scenario/viewer.go:56	visit top
2026-09-22T08:54:13.527Z	info	staff-logger	scenario/viewer.go:64	get livestream
2026-09-22T08:54:13.527Z	info	staff-logger	scenario/viewer.go:83	visit livestream
2026-09-22T08:54:13.636Z	info	staff-logger	scenario/viewer.go:32	basic viewer scenario
2026-09-22T08:54:13.636Z	info	staff-logger	scenario/viewer.go:56	visit top
2026-09-22T08:54:13.636Z	info	staff-logger	scenario/viewer.go:64	get livestream
2026-09-22T08:54:13.636Z	info	staff-logger	scenario/viewer.go:83	visit livestream
2026-09-22T08:54:13.697Z	info	staff-logger	scenario/viewer.go:90	get livestream stats
2026-09-22T08:54:13.697Z	info	staff-logger	scenario/streamer.go:48	change icon
2026-09-22T08:54:13.719Z	info	staff-logger	scenario/viewer.go:64	get livestream
2026-09-22T08:54:13.719Z	info	staff-logger	scenario/viewer.go:76	visit user profile
2026-09-22T08:54:13.726Z	warn	staff-logger	scenario/streamer.go:198	aggressive streamer moderate: failed to visit livestream admin: benchmark-application: [一般エラー] GET /api/livestream/7537/report へのリクエストに対して、期待されたHTTPステータスコードが確認できませんでした (expected:200, actual:500)

2026-09-22T08:54:13.745Z	info	staff-logger	scenario/viewer.go:32	basic viewer scenario
2026-09-22T08:54:13.745Z	info	staff-logger	scenario/viewer.go:56	visit top
2026-09-22T08:54:13.745Z	info	staff-logger	scenario/viewer.go:64	get livestream
2026-09-22T08:54:13.745Z	info	staff-logger	scenario/viewer.go:83	visit livestream
2026-09-22T08:54:13.826Z	warn	staff-logger	scenario/viewer.go:178	viewer_spam: failed to post livecomment (moderated spam): benchmark-application: [一般エラー] POST /api/livestream/7581/livecomment へのリクエストに対して、期待されたHTTPステータスコードが確認できませんでした (expected:400, actual:201)

2026-09-22T08:54:13.856Z	info	staff-logger	scenario/viewer.go:32	basic viewer scenario
2026-09-22T08:54:13.856Z	info	staff-logger	scenario/viewer.go:56	visit top
2026-09-22T08:54:13.856Z	info	staff-logger	scenario/viewer.go:64	get livestream
2026-09-22T08:54:13.856Z	info	staff-logger	scenario/viewer.go:83	visit livestream
2026-09-22T08:54:13.883Z	info	staff-logger	scenario/viewer.go:83	visit livestream
2026-09-22T08:54:14.089Z	info	staff-logger	scenario/viewer.go:32	basic viewer scenario
2026-09-22T08:54:14.089Z	info	staff-logger	scenario/viewer.go:56	visit top
2026-09-22T08:54:14.090Z	info	staff-logger	scenario/viewer.go:64	get livestream
2026-09-22T08:54:14.090Z	info	staff-logger	scenario/viewer.go:83	visit livestream
2026-09-22T08:54:14.235Z	info	staff-logger	scenario/viewer.go:83	visit livestream
2026-09-22T08:54:14.257Z	warn	staff-logger	scenario/streamer.go:198	aggressive streamer moderate: failed to visit livestream admin: benchmark-application: [一般エラー] GET /api/livestream/7522/report へのリクエストに対して、期待されたHTTPステータスコードが確認できませんでした (expected:200, actual:500)

2026-09-22T08:54:14.302Z	warn	staff-logger	scenario/streamer.go:139	streamer_moderate: failed to visit livestream admin: benchmark-application: [一般エラー] GET /api/livestream/7525/report へのリクエストに対して、期待されたHTTPステータスコードが確認できませんでした (expected:200, actual:500)

2026-09-22T08:54:14.551Z	info	staff-logger	scenario/viewer.go:32	basic viewer scenario
2026-09-22T08:54:14.551Z	info	staff-logger	scenario/viewer.go:56	visit top
2026-09-22T08:54:14.551Z	info	staff-logger	scenario/viewer.go:64	get livestream
2026-09-22T08:54:14.551Z	info	staff-logger	scenario/viewer.go:83	visit livestream
2026-09-22T08:54:14.603Z	info	staff-logger	scenario/viewer.go:32	basic viewer scenario
2026-09-22T08:54:14.603Z	info	staff-logger	scenario/viewer.go:56	visit top
2026-09-22T08:54:14.603Z	info	staff-logger	scenario/viewer.go:64	get livestream
2026-09-22T08:54:14.603Z	info	staff-logger	scenario/viewer.go:83	visit livestream
2026-09-22T08:54:14.629Z	info	staff-logger	scenario/viewer.go:32	basic viewer scenario
2026-09-22T08:54:14.629Z	info	staff-logger	scenario/viewer.go:56	visit top
2026-09-22T08:54:14.629Z	info	staff-logger	scenario/viewer.go:64	get livestream
2026-09-22T08:54:14.629Z	info	staff-logger	scenario/viewer.go:83	visit livestream
2026-09-22T08:54:14.974Z	info	staff-logger	scenario/viewer.go:32	basic viewer scenario
2026-09-22T08:54:14.974Z	info	staff-logger	scenario/viewer.go:56	visit top
2026-09-22T08:54:14.974Z	info	staff-logger	scenario/viewer.go:64	get livestream
2026-09-22T08:54:14.974Z	info	staff-logger	scenario/viewer.go:83	visit livestream
2026-09-22T08:54:15.025Z	info	staff-logger	scenario/viewer.go:32	basic viewer scenario
2026-09-22T08:54:15.025Z	info	staff-logger	scenario/viewer.go:56	visit top
2026-09-22T08:54:15.025Z	info	staff-logger	scenario/viewer.go:64	get livestream
2026-09-22T08:54:15.025Z	info	staff-logger	scenario/viewer.go:83	visit livestream
2026-09-22T08:54:15.051Z	info	staff-logger	scenario/viewer.go:32	basic viewer scenario
2026-09-22T08:54:15.051Z	info	staff-logger	scenario/viewer.go:56	visit top
2026-09-22T08:54:15.051Z	info	staff-logger	scenario/viewer.go:64	get livestream
2026-09-22T08:54:15.051Z	info	staff-logger	scenario/viewer.go:83	visit livestream
2026-09-22T08:54:15.172Z	info	staff-logger	scenario/viewer.go:32	basic viewer scenario
2026-09-22T08:54:15.172Z	info	staff-logger	scenario/viewer.go:56	visit top
2026-09-22T08:54:15.212Z	warn	staff-logger	scenario/streamer.go:139	streamer_moderate: failed to visit livestream admin: benchmark-application: [一般エラー] GET /api/livestream/7524/report へのリクエストに対して、期待されたHTTPステータスコードが確認できませんでした (expected:200, actual:500)

2026-09-22T08:54:15.308Z	info	staff-logger	scenario/viewer.go:32	basic viewer scenario
2026-09-22T08:54:15.308Z	info	staff-logger	scenario/viewer.go:56	visit top
2026-09-22T08:54:15.308Z	info	staff-logger	scenario/viewer.go:64	get livestream
2026-09-22T08:54:15.308Z	info	staff-logger	scenario/viewer.go:83	visit livestream
2026-09-22T08:54:15.407Z	info	staff-logger	scenario/viewer.go:32	basic viewer scenario
2026-09-22T08:54:15.407Z	info	staff-logger	scenario/viewer.go:56	visit top
2026-09-22T08:54:15.407Z	info	staff-logger	scenario/viewer.go:64	get livestream
2026-09-22T08:54:15.407Z	info	staff-logger	scenario/viewer.go:83	visit livestream
2026-09-22T08:54:15.414Z	info	staff-logger	scenario/viewer.go:32	basic viewer scenario
2026-09-22T08:54:15.414Z	info	staff-logger	scenario/viewer.go:56	visit top
2026-09-22T08:54:15.414Z	info	staff-logger	scenario/viewer.go:64	get livestream
2026-09-22T08:54:15.414Z	info	staff-logger	scenario/viewer.go:83	visit livestream
2026-09-22T08:54:15.417Z	info	staff-logger	scenario/viewer.go:32	basic viewer scenario
2026-09-22T08:54:15.417Z	info	staff-logger	scenario/viewer.go:56	visit top
2026-09-22T08:54:15.417Z	info	staff-logger	scenario/viewer.go:64	get livestream
2026-09-22T08:54:15.417Z	info	staff-logger	scenario/viewer.go:83	visit livestream
2026-09-22T08:54:15.652Z	info	staff-logger	scenario/viewer.go:32	basic viewer scenario
2026-09-22T08:54:15.652Z	info	staff-logger	scenario/viewer.go:56	visit top
2026-09-22T08:54:15.652Z	info	staff-logger	scenario/viewer.go:64	get livestream
2026-09-22T08:54:15.652Z	info	staff-logger	scenario/viewer.go:83	visit livestream
2026-09-22T08:54:15.660Z	info	staff-logger	scenario/viewer.go:32	basic viewer scenario
2026-09-22T08:54:15.660Z	info	staff-logger	scenario/viewer.go:56	visit top
2026-09-22T08:54:15.660Z	info	staff-logger	scenario/viewer.go:64	get livestream
2026-09-22T08:54:15.660Z	info	staff-logger	scenario/viewer.go:83	visit livestream
2026-09-22T08:54:15.731Z	info	staff-logger	scenario/streamer.go:48	change icon
2026-09-22T08:54:15.764Z	info	staff-logger	scenario/viewer.go:32	basic viewer scenario
2026-09-22T08:54:15.764Z	info	staff-logger	scenario/viewer.go:56	visit top
2026-09-22T08:54:15.764Z	info	staff-logger	scenario/viewer.go:64	get livestream
2026-09-22T08:54:15.764Z	info	staff-logger	scenario/viewer.go:83	visit livestream
2026-09-22T08:54:15.861Z	info	staff-logger	scenario/viewer.go:64	get livestream
2026-09-22T08:54:15.861Z	info	staff-logger	scenario/viewer.go:76	visit user profile
2026-09-22T08:54:15.917Z	info	staff-logger	scenario/viewer.go:32	basic viewer scenario
2026-09-22T08:54:15.918Z	info	staff-logger	scenario/viewer.go:56	visit top
2026-09-22T08:54:15.918Z	info	staff-logger	scenario/viewer.go:64	get livestream
2026-09-22T08:54:15.918Z	info	staff-logger	scenario/viewer.go:83	visit livestream
2026-09-22T08:54:15.925Z	warn	staff-logger	scenario/streamer.go:139	streamer_moderate: failed to visit livestream admin: benchmark-application: [一般エラー] GET /api/livestream/7530/report へのリクエストに対して、期待されたHTTPステータスコードが確認できませんでした (expected:200, actual:500)

2026-09-22T08:54:15.963Z	info	staff-logger	scenario/viewer.go:32	basic viewer scenario
2026-09-22T08:54:15.964Z	info	staff-logger	scenario/viewer.go:56	visit top
2026-09-22T08:54:15.964Z	info	staff-logger	scenario/viewer.go:64	get livestream
2026-09-22T08:54:15.964Z	info	staff-logger	scenario/viewer.go:83	visit livestream
2026-09-22T08:54:16.007Z	warn	staff-logger	scenario/streamer.go:139	streamer_moderate: failed to visit livestream admin: benchmark-application: [一般エラー] GET /api/livestream/7533/report へのリクエストに対して、期待されたHTTPステータスコードが確認できませんでした (expected:200, actual:500)

2026-09-22T08:54:16.075Z	info	staff-logger	scenario/viewer.go:32	basic viewer scenario
2026-09-22T08:54:16.075Z	info	staff-logger	scenario/viewer.go:56	visit top
2026-09-22T08:54:16.075Z	info	staff-logger	scenario/viewer.go:64	get livestream
2026-09-22T08:54:16.075Z	info	staff-logger	scenario/viewer.go:83	visit livestream
2026-09-22T08:54:16.085Z	info	staff-logger	scenario/viewer.go:32	basic viewer scenario
2026-09-22T08:54:16.085Z	info	staff-logger	scenario/viewer.go:56	visit top
2026-09-22T08:54:16.110Z	info	staff-logger	scenario/viewer.go:32	basic viewer scenario
2026-09-22T08:54:16.110Z	info	staff-logger	scenario/viewer.go:56	visit top
2026-09-22T08:54:16.110Z	info	staff-logger	scenario/viewer.go:64	get livestream
2026-09-22T08:54:16.110Z	info	staff-logger	scenario/viewer.go:83	visit livestream
2026-09-22T08:54:16.181Z	info	staff-logger	scenario/viewer.go:83	visit livestream
2026-09-22T08:54:16.201Z	warn	staff-logger	scenario/streamer.go:139	streamer_moderate: failed to visit livestream admin: benchmark-application: [一般エラー] GET /api/livestream/7532/report へのリクエストに対して、期待されたHTTPステータスコードが確認できませんでした (expected:200, actual:500)

2026-09-22T08:54:16.373Z	warn	staff-logger	scenario/streamer.go:198	aggressive streamer moderate: failed to visit livestream admin: benchmark-application: [一般エラー] GET /api/livestream/7528/report へのリクエストに対して、期待されたHTTPステータスコードが確認できませんでした (expected:200, actual:500)

2026-09-22T08:54:16.570Z	info	staff-logger	scenario/viewer.go:32	basic viewer scenario
2026-09-22T08:54:16.570Z	info	staff-logger	scenario/viewer.go:56	visit top
2026-09-22T08:54:16.570Z	info	staff-logger	scenario/viewer.go:64	get livestream
2026-09-22T08:54:16.570Z	info	staff-logger	scenario/viewer.go:83	visit livestream
2026-09-22T08:54:16.597Z	info	staff-logger	scenario/viewer.go:32	basic viewer scenario
2026-09-22T08:54:16.597Z	info	staff-logger	scenario/viewer.go:56	visit top
2026-09-22T08:54:16.597Z	info	staff-logger	scenario/viewer.go:64	get livestream
2026-09-22T08:54:16.597Z	info	staff-logger	scenario/viewer.go:83	visit livestream
2026-09-22T08:54:16.632Z	info	staff-logger	scenario/viewer.go:90	get livestream stats
2026-09-22T08:54:16.827Z	info	staff-logger	scenario/viewer.go:32	basic viewer scenario
2026-09-22T08:54:16.828Z	info	staff-logger	scenario/viewer.go:56	visit top
2026-09-22T08:54:16.828Z	info	staff-logger	scenario/viewer.go:64	get livestream
2026-09-22T08:54:16.828Z	info	staff-logger	scenario/viewer.go:83	visit livestream
2026-09-22T08:54:16.839Z	info	staff-logger	scenario/viewer.go:64	get livestream
2026-09-22T08:54:16.839Z	info	staff-logger	scenario/viewer.go:76	visit user profile
2026-09-22T08:54:16.868Z	info	staff-logger	scenario/viewer.go:32	basic viewer scenario
2026-09-22T08:54:16.868Z	info	staff-logger	scenario/viewer.go:56	visit top
2026-09-22T08:54:16.868Z	info	staff-logger	scenario/viewer.go:64	get livestream
2026-09-22T08:54:16.868Z	info	staff-logger	scenario/viewer.go:83	visit livestream
2026-09-22T08:54:16.901Z	info	staff-logger	scenario/viewer.go:32	basic viewer scenario
2026-09-22T08:54:16.901Z	info	staff-logger	scenario/viewer.go:56	visit top
2026-09-22T08:54:16.901Z	info	staff-logger	scenario/viewer.go:64	get livestream
2026-09-22T08:54:16.901Z	info	staff-logger	scenario/viewer.go:83	visit livestream
2026-09-22T08:54:16.915Z	info	staff-logger	scenario/viewer.go:32	basic viewer scenario
2026-09-22T08:54:16.916Z	info	staff-logger	scenario/viewer.go:56	visit top
2026-09-22T08:54:16.916Z	info	staff-logger	scenario/viewer.go:64	get livestream
2026-09-22T08:54:16.916Z	info	staff-logger	scenario/viewer.go:83	visit livestream
2026-09-22T08:54:16.962Z	info	staff-logger	scenario/viewer.go:32	basic viewer scenario
2026-09-22T08:54:16.962Z	info	staff-logger	scenario/viewer.go:56	visit top
2026-09-22T08:54:16.962Z	info	staff-logger	scenario/viewer.go:64	get livestream
2026-09-22T08:54:16.963Z	info	staff-logger	scenario/viewer.go:83	visit livestream
2026-09-22T08:54:16.992Z	info	staff-logger	scenario/viewer.go:32	basic viewer scenario
2026-09-22T08:54:16.992Z	info	staff-logger	scenario/viewer.go:56	visit top
2026-09-22T08:54:16.992Z	info	staff-logger	scenario/viewer.go:64	get livestream
2026-09-22T08:54:16.992Z	info	staff-logger	scenario/viewer.go:83	visit livestream
2026-09-22T08:54:17.165Z	info	staff-logger	scenario/viewer.go:32	basic viewer scenario
2026-09-22T08:54:17.165Z	info	staff-logger	scenario/viewer.go:56	visit top
2026-09-22T08:54:17.165Z	info	staff-logger	scenario/viewer.go:64	get livestream
2026-09-22T08:54:17.165Z	info	staff-logger	scenario/viewer.go:83	visit livestream
2026-09-22T08:54:17.186Z	info	staff-logger	scenario/viewer.go:90	get livestream stats
2026-09-22T08:54:17.217Z	info	staff-logger	scenario/viewer.go:32	basic viewer scenario
2026-09-22T08:54:17.217Z	info	staff-logger	scenario/viewer.go:56	visit top
2026-09-22T08:54:17.217Z	info	staff-logger	scenario/viewer.go:64	get livestream
2026-09-22T08:54:17.217Z	info	staff-logger	scenario/viewer.go:83	visit livestream
2026-09-22T08:54:17.237Z	warn	staff-logger	scenario/streamer.go:139	streamer_moderate: failed to visit livestream admin: benchmark-application: [一般エラー] GET /api/livestream/7526/report へのリクエストに対して、期待されたHTTPステータスコードが確認できませんでした (expected:200, actual:500)

2026-09-22T08:54:17.317Z	info	staff-logger	scenario/viewer.go:32	basic viewer scenario
2026-09-22T08:54:17.317Z	info	staff-logger	scenario/viewer.go:56	visit top
2026-09-22T08:54:17.362Z	warn	staff-logger	scenario/streamer.go:198	aggressive streamer moderate: failed to visit livestream admin: benchmark-application: [一般エラー] GET /api/livestream/7537/report へのリクエストに対して、期待されたHTTPステータスコードが確認できませんでした (expected:200, actual:500)

2026-09-22T08:54:17.603Z	info	staff-logger	scenario/viewer.go:83	visit livestream
2026-09-22T08:54:17.708Z	info	staff-logger	scenario/viewer.go:32	basic viewer scenario
2026-09-22T08:54:17.709Z	info	staff-logger	scenario/viewer.go:56	visit top
2026-09-22T08:54:17.709Z	info	staff-logger	scenario/viewer.go:64	get livestream
2026-09-22T08:54:17.709Z	info	staff-logger	scenario/viewer.go:83	visit livestream
2026-09-22T08:54:17.757Z	warn	staff-logger	scenario/streamer.go:198	aggressive streamer moderate: failed to visit livestream admin: benchmark-application: [一般エラー] GET /api/livestream/7522/report へのリクエストに対して、期待されたHTTPステータスコードが確認できませんでした (expected:200, actual:500)

2026-09-22T08:54:17.801Z	info	staff-logger	scenario/viewer.go:32	basic viewer scenario
2026-09-22T08:54:17.801Z	info	staff-logger	scenario/viewer.go:56	visit top
2026-09-22T08:54:17.801Z	info	staff-logger	scenario/viewer.go:64	get livestream
2026-09-22T08:54:17.801Z	info	staff-logger	scenario/viewer.go:83	visit livestream
2026-09-22T08:54:17.866Z	warn	staff-logger	scenario/viewer.go:178	viewer_spam: failed to post livecomment (moderated spam): benchmark-application: [一般エラー] POST /api/livestream/7626/livecomment へのリクエストに対して、期待されたHTTPステータスコードが確認できませんでした (expected:400, actual:201)

2026-09-22T08:54:17.872Z	info	staff-logger	scenario/viewer.go:64	get livestream
2026-09-22T08:54:17.872Z	info	staff-logger	scenario/viewer.go:76	visit user profile
2026-09-22T08:54:18.052Z	info	staff-logger	scenario/viewer.go:32	basic viewer scenario
2026-09-22T08:54:18.052Z	info	staff-logger	scenario/viewer.go:56	visit top
2026-09-22T08:54:18.102Z	info	staff-logger	scenario/viewer.go:32	basic viewer scenario
2026-09-22T08:54:18.102Z	info	staff-logger	scenario/viewer.go:56	visit top
2026-09-22T08:54:18.102Z	info	staff-logger	scenario/viewer.go:64	get livestream
2026-09-22T08:54:18.102Z	info	staff-logger	scenario/viewer.go:83	visit livestream
2026-09-22T08:54:18.208Z	info	staff-logger	scenario/viewer.go:32	basic viewer scenario
2026-09-22T08:54:18.208Z	info	staff-logger	scenario/viewer.go:56	visit top
2026-09-22T08:54:18.208Z	info	staff-logger	scenario/viewer.go:64	get livestream
2026-09-22T08:54:18.208Z	info	staff-logger	scenario/viewer.go:83	visit livestream
2026-09-22T08:54:18.248Z	info	staff-logger	scenario/viewer.go:32	basic viewer scenario
2026-09-22T08:54:18.248Z	info	staff-logger	scenario/viewer.go:56	visit top
2026-09-22T08:54:18.248Z	info	staff-logger	scenario/viewer.go:64	get livestream
2026-09-22T08:54:18.248Z	info	staff-logger	scenario/viewer.go:83	visit livestream
2026-09-22T08:54:18.281Z	info	staff-logger	scenario/viewer.go:32	basic viewer scenario
2026-09-22T08:54:18.281Z	info	staff-logger	scenario/viewer.go:56	visit top
2026-09-22T08:54:18.281Z	info	staff-logger	scenario/viewer.go:64	get livestream
2026-09-22T08:54:18.281Z	info	staff-logger	scenario/viewer.go:83	visit livestream
2026-09-22T08:54:18.310Z	info	staff-logger	scenario/viewer.go:90	get livestream stats
2026-09-22T08:54:18.321Z	info	staff-logger	scenario/streamer.go:48	change icon
2026-09-22T08:54:18.324Z	info	staff-logger	scenario/viewer.go:32	basic viewer scenario
2026-09-22T08:54:18.324Z	info	staff-logger	scenario/viewer.go:56	visit top
2026-09-22T08:54:18.324Z	info	staff-logger	scenario/viewer.go:64	get livestream
2026-09-22T08:54:18.324Z	info	staff-logger	scenario/viewer.go:83	visit livestream
2026-09-22T08:54:18.413Z	info	staff-logger	scenario/viewer.go:32	basic viewer scenario
2026-09-22T08:54:18.413Z	info	staff-logger	scenario/viewer.go:56	visit top
2026-09-22T08:54:18.413Z	info	staff-logger	scenario/viewer.go:64	get livestream
2026-09-22T08:54:18.413Z	info	staff-logger	scenario/viewer.go:83	visit livestream
2026-09-22T08:54:18.434Z	info	staff-logger	scenario/viewer.go:32	basic viewer scenario
2026-09-22T08:54:18.434Z	info	staff-logger	scenario/viewer.go:56	visit top
2026-09-22T08:54:18.434Z	info	staff-logger	scenario/viewer.go:64	get livestream
2026-09-22T08:54:18.434Z	info	staff-logger	scenario/viewer.go:83	visit livestream
2026-09-22T08:54:18.436Z	info	staff-logger	scenario/viewer.go:83	visit livestream
2026-09-22T08:54:18.441Z	info	staff-logger	scenario/viewer.go:32	basic viewer scenario
2026-09-22T08:54:18.441Z	info	staff-logger	scenario/viewer.go:56	visit top
2026-09-22T08:54:18.441Z	info	staff-logger	scenario/viewer.go:64	get livestream
2026-09-22T08:54:18.441Z	info	staff-logger	scenario/viewer.go:83	visit livestream
2026-09-22T08:54:18.459Z	info	staff-logger	scenario/viewer.go:32	basic viewer scenario
2026-09-22T08:54:18.459Z	info	staff-logger	scenario/viewer.go:56	visit top
2026-09-22T08:54:18.459Z	info	staff-logger	scenario/viewer.go:64	get livestream
2026-09-22T08:54:18.459Z	info	staff-logger	scenario/viewer.go:83	visit livestream
2026-09-22T08:54:18.511Z	info	staff-logger	scenario/viewer.go:32	basic viewer scenario
2026-09-22T08:54:18.511Z	info	staff-logger	scenario/viewer.go:56	visit top
2026-09-22T08:54:18.511Z	info	staff-logger	scenario/viewer.go:64	get livestream
2026-09-22T08:54:18.511Z	info	staff-logger	scenario/viewer.go:83	visit livestream
2026-09-22T08:54:18.528Z	info	staff-logger	scenario/viewer.go:90	get livestream stats
2026-09-22T08:54:18.662Z	info	staff-logger	scenario/viewer.go:64	get livestream
2026-09-22T08:54:18.662Z	info	staff-logger	scenario/viewer.go:76	visit user profile
2026-09-22T08:54:18.911Z	info	staff-logger	scenario/viewer.go:32	basic viewer scenario
2026-09-22T08:54:18.911Z	info	staff-logger	scenario/viewer.go:56	visit top
2026-09-22T08:54:18.925Z	info	staff-logger	scenario/viewer.go:32	basic viewer scenario
2026-09-22T08:54:18.925Z	info	staff-logger	scenario/viewer.go:56	visit top
2026-09-22T08:54:18.926Z	info	staff-logger	scenario/viewer.go:64	get livestream
2026-09-22T08:54:18.926Z	info	staff-logger	scenario/viewer.go:83	visit livestream
2026-09-22T08:54:19.038Z	warn	staff-logger	scenario/streamer.go:198	aggressive streamer moderate: failed to visit livestream admin: benchmark-application: [一般エラー] GET /api/livestream/7524/report へのリクエストに対して、期待されたHTTPステータスコードが確認できませんでした (expected:200, actual:500)

2026-09-22T08:54:19.073Z	info	staff-logger	scenario/viewer.go:32	basic viewer scenario
2026-09-22T08:54:19.073Z	info	staff-logger	scenario/viewer.go:56	visit top
2026-09-22T08:54:19.073Z	info	staff-logger	scenario/viewer.go:64	get livestream
2026-09-22T08:54:19.073Z	info	staff-logger	scenario/viewer.go:83	visit livestream
2026-09-22T08:54:19.264Z	info	staff-logger	scenario/viewer.go:83	visit livestream
2026-09-22T08:54:19.375Z	info	staff-logger	scenario/viewer.go:32	basic viewer scenario
2026-09-22T08:54:19.375Z	info	staff-logger	scenario/viewer.go:56	visit top
2026-09-22T08:54:19.375Z	info	staff-logger	scenario/viewer.go:64	get livestream
2026-09-22T08:54:19.375Z	info	staff-logger	scenario/viewer.go:83	visit livestream
2026-09-22T08:54:19.471Z	info	staff-logger	scenario/viewer.go:32	basic viewer scenario
2026-09-22T08:54:19.471Z	info	staff-logger	scenario/viewer.go:56	visit top
2026-09-22T08:54:19.471Z	info	staff-logger	scenario/viewer.go:64	get livestream
2026-09-22T08:54:19.471Z	info	staff-logger	scenario/viewer.go:83	visit livestream
2026-09-22T08:54:19.575Z	info	staff-logger	scenario/viewer.go:64	get livestream
2026-09-22T08:54:19.575Z	info	staff-logger	scenario/viewer.go:76	visit user profile
2026-09-22T08:54:19.610Z	info	staff-logger	scenario/viewer.go:32	basic viewer scenario
2026-09-22T08:54:19.610Z	info	staff-logger	scenario/viewer.go:56	visit top
2026-09-22T08:54:19.758Z	info	staff-logger	scenario/viewer.go:32	basic viewer scenario
2026-09-22T08:54:19.758Z	info	staff-logger	scenario/viewer.go:56	visit top
2026-09-22T08:54:19.758Z	info	staff-logger	scenario/viewer.go:64	get livestream
2026-09-22T08:54:19.758Z	info	staff-logger	scenario/viewer.go:83	visit livestream
2026-09-22T08:54:19.844Z	warn	staff-logger	scenario/streamer.go:198	aggressive streamer moderate: failed to visit livestream admin: benchmark-application: [一般エラー] GET /api/livestream/7533/report へのリクエストに対して、期待されたHTTPステータスコードが確認できませんでした (expected:200, actual:500)

2026-09-22T08:54:19.849Z	info	staff-logger	scenario/viewer.go:32	basic viewer scenario
2026-09-22T08:54:19.849Z	info	staff-logger	scenario/viewer.go:56	visit top
2026-09-22T08:54:19.849Z	info	staff-logger	scenario/viewer.go:64	get livestream
2026-09-22T08:54:19.849Z	info	staff-logger	scenario/viewer.go:83	visit livestream
2026-09-22T08:54:19.966Z	info	staff-logger	scenario/viewer.go:32	basic viewer scenario
2026-09-22T08:54:19.966Z	info	staff-logger	scenario/viewer.go:56	visit top
2026-09-22T08:54:19.966Z	info	staff-logger	scenario/viewer.go:64	get livestream
2026-09-22T08:54:19.966Z	info	staff-logger	scenario/viewer.go:83	visit livestream
2026-09-22T08:54:19.966Z	warn	staff-logger	scenario/streamer.go:139	streamer_moderate: failed to visit livestream admin: benchmark-application: [一般エラー] GET /api/livestream/7532/report へのリクエストに対して、期待されたHTTPステータスコードが確認できませんでした (expected:200, actual:500)

2026-09-22T08:54:19.994Z	info	staff-logger	scenario/viewer.go:32	basic viewer scenario
2026-09-22T08:54:19.994Z	info	staff-logger	scenario/viewer.go:56	visit top
2026-09-22T08:54:19.994Z	info	staff-logger	scenario/viewer.go:64	get livestream
2026-09-22T08:54:19.994Z	info	staff-logger	scenario/viewer.go:83	visit livestream
2026-09-22T08:54:20.031Z	info	staff-logger	scenario/viewer.go:83	visit livestream
2026-09-22T08:54:20.048Z	info	staff-logger	scenario/viewer.go:90	get livestream stats
2026-09-22T08:54:20.198Z	info	staff-logger	scenario/viewer.go:32	basic viewer scenario
2026-09-22T08:54:20.198Z	info	staff-logger	scenario/viewer.go:56	visit top
2026-09-22T08:54:20.198Z	info	staff-logger	scenario/viewer.go:64	get livestream
2026-09-22T08:54:20.198Z	info	staff-logger	scenario/viewer.go:83	visit livestream
2026-09-22T08:54:20.372Z	info	staff-logger	scenario/viewer.go:64	get livestream
2026-09-22T08:54:20.372Z	info	staff-logger	scenario/viewer.go:76	visit user profile
2026-09-22T08:54:20.430Z	info	staff-logger	scenario/viewer.go:32	basic viewer scenario
2026-09-22T08:54:20.430Z	info	staff-logger	scenario/viewer.go:56	visit top
2026-09-22T08:54:20.430Z	info	staff-logger	scenario/viewer.go:64	get livestream
2026-09-22T08:54:20.430Z	info	staff-logger	scenario/viewer.go:83	visit livestream
2026-09-22T08:54:20.469Z	info	staff-logger	scenario/viewer.go:32	basic viewer scenario
2026-09-22T08:54:20.469Z	info	staff-logger	scenario/viewer.go:56	visit top
2026-09-22T08:54:20.469Z	info	staff-logger	scenario/viewer.go:64	get livestream
2026-09-22T08:54:20.469Z	info	staff-logger	scenario/viewer.go:83	visit livestream
2026-09-22T08:54:20.513Z	info	staff-logger	scenario/viewer.go:32	basic viewer scenario
2026-09-22T08:54:20.513Z	info	staff-logger	scenario/viewer.go:56	visit top
2026-09-22T08:54:20.513Z	info	staff-logger	scenario/viewer.go:64	get livestream
2026-09-22T08:54:20.513Z	info	staff-logger	scenario/viewer.go:83	visit livestream
2026-09-22T08:54:20.590Z	info	staff-logger	scenario/viewer.go:90	get livestream stats
2026-09-22T08:54:20.668Z	info	staff-logger	scenario/viewer.go:32	basic viewer scenario
2026-09-22T08:54:20.668Z	info	staff-logger	scenario/viewer.go:56	visit top
2026-09-22T08:54:20.668Z	info	staff-logger	scenario/viewer.go:64	get livestream
2026-09-22T08:54:20.668Z	info	staff-logger	scenario/viewer.go:83	visit livestream
2026-09-22T08:54:20.710Z	info	staff-logger	scenario/viewer.go:32	basic viewer scenario
2026-09-22T08:54:20.710Z	info	staff-logger	scenario/viewer.go:56	visit top
2026-09-22T08:54:20.710Z	info	staff-logger	scenario/viewer.go:64	get livestream
2026-09-22T08:54:20.710Z	info	staff-logger	scenario/viewer.go:83	visit livestream
2026-09-22T08:54:20.793Z	info	staff-logger	scenario/viewer.go:90	get livestream stats
2026-09-22T08:54:20.960Z	info	staff-logger	scenario/viewer.go:32	basic viewer scenario
2026-09-22T08:54:20.960Z	info	staff-logger	scenario/viewer.go:56	visit top
2026-09-22T08:54:20.960Z	info	staff-logger	scenario/viewer.go:64	get livestream
2026-09-22T08:54:20.960Z	info	staff-logger	scenario/viewer.go:83	visit livestream
2026-09-22T08:54:20.960Z	info	staff-logger	scenario/viewer.go:32	basic viewer scenario
2026-09-22T08:54:20.961Z	info	staff-logger	scenario/viewer.go:56	visit top
2026-09-22T08:54:20.961Z	info	staff-logger	scenario/viewer.go:64	get livestream
2026-09-22T08:54:20.961Z	info	staff-logger	scenario/viewer.go:83	visit livestream
2026-09-22T08:54:20.979Z	info	staff-logger	scenario/viewer.go:32	basic viewer scenario
2026-09-22T08:54:20.979Z	info	staff-logger	scenario/viewer.go:56	visit top
2026-09-22T08:54:20.979Z	info	staff-logger	scenario/viewer.go:64	get livestream
2026-09-22T08:54:20.979Z	info	staff-logger	scenario/viewer.go:83	visit livestream
2026-09-22T08:54:21.050Z	info	staff-logger	scenario/viewer.go:83	visit livestream
2026-09-22T08:54:21.061Z	info	staff-logger	scenario/viewer.go:90	get livestream stats
2026-09-22T08:54:21.123Z	info	staff-logger	scenario/viewer.go:32	basic viewer scenario
2026-09-22T08:54:21.123Z	info	staff-logger	scenario/viewer.go:56	visit top
2026-09-22T08:54:21.123Z	info	staff-logger	scenario/viewer.go:64	get livestream
2026-09-22T08:54:21.123Z	info	staff-logger	scenario/viewer.go:83	visit livestream
2026-09-22T08:54:21.159Z	info	staff-logger	scenario/viewer.go:32	basic viewer scenario
2026-09-22T08:54:21.159Z	info	staff-logger	scenario/viewer.go:56	visit top
2026-09-22T08:54:21.159Z	info	staff-logger	scenario/viewer.go:64	get livestream
2026-09-22T08:54:21.159Z	info	staff-logger	scenario/viewer.go:83	visit livestream
2026-09-22T08:54:21.194Z	warn	staff-logger	scenario/streamer.go:139	streamer_moderate: failed to visit livestream admin: benchmark-application: [一般エラー] GET /api/livestream/7526/report へのリクエストに対して、期待されたHTTPステータスコードが確認できませんでした (expected:200, actual:500)

2026-09-22T08:54:21.265Z	warn	staff-logger	scenario/viewer.go:178	viewer_spam: failed to post livecomment (moderated spam): benchmark-application: [一般エラー] POST /api/livestream/7706/livecomment へのリクエストに対して、期待されたHTTPステータスコードが確認できませんでした (expected:400, actual:201)

2026-09-22T08:54:21.335Z	info	staff-logger	scenario/viewer.go:90	get livestream stats
2026-09-22T08:54:21.392Z	info	staff-logger	scenario/viewer.go:32	basic viewer scenario
2026-09-22T08:54:21.392Z	info	staff-logger	scenario/viewer.go:56	visit top
2026-09-22T08:54:21.444Z	warn	staff-logger	scenario/streamer.go:139	streamer_moderate: failed to visit livestream admin: benchmark-application: [一般エラー] GET /api/livestream/7537/report へのリクエストに対して、期待されたHTTPステータスコードが確認できませんでした (expected:200, actual:500)

2026-09-22T08:54:21.601Z	info	staff-logger	scenario/viewer.go:32	basic viewer scenario
2026-09-22T08:54:21.601Z	info	staff-logger	scenario/viewer.go:56	visit top
2026-09-22T08:54:21.685Z	warn	staff-logger	scenario/streamer.go:139	streamer_moderate: failed to visit livestream admin: benchmark-application: [一般エラー] GET /api/livestream/7522/report へのリクエストに対して、期待されたHTTPステータスコードが確認できませんでした (expected:200, actual:500)

2026-09-22T08:54:21.711Z	warn	staff-logger	scenario/streamer.go:139	streamer_moderate: failed to visit livestream admin: benchmark-application: [一般エラー] GET /api/livestream/7525/report へのリクエストに対して、期待されたHTTPステータスコードが確認できませんでした (expected:200, actual:500)

2026-09-22T08:54:21.711Z	info	staff-logger	scenario/viewer.go:32	basic viewer scenario
2026-09-22T08:54:21.711Z	info	staff-logger	scenario/viewer.go:56	visit top
2026-09-22T08:54:21.711Z	info	staff-logger	scenario/viewer.go:64	get livestream
2026-09-22T08:54:21.711Z	info	staff-logger	scenario/viewer.go:83	visit livestream
2026-09-22T08:54:21.942Z	info	staff-logger	scenario/viewer.go:32	basic viewer scenario
2026-09-22T08:54:21.942Z	info	staff-logger	scenario/viewer.go:56	visit top
2026-09-22T08:54:21.944Z	info	staff-logger	scenario/viewer.go:64	get livestream
2026-09-22T08:54:21.944Z	info	staff-logger	scenario/viewer.go:83	visit livestream
2026-09-22T08:54:22.044Z	info	staff-logger	scenario/viewer.go:32	basic viewer scenario
2026-09-22T08:54:22.044Z	info	staff-logger	scenario/viewer.go:56	visit top
2026-09-22T08:54:22.044Z	info	staff-logger	scenario/viewer.go:64	get livestream
2026-09-22T08:54:22.044Z	info	staff-logger	scenario/viewer.go:83	visit livestream
2026-09-22T08:54:22.200Z	info	staff-logger	scenario/viewer.go:32	basic viewer scenario
2026-09-22T08:54:22.200Z	info	staff-logger	scenario/viewer.go:56	visit top
2026-09-22T08:54:22.266Z	info	staff-logger	scenario/viewer.go:64	get livestream
2026-09-22T08:54:22.266Z	info	staff-logger	scenario/viewer.go:76	visit user profile
2026-09-22T08:54:22.275Z	info	staff-logger	scenario/viewer.go:64	get livestream
2026-09-22T08:54:22.275Z	info	staff-logger	scenario/viewer.go:76	visit user profile
2026-09-22T08:54:22.358Z	info	staff-logger	scenario/viewer.go:32	basic viewer scenario
2026-09-22T08:54:22.359Z	info	staff-logger	scenario/viewer.go:56	visit top
2026-09-22T08:54:22.359Z	info	staff-logger	scenario/viewer.go:64	get livestream
2026-09-22T08:54:22.359Z	info	staff-logger	scenario/viewer.go:83	visit livestream
2026-09-22T08:54:22.446Z	info	staff-logger	scenario/viewer.go:32	basic viewer scenario
2026-09-22T08:54:22.446Z	info	staff-logger	scenario/viewer.go:56	visit top
2026-09-22T08:54:22.446Z	info	staff-logger	scenario/viewer.go:64	get livestream
2026-09-22T08:54:22.446Z	info	staff-logger	scenario/viewer.go:83	visit livestream
2026-09-22T08:54:22.642Z	info	staff-logger	scenario/viewer.go:32	basic viewer scenario
2026-09-22T08:54:22.642Z	info	staff-logger	scenario/viewer.go:56	visit top
2026-09-22T08:54:22.642Z	info	staff-logger	scenario/viewer.go:64	get livestream
2026-09-22T08:54:22.642Z	info	staff-logger	scenario/viewer.go:83	visit livestream
2026-09-22T08:54:22.788Z	info	staff-logger	scenario/viewer.go:32	basic viewer scenario
2026-09-22T08:54:22.788Z	info	staff-logger	scenario/viewer.go:56	visit top
2026-09-22T08:54:22.788Z	info	staff-logger	scenario/viewer.go:64	get livestream
2026-09-22T08:54:22.788Z	info	staff-logger	scenario/viewer.go:83	visit livestream
2026-09-22T08:54:22.843Z	info	staff-logger	scenario/viewer.go:83	visit livestream
2026-09-22T08:54:22.861Z	info	staff-logger	scenario/viewer.go:83	visit livestream
2026-09-22T08:54:22.913Z	info	staff-logger	scenario/viewer.go:32	basic viewer scenario
2026-09-22T08:54:22.913Z	info	staff-logger	scenario/viewer.go:56	visit top
2026-09-22T08:54:22.913Z	info	staff-logger	scenario/viewer.go:64	get livestream
2026-09-22T08:54:22.913Z	info	staff-logger	scenario/viewer.go:83	visit livestream
2026-09-22T08:54:22.967Z	info	staff-logger	scenario/viewer.go:32	basic viewer scenario
2026-09-22T08:54:22.967Z	info	staff-logger	scenario/viewer.go:56	visit top
2026-09-22T08:54:22.967Z	info	staff-logger	scenario/viewer.go:64	get livestream
2026-09-22T08:54:22.967Z	info	staff-logger	scenario/viewer.go:83	visit livestream
2026-09-22T08:54:23.089Z	info	staff-logger	scenario/viewer.go:32	basic viewer scenario
2026-09-22T08:54:23.089Z	info	staff-logger	scenario/viewer.go:56	visit top
2026-09-22T08:54:23.089Z	info	staff-logger	scenario/viewer.go:64	get livestream
2026-09-22T08:54:23.089Z	info	staff-logger	scenario/viewer.go:83	visit livestream
2026-09-22T08:54:23.123Z	info	staff-logger	scenario/viewer.go:64	get livestream
2026-09-22T08:54:23.123Z	info	staff-logger	scenario/viewer.go:76	visit user profile
2026-09-22T08:54:23.303Z	warn	staff-logger	scenario/streamer.go:139	streamer_moderate: failed to visit livestream admin: benchmark-application: [一般エラー] GET /api/livestream/7524/report へのリクエストに対して、期待されたHTTPステータスコードが確認できませんでした (expected:200, actual:500)

2026-09-22T08:54:23.345Z	info	staff-logger	scenario/viewer.go:32	basic viewer scenario
2026-09-22T08:54:23.345Z	info	staff-logger	scenario/viewer.go:56	visit top
2026-09-22T08:54:23.345Z	info	staff-logger	scenario/viewer.go:64	get livestream
2026-09-22T08:54:23.345Z	info	staff-logger	scenario/viewer.go:83	visit livestream
2026-09-22T08:54:23.441Z	info	staff-logger	scenario/viewer.go:32	basic viewer scenario
2026-09-22T08:54:23.441Z	info	staff-logger	scenario/viewer.go:56	visit top
2026-09-22T08:54:23.441Z	info	staff-logger	scenario/viewer.go:64	get livestream
2026-09-22T08:54:23.441Z	info	staff-logger	scenario/viewer.go:83	visit livestream
2026-09-22T08:54:23.568Z	info	staff-logger	scenario/viewer.go:83	visit livestream
2026-09-22T08:54:23.642Z	info	staff-logger	scenario/viewer.go:32	basic viewer scenario
2026-09-22T08:54:23.642Z	info	staff-logger	scenario/viewer.go:56	visit top
2026-09-22T08:54:23.642Z	info	staff-logger	scenario/viewer.go:64	get livestream
2026-09-22T08:54:23.642Z	info	staff-logger	scenario/viewer.go:83	visit livestream
2026-09-22T08:54:23.681Z	info	staff-logger	scenario/viewer.go:32	basic viewer scenario
2026-09-22T08:54:23.681Z	info	staff-logger	scenario/viewer.go:56	visit top
2026-09-22T08:54:23.681Z	info	staff-logger	scenario/viewer.go:64	get livestream
2026-09-22T08:54:23.681Z	info	staff-logger	scenario/viewer.go:83	visit livestream
2026-09-22T08:54:23.872Z	warn	staff-logger	scenario/streamer.go:139	streamer_moderate: failed to visit livestream admin: benchmark-application: [一般エラー] GET /api/livestream/7530/report へのリクエストに対して、期待されたHTTPステータスコードが確認できませんでした (expected:200, actual:500)

2026-09-22T08:54:24.053Z	warn	staff-logger	scenario/streamer.go:198	aggressive streamer moderate: failed to visit livestream admin: benchmark-application: [一般エラー] GET /api/livestream/7533/report へのリクエストに対して、期待されたHTTPステータスコードが確認できませんでした (expected:200, actual:500)

2026-09-22T08:54:24.059Z	info	staff-logger	scenario/viewer.go:32	basic viewer scenario
2026-09-22T08:54:24.059Z	info	staff-logger	scenario/viewer.go:56	visit top
2026-09-22T08:54:24.059Z	info	staff-logger	scenario/viewer.go:64	get livestream
2026-09-22T08:54:24.059Z	info	staff-logger	scenario/viewer.go:83	visit livestream
2026-09-22T08:54:24.070Z	info	staff-logger	scenario/viewer.go:32	basic viewer scenario
2026-09-22T08:54:24.070Z	info	staff-logger	scenario/viewer.go:56	visit top
2026-09-22T08:54:24.070Z	info	staff-logger	scenario/viewer.go:64	get livestream
2026-09-22T08:54:24.070Z	info	staff-logger	scenario/viewer.go:83	visit livestream
2026-09-22T08:54:24.148Z	info	staff-logger	scenario/viewer.go:32	basic viewer scenario
2026-09-22T08:54:24.148Z	info	staff-logger	scenario/viewer.go:56	visit top
2026-09-22T08:54:24.148Z	info	staff-logger	scenario/viewer.go:64	get livestream
2026-09-22T08:54:24.148Z	info	staff-logger	scenario/viewer.go:83	visit livestream
2026-09-22T08:54:24.182Z	warn	staff-logger	scenario/streamer.go:198	aggressive streamer moderate: failed to visit livestream admin: benchmark-application: [一般エラー] GET /api/livestream/7532/report へのリクエストに対して、期待されたHTTPステータスコードが確認できませんでした (expected:200, actual:500)

2026-09-22T08:54:24.253Z	info	staff-logger	scenario/viewer.go:32	basic viewer scenario
2026-09-22T08:54:24.253Z	info	staff-logger	scenario/viewer.go:56	visit top
2026-09-22T08:54:24.253Z	info	staff-logger	scenario/viewer.go:64	get livestream
2026-09-22T08:54:24.253Z	info	staff-logger	scenario/viewer.go:83	visit livestream
2026-09-22T08:54:24.371Z	warn	staff-logger	scenario/streamer.go:139	streamer_moderate: failed to visit livestream admin: benchmark-application: [一般エラー] GET /api/livestream/7528/report へのリクエストに対して、期待されたHTTPステータスコードが確認できませんでした (expected:200, actual:500)

2026-09-22T08:54:24.561Z	info	staff-logger	scenario/viewer.go:32	basic viewer scenario
2026-09-22T08:54:24.561Z	info	staff-logger	scenario/viewer.go:56	visit top
2026-09-22T08:54:24.561Z	info	staff-logger	scenario/viewer.go:64	get livestream
2026-09-22T08:54:24.561Z	info	staff-logger	scenario/viewer.go:83	visit livestream
2026-09-22T08:54:24.634Z	info	staff-logger	scenario/viewer.go:32	basic viewer scenario
2026-09-22T08:54:24.634Z	info	staff-logger	scenario/viewer.go:56	visit top
2026-09-22T08:54:24.634Z	info	staff-logger	scenario/viewer.go:64	get livestream
2026-09-22T08:54:24.634Z	info	staff-logger	scenario/viewer.go:83	visit livestream
2026-09-22T08:54:24.777Z	info	staff-logger	scenario/viewer.go:32	basic viewer scenario
2026-09-22T08:54:24.777Z	info	staff-logger	scenario/viewer.go:56	visit top
2026-09-22T08:54:24.777Z	info	staff-logger	scenario/viewer.go:64	get livestream
2026-09-22T08:54:24.777Z	info	staff-logger	scenario/viewer.go:83	visit livestream
2026-09-22T08:54:24.831Z	info	staff-logger	scenario/viewer.go:32	basic viewer scenario
2026-09-22T08:54:24.831Z	info	staff-logger	scenario/viewer.go:56	visit top
2026-09-22T08:54:24.831Z	info	staff-logger	scenario/viewer.go:64	get livestream
2026-09-22T08:54:24.831Z	info	staff-logger	scenario/viewer.go:83	visit livestream
2026-09-22T08:54:24.875Z	info	staff-logger	scenario/viewer.go:32	basic viewer scenario
2026-09-22T08:54:24.875Z	info	staff-logger	scenario/viewer.go:56	visit top
2026-09-22T08:54:24.875Z	info	staff-logger	scenario/viewer.go:64	get livestream
2026-09-22T08:54:24.875Z	info	staff-logger	scenario/viewer.go:83	visit livestream
2026-09-22T08:54:24.931Z	info	staff-logger	scenario/viewer.go:32	basic viewer scenario
2026-09-22T08:54:24.931Z	info	staff-logger	scenario/viewer.go:56	visit top
2026-09-22T08:54:24.931Z	info	staff-logger	scenario/viewer.go:64	get livestream
2026-09-22T08:54:24.931Z	info	staff-logger	scenario/viewer.go:83	visit livestream
2026-09-22T08:54:25.051Z	info	staff-logger	scenario/viewer.go:32	basic viewer scenario
2026-09-22T08:54:25.051Z	info	staff-logger	scenario/viewer.go:56	visit top
2026-09-22T08:54:25.051Z	info	staff-logger	scenario/viewer.go:64	get livestream
2026-09-22T08:54:25.051Z	info	staff-logger	scenario/viewer.go:83	visit livestream
2026-09-22T08:54:25.128Z	info	staff-logger	scenario/viewer.go:32	basic viewer scenario
2026-09-22T08:54:25.128Z	info	staff-logger	scenario/viewer.go:56	visit top
2026-09-22T08:54:25.128Z	info	staff-logger	scenario/viewer.go:64	get livestream
2026-09-22T08:54:25.128Z	info	staff-logger	scenario/viewer.go:83	visit livestream
2026-09-22T08:54:25.266Z	info	staff-logger	scenario/viewer.go:32	basic viewer scenario
2026-09-22T08:54:25.266Z	info	staff-logger	scenario/viewer.go:56	visit top
2026-09-22T08:54:25.266Z	info	staff-logger	scenario/viewer.go:64	get livestream
2026-09-22T08:54:25.266Z	info	staff-logger	scenario/viewer.go:83	visit livestream
2026-09-22T08:54:25.428Z	info	staff-logger	scenario/viewer.go:32	basic viewer scenario
2026-09-22T08:54:25.428Z	info	staff-logger	scenario/viewer.go:56	visit top
2026-09-22T08:54:25.428Z	info	staff-logger	scenario/viewer.go:64	get livestream
2026-09-22T08:54:25.428Z	info	staff-logger	scenario/viewer.go:83	visit livestream
2026-09-22T08:54:25.505Z	info	staff-logger	scenario/viewer.go:32	basic viewer scenario
2026-09-22T08:54:25.505Z	info	staff-logger	scenario/viewer.go:56	visit top
2026-09-22T08:54:25.505Z	info	staff-logger	scenario/viewer.go:64	get livestream
2026-09-22T08:54:25.505Z	info	staff-logger	scenario/viewer.go:83	visit livestream
2026-09-22T08:54:25.539Z	info	staff-logger	scenario/viewer.go:32	basic viewer scenario
2026-09-22T08:54:25.539Z	info	staff-logger	scenario/viewer.go:56	visit top
2026-09-22T08:54:25.539Z	info	staff-logger	scenario/viewer.go:64	get livestream
2026-09-22T08:54:25.539Z	info	staff-logger	scenario/viewer.go:83	visit livestream
2026-09-22T08:54:25.592Z	warn	staff-logger	scenario/streamer.go:198	aggressive streamer moderate: failed to visit livestream admin: benchmark-application: [一般エラー] GET /api/livestream/7526/report へのリクエストに対して、期待されたHTTPステータスコードが確認できませんでした (expected:200, actual:500)

2026-09-22T08:54:25.597Z	info	staff-logger	scenario/viewer.go:32	basic viewer scenario
2026-09-22T08:54:25.597Z	info	staff-logger	scenario/viewer.go:56	visit top
2026-09-22T08:54:25.656Z	info	staff-logger	scenario/viewer.go:32	basic viewer scenario
2026-09-22T08:54:25.656Z	info	staff-logger	scenario/viewer.go:56	visit top
2026-09-22T08:54:25.656Z	info	staff-logger	scenario/viewer.go:64	get livestream
2026-09-22T08:54:25.656Z	info	staff-logger	scenario/viewer.go:83	visit livestream
2026-09-22T08:54:25.799Z	warn	staff-logger	scenario/streamer.go:139	streamer_moderate: failed to visit livestream admin: benchmark-application: [一般エラー] GET /api/livestream/7535/report へのリクエストに対して、期待されたHTTPステータスコードが確認できませんでした (expected:200, actual:500)

2026-09-22T08:54:25.867Z	info	staff-logger	scenario/viewer.go:32	basic viewer scenario
2026-09-22T08:54:25.867Z	info	staff-logger	scenario/viewer.go:56	visit top
2026-09-22T08:54:25.867Z	info	staff-logger	scenario/viewer.go:64	get livestream
2026-09-22T08:54:25.867Z	info	staff-logger	scenario/viewer.go:83	visit livestream
2026-09-22T08:54:25.893Z	info	staff-logger	scenario/viewer.go:32	basic viewer scenario
2026-09-22T08:54:25.893Z	info	staff-logger	scenario/viewer.go:56	visit top
2026-09-22T08:54:25.893Z	info	staff-logger	scenario/viewer.go:64	get livestream
2026-09-22T08:54:25.893Z	info	staff-logger	scenario/viewer.go:83	visit livestream
2026-09-22T08:54:25.911Z	info	staff-logger	scenario/viewer.go:32	basic viewer scenario
2026-09-22T08:54:25.911Z	info	staff-logger	scenario/viewer.go:56	visit top
2026-09-22T08:54:25.911Z	info	staff-logger	scenario/viewer.go:64	get livestream
2026-09-22T08:54:25.911Z	info	staff-logger	scenario/viewer.go:83	visit livestream
2026-09-22T08:54:26.067Z	warn	staff-logger	scenario/streamer.go:198	aggressive streamer moderate: failed to visit livestream admin: benchmark-application: [一般エラー] GET /api/livestream/7525/report へのリクエストに対して、期待されたHTTPステータスコードが確認できませんでした (expected:200, actual:500)

2026-09-22T08:54:26.222Z	info	staff-logger	scenario/streamer.go:48	change icon
2026-09-22T08:54:26.267Z	info	staff-logger	scenario/viewer.go:32	basic viewer scenario
2026-09-22T08:54:26.267Z	info	staff-logger	scenario/viewer.go:56	visit top
2026-09-22T08:54:26.267Z	info	staff-logger	scenario/viewer.go:64	get livestream
2026-09-22T08:54:26.267Z	info	staff-logger	scenario/viewer.go:83	visit livestream
2026-09-22T08:54:26.462Z	info	staff-logger	scenario/viewer.go:32	basic viewer scenario
2026-09-22T08:54:26.462Z	info	staff-logger	scenario/viewer.go:56	visit top
2026-09-22T08:54:26.462Z	info	staff-logger	scenario/viewer.go:64	get livestream
2026-09-22T08:54:26.462Z	info	staff-logger	scenario/viewer.go:83	visit livestream
2026-09-22T08:54:26.468Z	info	staff-logger	scenario/viewer.go:64	get livestream
2026-09-22T08:54:26.468Z	info	staff-logger	scenario/viewer.go:76	visit user profile
2026-09-22T08:54:26.534Z	info	staff-logger	scenario/viewer.go:32	basic viewer scenario
2026-09-22T08:54:26.534Z	info	staff-logger	scenario/viewer.go:56	visit top
2026-09-22T08:54:26.534Z	info	staff-logger	scenario/viewer.go:64	get livestream
2026-09-22T08:54:26.534Z	info	staff-logger	scenario/viewer.go:83	visit livestream
2026-09-22T08:54:26.590Z	info	staff-logger	scenario/viewer.go:32	basic viewer scenario
2026-09-22T08:54:26.591Z	info	staff-logger	scenario/viewer.go:56	visit top
2026-09-22T08:54:26.591Z	info	staff-logger	scenario/viewer.go:64	get livestream
2026-09-22T08:54:26.591Z	info	staff-logger	scenario/viewer.go:83	visit livestream
2026-09-22T08:54:26.622Z	info	staff-logger	scenario/viewer.go:32	basic viewer scenario
2026-09-22T08:54:26.622Z	info	staff-logger	scenario/viewer.go:56	visit top
2026-09-22T08:54:26.622Z	info	staff-logger	scenario/viewer.go:64	get livestream
2026-09-22T08:54:26.622Z	info	staff-logger	scenario/viewer.go:83	visit livestream
2026-09-22T08:54:26.689Z	info	staff-logger	scenario/viewer.go:32	basic viewer scenario
2026-09-22T08:54:26.689Z	info	staff-logger	scenario/viewer.go:56	visit top
2026-09-22T08:54:26.689Z	info	staff-logger	scenario/viewer.go:64	get livestream
2026-09-22T08:54:26.689Z	info	staff-logger	scenario/viewer.go:83	visit livestream
2026-09-22T08:54:26.817Z	info	staff-logger	scenario/viewer.go:90	get livestream stats
2026-09-22T08:54:26.822Z	info	staff-logger	scenario/viewer.go:83	visit livestream
2026-09-22T08:54:27.217Z	info	staff-logger	scenario/viewer.go:32	basic viewer scenario
2026-09-22T08:54:27.217Z	info	staff-logger	scenario/viewer.go:56	visit top
2026-09-22T08:54:27.218Z	info	staff-logger	scenario/viewer.go:64	get livestream
2026-09-22T08:54:27.218Z	info	staff-logger	scenario/viewer.go:83	visit livestream
2026-09-22T08:54:27.225Z	info	staff-logger	scenario/viewer.go:32	basic viewer scenario
2026-09-22T08:54:27.225Z	info	staff-logger	scenario/viewer.go:56	visit top
2026-09-22T08:54:27.225Z	info	staff-logger	scenario/viewer.go:64	get livestream
2026-09-22T08:54:27.225Z	info	staff-logger	scenario/viewer.go:83	visit livestream
2026-09-22T08:54:27.324Z	info	staff-logger	scenario/viewer.go:90	get livestream stats
2026-09-22T08:54:27.424Z	info	staff-logger	scenario/viewer.go:32	basic viewer scenario
2026-09-22T08:54:27.424Z	info	staff-logger	scenario/viewer.go:56	visit top
2026-09-22T08:54:27.424Z	info	staff-logger	scenario/viewer.go:64	get livestream
2026-09-22T08:54:27.424Z	info	staff-logger	scenario/viewer.go:83	visit livestream
2026-09-22T08:54:27.504Z	info	staff-logger	scenario/viewer.go:32	basic viewer scenario
2026-09-22T08:54:27.504Z	info	staff-logger	scenario/viewer.go:56	visit top
2026-09-22T08:54:27.504Z	info	staff-logger	scenario/viewer.go:64	get livestream
2026-09-22T08:54:27.504Z	info	staff-logger	scenario/viewer.go:83	visit livestream
2026-09-22T08:54:27.563Z	info	staff-logger	scenario/viewer.go:32	basic viewer scenario
2026-09-22T08:54:27.563Z	info	staff-logger	scenario/viewer.go:56	visit top
2026-09-22T08:54:27.563Z	info	staff-logger	scenario/viewer.go:64	get livestream
2026-09-22T08:54:27.563Z	info	staff-logger	scenario/viewer.go:83	visit livestream
2026-09-22T08:54:27.651Z	info	staff-logger	scenario/viewer.go:90	get livestream stats
2026-09-22T08:54:27.881Z	info	staff-logger	scenario/viewer.go:32	basic viewer scenario
2026-09-22T08:54:27.881Z	info	staff-logger	scenario/viewer.go:56	visit top
2026-09-22T08:54:27.881Z	info	staff-logger	scenario/viewer.go:64	get livestream
2026-09-22T08:54:27.881Z	info	staff-logger	scenario/viewer.go:83	visit livestream
2026-09-22T08:54:28.018Z	info	staff-logger	scenario/viewer.go:32	basic viewer scenario
2026-09-22T08:54:28.018Z	warn	staff-logger	scenario/viewer.go:178	viewer_spam: failed to post livecomment (moderated spam): benchmark-application: [一般エラー] POST /api/livestream/7727/livecomment へのリクエストに対して、期待されたHTTPステータスコードが確認できませんでした (expected:400, actual:201)

2026-09-22T08:54:28.018Z	info	staff-logger	scenario/viewer.go:56	visit top
2026-09-22T08:54:28.018Z	info	staff-logger	scenario/viewer.go:64	get livestream
2026-09-22T08:54:28.018Z	info	staff-logger	scenario/viewer.go:83	visit livestream
2026-09-22T08:54:28.050Z	info	staff-logger	scenario/viewer.go:32	basic viewer scenario
2026-09-22T08:54:28.050Z	info	staff-logger	scenario/viewer.go:56	visit top
2026-09-22T08:54:28.050Z	info	staff-logger	scenario/viewer.go:64	get livestream
2026-09-22T08:54:28.050Z	info	staff-logger	scenario/viewer.go:83	visit livestream
2026-09-22T08:54:28.181Z	info	staff-logger	scenario/viewer.go:32	basic viewer scenario
2026-09-22T08:54:28.181Z	info	staff-logger	scenario/viewer.go:56	visit top
2026-09-22T08:54:28.181Z	info	staff-logger	scenario/viewer.go:64	get livestream
2026-09-22T08:54:28.181Z	info	staff-logger	scenario/viewer.go:83	visit livestream
2026-09-22T08:54:28.219Z	info	staff-logger	scenario/streamer.go:48	change icon
2026-09-22T08:54:28.324Z	info	staff-logger	scenario/viewer.go:32	basic viewer scenario
2026-09-22T08:54:28.324Z	info	staff-logger	scenario/viewer.go:56	visit top
2026-09-22T08:54:28.360Z	info	staff-logger	scenario/viewer.go:32	basic viewer scenario
2026-09-22T08:54:28.360Z	info	staff-logger	scenario/viewer.go:56	visit top
2026-09-22T08:54:28.360Z	info	staff-logger	scenario/viewer.go:64	get livestream
2026-09-22T08:54:28.360Z	info	staff-logger	scenario/viewer.go:83	visit livestream
2026-09-22T08:54:28.399Z	warn	staff-logger	scenario/streamer.go:139	streamer_moderate: failed to visit livestream admin: benchmark-application: [一般エラー] GET /api/livestream/7530/report へのリクエストに対して、期待されたHTTPステータスコードが確認できませんでした (expected:200, actual:500)

2026-09-22T08:54:28.401Z	info	staff-logger	scenario/viewer.go:32	basic viewer scenario
2026-09-22T08:54:28.401Z	info	staff-logger	scenario/viewer.go:56	visit top
2026-09-22T08:54:28.401Z	info	staff-logger	scenario/viewer.go:64	get livestream
2026-09-22T08:54:28.401Z	info	staff-logger	scenario/viewer.go:83	visit livestream
2026-09-22T08:54:28.483Z	info	staff-logger	scenario/viewer.go:90	get livestream stats
2026-09-22T08:54:28.654Z	info	staff-logger	scenario/viewer.go:32	basic viewer scenario
2026-09-22T08:54:28.654Z	info	staff-logger	scenario/viewer.go:56	visit top
2026-09-22T08:54:28.654Z	info	staff-logger	scenario/viewer.go:64	get livestream
2026-09-22T08:54:28.654Z	info	staff-logger	scenario/viewer.go:83	visit livestream
2026-09-22T08:54:28.692Z	warn	staff-logger	scenario/streamer.go:198	aggressive streamer moderate: failed to visit livestream admin: benchmark-application: [一般エラー] GET /api/livestream/7533/report へのリクエストに対して、期待されたHTTPステータスコードが確認できませんでした (expected:200, actual:500)

2026-09-22T08:54:28.817Z	warn	staff-logger	scenario/streamer.go:198	aggressive streamer moderate: failed to visit livestream admin: benchmark-application: [一般エラー] GET /api/livestream/7532/report へのリクエストに対して、期待されたHTTPステータスコードが確認できませんでした (expected:200, actual:500)

2026-09-22T08:54:28.826Z	info	staff-logger	scenario/viewer.go:32	basic viewer scenario
2026-09-22T08:54:28.826Z	info	staff-logger	scenario/viewer.go:56	visit top
2026-09-22T08:54:28.827Z	info	staff-logger	scenario/viewer.go:64	get livestream
2026-09-22T08:54:28.827Z	info	staff-logger	scenario/viewer.go:83	visit livestream
2026-09-22T08:54:28.955Z	info	staff-logger	scenario/viewer.go:32	basic viewer scenario
2026-09-22T08:54:28.956Z	info	staff-logger	scenario/viewer.go:56	visit top
2026-09-22T08:54:28.956Z	info	staff-logger	scenario/viewer.go:64	get livestream
2026-09-22T08:54:28.956Z	info	staff-logger	scenario/viewer.go:83	visit livestream
2026-09-22T08:54:29.004Z	info	staff-logger	scenario/viewer.go:64	get livestream
2026-09-22T08:54:29.004Z	info	staff-logger	scenario/viewer.go:76	visit user profile
2026-09-22T08:54:29.029Z	warn	staff-logger	scenario/streamer.go:198	aggressive streamer moderate: failed to visit livestream admin: benchmark-application: [一般エラー] GET /api/livestream/7528/report へのリクエストに対して、期待されたHTTPステータスコードが確認できませんでした (expected:200, actual:500)

2026-09-22T08:54:29.279Z	info	staff-logger	scenario/viewer.go:32	basic viewer scenario
2026-09-22T08:54:29.279Z	info	staff-logger	scenario/viewer.go:56	visit top
2026-09-22T08:54:29.279Z	info	staff-logger	scenario/viewer.go:64	get livestream
2026-09-22T08:54:29.280Z	info	staff-logger	scenario/viewer.go:83	visit livestream
2026-09-22T08:54:29.280Z	info	staff-logger	scenario/viewer.go:32	basic viewer scenario
2026-09-22T08:54:29.280Z	info	staff-logger	scenario/viewer.go:56	visit top
2026-09-22T08:54:29.280Z	info	staff-logger	scenario/viewer.go:64	get livestream
2026-09-22T08:54:29.280Z	info	staff-logger	scenario/viewer.go:83	visit livestream
2026-09-22T08:54:29.331Z	info	staff-logger	scenario/viewer.go:83	visit livestream
2026-09-22T08:54:29.353Z	info	staff-logger	scenario/viewer.go:32	basic viewer scenario
2026-09-22T08:54:29.353Z	info	staff-logger	scenario/viewer.go:56	visit top
2026-09-22T08:54:29.353Z	info	staff-logger	scenario/viewer.go:64	get livestream
2026-09-22T08:54:29.353Z	info	staff-logger	scenario/viewer.go:83	visit livestream
2026-09-22T08:54:29.390Z	info	staff-logger	scenario/viewer.go:32	basic viewer scenario
2026-09-22T08:54:29.390Z	info	staff-logger	scenario/viewer.go:56	visit top
2026-09-22T08:54:29.390Z	info	staff-logger	scenario/viewer.go:64	get livestream
2026-09-22T08:54:29.390Z	info	staff-logger	scenario/viewer.go:83	visit livestream
2026-09-22T08:54:29.561Z	info	staff-logger	scenario/viewer.go:32	basic viewer scenario
2026-09-22T08:54:29.561Z	info	staff-logger	scenario/viewer.go:56	visit top
2026-09-22T08:54:29.561Z	info	staff-logger	scenario/viewer.go:64	get livestream
2026-09-22T08:54:29.561Z	info	staff-logger	scenario/viewer.go:83	visit livestream
2026-09-22T08:54:29.797Z	info	staff-logger	scenario/viewer.go:32	basic viewer scenario
2026-09-22T08:54:29.797Z	info	staff-logger	scenario/viewer.go:56	visit top
2026-09-22T08:54:29.797Z	info	staff-logger	scenario/viewer.go:64	get livestream
2026-09-22T08:54:29.797Z	info	staff-logger	scenario/viewer.go:83	visit livestream
2026-09-22T08:54:29.821Z	info	staff-logger	scenario/viewer.go:32	basic viewer scenario
2026-09-22T08:54:29.821Z	info	staff-logger	scenario/viewer.go:56	visit top
2026-09-22T08:54:29.821Z	info	staff-logger	scenario/viewer.go:64	get livestream
2026-09-22T08:54:29.821Z	info	staff-logger	scenario/viewer.go:83	visit livestream
2026-09-22T08:54:29.843Z	info	staff-logger	scenario/viewer.go:32	basic viewer scenario
2026-09-22T08:54:29.843Z	info	staff-logger	scenario/viewer.go:56	visit top
2026-09-22T08:54:29.843Z	info	staff-logger	scenario/viewer.go:64	get livestream
2026-09-22T08:54:29.843Z	info	staff-logger	scenario/viewer.go:83	visit livestream
2026-09-22T08:54:29.855Z	info	staff-logger	scenario/viewer.go:32	basic viewer scenario
2026-09-22T08:54:29.856Z	info	staff-logger	scenario/viewer.go:56	visit top
2026-09-22T08:54:29.856Z	info	staff-logger	scenario/viewer.go:64	get livestream
2026-09-22T08:54:29.856Z	info	staff-logger	scenario/viewer.go:83	visit livestream
2026-09-22T08:54:29.911Z	info	staff-logger	scenario/viewer.go:32	basic viewer scenario
2026-09-22T08:54:29.911Z	info	staff-logger	scenario/viewer.go:56	visit top
2026-09-22T08:54:29.911Z	info	staff-logger	scenario/viewer.go:64	get livestream
2026-09-22T08:54:29.911Z	info	staff-logger	scenario/viewer.go:83	visit livestream
2026-09-22T08:54:29.929Z	info	staff-logger	scenario/viewer.go:32	basic viewer scenario
2026-09-22T08:54:29.929Z	info	staff-logger	scenario/viewer.go:56	visit top
2026-09-22T08:54:29.929Z	info	staff-logger	scenario/viewer.go:64	get livestream
2026-09-22T08:54:29.929Z	info	staff-logger	scenario/viewer.go:83	visit livestream
2026-09-22T08:54:30.017Z	info	staff-logger	scenario/viewer.go:90	get livestream stats
2026-09-22T08:54:30.148Z	info	staff-logger	scenario/viewer.go:32	basic viewer scenario
2026-09-22T08:54:30.148Z	info	staff-logger	scenario/viewer.go:56	visit top
2026-09-22T08:54:30.148Z	info	staff-logger	scenario/viewer.go:64	get livestream
2026-09-22T08:54:30.148Z	info	staff-logger	scenario/viewer.go:32	basic viewer scenario
2026-09-22T08:54:30.148Z	info	staff-logger	scenario/viewer.go:83	visit livestream
2026-09-22T08:54:30.148Z	info	staff-logger	scenario/viewer.go:56	visit top
2026-09-22T08:54:30.148Z	info	staff-logger	scenario/viewer.go:64	get livestream
2026-09-22T08:54:30.148Z	info	staff-logger	scenario/viewer.go:83	visit livestream
2026-09-22T08:54:30.225Z	warn	staff-logger	scenario/streamer.go:139	streamer_moderate: failed to visit livestream admin: benchmark-application: [一般エラー] GET /api/livestream/7526/report へのリクエストに対して、期待されたHTTPステータスコードが確認できませんでした (expected:200, actual:500)

2026-09-22T08:54:30.254Z	info	staff-logger	scenario/viewer.go:32	basic viewer scenario
2026-09-22T08:54:30.254Z	info	staff-logger	scenario/viewer.go:56	visit top
2026-09-22T08:54:30.254Z	info	staff-logger	scenario/viewer.go:64	get livestream
2026-09-22T08:54:30.254Z	info	staff-logger	scenario/viewer.go:83	visit livestream
2026-09-22T08:54:30.349Z	info	staff-logger	scenario/viewer.go:90	get livestream stats
2026-09-22T08:54:30.393Z	info	staff-logger	scenario/viewer.go:32	basic viewer scenario
2026-09-22T08:54:30.393Z	info	staff-logger	scenario/viewer.go:56	visit top
2026-09-22T08:54:30.393Z	info	staff-logger	scenario/viewer.go:64	get livestream
2026-09-22T08:54:30.393Z	info	staff-logger	scenario/viewer.go:83	visit livestream
2026-09-22T08:54:30.428Z	info	staff-logger	scenario/viewer.go:32	basic viewer scenario
2026-09-22T08:54:30.428Z	info	staff-logger	scenario/viewer.go:56	visit top
2026-09-22T08:54:30.428Z	info	staff-logger	scenario/viewer.go:64	get livestream
2026-09-22T08:54:30.428Z	info	staff-logger	scenario/viewer.go:83	visit livestream
2026-09-22T08:54:30.457Z	warn	staff-logger	scenario/streamer.go:139	streamer_moderate: failed to visit livestream admin: benchmark-application: [一般エラー] GET /api/livestream/7535/report へのリクエストに対して、期待されたHTTPステータスコードが確認できませんでした (expected:200, actual:500)

2026-09-22T08:54:30.629Z	warn	staff-logger	scenario/streamer.go:139	streamer_moderate: failed to visit livestream admin: benchmark-application: [一般エラー] GET /api/livestream/7522/report へのリクエストに対して、期待されたHTTPステータスコードが確認できませんでした (expected:200, actual:500)

2026-09-22T08:54:30.669Z	info	staff-logger	scenario/viewer.go:32	basic viewer scenario
2026-09-22T08:54:30.669Z	info	staff-logger	scenario/viewer.go:56	visit top
2026-09-22T08:54:30.669Z	info	staff-logger	scenario/viewer.go:64	get livestream
2026-09-22T08:54:30.669Z	info	staff-logger	scenario/viewer.go:83	visit livestream
2026-09-22T08:54:30.696Z	info	staff-logger	scenario/viewer.go:32	basic viewer scenario
2026-09-22T08:54:30.696Z	info	staff-logger	scenario/viewer.go:56	visit top
2026-09-22T08:54:30.696Z	info	staff-logger	scenario/viewer.go:64	get livestream
2026-09-22T08:54:30.696Z	info	staff-logger	scenario/viewer.go:83	visit livestream
2026-09-22T08:54:30.705Z	warn	staff-logger	scenario/streamer.go:139	streamer_moderate: failed to visit livestream admin: benchmark-application: [一般エラー] GET /api/livestream/7525/report へのリクエストに対して、期待されたHTTPステータスコードが確認できませんでした (expected:200, actual:500)

2026-09-22T08:54:30.796Z	info	staff-logger	scenario/viewer.go:32	basic viewer scenario
2026-09-22T08:54:30.796Z	info	staff-logger	scenario/viewer.go:56	visit top
2026-09-22T08:54:30.796Z	info	staff-logger	scenario/viewer.go:64	get livestream
2026-09-22T08:54:30.796Z	info	staff-logger	scenario/viewer.go:83	visit livestream
2026-09-22T08:54:30.850Z	info	staff-logger	scenario/viewer.go:90	get livestream stats
2026-09-22T08:54:30.899Z	info	staff-logger	scenario/viewer.go:32	basic viewer scenario
2026-09-22T08:54:30.899Z	info	staff-logger	scenario/viewer.go:56	visit top
2026-09-22T08:54:30.899Z	info	staff-logger	scenario/viewer.go:64	get livestream
2026-09-22T08:54:30.899Z	info	staff-logger	scenario/viewer.go:83	visit livestream
2026-09-22T08:54:31.024Z	info	staff-logger	scenario/viewer.go:32	basic viewer scenario
2026-09-22T08:54:31.024Z	info	staff-logger	scenario/viewer.go:56	visit top
2026-09-22T08:54:31.024Z	info	staff-logger	scenario/viewer.go:64	get livestream
2026-09-22T08:54:31.024Z	info	staff-logger	scenario/viewer.go:83	visit livestream
2026-09-22T08:54:31.043Z	info	staff-logger	scenario/viewer.go:90	get livestream stats
2026-09-22T08:54:31.097Z	info	staff-logger	scenario/viewer.go:32	basic viewer scenario
2026-09-22T08:54:31.097Z	info	staff-logger	scenario/viewer.go:56	visit top
2026-09-22T08:54:31.097Z	info	staff-logger	scenario/viewer.go:64	get livestream
2026-09-22T08:54:31.097Z	info	staff-logger	scenario/viewer.go:83	visit livestream
2026-09-22T08:54:31.134Z	info	staff-logger	scenario/viewer.go:32	basic viewer scenario
2026-09-22T08:54:31.134Z	info	staff-logger	scenario/viewer.go:56	visit top
2026-09-22T08:54:31.134Z	info	staff-logger	scenario/viewer.go:64	get livestream
2026-09-22T08:54:31.134Z	info	staff-logger	scenario/viewer.go:83	visit livestream
2026-09-22T08:54:31.164Z	warn	staff-logger	scenario/viewer.go:184	viewer_spam: failed to post livecomment (non-moderated spam): ベンチマーク走行が継続できないエラーが発生しました

2026-09-22T08:54:31.164Z	warn	staff-logger	scenario/viewer.go:184	viewer_spam: failed to post livecomment (non-moderated spam): benchmark-timeout: [リクエストタイムアウト] POST /api/livestream/7737/livecomment: Post "https://yoko890.u.isucon.local:443/api/livestream/7737/livecomment": read udp 10.100.0.186:52996->10.100.0.155:53: i/o timeout: タイムアウトによりリクエスト失敗

2026-09-22T08:54:31.164Z	info	staff-logger	scenario/viewer.go:90	get livestream stats
2026-09-22T08:54:31.164Z	warn	staff-logger	scenario/viewer.go:92	view: failed to get livestream stats: ベンチマーク走行が継続できないエラーが発生しました

2026-09-22T08:54:31.164Z	info	isupipe-benchmarker	ベンチマーク走行を停止します
2026-09-22T08:54:31.164Z	warn	staff-logger	scenario/viewer.go:101	view: failed to get livecomments: ベンチマーク走行が継続できないエラーが発生しました

2026-09-22T08:54:31.164Z	warn	staff-logger	scenario/viewer.go:101	view: failed to get livecomments: ベンチマーク走行が継続できないエラーが発生しました

2026-09-22T08:54:31.164Z	warn	staff-logger	scenario/viewer.go:101	view: failed to get livecomments: Get "https://yasuhirotakahashi1.u.isucon.local:443/api/livestream/7610/livecomment": context canceled: ベンチマーク走行が継続できないエラーが発生しました

2026-09-22T08:54:31.164Z	warn	staff-logger	scenario/viewer.go:101	view: failed to get livecomments: Get "https://yasuhirotakahashi1.u.isucon.local:443/api/livestream/7610/livecomment": context canceled: ベンチマーク走行が継続できないエラーが発生しました

2026-09-22T08:54:31.164Z	warn	staff-logger	scenario/viewer.go:101	view: failed to get livecomments: Get "https://yasuhirotakahashi1.u.isucon.local:443/api/livestream/7610/livecomment": context canceled: ベンチマーク走行が継続できないエラーが発生しました

2026-09-22T08:54:31.164Z	warn	staff-logger	scenario/viewer.go:101	view: failed to get livecomments: Get "https://yasuhirotakahashi1.u.isucon.local:443/api/livestream/7610/livecomment": context canceled: ベンチマーク走行が継続できないエラーが発生しました

2026-09-22T08:54:31.164Z	warn	staff-logger	scenario/viewer.go:101	view: failed to get livecomments: Get "https://yasuhirotakahashi1.u.isucon.local:443/api/livestream/7610/livecomment": context canceled: ベンチマーク走行が継続できないエラーが発生しました

2026-09-22T08:54:31.165Z	warn	staff-logger	scenario/viewer.go:101	view: failed to get livecomments: Get "https://yasuhirotakahashi1.u.isucon.local:443/api/livestream/7610/livecomment": context canceled: ベンチマーク走行が継続できないエラーが発生しました

2026-09-22T08:54:31.165Z	warn	staff-logger	scenario/viewer.go:142	view: failed to leave from livestream: Delete "https://yasuhirotakahashi1.u.isucon.local:443/api/livestream/7610/exit": context canceled: ベンチマーク走行が継続できないエラーが発生しました

2026-09-22T08:54:31.165Z	warn	isupipe-benchmarker	ライブコメントを配信に投稿できないため、視聴者が離脱します	{"viewer": "tarosato1", "livestream_id": 7557, "error": "Post \"https://maiokamoto0.u.isucon.local:443/api/livestream/7557/livecomment\": context canceled: ベンチマーク走行が継続できないエラーが発生しました"}
2026-09-22T08:54:31.165Z	warn	isupipe-benchmarker	ライブコメントを配信に投稿できないため、視聴者が離脱します	{"viewer": "momokoabe1", "livestream_id": 7708, "error": "Post \"https://satomiishii0.u.isucon.local:443/api/livestream/7708/livecomment\": context canceled: ベンチマーク走行が継続できないエラーが発生しました"}
2026-09-22T08:54:31.165Z	warn	staff-logger	scenario/viewer.go:126	view: failed to get reactions: benchmark-application: [一般エラー] GET /api/livestream/7556/reaction へのリクエストに対して、レスポンスボディの形式が不正です: context canceled

2026-09-22T08:54:31.165Z	warn	staff-logger	scenario/viewer.go:101	view: failed to get livecomments: Get "https://yamazakikyosuke0.u.isucon.local:443/api/livestream/7556/livecomment": context canceled: ベンチマーク走行が継続できないエラーが発生しました

2026-09-22T08:54:31.165Z	warn	staff-logger	scenario/viewer.go:92	view: failed to get livestream stats: Get "https://hanako600.u.isucon.local:443/api/livestream/7570/statistics": context canceled: ベンチマーク走行が継続できないエラーが発生しました

2026-09-22T08:54:31.165Z	warn	staff-logger	scenario/viewer.go:121	view: failed to post livecomment: Post "https://maiokamoto0.u.isucon.local:443/api/livestream/7557/livecomment": context canceled: ベンチマーク走行が継続できないエラーが発生しました

2026-09-22T08:54:31.165Z	warn	staff-logger	scenario/viewer.go:126	view: failed to get reactions: Get "https://zgoto0.u.isucon.local:443/api/livestream/7684/reaction": context canceled: ベンチマーク走行が継続できないエラーが発生しました

2026-09-22T08:54:31.165Z	warn	staff-logger	scenario/viewer.go:142	view: failed to leave from livestream: Delete "https://zgoto0.u.isucon.local:443/api/livestream/7684/exit": context canceled: ベンチマーク走行が継続できないエラーが発生しました

2026-09-22T08:54:31.166Z	warn	isupipe-benchmarker	ライブコメントを配信に投稿できないため、視聴者が離脱します	{"viewer": "miurakazuya0", "livestream_id": 7735, "error": "Post \"https://sotaronakamura0.u.isucon.local:443/api/livestream/7735/livecomment\": context canceled: ベンチマーク走行が継続できないエラーが発生しました"}
2026-09-22T08:54:31.166Z	warn	staff-logger	scenario/viewer.go:121	view: failed to post livecomment: Post "https://satomiishii0.u.isucon.local:443/api/livestream/7708/livecomment": context canceled: ベンチマーク走行が継続できないエラーが発生しました

2026-09-22T08:54:31.166Z	warn	staff-logger	scenario/streamer.go:198	aggressive streamer moderate: failed to visit livestream admin: Get "https://kazuya580.u.isucon.local:443/api/livestream/7635/ngwords": context canceled: ベンチマーク走行が継続できないエラーが発生しました

2026-09-22T08:54:31.166Z	warn	staff-logger	scenario/viewer.go:121	view: failed to post livecomment: Post "https://sotaronakamura0.u.isucon.local:443/api/livestream/7735/livecomment": context canceled: ベンチマーク走行が継続できないエラーが発生しました

2026-09-22T08:54:31.166Z	warn	staff-logger	scenario/streamer.go:198	aggressive streamer moderate: failed to visit livestream admin: Get "https://pipe.u.isucon.local:443/api/livestream/search?limit=50": context canceled: ベンチマーク走行が継続できないエラーが発生しました

2026-09-22T08:54:31.166Z	warn	staff-logger	scenario/viewer.go:126	view: failed to get reactions: Get "https://ghasegawa0.u.isucon.local:443/api/livestream/7733/reaction": context canceled: ベンチマーク走行が継続できないエラーが発生しました

2026-09-22T08:54:31.166Z	warn	staff-logger	scenario/viewer.go:101	view: failed to get livecomments: Get "https://ghasegawa0.u.isucon.local:443/api/livestream/7733/livecomment": context canceled: ベンチマーク走行が継続できないエラーが発生しました

2026-09-22T08:54:31.166Z	warn	staff-logger	scenario/viewer.go:142	view: failed to leave from livestream: Delete "https://ghasegawa0.u.isucon.local:443/api/livestream/7733/exit": context canceled: ベンチマーク走行が継続できないエラーが発生しました

2026-09-22T08:54:31.166Z	warn	staff-logger	scenario/streamer.go:139	streamer_moderate: failed to visit livestream admin: Get "https://satomikobayashi0.u.isucon.local:443/api/livestream/7583/report": context canceled: ベンチマーク走行が継続できないエラーが発生しました

2026-09-22T08:54:31.166Z	warn	staff-logger	scenario/viewer.go:92	view: failed to get livestream stats: Get "https://vito1.u.isucon.local:443/api/livestream/7580/statistics": context canceled: ベンチマーク走行が継続できないエラーが発生しました

2026-09-22T08:54:31.166Z	warn	staff-logger	scenario/streamer.go:91	reserve: failed to reserve: Post "https://miturusuzuki0.u.isucon.local:443/api/livestream/reservation": context canceled: ベンチマーク走行が継続できないエラーが発生しました

2026-09-22T08:54:31.165Z	warn	staff-logger	scenario/viewer.go:101	view: failed to get livecomments: Get "https://yamazakikyosuke0.u.isucon.local:443/api/livestream/7556/livecomment": context canceled: ベンチマーク走行が継続できないエラーが発生しました

2026-09-22T08:54:31.166Z	warn	staff-logger	scenario/viewer.go:101	view: failed to get livecomments: Get "https://yamazakikyosuke0.u.isucon.local:443/api/livestream/7556/livecomment": context canceled: ベンチマーク走行が継続できないエラーが発生しました

2026-09-22T08:54:31.166Z	warn	staff-logger	scenario/viewer.go:101	view: failed to get livecomments: Get "https://yamazakikyosuke0.u.isucon.local:443/api/livestream/7556/livecomment": context canceled: ベンチマーク走行が継続できないエラーが発生しました

2026-09-22T08:54:31.166Z	warn	staff-logger	scenario/viewer.go:101	view: failed to get livecomments: Get "https://yamazakikyosuke0.u.isucon.local:443/api/livestream/7556/livecomment": context canceled: ベンチマーク走行が継続できないエラーが発生しました

2026-09-22T08:54:31.166Z	warn	staff-logger	scenario/viewer.go:101	view: failed to get livecomments: Get "https://yamazakikyosuke0.u.isucon.local:443/api/livestream/7556/livecomment": context canceled: ベンチマーク走行が継続できないエラーが発生しました

2026-09-22T08:54:31.166Z	warn	staff-logger	scenario/viewer.go:101	view: failed to get livecomments: Get "https://yamazakikyosuke0.u.isucon.local:443/api/livestream/7556/livecomment": context canceled: ベンチマーク走行が継続できないエラーが発生しました

2026-09-22T08:54:31.166Z	warn	staff-logger	scenario/viewer.go:101	view: failed to get livecomments: Get "https://yamazakikyosuke0.u.isucon.local:443/api/livestream/7556/livecomment": context canceled: ベンチマーク走行が継続できないエラーが発生しました

2026-09-22T08:54:31.166Z	warn	staff-logger	scenario/viewer.go:101	view: failed to get livecomments: Get "https://yamazakikyosuke0.u.isucon.local:443/api/livestream/7556/livecomment": context canceled: ベンチマーク走行が継続できないエラーが発生しました

2026-09-22T08:54:31.166Z	warn	staff-logger	scenario/viewer.go:142	view: failed to leave from livestream: Delete "https://yamazakikyosuke0.u.isucon.local:443/api/livestream/7556/exit": context canceled: ベンチマーク走行が継続できないエラーが発生しました

2026-09-22T08:54:31.681Z	info	isupipe-benchmarker	ベンチマーク走行終了
2026-09-22T08:54:31.681Z	info	isupipe-benchmarker	最終チェックを実施します
2026-09-22T08:54:31.681Z	info	isupipe-benchmarker	最終チェックが成功しました
2026-09-22T08:54:31.681Z	info	isupipe-benchmarker	重複排除したログを以下に出力します
2026-09-22T08:54:31.681Z	info	staff-logger	bench/bench.go:260	ベンチマーク走行時間: 1m0.51742235s
2026-09-22T08:54:31.681Z	info	staff-logger	bench/bench.go:277	ベンチエラーを収集します
2026-09-22T08:54:31.681Z	info	isupipe-benchmarker	配信を最後まで視聴できた視聴者数	{"viewers": 503}
2026-09-22T08:54:31.681Z	info	staff-logger	bench/bench.go:285	内部エラーを収集します
2026-09-22T08:54:31.681Z	info	staff-logger	bench/bench.go:301	シナリオカウンタを出力します
2026-09-22T08:54:31.681Z	info	staff-logger	bench/bench.go:323	[シナリオ aggressive-streamer-moderate] 947 回成功, 66 回失敗
2026-09-22T08:54:31.682Z	info	staff-logger	bench/bench.go:323	[シナリオ dns-watertorture-attack] 52 回成功
2026-09-22T08:54:31.682Z	info	staff-logger	bench/bench.go:323	[シナリオ streamer-cold-reserve] 247 回成功
2026-09-22T08:54:31.682Z	info	staff-logger	bench/bench.go:323	[シナリオ streamer-moderate] 878 回成功, 67 回失敗
2026-09-22T08:54:31.682Z	info	staff-logger	bench/bench.go:323	[シナリオ viewer-report] 53 回成功, 3 回失敗
2026-09-22T08:54:31.682Z	info	staff-logger	bench/bench.go:323	[シナリオ viewer-spam] 1007 回成功, 7 回失敗
2026-09-22T08:54:31.682Z	info	staff-logger	bench/bench.go:323	[シナリオ viewer] 503 回成功, 7 回失敗
2026-09-22T08:54:31.682Z	info	staff-logger	bench/bench.go:323	[失敗シナリオ aggressive-streamer-moderate-fail] 66 回失敗
2026-09-22T08:54:31.682Z	info	staff-logger	bench/bench.go:323	[失敗シナリオ streamer-moderate-fail] 67 回失敗
2026-09-22T08:54:31.682Z	info	staff-logger	bench/bench.go:323	[失敗シナリオ viewer-fail] 7 回失敗
2026-09-22T08:54:31.682Z	info	staff-logger	bench/bench.go:323	[失敗シナリオ viewer-report-fail] 3 回失敗
2026-09-22T08:54:31.682Z	info	staff-logger	bench/bench.go:323	[失敗シナリオ viewer-spam-fail] 7 回失敗
2026-09-22T08:54:31.682Z	info	staff-logger	bench/bench.go:329	DNSAttacker並列数: 4
2026-09-22T08:54:31.682Z	info	staff-logger	bench/bench.go:330	名前解決成功数: 8445
2026-09-22T08:54:31.682Z	info	staff-logger	bench/bench.go:331	名前解決失敗数: 7
2026-09-22T08:54:31.682Z	info	staff-logger	bench/bench.go:335	スコア: 100938
