sudo: unable to resolve host ip-10-100-0-186: Name or service not known
sudo: unable to resolve host ip-10-100-0-186: Name or service not known
2026-09-22T08:47:43.230Z	info	isupipe-benchmarker	SSL接続が有効になっています
2026-09-22T08:47:43.230Z	info	isupipe-benchmarker	静的ファイルチェックを行います
2026-09-22T08:47:43.230Z	info	isupipe-benchmarker	静的ファイルチェックが完了しました
2026-09-22T08:47:43.230Z	info	isupipe-benchmarker	webappの初期化を行います
2026-09-22T08:47:43.230Z	info	staff-logger	bench/bench.go:172	SSL接続が有効になっています
2026-09-22T08:47:43.230Z	info	staff-logger	bench/bench.go:193	webapp: https://pipe.u.isucon.local:443
2026-09-22T08:47:43.230Z	info	staff-logger	bench/bench.go:194	nameserver: 10.100.0.155:53
2026-09-22T08:47:45.931Z	info	isupipe-benchmarker	ベンチマーク走行前のデータ整合性チェックを行います
2026-09-22T08:47:51.245Z	info	isupipe-benchmarker	整合性チェックが成功しました
2026-09-22T08:47:51.245Z	info	isupipe-benchmarker	ベンチマーク走行を開始します
2026-09-22T08:47:51.254Z	info	staff-logger	scenario/viewer.go:32	basic viewer scenario
2026-09-22T08:47:51.254Z	info	staff-logger	scenario/viewer.go:32	basic viewer scenario
2026-09-22T08:47:51.254Z	info	staff-logger	scenario/viewer.go:32	basic viewer scenario
2026-09-22T08:47:51.254Z	info	staff-logger	scenario/viewer.go:32	basic viewer scenario
2026-09-22T08:47:51.254Z	info	staff-logger	scenario/viewer.go:32	basic viewer scenario
2026-09-22T08:47:51.254Z	info	staff-logger	scenario/viewer.go:32	basic viewer scenario
2026-09-22T08:47:51.254Z	info	staff-logger	scenario/viewer.go:32	basic viewer scenario
2026-09-22T08:47:51.254Z	info	staff-logger	scenario/viewer.go:32	basic viewer scenario
2026-09-22T08:47:51.254Z	info	staff-logger	scenario/viewer.go:32	basic viewer scenario
2026-09-22T08:47:51.254Z	info	staff-logger	scenario/viewer.go:32	basic viewer scenario
2026-09-22T08:47:51.506Z	info	staff-logger	scenario/streamer.go:48	change icon
2026-09-22T08:47:51.516Z	info	staff-logger	scenario/viewer.go:56	visit top
2026-09-22T08:47:51.516Z	info	staff-logger	scenario/viewer.go:64	get livestream
2026-09-22T08:47:51.516Z	info	staff-logger	scenario/viewer.go:83	visit livestream
2026-09-22T08:47:51.544Z	info	staff-logger	scenario/viewer.go:56	visit top
2026-09-22T08:47:51.544Z	info	staff-logger	scenario/viewer.go:64	get livestream
2026-09-22T08:47:51.652Z	info	staff-logger	scenario/viewer.go:83	visit livestream
2026-09-22T08:47:51.732Z	info	staff-logger	scenario/viewer.go:46	change icon
2026-09-22T08:47:51.773Z	info	staff-logger	scenario/viewer.go:56	visit top
2026-09-22T08:47:51.773Z	info	staff-logger	scenario/viewer.go:32	basic viewer scenario
2026-09-22T08:47:51.812Z	info	staff-logger	scenario/viewer.go:56	visit top
2026-09-22T08:47:51.856Z	info	staff-logger	scenario/viewer.go:56	visit top
2026-09-22T08:47:51.856Z	info	staff-logger	scenario/viewer.go:64	get livestream
2026-09-22T08:47:51.856Z	info	staff-logger	scenario/viewer.go:83	visit livestream
2026-09-22T08:47:52.025Z	info	staff-logger	scenario/viewer.go:56	visit top
2026-09-22T08:47:52.058Z	info	staff-logger	scenario/viewer.go:56	visit top
2026-09-22T08:47:52.058Z	info	staff-logger	scenario/viewer.go:64	get livestream
2026-09-22T08:47:52.058Z	info	staff-logger	scenario/viewer.go:83	visit livestream
2026-09-22T08:47:52.058Z	info	staff-logger	scenario/viewer.go:32	basic viewer scenario
2026-09-22T08:47:52.091Z	info	staff-logger	scenario/streamer.go:48	change icon
2026-09-22T08:47:52.109Z	info	staff-logger	scenario/viewer.go:56	visit top
2026-09-22T08:47:52.109Z	info	staff-logger	scenario/viewer.go:64	get livestream
2026-09-22T08:47:52.109Z	info	staff-logger	scenario/viewer.go:83	visit livestream
2026-09-22T08:47:52.109Z	info	staff-logger	scenario/viewer.go:32	basic viewer scenario
2026-09-22T08:47:52.223Z	info	staff-logger	scenario/viewer.go:64	get livestream
2026-09-22T08:47:52.223Z	info	staff-logger	scenario/viewer.go:76	visit user profile
2026-09-22T08:47:52.245Z	info	staff-logger	scenario/viewer.go:56	visit top
2026-09-22T08:47:52.246Z	info	staff-logger	scenario/viewer.go:64	get livestream
2026-09-22T08:47:52.246Z	info	staff-logger	scenario/viewer.go:83	visit livestream
2026-09-22T08:47:52.272Z	info	staff-logger	scenario/viewer.go:64	get livestream
2026-09-22T08:47:52.272Z	info	staff-logger	scenario/viewer.go:76	visit user profile
2026-09-22T08:47:52.372Z	info	staff-logger	scenario/viewer.go:64	get livestream
2026-09-22T08:47:52.372Z	info	staff-logger	scenario/viewer.go:76	visit user profile
2026-09-22T08:47:52.390Z	info	staff-logger	scenario/viewer.go:83	visit livestream
2026-09-22T08:47:52.472Z	info	staff-logger	scenario/viewer.go:83	visit livestream
2026-09-22T08:47:52.473Z	info	staff-logger	scenario/viewer.go:56	visit top
2026-09-22T08:47:52.473Z	info	staff-logger	scenario/viewer.go:64	get livestream
2026-09-22T08:47:52.476Z	info	staff-logger	scenario/viewer.go:83	visit livestream
2026-09-22T08:47:52.549Z	info	staff-logger	scenario/viewer.go:83	visit livestream
2026-09-22T08:47:52.611Z	info	staff-logger	scenario/viewer.go:32	basic viewer scenario
2026-09-22T08:47:52.627Z	info	staff-logger	scenario/viewer.go:56	visit top
2026-09-22T08:47:52.627Z	info	staff-logger	scenario/viewer.go:64	get livestream
2026-09-22T08:47:52.627Z	info	staff-logger	scenario/viewer.go:83	visit livestream
2026-09-22T08:47:52.717Z	info	staff-logger	scenario/viewer.go:56	visit top
2026-09-22T08:47:52.717Z	info	staff-logger	scenario/viewer.go:64	get livestream
2026-09-22T08:47:52.717Z	info	staff-logger	scenario/viewer.go:83	visit livestream
2026-09-22T08:47:52.717Z	info	staff-logger	scenario/viewer.go:32	basic viewer scenario
2026-09-22T08:47:52.724Z	info	staff-logger	scenario/viewer.go:56	visit top
2026-09-22T08:47:52.724Z	info	staff-logger	scenario/viewer.go:64	get livestream
2026-09-22T08:47:52.819Z	info	staff-logger	scenario/viewer.go:83	visit livestream
2026-09-22T08:47:52.899Z	info	staff-logger	scenario/viewer.go:32	basic viewer scenario
2026-09-22T08:47:52.959Z	info	staff-logger	scenario/viewer.go:56	visit top
2026-09-22T08:47:52.959Z	info	staff-logger	scenario/viewer.go:64	get livestream
2026-09-22T08:47:52.959Z	info	staff-logger	scenario/viewer.go:83	visit livestream
2026-09-22T08:47:52.967Z	info	staff-logger	scenario/viewer.go:32	basic viewer scenario
2026-09-22T08:47:52.987Z	info	staff-logger	scenario/viewer.go:56	visit top
2026-09-22T08:47:53.007Z	info	staff-logger	scenario/viewer.go:56	visit top
2026-09-22T08:47:53.007Z	info	staff-logger	scenario/viewer.go:64	get livestream
2026-09-22T08:47:53.007Z	info	staff-logger	scenario/viewer.go:83	visit livestream
2026-09-22T08:47:53.045Z	info	staff-logger	scenario/viewer.go:56	visit top
2026-09-22T08:47:53.045Z	info	staff-logger	scenario/viewer.go:64	get livestream
2026-09-22T08:47:53.045Z	info	staff-logger	scenario/viewer.go:83	visit livestream
2026-09-22T08:47:53.045Z	info	staff-logger	scenario/viewer.go:32	basic viewer scenario
2026-09-22T08:47:53.204Z	info	staff-logger	scenario/viewer.go:56	visit top
2026-09-22T08:47:53.204Z	info	staff-logger	scenario/viewer.go:64	get livestream
2026-09-22T08:47:53.204Z	info	staff-logger	scenario/viewer.go:83	visit livestream
2026-09-22T08:47:53.206Z	info	staff-logger	scenario/viewer.go:32	basic viewer scenario
2026-09-22T08:47:53.206Z	info	staff-logger	scenario/viewer.go:56	visit top
2026-09-22T08:47:53.206Z	info	staff-logger	scenario/viewer.go:64	get livestream
2026-09-22T08:47:53.206Z	info	staff-logger	scenario/viewer.go:83	visit livestream
2026-09-22T08:47:53.255Z	info	isupipe-benchmarker	DNS水責め負荷が上昇します	{"parallelis": 3}
2026-09-22T08:47:53.342Z	info	staff-logger	scenario/viewer.go:32	basic viewer scenario
2026-09-22T08:47:53.342Z	info	staff-logger	scenario/viewer.go:56	visit top
2026-09-22T08:47:53.342Z	info	staff-logger	scenario/viewer.go:64	get livestream
2026-09-22T08:47:53.342Z	info	staff-logger	scenario/viewer.go:83	visit livestream
2026-09-22T08:47:53.438Z	info	staff-logger	scenario/viewer.go:32	basic viewer scenario
2026-09-22T08:47:53.439Z	info	staff-logger	scenario/viewer.go:56	visit top
2026-09-22T08:47:53.465Z	info	staff-logger	scenario/viewer.go:64	get livestream
2026-09-22T08:47:53.465Z	info	staff-logger	scenario/viewer.go:76	visit user profile
2026-09-22T08:47:53.529Z	info	staff-logger	scenario/viewer.go:32	basic viewer scenario
2026-09-22T08:47:53.529Z	info	staff-logger	scenario/viewer.go:56	visit top
2026-09-22T08:47:53.529Z	info	staff-logger	scenario/viewer.go:64	get livestream
2026-09-22T08:47:53.529Z	info	staff-logger	scenario/viewer.go:83	visit livestream
2026-09-22T08:47:53.559Z	info	staff-logger	scenario/viewer.go:32	basic viewer scenario
2026-09-22T08:47:53.559Z	info	staff-logger	scenario/viewer.go:56	visit top
2026-09-22T08:47:53.559Z	info	staff-logger	scenario/viewer.go:64	get livestream
2026-09-22T08:47:53.559Z	info	staff-logger	scenario/viewer.go:83	visit livestream
2026-09-22T08:47:53.707Z	info	staff-logger	scenario/viewer.go:83	visit livestream
2026-09-22T08:47:53.769Z	info	staff-logger	scenario/viewer.go:32	basic viewer scenario
2026-09-22T08:47:53.769Z	info	staff-logger	scenario/viewer.go:56	visit top
2026-09-22T08:47:53.769Z	info	staff-logger	scenario/viewer.go:64	get livestream
2026-09-22T08:47:53.769Z	info	staff-logger	scenario/viewer.go:83	visit livestream
2026-09-22T08:47:53.826Z	info	staff-logger	scenario/viewer.go:32	basic viewer scenario
2026-09-22T08:47:53.826Z	info	staff-logger	scenario/viewer.go:56	visit top
2026-09-22T08:47:53.826Z	info	staff-logger	scenario/viewer.go:64	get livestream
2026-09-22T08:47:53.826Z	info	staff-logger	scenario/viewer.go:83	visit livestream
2026-09-22T08:47:53.955Z	info	staff-logger	scenario/viewer.go:64	get livestream
2026-09-22T08:47:53.955Z	info	staff-logger	scenario/viewer.go:76	visit user profile
2026-09-22T08:47:54.166Z	info	staff-logger	scenario/viewer.go:32	basic viewer scenario
2026-09-22T08:47:54.166Z	info	staff-logger	scenario/viewer.go:56	visit top
2026-09-22T08:47:54.166Z	info	staff-logger	scenario/viewer.go:64	get livestream
2026-09-22T08:47:54.166Z	info	staff-logger	scenario/viewer.go:83	visit livestream
2026-09-22T08:47:54.211Z	info	staff-logger	scenario/viewer.go:32	basic viewer scenario
2026-09-22T08:47:54.211Z	info	staff-logger	scenario/viewer.go:56	visit top
2026-09-22T08:47:54.211Z	info	staff-logger	scenario/viewer.go:64	get livestream
2026-09-22T08:47:54.211Z	info	staff-logger	scenario/viewer.go:83	visit livestream
2026-09-22T08:47:54.267Z	info	staff-logger	scenario/streamer.go:48	change icon
2026-09-22T08:47:54.275Z	info	staff-logger	scenario/viewer.go:83	visit livestream
2026-09-22T08:47:54.290Z	info	staff-logger	scenario/viewer.go:32	basic viewer scenario
2026-09-22T08:47:54.291Z	info	staff-logger	scenario/viewer.go:56	visit top
2026-09-22T08:47:54.291Z	info	staff-logger	scenario/viewer.go:64	get livestream
2026-09-22T08:47:54.291Z	info	staff-logger	scenario/viewer.go:83	visit livestream
2026-09-22T08:47:54.305Z	info	staff-logger	scenario/viewer.go:32	basic viewer scenario
2026-09-22T08:47:54.305Z	info	staff-logger	scenario/viewer.go:56	visit top
2026-09-22T08:47:54.305Z	info	staff-logger	scenario/viewer.go:64	get livestream
2026-09-22T08:47:54.305Z	info	staff-logger	scenario/viewer.go:83	visit livestream
2026-09-22T08:47:54.479Z	info	staff-logger	scenario/viewer.go:32	basic viewer scenario
2026-09-22T08:47:54.479Z	info	staff-logger	scenario/viewer.go:56	visit top
2026-09-22T08:47:54.479Z	info	staff-logger	scenario/viewer.go:64	get livestream
2026-09-22T08:47:54.479Z	info	staff-logger	scenario/viewer.go:83	visit livestream
2026-09-22T08:47:54.736Z	info	staff-logger	scenario/viewer.go:32	basic viewer scenario
2026-09-22T08:47:54.736Z	info	staff-logger	scenario/viewer.go:56	visit top
2026-09-22T08:47:54.736Z	info	staff-logger	scenario/viewer.go:64	get livestream
2026-09-22T08:47:54.736Z	info	staff-logger	scenario/viewer.go:83	visit livestream
2026-09-22T08:47:54.792Z	info	staff-logger	scenario/viewer.go:32	basic viewer scenario
2026-09-22T08:47:54.792Z	info	staff-logger	scenario/viewer.go:46	change icon
2026-09-22T08:47:54.812Z	info	staff-logger	scenario/viewer.go:56	visit top
2026-09-22T08:47:54.934Z	info	staff-logger	scenario/viewer.go:32	basic viewer scenario
2026-09-22T08:47:54.934Z	info	staff-logger	scenario/viewer.go:56	visit top
2026-09-22T08:47:54.934Z	info	staff-logger	scenario/viewer.go:64	get livestream
2026-09-22T08:47:54.934Z	info	staff-logger	scenario/viewer.go:83	visit livestream
2026-09-22T08:47:55.085Z	info	staff-logger	scenario/viewer.go:32	basic viewer scenario
2026-09-22T08:47:55.085Z	info	staff-logger	scenario/viewer.go:56	visit top
2026-09-22T08:47:55.085Z	info	staff-logger	scenario/viewer.go:64	get livestream
2026-09-22T08:47:55.085Z	info	staff-logger	scenario/viewer.go:83	visit livestream
2026-09-22T08:47:55.196Z	info	staff-logger	scenario/viewer.go:64	get livestream
2026-09-22T08:47:55.196Z	info	staff-logger	scenario/viewer.go:76	visit user profile
2026-09-22T08:47:55.318Z	info	staff-logger	scenario/viewer.go:32	basic viewer scenario
2026-09-22T08:47:55.318Z	info	staff-logger	scenario/viewer.go:56	visit top
2026-09-22T08:47:55.318Z	info	staff-logger	scenario/viewer.go:64	get livestream
2026-09-22T08:47:55.318Z	info	staff-logger	scenario/viewer.go:83	visit livestream
2026-09-22T08:47:55.324Z	info	staff-logger	scenario/viewer.go:32	basic viewer scenario
2026-09-22T08:47:55.324Z	info	staff-logger	scenario/viewer.go:56	visit top
2026-09-22T08:47:55.324Z	info	staff-logger	scenario/viewer.go:64	get livestream
2026-09-22T08:47:55.324Z	info	staff-logger	scenario/viewer.go:83	visit livestream
2026-09-22T08:47:55.399Z	info	staff-logger	scenario/viewer.go:83	visit livestream
2026-09-22T08:47:55.540Z	info	staff-logger	scenario/viewer.go:32	basic viewer scenario
2026-09-22T08:47:55.540Z	info	staff-logger	scenario/viewer.go:56	visit top
2026-09-22T08:47:55.540Z	info	staff-logger	scenario/viewer.go:64	get livestream
2026-09-22T08:47:55.540Z	info	staff-logger	scenario/viewer.go:83	visit livestream
2026-09-22T08:47:55.545Z	info	staff-logger	scenario/viewer.go:32	basic viewer scenario
2026-09-22T08:47:55.545Z	info	staff-logger	scenario/viewer.go:56	visit top
2026-09-22T08:47:55.732Z	info	staff-logger	scenario/viewer.go:32	basic viewer scenario
2026-09-22T08:47:55.732Z	info	staff-logger	scenario/viewer.go:56	visit top
2026-09-22T08:47:55.860Z	info	staff-logger	scenario/viewer.go:32	basic viewer scenario
2026-09-22T08:47:55.860Z	info	staff-logger	scenario/viewer.go:56	visit top
2026-09-22T08:47:55.860Z	info	staff-logger	scenario/viewer.go:64	get livestream
2026-09-22T08:47:55.860Z	info	staff-logger	scenario/viewer.go:83	visit livestream
2026-09-22T08:47:55.933Z	info	staff-logger	scenario/viewer.go:32	basic viewer scenario
2026-09-22T08:47:55.933Z	info	staff-logger	scenario/viewer.go:56	visit top
2026-09-22T08:47:55.939Z	info	staff-logger	scenario/viewer.go:32	basic viewer scenario
2026-09-22T08:47:55.939Z	info	staff-logger	scenario/viewer.go:56	visit top
2026-09-22T08:47:55.939Z	info	staff-logger	scenario/viewer.go:64	get livestream
2026-09-22T08:47:55.939Z	info	staff-logger	scenario/viewer.go:83	visit livestream
2026-09-22T08:47:55.981Z	info	staff-logger	scenario/viewer.go:64	get livestream
2026-09-22T08:47:55.981Z	info	staff-logger	scenario/viewer.go:76	visit user profile
2026-09-22T08:47:56.051Z	info	staff-logger	scenario/viewer.go:32	basic viewer scenario
2026-09-22T08:47:56.051Z	info	staff-logger	scenario/viewer.go:56	visit top
2026-09-22T08:47:56.051Z	info	staff-logger	scenario/viewer.go:64	get livestream
2026-09-22T08:47:56.051Z	info	staff-logger	scenario/viewer.go:83	visit livestream
2026-09-22T08:47:56.252Z	info	staff-logger	scenario/viewer.go:64	get livestream
2026-09-22T08:47:56.252Z	info	staff-logger	scenario/viewer.go:76	visit user profile
2026-09-22T08:47:56.294Z	info	staff-logger	scenario/viewer.go:83	visit livestream
2026-09-22T08:47:56.402Z	info	staff-logger	scenario/viewer.go:83	visit livestream
2026-09-22T08:47:56.561Z	info	staff-logger	scenario/viewer.go:64	get livestream
2026-09-22T08:47:56.561Z	info	staff-logger	scenario/viewer.go:76	visit user profile
2026-09-22T08:47:56.675Z	info	staff-logger	scenario/viewer.go:32	basic viewer scenario
2026-09-22T08:47:56.675Z	info	staff-logger	scenario/viewer.go:56	visit top
2026-09-22T08:47:56.675Z	info	staff-logger	scenario/viewer.go:64	get livestream
2026-09-22T08:47:56.675Z	info	staff-logger	scenario/viewer.go:83	visit livestream
2026-09-22T08:47:56.777Z	info	staff-logger	scenario/viewer.go:83	visit livestream
2026-09-22T08:47:57.066Z	info	staff-logger	scenario/viewer.go:32	basic viewer scenario
2026-09-22T08:47:57.066Z	info	staff-logger	scenario/viewer.go:56	visit top
2026-09-22T08:47:57.067Z	info	staff-logger	scenario/viewer.go:64	get livestream
2026-09-22T08:47:57.067Z	info	staff-logger	scenario/viewer.go:83	visit livestream
2026-09-22T08:47:57.260Z	info	staff-logger	scenario/viewer.go:32	basic viewer scenario
2026-09-22T08:47:57.260Z	info	staff-logger	scenario/viewer.go:56	visit top
2026-09-22T08:47:57.260Z	info	staff-logger	scenario/viewer.go:64	get livestream
2026-09-22T08:47:57.260Z	info	staff-logger	scenario/viewer.go:83	visit livestream
2026-09-22T08:47:57.364Z	info	staff-logger	scenario/viewer.go:32	basic viewer scenario
2026-09-22T08:47:57.364Z	info	staff-logger	scenario/viewer.go:56	visit top
2026-09-22T08:47:57.364Z	info	staff-logger	scenario/viewer.go:64	get livestream
2026-09-22T08:47:57.364Z	info	staff-logger	scenario/viewer.go:83	visit livestream
2026-09-22T08:47:57.396Z	info	staff-logger	scenario/viewer.go:32	basic viewer scenario
2026-09-22T08:47:57.396Z	info	staff-logger	scenario/viewer.go:56	visit top
2026-09-22T08:47:57.396Z	info	staff-logger	scenario/viewer.go:64	get livestream
2026-09-22T08:47:57.396Z	info	staff-logger	scenario/viewer.go:83	visit livestream
2026-09-22T08:47:57.619Z	info	staff-logger	scenario/viewer.go:32	basic viewer scenario
2026-09-22T08:47:57.619Z	info	staff-logger	scenario/viewer.go:56	visit top
2026-09-22T08:47:57.619Z	info	staff-logger	scenario/viewer.go:64	get livestream
2026-09-22T08:47:57.619Z	info	staff-logger	scenario/viewer.go:83	visit livestream
2026-09-22T08:47:57.630Z	info	staff-logger	scenario/viewer.go:32	basic viewer scenario
2026-09-22T08:47:57.630Z	info	staff-logger	scenario/viewer.go:56	visit top
2026-09-22T08:47:57.630Z	info	staff-logger	scenario/viewer.go:64	get livestream
2026-09-22T08:47:57.630Z	info	staff-logger	scenario/viewer.go:83	visit livestream
2026-09-22T08:47:57.645Z	info	staff-logger	scenario/viewer.go:32	basic viewer scenario
2026-09-22T08:47:57.645Z	info	staff-logger	scenario/viewer.go:56	visit top
2026-09-22T08:47:57.645Z	info	staff-logger	scenario/viewer.go:64	get livestream
2026-09-22T08:47:57.645Z	info	staff-logger	scenario/viewer.go:83	visit livestream
2026-09-22T08:47:57.795Z	info	staff-logger	scenario/streamer.go:48	change icon
2026-09-22T08:47:58.120Z	info	staff-logger	scenario/viewer.go:32	basic viewer scenario
2026-09-22T08:47:58.120Z	info	staff-logger	scenario/viewer.go:56	visit top
2026-09-22T08:47:58.120Z	info	staff-logger	scenario/viewer.go:64	get livestream
2026-09-22T08:47:58.120Z	info	staff-logger	scenario/viewer.go:83	visit livestream
2026-09-22T08:47:58.235Z	info	staff-logger	scenario/viewer.go:32	basic viewer scenario
2026-09-22T08:47:58.235Z	info	staff-logger	scenario/viewer.go:56	visit top
2026-09-22T08:47:58.235Z	info	staff-logger	scenario/viewer.go:64	get livestream
2026-09-22T08:47:58.235Z	info	staff-logger	scenario/viewer.go:83	visit livestream
2026-09-22T08:47:58.286Z	info	staff-logger	scenario/viewer.go:32	basic viewer scenario
2026-09-22T08:47:58.286Z	info	staff-logger	scenario/viewer.go:56	visit top
2026-09-22T08:47:58.286Z	info	staff-logger	scenario/viewer.go:64	get livestream
2026-09-22T08:47:58.286Z	info	staff-logger	scenario/viewer.go:83	visit livestream
2026-09-22T08:47:58.423Z	info	staff-logger	scenario/viewer.go:32	basic viewer scenario
2026-09-22T08:47:58.423Z	info	staff-logger	scenario/viewer.go:56	visit top
2026-09-22T08:47:58.453Z	info	staff-logger	scenario/viewer.go:32	basic viewer scenario
2026-09-22T08:47:58.454Z	info	staff-logger	scenario/viewer.go:56	visit top
2026-09-22T08:47:58.454Z	info	staff-logger	scenario/viewer.go:64	get livestream
2026-09-22T08:47:58.454Z	info	staff-logger	scenario/viewer.go:83	visit livestream
2026-09-22T08:47:58.458Z	info	staff-logger	scenario/viewer.go:32	basic viewer scenario
2026-09-22T08:47:58.458Z	info	staff-logger	scenario/viewer.go:56	visit top
2026-09-22T08:47:58.591Z	info	staff-logger	scenario/viewer.go:32	basic viewer scenario
2026-09-22T08:47:58.591Z	info	staff-logger	scenario/viewer.go:56	visit top
2026-09-22T08:47:58.591Z	info	staff-logger	scenario/viewer.go:64	get livestream
2026-09-22T08:47:58.591Z	info	staff-logger	scenario/viewer.go:83	visit livestream
2026-09-22T08:47:58.967Z	info	staff-logger	scenario/viewer.go:64	get livestream
2026-09-22T08:47:58.967Z	info	staff-logger	scenario/viewer.go:76	visit user profile
2026-09-22T08:47:59.078Z	info	staff-logger	scenario/viewer.go:32	basic viewer scenario
2026-09-22T08:47:59.078Z	info	staff-logger	scenario/viewer.go:56	visit top
2026-09-22T08:47:59.078Z	info	staff-logger	scenario/viewer.go:64	get livestream
2026-09-22T08:47:59.078Z	info	staff-logger	scenario/viewer.go:83	visit livestream
2026-09-22T08:47:59.122Z	info	staff-logger	scenario/viewer.go:83	visit livestream
2026-09-22T08:47:59.131Z	info	staff-logger	scenario/viewer.go:90	get livestream stats
2026-09-22T08:47:59.157Z	info	staff-logger	scenario/viewer.go:64	get livestream
2026-09-22T08:47:59.157Z	info	staff-logger	scenario/viewer.go:76	visit user profile
2026-09-22T08:47:59.259Z	info	staff-logger	scenario/viewer.go:32	basic viewer scenario
2026-09-22T08:47:59.259Z	info	staff-logger	scenario/viewer.go:56	visit top
2026-09-22T08:47:59.259Z	info	staff-logger	scenario/viewer.go:64	get livestream
2026-09-22T08:47:59.259Z	info	staff-logger	scenario/viewer.go:83	visit livestream
2026-09-22T08:47:59.396Z	info	staff-logger	scenario/viewer.go:32	basic viewer scenario
2026-09-22T08:47:59.396Z	info	staff-logger	scenario/viewer.go:56	visit top
2026-09-22T08:47:59.396Z	info	staff-logger	scenario/viewer.go:64	get livestream
2026-09-22T08:47:59.396Z	info	staff-logger	scenario/viewer.go:83	visit livestream
2026-09-22T08:47:59.443Z	info	staff-logger	scenario/viewer.go:83	visit livestream
2026-09-22T08:47:59.541Z	info	staff-logger	scenario/viewer.go:32	basic viewer scenario
2026-09-22T08:47:59.541Z	info	staff-logger	scenario/viewer.go:56	visit top
2026-09-22T08:47:59.541Z	info	staff-logger	scenario/viewer.go:64	get livestream
2026-09-22T08:47:59.541Z	info	staff-logger	scenario/viewer.go:83	visit livestream
2026-09-22T08:47:59.581Z	info	staff-logger	scenario/viewer.go:32	basic viewer scenario
2026-09-22T08:47:59.581Z	info	staff-logger	scenario/viewer.go:56	visit top
2026-09-22T08:47:59.581Z	info	staff-logger	scenario/viewer.go:64	get livestream
2026-09-22T08:47:59.581Z	info	staff-logger	scenario/viewer.go:83	visit livestream
2026-09-22T08:47:59.651Z	info	staff-logger	scenario/viewer.go:90	get livestream stats
2026-09-22T08:47:59.667Z	info	staff-logger	scenario/viewer.go:32	basic viewer scenario
2026-09-22T08:47:59.667Z	info	staff-logger	scenario/viewer.go:56	visit top
2026-09-22T08:47:59.667Z	info	staff-logger	scenario/viewer.go:64	get livestream
2026-09-22T08:47:59.667Z	info	staff-logger	scenario/viewer.go:83	visit livestream
2026-09-22T08:47:59.733Z	info	staff-logger	scenario/viewer.go:90	get livestream stats
2026-09-22T08:47:59.765Z	info	staff-logger	scenario/viewer.go:32	basic viewer scenario
2026-09-22T08:47:59.765Z	info	staff-logger	scenario/viewer.go:56	visit top
2026-09-22T08:47:59.765Z	info	staff-logger	scenario/viewer.go:64	get livestream
2026-09-22T08:47:59.765Z	info	staff-logger	scenario/viewer.go:83	visit livestream
2026-09-22T08:47:59.905Z	info	staff-logger	scenario/viewer.go:32	basic viewer scenario
2026-09-22T08:47:59.905Z	info	staff-logger	scenario/viewer.go:56	visit top
2026-09-22T08:47:59.905Z	info	staff-logger	scenario/viewer.go:64	get livestream
2026-09-22T08:47:59.905Z	info	staff-logger	scenario/viewer.go:83	visit livestream
2026-09-22T08:47:59.923Z	info	staff-logger	scenario/viewer.go:32	basic viewer scenario
2026-09-22T08:47:59.923Z	info	staff-logger	scenario/viewer.go:56	visit top
2026-09-22T08:47:59.923Z	info	staff-logger	scenario/viewer.go:64	get livestream
2026-09-22T08:47:59.923Z	info	staff-logger	scenario/viewer.go:83	visit livestream
2026-09-22T08:47:59.998Z	info	staff-logger	scenario/viewer.go:32	basic viewer scenario
2026-09-22T08:47:59.998Z	info	staff-logger	scenario/viewer.go:56	visit top
2026-09-22T08:47:59.998Z	info	staff-logger	scenario/viewer.go:64	get livestream
2026-09-22T08:47:59.998Z	info	staff-logger	scenario/viewer.go:83	visit livestream
2026-09-22T08:48:00.036Z	info	staff-logger	scenario/viewer.go:32	basic viewer scenario
2026-09-22T08:48:00.036Z	info	staff-logger	scenario/viewer.go:56	visit top
2026-09-22T08:48:00.036Z	info	staff-logger	scenario/viewer.go:64	get livestream
2026-09-22T08:48:00.036Z	info	staff-logger	scenario/viewer.go:83	visit livestream
2026-09-22T08:48:00.149Z	info	staff-logger	scenario/viewer.go:32	basic viewer scenario
2026-09-22T08:48:00.149Z	info	staff-logger	scenario/viewer.go:56	visit top
2026-09-22T08:48:00.149Z	info	staff-logger	scenario/viewer.go:64	get livestream
2026-09-22T08:48:00.149Z	info	staff-logger	scenario/viewer.go:83	visit livestream
2026-09-22T08:48:00.606Z	info	staff-logger	scenario/viewer.go:32	basic viewer scenario
2026-09-22T08:48:00.606Z	info	staff-logger	scenario/viewer.go:56	visit top
2026-09-22T08:48:00.606Z	info	staff-logger	scenario/viewer.go:64	get livestream
2026-09-22T08:48:00.606Z	info	staff-logger	scenario/viewer.go:83	visit livestream
2026-09-22T08:48:00.628Z	info	staff-logger	scenario/viewer.go:32	basic viewer scenario
2026-09-22T08:48:00.628Z	info	staff-logger	scenario/viewer.go:56	visit top
2026-09-22T08:48:00.732Z	info	staff-logger	scenario/viewer.go:32	basic viewer scenario
2026-09-22T08:48:00.732Z	info	staff-logger	scenario/viewer.go:56	visit top
2026-09-22T08:48:00.732Z	info	staff-logger	scenario/viewer.go:64	get livestream
2026-09-22T08:48:00.732Z	info	staff-logger	scenario/viewer.go:83	visit livestream
2026-09-22T08:48:01.002Z	info	staff-logger	scenario/streamer.go:48	change icon
2026-09-22T08:48:01.003Z	info	staff-logger	scenario/viewer.go:64	get livestream
2026-09-22T08:48:01.003Z	info	staff-logger	scenario/viewer.go:76	visit user profile
2026-09-22T08:48:01.236Z	info	staff-logger	scenario/viewer.go:32	basic viewer scenario
2026-09-22T08:48:01.236Z	info	staff-logger	scenario/viewer.go:56	visit top
2026-09-22T08:48:01.236Z	info	staff-logger	scenario/viewer.go:64	get livestream
2026-09-22T08:48:01.236Z	info	staff-logger	scenario/viewer.go:83	visit livestream
2026-09-22T08:48:01.320Z	info	staff-logger	scenario/viewer.go:83	visit livestream
2026-09-22T08:48:01.455Z	info	staff-logger	scenario/viewer.go:32	basic viewer scenario
2026-09-22T08:48:01.456Z	info	staff-logger	scenario/viewer.go:56	visit top
2026-09-22T08:48:01.456Z	info	staff-logger	scenario/viewer.go:64	get livestream
2026-09-22T08:48:01.456Z	info	staff-logger	scenario/viewer.go:83	visit livestream
2026-09-22T08:48:01.689Z	info	staff-logger	scenario/viewer.go:32	basic viewer scenario
2026-09-22T08:48:01.690Z	info	staff-logger	scenario/viewer.go:56	visit top
2026-09-22T08:48:01.795Z	info	staff-logger	scenario/viewer.go:32	basic viewer scenario
2026-09-22T08:48:01.795Z	info	staff-logger	scenario/viewer.go:56	visit top
2026-09-22T08:48:01.795Z	info	staff-logger	scenario/viewer.go:64	get livestream
2026-09-22T08:48:01.795Z	info	staff-logger	scenario/viewer.go:83	visit livestream
2026-09-22T08:48:01.922Z	info	staff-logger	scenario/viewer.go:32	basic viewer scenario
2026-09-22T08:48:01.922Z	info	staff-logger	scenario/viewer.go:56	visit top
2026-09-22T08:48:01.922Z	info	staff-logger	scenario/viewer.go:64	get livestream
2026-09-22T08:48:01.922Z	info	staff-logger	scenario/viewer.go:83	visit livestream
2026-09-22T08:48:01.947Z	info	staff-logger	scenario/viewer.go:32	basic viewer scenario
2026-09-22T08:48:01.947Z	info	staff-logger	scenario/viewer.go:56	visit top
2026-09-22T08:48:01.947Z	info	staff-logger	scenario/viewer.go:64	get livestream
2026-09-22T08:48:01.947Z	info	staff-logger	scenario/viewer.go:83	visit livestream
2026-09-22T08:48:02.061Z	info	staff-logger	scenario/viewer.go:32	basic viewer scenario
2026-09-22T08:48:02.062Z	info	staff-logger	scenario/viewer.go:56	visit top
2026-09-22T08:48:02.062Z	info	staff-logger	scenario/viewer.go:64	get livestream
2026-09-22T08:48:02.062Z	info	staff-logger	scenario/viewer.go:83	visit livestream
2026-09-22T08:48:02.132Z	info	staff-logger	scenario/viewer.go:64	get livestream
2026-09-22T08:48:02.132Z	info	staff-logger	scenario/viewer.go:76	visit user profile
2026-09-22T08:48:02.352Z	info	staff-logger	scenario/viewer.go:32	basic viewer scenario
2026-09-22T08:48:02.352Z	info	staff-logger	scenario/viewer.go:56	visit top
2026-09-22T08:48:02.352Z	info	staff-logger	scenario/viewer.go:64	get livestream
2026-09-22T08:48:02.352Z	info	staff-logger	scenario/viewer.go:83	visit livestream
2026-09-22T08:48:02.359Z	info	staff-logger	scenario/viewer.go:83	visit livestream
2026-09-22T08:48:02.784Z	info	staff-logger	scenario/viewer.go:32	basic viewer scenario
2026-09-22T08:48:02.784Z	info	staff-logger	scenario/viewer.go:56	visit top
2026-09-22T08:48:03.140Z	info	staff-logger	scenario/viewer.go:64	get livestream
2026-09-22T08:48:03.140Z	info	staff-logger	scenario/viewer.go:76	visit user profile
2026-09-22T08:48:03.194Z	info	staff-logger	scenario/viewer.go:32	basic viewer scenario
2026-09-22T08:48:03.194Z	info	staff-logger	scenario/viewer.go:56	visit top
2026-09-22T08:48:03.194Z	info	staff-logger	scenario/viewer.go:64	get livestream
2026-09-22T08:48:03.194Z	info	staff-logger	scenario/viewer.go:83	visit livestream
2026-09-22T08:48:03.488Z	info	staff-logger	scenario/viewer.go:32	basic viewer scenario
2026-09-22T08:48:03.488Z	info	staff-logger	scenario/viewer.go:56	visit top
2026-09-22T08:48:03.488Z	info	staff-logger	scenario/viewer.go:64	get livestream
2026-09-22T08:48:03.488Z	info	staff-logger	scenario/viewer.go:83	visit livestream
2026-09-22T08:48:03.498Z	info	staff-logger	scenario/viewer.go:32	basic viewer scenario
2026-09-22T08:48:03.498Z	info	staff-logger	scenario/viewer.go:56	visit top
2026-09-22T08:48:03.498Z	info	staff-logger	scenario/viewer.go:64	get livestream
2026-09-22T08:48:03.498Z	info	staff-logger	scenario/viewer.go:83	visit livestream
2026-09-22T08:48:03.499Z	info	staff-logger	scenario/viewer.go:83	visit livestream
2026-09-22T08:48:03.867Z	info	staff-logger	scenario/viewer.go:32	basic viewer scenario
2026-09-22T08:48:03.867Z	info	staff-logger	scenario/viewer.go:56	visit top
2026-09-22T08:48:03.867Z	info	staff-logger	scenario/viewer.go:64	get livestream
2026-09-22T08:48:03.867Z	info	staff-logger	scenario/viewer.go:83	visit livestream
2026-09-22T08:48:03.872Z	info	staff-logger	scenario/viewer.go:32	basic viewer scenario
2026-09-22T08:48:03.872Z	info	staff-logger	scenario/viewer.go:56	visit top
2026-09-22T08:48:03.872Z	info	staff-logger	scenario/viewer.go:64	get livestream
2026-09-22T08:48:03.872Z	info	staff-logger	scenario/viewer.go:83	visit livestream
2026-09-22T08:48:03.882Z	info	staff-logger	scenario/viewer.go:32	basic viewer scenario
2026-09-22T08:48:03.882Z	info	staff-logger	scenario/viewer.go:56	visit top
2026-09-22T08:48:03.882Z	info	staff-logger	scenario/viewer.go:64	get livestream
2026-09-22T08:48:03.882Z	info	staff-logger	scenario/viewer.go:83	visit livestream
2026-09-22T08:48:03.934Z	info	staff-logger	scenario/viewer.go:32	basic viewer scenario
2026-09-22T08:48:03.934Z	info	staff-logger	scenario/viewer.go:56	visit top
2026-09-22T08:48:03.934Z	info	staff-logger	scenario/viewer.go:64	get livestream
2026-09-22T08:48:03.934Z	info	staff-logger	scenario/viewer.go:83	visit livestream
2026-09-22T08:48:04.094Z	info	staff-logger	scenario/viewer.go:32	basic viewer scenario
2026-09-22T08:48:04.094Z	info	staff-logger	scenario/viewer.go:56	visit top
2026-09-22T08:48:04.094Z	info	staff-logger	scenario/viewer.go:64	get livestream
2026-09-22T08:48:04.094Z	info	staff-logger	scenario/viewer.go:83	visit livestream
2026-09-22T08:48:04.200Z	info	staff-logger	scenario/viewer.go:32	basic viewer scenario
2026-09-22T08:48:04.200Z	info	staff-logger	scenario/viewer.go:56	visit top
2026-09-22T08:48:04.200Z	info	staff-logger	scenario/viewer.go:64	get livestream
2026-09-22T08:48:04.200Z	info	staff-logger	scenario/viewer.go:83	visit livestream
2026-09-22T08:48:04.652Z	info	staff-logger	scenario/viewer.go:32	basic viewer scenario
2026-09-22T08:48:04.652Z	info	staff-logger	scenario/viewer.go:56	visit top
2026-09-22T08:48:04.652Z	info	staff-logger	scenario/viewer.go:64	get livestream
2026-09-22T08:48:04.652Z	info	staff-logger	scenario/viewer.go:83	visit livestream
2026-09-22T08:48:04.657Z	info	staff-logger	scenario/viewer.go:32	basic viewer scenario
2026-09-22T08:48:04.657Z	info	staff-logger	scenario/viewer.go:56	visit top
2026-09-22T08:48:04.657Z	info	staff-logger	scenario/viewer.go:64	get livestream
2026-09-22T08:48:04.657Z	info	staff-logger	scenario/viewer.go:83	visit livestream
2026-09-22T08:48:04.768Z	info	staff-logger	scenario/viewer.go:90	get livestream stats
2026-09-22T08:48:04.940Z	info	staff-logger	scenario/viewer.go:32	basic viewer scenario
2026-09-22T08:48:04.940Z	info	staff-logger	scenario/viewer.go:56	visit top
2026-09-22T08:48:04.940Z	info	staff-logger	scenario/viewer.go:64	get livestream
2026-09-22T08:48:04.940Z	info	staff-logger	scenario/viewer.go:83	visit livestream
2026-09-22T08:48:04.940Z	info	staff-logger	scenario/viewer.go:32	basic viewer scenario
2026-09-22T08:48:04.940Z	info	staff-logger	scenario/viewer.go:56	visit top
2026-09-22T08:48:04.940Z	info	staff-logger	scenario/viewer.go:64	get livestream
2026-09-22T08:48:04.940Z	info	staff-logger	scenario/viewer.go:83	visit livestream
2026-09-22T08:48:05.238Z	info	staff-logger	scenario/viewer.go:32	basic viewer scenario
2026-09-22T08:48:05.238Z	info	staff-logger	scenario/viewer.go:56	visit top
2026-09-22T08:48:05.238Z	info	staff-logger	scenario/viewer.go:64	get livestream
2026-09-22T08:48:05.238Z	info	staff-logger	scenario/viewer.go:83	visit livestream
2026-09-22T08:48:05.291Z	info	staff-logger	scenario/viewer.go:32	basic viewer scenario
2026-09-22T08:48:05.291Z	info	staff-logger	scenario/viewer.go:56	visit top
2026-09-22T08:48:05.291Z	info	staff-logger	scenario/viewer.go:64	get livestream
2026-09-22T08:48:05.291Z	info	staff-logger	scenario/viewer.go:83	visit livestream
2026-09-22T08:48:05.434Z	info	staff-logger	scenario/viewer.go:32	basic viewer scenario
2026-09-22T08:48:05.434Z	info	staff-logger	scenario/viewer.go:56	visit top
2026-09-22T08:48:05.434Z	info	staff-logger	scenario/viewer.go:64	get livestream
2026-09-22T08:48:05.434Z	info	staff-logger	scenario/viewer.go:83	visit livestream
2026-09-22T08:48:05.551Z	info	staff-logger	scenario/viewer.go:32	basic viewer scenario
2026-09-22T08:48:05.551Z	info	staff-logger	scenario/viewer.go:56	visit top
2026-09-22T08:48:05.551Z	info	staff-logger	scenario/viewer.go:64	get livestream
2026-09-22T08:48:05.551Z	info	staff-logger	scenario/viewer.go:83	visit livestream
2026-09-22T08:48:05.574Z	info	staff-logger	scenario/viewer.go:32	basic viewer scenario
2026-09-22T08:48:05.574Z	info	staff-logger	scenario/viewer.go:56	visit top
2026-09-22T08:48:05.574Z	info	staff-logger	scenario/viewer.go:64	get livestream
2026-09-22T08:48:05.574Z	info	staff-logger	scenario/viewer.go:83	visit livestream
2026-09-22T08:48:05.684Z	info	staff-logger	scenario/viewer.go:32	basic viewer scenario
2026-09-22T08:48:05.684Z	info	staff-logger	scenario/viewer.go:56	visit top
2026-09-22T08:48:05.684Z	info	staff-logger	scenario/viewer.go:64	get livestream
2026-09-22T08:48:05.684Z	info	staff-logger	scenario/viewer.go:83	visit livestream
2026-09-22T08:48:05.758Z	info	staff-logger	scenario/viewer.go:32	basic viewer scenario
2026-09-22T08:48:05.758Z	info	staff-logger	scenario/viewer.go:56	visit top
2026-09-22T08:48:05.758Z	info	staff-logger	scenario/viewer.go:64	get livestream
2026-09-22T08:48:05.758Z	info	staff-logger	scenario/viewer.go:83	visit livestream
2026-09-22T08:48:05.854Z	info	staff-logger	scenario/viewer.go:32	basic viewer scenario
2026-09-22T08:48:05.854Z	info	staff-logger	scenario/viewer.go:56	visit top
2026-09-22T08:48:05.854Z	info	staff-logger	scenario/viewer.go:64	get livestream
2026-09-22T08:48:05.854Z	info	staff-logger	scenario/viewer.go:83	visit livestream
2026-09-22T08:48:05.855Z	info	staff-logger	scenario/viewer.go:32	basic viewer scenario
2026-09-22T08:48:05.855Z	info	staff-logger	scenario/viewer.go:56	visit top
2026-09-22T08:48:05.855Z	info	staff-logger	scenario/viewer.go:64	get livestream
2026-09-22T08:48:05.855Z	info	staff-logger	scenario/viewer.go:83	visit livestream
2026-09-22T08:48:05.895Z	info	staff-logger	scenario/viewer.go:32	basic viewer scenario
2026-09-22T08:48:05.895Z	info	staff-logger	scenario/viewer.go:56	visit top
2026-09-22T08:48:05.895Z	info	staff-logger	scenario/viewer.go:64	get livestream
2026-09-22T08:48:05.895Z	info	staff-logger	scenario/viewer.go:83	visit livestream
2026-09-22T08:48:05.945Z	info	staff-logger	scenario/viewer.go:90	get livestream stats
2026-09-22T08:48:06.010Z	info	staff-logger	scenario/streamer.go:48	change icon
2026-09-22T08:48:06.460Z	info	staff-logger	scenario/viewer.go:32	basic viewer scenario
2026-09-22T08:48:06.460Z	info	staff-logger	scenario/viewer.go:56	visit top
2026-09-22T08:48:06.460Z	info	staff-logger	scenario/viewer.go:64	get livestream
2026-09-22T08:48:06.460Z	info	staff-logger	scenario/viewer.go:83	visit livestream
2026-09-22T08:48:06.491Z	info	staff-logger	scenario/viewer.go:32	basic viewer scenario
2026-09-22T08:48:06.491Z	info	staff-logger	scenario/viewer.go:56	visit top
2026-09-22T08:48:06.491Z	info	staff-logger	scenario/viewer.go:64	get livestream
2026-09-22T08:48:06.491Z	info	staff-logger	scenario/viewer.go:83	visit livestream
2026-09-22T08:48:06.587Z	info	staff-logger	scenario/viewer.go:32	basic viewer scenario
2026-09-22T08:48:06.587Z	info	staff-logger	scenario/viewer.go:56	visit top
2026-09-22T08:48:06.587Z	info	staff-logger	scenario/viewer.go:64	get livestream
2026-09-22T08:48:06.587Z	info	staff-logger	scenario/viewer.go:83	visit livestream
2026-09-22T08:48:06.590Z	info	staff-logger	scenario/viewer.go:32	basic viewer scenario
2026-09-22T08:48:06.590Z	info	staff-logger	scenario/viewer.go:56	visit top
2026-09-22T08:48:06.590Z	info	staff-logger	scenario/viewer.go:64	get livestream
2026-09-22T08:48:06.590Z	info	staff-logger	scenario/viewer.go:83	visit livestream
2026-09-22T08:48:06.835Z	info	staff-logger	scenario/viewer.go:32	basic viewer scenario
2026-09-22T08:48:06.835Z	info	staff-logger	scenario/viewer.go:56	visit top
2026-09-22T08:48:06.835Z	info	staff-logger	scenario/viewer.go:64	get livestream
2026-09-22T08:48:06.835Z	info	staff-logger	scenario/viewer.go:83	visit livestream
2026-09-22T08:48:06.991Z	info	staff-logger	scenario/viewer.go:32	basic viewer scenario
2026-09-22T08:48:06.992Z	info	staff-logger	scenario/viewer.go:56	visit top
2026-09-22T08:48:06.992Z	info	staff-logger	scenario/viewer.go:64	get livestream
2026-09-22T08:48:06.992Z	info	staff-logger	scenario/viewer.go:83	visit livestream
2026-09-22T08:48:07.024Z	info	staff-logger	scenario/viewer.go:32	basic viewer scenario
2026-09-22T08:48:07.024Z	info	staff-logger	scenario/viewer.go:56	visit top
2026-09-22T08:48:07.360Z	info	staff-logger	scenario/viewer.go:32	basic viewer scenario
2026-09-22T08:48:07.360Z	info	staff-logger	scenario/viewer.go:56	visit top
2026-09-22T08:48:07.463Z	info	staff-logger	scenario/viewer.go:64	get livestream
2026-09-22T08:48:07.463Z	info	staff-logger	scenario/viewer.go:76	visit user profile
2026-09-22T08:48:07.514Z	info	staff-logger	scenario/viewer.go:32	basic viewer scenario
2026-09-22T08:48:07.514Z	info	staff-logger	scenario/viewer.go:56	visit top
2026-09-22T08:48:07.514Z	info	staff-logger	scenario/viewer.go:64	get livestream
2026-09-22T08:48:07.514Z	info	staff-logger	scenario/viewer.go:83	visit livestream
2026-09-22T08:48:07.703Z	info	staff-logger	scenario/viewer.go:32	basic viewer scenario
2026-09-22T08:48:07.703Z	info	staff-logger	scenario/viewer.go:56	visit top
2026-09-22T08:48:07.731Z	info	staff-logger	scenario/viewer.go:83	visit livestream
2026-09-22T08:48:07.805Z	info	staff-logger	scenario/viewer.go:64	get livestream
2026-09-22T08:48:07.805Z	info	staff-logger	scenario/viewer.go:76	visit user profile
2026-09-22T08:48:07.931Z	info	staff-logger	scenario/viewer.go:32	basic viewer scenario
2026-09-22T08:48:07.931Z	info	staff-logger	scenario/viewer.go:56	visit top
2026-09-22T08:48:07.931Z	info	staff-logger	scenario/viewer.go:64	get livestream
2026-09-22T08:48:07.931Z	info	staff-logger	scenario/viewer.go:83	visit livestream
2026-09-22T08:48:08.120Z	info	staff-logger	scenario/viewer.go:83	visit livestream
2026-09-22T08:48:08.194Z	info	staff-logger	scenario/viewer.go:32	basic viewer scenario
2026-09-22T08:48:08.194Z	info	staff-logger	scenario/viewer.go:56	visit top
2026-09-22T08:48:08.194Z	info	staff-logger	scenario/viewer.go:64	get livestream
2026-09-22T08:48:08.194Z	info	staff-logger	scenario/viewer.go:83	visit livestream
2026-09-22T08:48:08.258Z	info	staff-logger	scenario/viewer.go:32	basic viewer scenario
2026-09-22T08:48:08.258Z	info	staff-logger	scenario/viewer.go:56	visit top
2026-09-22T08:48:08.258Z	info	staff-logger	scenario/viewer.go:64	get livestream
2026-09-22T08:48:08.258Z	info	staff-logger	scenario/viewer.go:83	visit livestream
2026-09-22T08:48:08.272Z	info	staff-logger	scenario/viewer.go:32	basic viewer scenario
2026-09-22T08:48:08.272Z	info	staff-logger	scenario/viewer.go:56	visit top
2026-09-22T08:48:08.272Z	info	staff-logger	scenario/viewer.go:64	get livestream
2026-09-22T08:48:08.272Z	info	staff-logger	scenario/viewer.go:83	visit livestream
2026-09-22T08:48:08.297Z	info	staff-logger	scenario/viewer.go:64	get livestream
2026-09-22T08:48:08.297Z	info	staff-logger	scenario/viewer.go:76	visit user profile
2026-09-22T08:48:08.422Z	info	staff-logger	scenario/viewer.go:83	visit livestream
2026-09-22T08:48:08.510Z	info	staff-logger	scenario/viewer.go:32	basic viewer scenario
2026-09-22T08:48:08.510Z	info	staff-logger	scenario/viewer.go:56	visit top
2026-09-22T08:48:08.510Z	info	staff-logger	scenario/viewer.go:64	get livestream
2026-09-22T08:48:08.510Z	info	staff-logger	scenario/viewer.go:83	visit livestream
2026-09-22T08:48:08.674Z	info	staff-logger	scenario/viewer.go:32	basic viewer scenario
2026-09-22T08:48:08.674Z	info	staff-logger	scenario/viewer.go:56	visit top
2026-09-22T08:48:08.674Z	info	staff-logger	scenario/viewer.go:64	get livestream
2026-09-22T08:48:08.674Z	info	staff-logger	scenario/viewer.go:83	visit livestream
2026-09-22T08:48:08.877Z	info	staff-logger	scenario/viewer.go:32	basic viewer scenario
2026-09-22T08:48:08.877Z	info	staff-logger	scenario/viewer.go:56	visit top
2026-09-22T08:48:08.877Z	info	staff-logger	scenario/viewer.go:64	get livestream
2026-09-22T08:48:08.877Z	info	staff-logger	scenario/viewer.go:83	visit livestream
2026-09-22T08:48:09.005Z	info	staff-logger	scenario/viewer.go:32	basic viewer scenario
2026-09-22T08:48:09.005Z	info	staff-logger	scenario/viewer.go:56	visit top
2026-09-22T08:48:09.005Z	info	staff-logger	scenario/viewer.go:64	get livestream
2026-09-22T08:48:09.005Z	info	staff-logger	scenario/viewer.go:83	visit livestream
2026-09-22T08:48:09.079Z	info	staff-logger	scenario/viewer.go:32	basic viewer scenario
2026-09-22T08:48:09.080Z	info	staff-logger	scenario/viewer.go:56	visit top
2026-09-22T08:48:09.080Z	info	staff-logger	scenario/viewer.go:64	get livestream
2026-09-22T08:48:09.080Z	info	staff-logger	scenario/viewer.go:83	visit livestream
2026-09-22T08:48:09.083Z	info	staff-logger	scenario/viewer.go:32	basic viewer scenario
2026-09-22T08:48:09.083Z	info	staff-logger	scenario/viewer.go:56	visit top
2026-09-22T08:48:09.083Z	info	staff-logger	scenario/viewer.go:64	get livestream
2026-09-22T08:48:09.083Z	info	staff-logger	scenario/viewer.go:83	visit livestream
2026-09-22T08:48:09.118Z	info	staff-logger	scenario/viewer.go:32	basic viewer scenario
2026-09-22T08:48:09.118Z	info	staff-logger	scenario/viewer.go:46	change icon
2026-09-22T08:48:09.158Z	info	staff-logger	scenario/viewer.go:56	visit top
2026-09-22T08:48:09.289Z	info	staff-logger	scenario/viewer.go:32	basic viewer scenario
2026-09-22T08:48:09.289Z	info	staff-logger	scenario/viewer.go:56	visit top
2026-09-22T08:48:09.289Z	info	staff-logger	scenario/viewer.go:64	get livestream
2026-09-22T08:48:09.289Z	info	staff-logger	scenario/viewer.go:83	visit livestream
2026-09-22T08:48:09.627Z	info	staff-logger	scenario/viewer.go:64	get livestream
2026-09-22T08:48:09.627Z	info	staff-logger	scenario/viewer.go:76	visit user profile
2026-09-22T08:48:09.878Z	info	staff-logger	scenario/viewer.go:32	basic viewer scenario
2026-09-22T08:48:09.878Z	info	staff-logger	scenario/viewer.go:56	visit top
2026-09-22T08:48:09.878Z	info	staff-logger	scenario/viewer.go:64	get livestream
2026-09-22T08:48:09.878Z	info	staff-logger	scenario/viewer.go:83	visit livestream
2026-09-22T08:48:09.951Z	info	staff-logger	scenario/viewer.go:83	visit livestream
2026-09-22T08:48:09.970Z	info	staff-logger	scenario/viewer.go:32	basic viewer scenario
2026-09-22T08:48:09.970Z	info	staff-logger	scenario/viewer.go:56	visit top
2026-09-22T08:48:09.970Z	info	staff-logger	scenario/viewer.go:64	get livestream
2026-09-22T08:48:09.970Z	info	staff-logger	scenario/viewer.go:83	visit livestream
2026-09-22T08:48:09.970Z	info	staff-logger	scenario/viewer.go:32	basic viewer scenario
2026-09-22T08:48:09.970Z	info	staff-logger	scenario/viewer.go:56	visit top
2026-09-22T08:48:09.970Z	info	staff-logger	scenario/viewer.go:64	get livestream
2026-09-22T08:48:09.970Z	info	staff-logger	scenario/viewer.go:83	visit livestream
2026-09-22T08:48:10.237Z	info	staff-logger	scenario/viewer.go:32	basic viewer scenario
2026-09-22T08:48:10.237Z	info	staff-logger	scenario/viewer.go:56	visit top
2026-09-22T08:48:10.237Z	info	staff-logger	scenario/viewer.go:64	get livestream
2026-09-22T08:48:10.237Z	info	staff-logger	scenario/viewer.go:83	visit livestream
2026-09-22T08:48:10.464Z	info	staff-logger	scenario/viewer.go:32	basic viewer scenario
2026-09-22T08:48:10.464Z	info	staff-logger	scenario/viewer.go:56	visit top
2026-09-22T08:48:10.464Z	info	staff-logger	scenario/viewer.go:64	get livestream
2026-09-22T08:48:10.464Z	info	staff-logger	scenario/viewer.go:83	visit livestream
2026-09-22T08:48:10.484Z	info	staff-logger	scenario/viewer.go:32	basic viewer scenario
2026-09-22T08:48:10.485Z	info	staff-logger	scenario/viewer.go:56	visit top
2026-09-22T08:48:10.485Z	info	staff-logger	scenario/viewer.go:64	get livestream
2026-09-22T08:48:10.485Z	info	staff-logger	scenario/viewer.go:83	visit livestream
2026-09-22T08:48:10.658Z	info	staff-logger	scenario/viewer.go:90	get livestream stats
2026-09-22T08:48:10.831Z	info	staff-logger	scenario/viewer.go:32	basic viewer scenario
2026-09-22T08:48:10.832Z	info	staff-logger	scenario/viewer.go:56	visit top
2026-09-22T08:48:10.832Z	info	staff-logger	scenario/viewer.go:64	get livestream
2026-09-22T08:48:10.832Z	info	staff-logger	scenario/viewer.go:83	visit livestream
2026-09-22T08:48:10.931Z	info	staff-logger	scenario/viewer.go:32	basic viewer scenario
2026-09-22T08:48:10.931Z	info	staff-logger	scenario/viewer.go:56	visit top
2026-09-22T08:48:10.931Z	info	staff-logger	scenario/viewer.go:64	get livestream
2026-09-22T08:48:10.931Z	info	staff-logger	scenario/viewer.go:83	visit livestream
2026-09-22T08:48:10.949Z	info	staff-logger	scenario/viewer.go:32	basic viewer scenario
2026-09-22T08:48:10.949Z	info	staff-logger	scenario/viewer.go:56	visit top
2026-09-22T08:48:10.949Z	info	staff-logger	scenario/viewer.go:64	get livestream
2026-09-22T08:48:10.949Z	info	staff-logger	scenario/viewer.go:83	visit livestream
2026-09-22T08:48:11.041Z	info	staff-logger	scenario/viewer.go:90	get livestream stats
2026-09-22T08:48:11.182Z	info	staff-logger	scenario/viewer.go:32	basic viewer scenario
2026-09-22T08:48:11.182Z	info	staff-logger	scenario/viewer.go:56	visit top
2026-09-22T08:48:11.182Z	info	staff-logger	scenario/viewer.go:64	get livestream
2026-09-22T08:48:11.182Z	info	staff-logger	scenario/viewer.go:83	visit livestream
2026-09-22T08:48:11.350Z	info	staff-logger	scenario/viewer.go:32	basic viewer scenario
2026-09-22T08:48:11.350Z	info	staff-logger	scenario/viewer.go:56	visit top
2026-09-22T08:48:11.350Z	info	staff-logger	scenario/viewer.go:64	get livestream
2026-09-22T08:48:11.350Z	info	staff-logger	scenario/viewer.go:83	visit livestream
2026-09-22T08:48:11.571Z	info	staff-logger	scenario/viewer.go:32	basic viewer scenario
2026-09-22T08:48:11.571Z	info	staff-logger	scenario/viewer.go:56	visit top
2026-09-22T08:48:11.571Z	info	staff-logger	scenario/viewer.go:64	get livestream
2026-09-22T08:48:11.571Z	info	staff-logger	scenario/viewer.go:83	visit livestream
2026-09-22T08:48:11.858Z	info	staff-logger	scenario/viewer.go:32	basic viewer scenario
2026-09-22T08:48:11.858Z	info	staff-logger	scenario/viewer.go:56	visit top
2026-09-22T08:48:11.858Z	info	staff-logger	scenario/viewer.go:64	get livestream
2026-09-22T08:48:11.858Z	info	staff-logger	scenario/viewer.go:83	visit livestream
2026-09-22T08:48:12.156Z	info	staff-logger	scenario/viewer.go:32	basic viewer scenario
2026-09-22T08:48:12.156Z	info	staff-logger	scenario/viewer.go:56	visit top
2026-09-22T08:48:12.156Z	info	staff-logger	scenario/viewer.go:64	get livestream
2026-09-22T08:48:12.156Z	info	staff-logger	scenario/viewer.go:83	visit livestream
2026-09-22T08:48:12.585Z	info	staff-logger	scenario/viewer.go:32	basic viewer scenario
2026-09-22T08:48:12.585Z	info	staff-logger	scenario/viewer.go:56	visit top
2026-09-22T08:48:12.585Z	info	staff-logger	scenario/viewer.go:64	get livestream
2026-09-22T08:48:12.585Z	info	staff-logger	scenario/viewer.go:83	visit livestream
2026-09-22T08:48:12.645Z	info	staff-logger	scenario/viewer.go:32	basic viewer scenario
2026-09-22T08:48:12.646Z	info	staff-logger	scenario/viewer.go:56	visit top
2026-09-22T08:48:12.646Z	info	staff-logger	scenario/viewer.go:64	get livestream
2026-09-22T08:48:12.646Z	info	staff-logger	scenario/viewer.go:83	visit livestream
2026-09-22T08:48:12.754Z	info	staff-logger	scenario/viewer.go:32	basic viewer scenario
2026-09-22T08:48:12.754Z	info	staff-logger	scenario/viewer.go:56	visit top
2026-09-22T08:48:13.020Z	info	staff-logger	scenario/viewer.go:32	basic viewer scenario
2026-09-22T08:48:13.021Z	info	staff-logger	scenario/viewer.go:56	visit top
2026-09-22T08:48:13.021Z	info	staff-logger	scenario/viewer.go:64	get livestream
2026-09-22T08:48:13.021Z	info	staff-logger	scenario/viewer.go:83	visit livestream
2026-09-22T08:48:13.178Z	info	staff-logger	scenario/viewer.go:32	basic viewer scenario
2026-09-22T08:48:13.178Z	info	staff-logger	scenario/viewer.go:56	visit top
2026-09-22T08:48:13.178Z	info	staff-logger	scenario/viewer.go:64	get livestream
2026-09-22T08:48:13.178Z	info	staff-logger	scenario/viewer.go:83	visit livestream
2026-09-22T08:48:13.231Z	info	staff-logger	scenario/viewer.go:32	basic viewer scenario
2026-09-22T08:48:13.231Z	info	staff-logger	scenario/viewer.go:56	visit top
2026-09-22T08:48:13.231Z	info	staff-logger	scenario/viewer.go:64	get livestream
2026-09-22T08:48:13.231Z	info	staff-logger	scenario/viewer.go:83	visit livestream
2026-09-22T08:48:13.238Z	info	staff-logger	scenario/viewer.go:64	get livestream
2026-09-22T08:48:13.238Z	info	staff-logger	scenario/viewer.go:76	visit user profile
2026-09-22T08:48:13.434Z	info	staff-logger	scenario/viewer.go:32	basic viewer scenario
2026-09-22T08:48:13.434Z	info	staff-logger	scenario/viewer.go:56	visit top
2026-09-22T08:48:13.434Z	info	staff-logger	scenario/viewer.go:64	get livestream
2026-09-22T08:48:13.434Z	info	staff-logger	scenario/viewer.go:83	visit livestream
2026-09-22T08:48:13.598Z	info	staff-logger	scenario/viewer.go:83	visit livestream
2026-09-22T08:48:14.029Z	info	staff-logger	scenario/viewer.go:32	basic viewer scenario
2026-09-22T08:48:14.029Z	info	staff-logger	scenario/viewer.go:56	visit top
2026-09-22T08:48:14.029Z	info	staff-logger	scenario/viewer.go:64	get livestream
2026-09-22T08:48:14.029Z	info	staff-logger	scenario/viewer.go:83	visit livestream
2026-09-22T08:48:14.144Z	info	staff-logger	scenario/viewer.go:32	basic viewer scenario
2026-09-22T08:48:14.144Z	info	staff-logger	scenario/viewer.go:56	visit top
2026-09-22T08:48:14.144Z	info	staff-logger	scenario/viewer.go:64	get livestream
2026-09-22T08:48:14.144Z	info	staff-logger	scenario/viewer.go:83	visit livestream
2026-09-22T08:48:14.383Z	info	staff-logger	scenario/viewer.go:32	basic viewer scenario
2026-09-22T08:48:14.383Z	info	staff-logger	scenario/viewer.go:56	visit top
2026-09-22T08:48:14.383Z	info	staff-logger	scenario/viewer.go:64	get livestream
2026-09-22T08:48:14.383Z	info	staff-logger	scenario/viewer.go:83	visit livestream
2026-09-22T08:48:14.657Z	info	staff-logger	scenario/viewer.go:32	basic viewer scenario
2026-09-22T08:48:14.657Z	info	staff-logger	scenario/viewer.go:56	visit top
2026-09-22T08:48:14.657Z	info	staff-logger	scenario/viewer.go:64	get livestream
2026-09-22T08:48:14.657Z	info	staff-logger	scenario/viewer.go:83	visit livestream
2026-09-22T08:48:14.830Z	info	staff-logger	scenario/viewer.go:32	basic viewer scenario
2026-09-22T08:48:14.830Z	info	staff-logger	scenario/viewer.go:56	visit top
2026-09-22T08:48:14.843Z	info	staff-logger	scenario/viewer.go:32	basic viewer scenario
2026-09-22T08:48:14.843Z	info	staff-logger	scenario/viewer.go:56	visit top
2026-09-22T08:48:14.843Z	info	staff-logger	scenario/viewer.go:64	get livestream
2026-09-22T08:48:14.843Z	info	staff-logger	scenario/viewer.go:83	visit livestream
2026-09-22T08:48:14.936Z	info	staff-logger	scenario/viewer.go:32	basic viewer scenario
2026-09-22T08:48:14.936Z	info	staff-logger	scenario/viewer.go:56	visit top
2026-09-22T08:48:14.936Z	info	staff-logger	scenario/viewer.go:64	get livestream
2026-09-22T08:48:14.936Z	info	staff-logger	scenario/viewer.go:83	visit livestream
2026-09-22T08:48:15.156Z	info	staff-logger	scenario/viewer.go:64	get livestream
2026-09-22T08:48:15.156Z	info	staff-logger	scenario/viewer.go:76	visit user profile
2026-09-22T08:48:15.416Z	info	staff-logger	scenario/viewer.go:83	visit livestream
2026-09-22T08:48:15.454Z	info	staff-logger	scenario/viewer.go:32	basic viewer scenario
2026-09-22T08:48:15.454Z	info	staff-logger	scenario/viewer.go:56	visit top
2026-09-22T08:48:15.454Z	info	staff-logger	scenario/viewer.go:64	get livestream
2026-09-22T08:48:15.454Z	info	staff-logger	scenario/viewer.go:83	visit livestream
2026-09-22T08:48:15.499Z	info	staff-logger	scenario/viewer.go:32	basic viewer scenario
2026-09-22T08:48:15.499Z	info	staff-logger	scenario/viewer.go:56	visit top
2026-09-22T08:48:15.499Z	info	staff-logger	scenario/viewer.go:64	get livestream
2026-09-22T08:48:15.499Z	info	staff-logger	scenario/viewer.go:83	visit livestream
2026-09-22T08:48:15.541Z	info	staff-logger	scenario/viewer.go:32	basic viewer scenario
2026-09-22T08:48:15.541Z	info	staff-logger	scenario/viewer.go:56	visit top
2026-09-22T08:48:15.541Z	info	staff-logger	scenario/viewer.go:64	get livestream
2026-09-22T08:48:15.541Z	info	staff-logger	scenario/viewer.go:83	visit livestream
2026-09-22T08:48:15.771Z	warn	staff-logger	scenario/streamer.go:198	aggressive streamer moderate: failed to visit livestream admin: benchmark-application: [一般エラー] GET /api/livestream/7522/report へのリクエストに対して、期待されたHTTPステータスコードが確認できませんでした (expected:200, actual:500)

2026-09-22T08:48:15.991Z	info	staff-logger	scenario/viewer.go:32	basic viewer scenario
2026-09-22T08:48:15.991Z	info	staff-logger	scenario/viewer.go:56	visit top
2026-09-22T08:48:15.991Z	info	staff-logger	scenario/viewer.go:64	get livestream
2026-09-22T08:48:15.991Z	info	staff-logger	scenario/viewer.go:83	visit livestream
2026-09-22T08:48:16.265Z	info	staff-logger	scenario/viewer.go:32	basic viewer scenario
2026-09-22T08:48:16.265Z	info	staff-logger	scenario/viewer.go:56	visit top
2026-09-22T08:48:16.265Z	info	staff-logger	scenario/viewer.go:64	get livestream
2026-09-22T08:48:16.265Z	info	staff-logger	scenario/viewer.go:83	visit livestream
2026-09-22T08:48:16.301Z	info	staff-logger	scenario/viewer.go:32	basic viewer scenario
2026-09-22T08:48:16.301Z	info	staff-logger	scenario/viewer.go:56	visit top
2026-09-22T08:48:16.301Z	info	staff-logger	scenario/viewer.go:64	get livestream
2026-09-22T08:48:16.301Z	info	staff-logger	scenario/viewer.go:83	visit livestream
2026-09-22T08:48:16.394Z	info	staff-logger	scenario/viewer.go:32	basic viewer scenario
2026-09-22T08:48:16.395Z	info	staff-logger	scenario/viewer.go:56	visit top
2026-09-22T08:48:16.395Z	info	staff-logger	scenario/viewer.go:64	get livestream
2026-09-22T08:48:16.395Z	info	staff-logger	scenario/viewer.go:83	visit livestream
2026-09-22T08:48:16.654Z	info	staff-logger	scenario/viewer.go:32	basic viewer scenario
2026-09-22T08:48:16.654Z	info	staff-logger	scenario/viewer.go:56	visit top
2026-09-22T08:48:16.654Z	info	staff-logger	scenario/viewer.go:64	get livestream
2026-09-22T08:48:16.654Z	info	staff-logger	scenario/viewer.go:83	visit livestream
2026-09-22T08:48:16.977Z	info	staff-logger	scenario/viewer.go:32	basic viewer scenario
2026-09-22T08:48:16.977Z	info	staff-logger	scenario/viewer.go:56	visit top
2026-09-22T08:48:16.977Z	info	staff-logger	scenario/viewer.go:64	get livestream
2026-09-22T08:48:16.977Z	info	staff-logger	scenario/viewer.go:83	visit livestream
2026-09-22T08:48:17.062Z	info	staff-logger	scenario/viewer.go:32	basic viewer scenario
2026-09-22T08:48:17.062Z	info	staff-logger	scenario/viewer.go:56	visit top
2026-09-22T08:48:17.062Z	info	staff-logger	scenario/viewer.go:64	get livestream
2026-09-22T08:48:17.062Z	info	staff-logger	scenario/viewer.go:83	visit livestream
2026-09-22T08:48:17.158Z	info	staff-logger	scenario/viewer.go:32	basic viewer scenario
2026-09-22T08:48:17.158Z	info	staff-logger	scenario/viewer.go:56	visit top
2026-09-22T08:48:17.158Z	info	staff-logger	scenario/viewer.go:64	get livestream
2026-09-22T08:48:17.158Z	info	staff-logger	scenario/viewer.go:83	visit livestream
2026-09-22T08:48:17.382Z	info	staff-logger	scenario/viewer.go:32	basic viewer scenario
2026-09-22T08:48:17.382Z	info	staff-logger	scenario/viewer.go:56	visit top
2026-09-22T08:48:17.382Z	info	staff-logger	scenario/viewer.go:64	get livestream
2026-09-22T08:48:17.382Z	info	staff-logger	scenario/viewer.go:83	visit livestream
2026-09-22T08:48:17.432Z	info	staff-logger	scenario/viewer.go:32	basic viewer scenario
2026-09-22T08:48:17.432Z	info	staff-logger	scenario/viewer.go:56	visit top
2026-09-22T08:48:17.432Z	info	staff-logger	scenario/viewer.go:64	get livestream
2026-09-22T08:48:17.432Z	info	staff-logger	scenario/viewer.go:83	visit livestream
2026-09-22T08:48:17.618Z	info	staff-logger	scenario/viewer.go:32	basic viewer scenario
2026-09-22T08:48:17.618Z	info	staff-logger	scenario/viewer.go:56	visit top
2026-09-22T08:48:17.618Z	info	staff-logger	scenario/viewer.go:64	get livestream
2026-09-22T08:48:17.618Z	info	staff-logger	scenario/viewer.go:83	visit livestream
2026-09-22T08:48:17.760Z	info	staff-logger	scenario/viewer.go:32	basic viewer scenario
2026-09-22T08:48:17.760Z	info	staff-logger	scenario/viewer.go:56	visit top
2026-09-22T08:48:17.760Z	info	staff-logger	scenario/viewer.go:64	get livestream
2026-09-22T08:48:17.760Z	info	staff-logger	scenario/viewer.go:83	visit livestream
2026-09-22T08:48:17.886Z	info	staff-logger	scenario/viewer.go:32	basic viewer scenario
2026-09-22T08:48:17.886Z	info	staff-logger	scenario/viewer.go:56	visit top
2026-09-22T08:48:17.886Z	info	staff-logger	scenario/viewer.go:64	get livestream
2026-09-22T08:48:17.886Z	info	staff-logger	scenario/viewer.go:83	visit livestream
2026-09-22T08:48:18.120Z	info	staff-logger	scenario/viewer.go:32	basic viewer scenario
2026-09-22T08:48:18.120Z	info	staff-logger	scenario/viewer.go:56	visit top
2026-09-22T08:48:18.120Z	info	staff-logger	scenario/viewer.go:64	get livestream
2026-09-22T08:48:18.120Z	info	staff-logger	scenario/viewer.go:83	visit livestream
2026-09-22T08:48:18.242Z	info	staff-logger	scenario/viewer.go:32	basic viewer scenario
2026-09-22T08:48:18.242Z	info	staff-logger	scenario/viewer.go:56	visit top
2026-09-22T08:48:18.242Z	info	staff-logger	scenario/viewer.go:64	get livestream
2026-09-22T08:48:18.243Z	info	staff-logger	scenario/viewer.go:83	visit livestream
2026-09-22T08:48:18.414Z	info	staff-logger	scenario/viewer.go:32	basic viewer scenario
2026-09-22T08:48:18.414Z	info	staff-logger	scenario/viewer.go:56	visit top
2026-09-22T08:48:18.414Z	info	staff-logger	scenario/viewer.go:64	get livestream
2026-09-22T08:48:18.414Z	info	staff-logger	scenario/viewer.go:83	visit livestream
2026-09-22T08:48:18.536Z	info	staff-logger	scenario/viewer.go:32	basic viewer scenario
2026-09-22T08:48:18.536Z	info	staff-logger	scenario/viewer.go:56	visit top
2026-09-22T08:48:18.536Z	info	staff-logger	scenario/viewer.go:64	get livestream
2026-09-22T08:48:18.536Z	info	staff-logger	scenario/viewer.go:83	visit livestream
2026-09-22T08:48:18.784Z	info	staff-logger	scenario/viewer.go:32	basic viewer scenario
2026-09-22T08:48:18.784Z	info	staff-logger	scenario/viewer.go:56	visit top
2026-09-22T08:48:18.784Z	info	staff-logger	scenario/viewer.go:64	get livestream
2026-09-22T08:48:18.784Z	info	staff-logger	scenario/viewer.go:83	visit livestream
2026-09-22T08:48:18.807Z	info	staff-logger	scenario/viewer.go:32	basic viewer scenario
2026-09-22T08:48:18.807Z	info	staff-logger	scenario/viewer.go:56	visit top
2026-09-22T08:48:18.807Z	info	staff-logger	scenario/viewer.go:64	get livestream
2026-09-22T08:48:18.807Z	info	staff-logger	scenario/viewer.go:83	visit livestream
2026-09-22T08:48:18.915Z	info	staff-logger	scenario/viewer.go:32	basic viewer scenario
2026-09-22T08:48:18.915Z	info	staff-logger	scenario/viewer.go:56	visit top
2026-09-22T08:48:18.915Z	info	staff-logger	scenario/viewer.go:64	get livestream
2026-09-22T08:48:18.915Z	info	staff-logger	scenario/viewer.go:83	visit livestream
2026-09-22T08:48:19.053Z	info	staff-logger	scenario/viewer.go:32	basic viewer scenario
2026-09-22T08:48:19.053Z	info	staff-logger	scenario/viewer.go:56	visit top
2026-09-22T08:48:19.367Z	info	staff-logger	scenario/viewer.go:32	basic viewer scenario
2026-09-22T08:48:19.367Z	info	staff-logger	scenario/viewer.go:56	visit top
2026-09-22T08:48:19.367Z	info	staff-logger	scenario/viewer.go:64	get livestream
2026-09-22T08:48:19.367Z	info	staff-logger	scenario/viewer.go:83	visit livestream
2026-09-22T08:48:19.460Z	info	staff-logger	scenario/viewer.go:32	basic viewer scenario
2026-09-22T08:48:19.460Z	info	staff-logger	scenario/viewer.go:56	visit top
2026-09-22T08:48:19.727Z	info	staff-logger	scenario/viewer.go:64	get livestream
2026-09-22T08:48:19.727Z	info	staff-logger	scenario/viewer.go:76	visit user profile
2026-09-22T08:48:19.733Z	info	staff-logger	scenario/viewer.go:32	basic viewer scenario
2026-09-22T08:48:19.733Z	info	staff-logger	scenario/viewer.go:56	visit top
2026-09-22T08:48:19.733Z	info	staff-logger	scenario/viewer.go:64	get livestream
2026-09-22T08:48:19.734Z	info	staff-logger	scenario/viewer.go:83	visit livestream
2026-09-22T08:48:19.751Z	info	staff-logger	scenario/viewer.go:64	get livestream
2026-09-22T08:48:19.751Z	info	staff-logger	scenario/viewer.go:76	visit user profile
2026-09-22T08:48:19.919Z	info	staff-logger	scenario/viewer.go:32	basic viewer scenario
2026-09-22T08:48:19.919Z	info	staff-logger	scenario/viewer.go:56	visit top
2026-09-22T08:48:19.919Z	info	staff-logger	scenario/viewer.go:64	get livestream
2026-09-22T08:48:19.919Z	info	staff-logger	scenario/viewer.go:83	visit livestream
2026-09-22T08:48:19.946Z	info	staff-logger	scenario/viewer.go:32	basic viewer scenario
2026-09-22T08:48:19.946Z	info	staff-logger	scenario/viewer.go:56	visit top
2026-09-22T08:48:19.984Z	info	staff-logger	scenario/streamer.go:48	change icon
2026-09-22T08:48:20.108Z	info	staff-logger	scenario/viewer.go:32	basic viewer scenario
2026-09-22T08:48:20.108Z	info	staff-logger	scenario/viewer.go:56	visit top
2026-09-22T08:48:20.108Z	info	staff-logger	scenario/viewer.go:64	get livestream
2026-09-22T08:48:20.108Z	info	staff-logger	scenario/viewer.go:83	visit livestream
2026-09-22T08:48:20.167Z	info	staff-logger	scenario/viewer.go:90	get livestream stats
2026-09-22T08:48:20.167Z	info	staff-logger	scenario/viewer.go:83	visit livestream
2026-09-22T08:48:20.172Z	info	staff-logger	scenario/viewer.go:32	basic viewer scenario
2026-09-22T08:48:20.172Z	info	staff-logger	scenario/viewer.go:56	visit top
2026-09-22T08:48:20.172Z	info	staff-logger	scenario/viewer.go:64	get livestream
2026-09-22T08:48:20.172Z	info	staff-logger	scenario/viewer.go:83	visit livestream
2026-09-22T08:48:20.189Z	info	staff-logger	scenario/viewer.go:32	basic viewer scenario
2026-09-22T08:48:20.189Z	info	staff-logger	scenario/viewer.go:56	visit top
2026-09-22T08:48:20.189Z	info	staff-logger	scenario/viewer.go:64	get livestream
2026-09-22T08:48:20.189Z	info	staff-logger	scenario/viewer.go:83	visit livestream
2026-09-22T08:48:20.249Z	info	staff-logger	scenario/viewer.go:83	visit livestream
2026-09-22T08:48:20.492Z	info	staff-logger	scenario/viewer.go:64	get livestream
2026-09-22T08:48:20.492Z	info	staff-logger	scenario/viewer.go:76	visit user profile
2026-09-22T08:48:20.676Z	info	staff-logger	scenario/viewer.go:32	basic viewer scenario
2026-09-22T08:48:20.676Z	info	staff-logger	scenario/viewer.go:56	visit top
2026-09-22T08:48:20.676Z	info	staff-logger	scenario/viewer.go:64	get livestream
2026-09-22T08:48:20.676Z	info	staff-logger	scenario/viewer.go:83	visit livestream
2026-09-22T08:48:20.717Z	info	staff-logger	scenario/viewer.go:32	basic viewer scenario
2026-09-22T08:48:20.717Z	info	staff-logger	scenario/viewer.go:56	visit top
2026-09-22T08:48:20.717Z	info	staff-logger	scenario/viewer.go:64	get livestream
2026-09-22T08:48:20.717Z	info	staff-logger	scenario/viewer.go:83	visit livestream
2026-09-22T08:48:20.749Z	info	staff-logger	scenario/viewer.go:32	basic viewer scenario
2026-09-22T08:48:20.749Z	info	staff-logger	scenario/viewer.go:56	visit top
2026-09-22T08:48:20.842Z	info	staff-logger	scenario/viewer.go:83	visit livestream
2026-09-22T08:48:20.976Z	info	staff-logger	scenario/viewer.go:32	basic viewer scenario
2026-09-22T08:48:20.976Z	info	staff-logger	scenario/viewer.go:56	visit top
2026-09-22T08:48:20.976Z	info	staff-logger	scenario/viewer.go:64	get livestream
2026-09-22T08:48:20.976Z	info	staff-logger	scenario/viewer.go:83	visit livestream
2026-09-22T08:48:21.106Z	info	staff-logger	scenario/viewer.go:32	basic viewer scenario
2026-09-22T08:48:21.106Z	info	staff-logger	scenario/viewer.go:56	visit top
2026-09-22T08:48:21.106Z	info	staff-logger	scenario/viewer.go:64	get livestream
2026-09-22T08:48:21.106Z	info	staff-logger	scenario/viewer.go:83	visit livestream
2026-09-22T08:48:21.114Z	info	staff-logger	scenario/streamer.go:48	change icon
2026-09-22T08:48:21.180Z	info	staff-logger	scenario/viewer.go:64	get livestream
2026-09-22T08:48:21.180Z	info	staff-logger	scenario/viewer.go:76	visit user profile
2026-09-22T08:48:21.190Z	info	staff-logger	scenario/viewer.go:32	basic viewer scenario
2026-09-22T08:48:21.190Z	info	staff-logger	scenario/viewer.go:56	visit top
2026-09-22T08:48:21.190Z	info	staff-logger	scenario/viewer.go:64	get livestream
2026-09-22T08:48:21.190Z	info	staff-logger	scenario/viewer.go:83	visit livestream
2026-09-22T08:48:21.424Z	info	staff-logger	scenario/viewer.go:32	basic viewer scenario
2026-09-22T08:48:21.424Z	info	staff-logger	scenario/viewer.go:56	visit top
2026-09-22T08:48:21.424Z	info	staff-logger	scenario/viewer.go:64	get livestream
2026-09-22T08:48:21.425Z	info	staff-logger	scenario/viewer.go:83	visit livestream
2026-09-22T08:48:21.543Z	info	staff-logger	scenario/viewer.go:83	visit livestream
2026-09-22T08:48:21.743Z	info	staff-logger	scenario/viewer.go:32	basic viewer scenario
2026-09-22T08:48:21.743Z	info	staff-logger	scenario/viewer.go:56	visit top
2026-09-22T08:48:21.743Z	info	staff-logger	scenario/viewer.go:64	get livestream
2026-09-22T08:48:21.743Z	info	staff-logger	scenario/viewer.go:83	visit livestream
2026-09-22T08:48:21.858Z	info	staff-logger	scenario/viewer.go:90	get livestream stats
2026-09-22T08:48:22.074Z	info	staff-logger	scenario/viewer.go:32	basic viewer scenario
2026-09-22T08:48:22.074Z	info	staff-logger	scenario/viewer.go:56	visit top
2026-09-22T08:48:22.074Z	info	staff-logger	scenario/viewer.go:64	get livestream
2026-09-22T08:48:22.074Z	info	staff-logger	scenario/viewer.go:83	visit livestream
2026-09-22T08:48:22.085Z	info	staff-logger	scenario/viewer.go:32	basic viewer scenario
2026-09-22T08:48:22.085Z	info	staff-logger	scenario/viewer.go:56	visit top
2026-09-22T08:48:22.085Z	info	staff-logger	scenario/viewer.go:64	get livestream
2026-09-22T08:48:22.085Z	info	staff-logger	scenario/viewer.go:83	visit livestream
2026-09-22T08:48:22.137Z	info	staff-logger	scenario/viewer.go:32	basic viewer scenario
2026-09-22T08:48:22.138Z	info	staff-logger	scenario/viewer.go:56	visit top
2026-09-22T08:48:22.138Z	info	staff-logger	scenario/viewer.go:64	get livestream
2026-09-22T08:48:22.138Z	info	staff-logger	scenario/viewer.go:83	visit livestream
2026-09-22T08:48:22.263Z	info	staff-logger	scenario/viewer.go:32	basic viewer scenario
2026-09-22T08:48:22.263Z	info	staff-logger	scenario/viewer.go:56	visit top
2026-09-22T08:48:22.263Z	info	staff-logger	scenario/viewer.go:64	get livestream
2026-09-22T08:48:22.263Z	info	staff-logger	scenario/viewer.go:83	visit livestream
2026-09-22T08:48:22.295Z	info	staff-logger	scenario/viewer.go:90	get livestream stats
2026-09-22T08:48:22.353Z	info	staff-logger	scenario/viewer.go:32	basic viewer scenario
2026-09-22T08:48:22.353Z	info	staff-logger	scenario/viewer.go:56	visit top
2026-09-22T08:48:22.353Z	info	staff-logger	scenario/viewer.go:64	get livestream
2026-09-22T08:48:22.353Z	info	staff-logger	scenario/viewer.go:83	visit livestream
2026-09-22T08:48:22.396Z	info	staff-logger	scenario/viewer.go:90	get livestream stats
2026-09-22T08:48:22.758Z	info	staff-logger	scenario/viewer.go:32	basic viewer scenario
2026-09-22T08:48:22.758Z	info	staff-logger	scenario/viewer.go:56	visit top
2026-09-22T08:48:22.759Z	info	staff-logger	scenario/viewer.go:64	get livestream
2026-09-22T08:48:22.759Z	info	staff-logger	scenario/viewer.go:83	visit livestream
2026-09-22T08:48:23.025Z	info	staff-logger	scenario/viewer.go:32	basic viewer scenario
2026-09-22T08:48:23.025Z	info	staff-logger	scenario/viewer.go:56	visit top
2026-09-22T08:48:23.025Z	info	staff-logger	scenario/viewer.go:64	get livestream
2026-09-22T08:48:23.025Z	info	staff-logger	scenario/viewer.go:83	visit livestream
2026-09-22T08:48:23.361Z	info	staff-logger	scenario/viewer.go:32	basic viewer scenario
2026-09-22T08:48:23.361Z	info	staff-logger	scenario/viewer.go:56	visit top
2026-09-22T08:48:23.361Z	info	staff-logger	scenario/viewer.go:64	get livestream
2026-09-22T08:48:23.361Z	info	staff-logger	scenario/viewer.go:83	visit livestream
2026-09-22T08:48:23.448Z	info	staff-logger	scenario/viewer.go:32	basic viewer scenario
2026-09-22T08:48:23.448Z	info	staff-logger	scenario/viewer.go:46	change icon
2026-09-22T08:48:23.544Z	info	staff-logger	scenario/viewer.go:56	visit top
2026-09-22T08:48:23.630Z	info	staff-logger	scenario/viewer.go:32	basic viewer scenario
2026-09-22T08:48:23.630Z	info	staff-logger	scenario/viewer.go:56	visit top
2026-09-22T08:48:23.630Z	info	staff-logger	scenario/viewer.go:64	get livestream
2026-09-22T08:48:23.630Z	info	staff-logger	scenario/viewer.go:83	visit livestream
2026-09-22T08:48:23.651Z	info	staff-logger	scenario/viewer.go:32	basic viewer scenario
2026-09-22T08:48:23.651Z	info	staff-logger	scenario/viewer.go:56	visit top
2026-09-22T08:48:23.651Z	info	staff-logger	scenario/viewer.go:64	get livestream
2026-09-22T08:48:23.651Z	info	staff-logger	scenario/viewer.go:83	visit livestream
2026-09-22T08:48:23.967Z	info	staff-logger	scenario/viewer.go:64	get livestream
2026-09-22T08:48:23.967Z	info	staff-logger	scenario/viewer.go:76	visit user profile
2026-09-22T08:48:24.315Z	info	staff-logger	scenario/viewer.go:83	visit livestream
2026-09-22T08:48:24.538Z	info	staff-logger	scenario/viewer.go:32	basic viewer scenario
2026-09-22T08:48:24.538Z	info	staff-logger	scenario/viewer.go:56	visit top
2026-09-22T08:48:24.538Z	info	staff-logger	scenario/viewer.go:64	get livestream
2026-09-22T08:48:24.538Z	info	staff-logger	scenario/viewer.go:83	visit livestream
2026-09-22T08:48:24.759Z	info	staff-logger	scenario/viewer.go:32	basic viewer scenario
2026-09-22T08:48:24.759Z	info	staff-logger	scenario/viewer.go:56	visit top
2026-09-22T08:48:24.759Z	info	staff-logger	scenario/viewer.go:64	get livestream
2026-09-22T08:48:24.759Z	info	staff-logger	scenario/viewer.go:83	visit livestream
2026-09-22T08:48:24.892Z	info	staff-logger	scenario/viewer.go:32	basic viewer scenario
2026-09-22T08:48:24.892Z	info	staff-logger	scenario/viewer.go:56	visit top
2026-09-22T08:48:24.892Z	info	staff-logger	scenario/viewer.go:64	get livestream
2026-09-22T08:48:24.892Z	info	staff-logger	scenario/viewer.go:83	visit livestream
2026-09-22T08:48:25.109Z	info	staff-logger	scenario/streamer.go:48	change icon
2026-09-22T08:48:25.130Z	info	staff-logger	scenario/viewer.go:32	basic viewer scenario
2026-09-22T08:48:25.130Z	info	staff-logger	scenario/viewer.go:56	visit top
2026-09-22T08:48:25.130Z	info	staff-logger	scenario/viewer.go:64	get livestream
2026-09-22T08:48:25.130Z	info	staff-logger	scenario/viewer.go:83	visit livestream
2026-09-22T08:48:25.348Z	info	staff-logger	scenario/viewer.go:32	basic viewer scenario
2026-09-22T08:48:25.348Z	info	staff-logger	scenario/viewer.go:56	visit top
2026-09-22T08:48:25.348Z	info	staff-logger	scenario/viewer.go:64	get livestream
2026-09-22T08:48:25.348Z	info	staff-logger	scenario/viewer.go:83	visit livestream
2026-09-22T08:48:25.750Z	info	staff-logger	scenario/viewer.go:32	basic viewer scenario
2026-09-22T08:48:25.750Z	info	staff-logger	scenario/viewer.go:56	visit top
2026-09-22T08:48:25.750Z	info	staff-logger	scenario/viewer.go:64	get livestream
2026-09-22T08:48:25.750Z	info	staff-logger	scenario/viewer.go:83	visit livestream
2026-09-22T08:48:25.838Z	info	staff-logger	scenario/viewer.go:32	basic viewer scenario
2026-09-22T08:48:25.838Z	info	staff-logger	scenario/viewer.go:56	visit top
2026-09-22T08:48:25.838Z	info	staff-logger	scenario/viewer.go:64	get livestream
2026-09-22T08:48:25.838Z	info	staff-logger	scenario/viewer.go:83	visit livestream
2026-09-22T08:48:25.871Z	info	staff-logger	scenario/viewer.go:32	basic viewer scenario
2026-09-22T08:48:25.871Z	info	staff-logger	scenario/viewer.go:56	visit top
2026-09-22T08:48:25.871Z	info	staff-logger	scenario/viewer.go:64	get livestream
2026-09-22T08:48:25.871Z	info	staff-logger	scenario/viewer.go:83	visit livestream
2026-09-22T08:48:26.165Z	info	staff-logger	scenario/streamer.go:48	change icon
2026-09-22T08:48:26.211Z	info	staff-logger	scenario/viewer.go:32	basic viewer scenario
2026-09-22T08:48:26.211Z	info	staff-logger	scenario/viewer.go:56	visit top
2026-09-22T08:48:26.211Z	info	staff-logger	scenario/viewer.go:64	get livestream
2026-09-22T08:48:26.211Z	info	staff-logger	scenario/viewer.go:83	visit livestream
2026-09-22T08:48:26.242Z	info	staff-logger	scenario/viewer.go:32	basic viewer scenario
2026-09-22T08:48:26.242Z	info	staff-logger	scenario/viewer.go:56	visit top
2026-09-22T08:48:26.242Z	info	staff-logger	scenario/viewer.go:64	get livestream
2026-09-22T08:48:26.242Z	info	staff-logger	scenario/viewer.go:83	visit livestream
2026-09-22T08:48:26.507Z	info	staff-logger	scenario/viewer.go:32	basic viewer scenario
2026-09-22T08:48:26.507Z	info	staff-logger	scenario/viewer.go:56	visit top
2026-09-22T08:48:26.507Z	info	staff-logger	scenario/viewer.go:64	get livestream
2026-09-22T08:48:26.507Z	info	staff-logger	scenario/viewer.go:83	visit livestream
2026-09-22T08:48:26.602Z	info	staff-logger	scenario/viewer.go:32	basic viewer scenario
2026-09-22T08:48:26.602Z	info	staff-logger	scenario/viewer.go:56	visit top
2026-09-22T08:48:26.602Z	info	staff-logger	scenario/viewer.go:64	get livestream
2026-09-22T08:48:26.602Z	info	staff-logger	scenario/viewer.go:83	visit livestream
2026-09-22T08:48:27.068Z	info	staff-logger	scenario/viewer.go:32	basic viewer scenario
2026-09-22T08:48:27.068Z	info	staff-logger	scenario/viewer.go:56	visit top
2026-09-22T08:48:27.068Z	info	staff-logger	scenario/viewer.go:64	get livestream
2026-09-22T08:48:27.068Z	info	staff-logger	scenario/viewer.go:83	visit livestream
2026-09-22T08:48:27.077Z	info	staff-logger	scenario/viewer.go:32	basic viewer scenario
2026-09-22T08:48:27.077Z	info	staff-logger	scenario/viewer.go:56	visit top
2026-09-22T08:48:27.078Z	info	staff-logger	scenario/viewer.go:64	get livestream
2026-09-22T08:48:27.078Z	info	staff-logger	scenario/viewer.go:83	visit livestream
2026-09-22T08:48:27.330Z	info	staff-logger	scenario/viewer.go:32	basic viewer scenario
2026-09-22T08:48:27.330Z	info	staff-logger	scenario/viewer.go:56	visit top
2026-09-22T08:48:27.330Z	info	staff-logger	scenario/viewer.go:64	get livestream
2026-09-22T08:48:27.330Z	info	staff-logger	scenario/viewer.go:83	visit livestream
2026-09-22T08:48:27.596Z	info	staff-logger	scenario/viewer.go:32	basic viewer scenario
2026-09-22T08:48:27.596Z	info	staff-logger	scenario/viewer.go:56	visit top
2026-09-22T08:48:27.596Z	info	staff-logger	scenario/viewer.go:64	get livestream
2026-09-22T08:48:27.596Z	info	staff-logger	scenario/viewer.go:83	visit livestream
2026-09-22T08:48:27.819Z	info	staff-logger	scenario/viewer.go:32	basic viewer scenario
2026-09-22T08:48:27.819Z	info	staff-logger	scenario/viewer.go:56	visit top
2026-09-22T08:48:27.820Z	info	staff-logger	scenario/viewer.go:64	get livestream
2026-09-22T08:48:27.820Z	info	staff-logger	scenario/viewer.go:83	visit livestream
2026-09-22T08:48:27.824Z	info	staff-logger	scenario/viewer.go:32	basic viewer scenario
2026-09-22T08:48:27.824Z	info	staff-logger	scenario/viewer.go:56	visit top
2026-09-22T08:48:27.824Z	info	staff-logger	scenario/viewer.go:64	get livestream
2026-09-22T08:48:27.824Z	info	staff-logger	scenario/viewer.go:83	visit livestream
2026-09-22T08:48:27.854Z	info	staff-logger	scenario/viewer.go:90	get livestream stats
2026-09-22T08:48:28.083Z	info	staff-logger	scenario/viewer.go:32	basic viewer scenario
2026-09-22T08:48:28.084Z	info	staff-logger	scenario/viewer.go:56	visit top
2026-09-22T08:48:28.084Z	info	staff-logger	scenario/viewer.go:64	get livestream
2026-09-22T08:48:28.084Z	info	staff-logger	scenario/viewer.go:83	visit livestream
2026-09-22T08:48:28.553Z	info	staff-logger	scenario/viewer.go:32	basic viewer scenario
2026-09-22T08:48:28.553Z	info	staff-logger	scenario/viewer.go:56	visit top
2026-09-22T08:48:28.553Z	info	staff-logger	scenario/viewer.go:64	get livestream
2026-09-22T08:48:28.553Z	info	staff-logger	scenario/viewer.go:83	visit livestream
2026-09-22T08:48:28.621Z	info	staff-logger	scenario/viewer.go:32	basic viewer scenario
2026-09-22T08:48:28.621Z	info	staff-logger	scenario/viewer.go:56	visit top
2026-09-22T08:48:28.652Z	info	staff-logger	scenario/viewer.go:32	basic viewer scenario
2026-09-22T08:48:28.652Z	info	staff-logger	scenario/viewer.go:56	visit top
2026-09-22T08:48:29.049Z	info	staff-logger	scenario/viewer.go:32	basic viewer scenario
2026-09-22T08:48:29.050Z	info	staff-logger	scenario/viewer.go:56	visit top
2026-09-22T08:48:29.050Z	info	staff-logger	scenario/viewer.go:64	get livestream
2026-09-22T08:48:29.050Z	info	staff-logger	scenario/viewer.go:83	visit livestream
2026-09-22T08:48:29.070Z	info	staff-logger	scenario/viewer.go:64	get livestream
2026-09-22T08:48:29.070Z	info	staff-logger	scenario/viewer.go:76	visit user profile
2026-09-22T08:48:29.181Z	info	staff-logger	scenario/viewer.go:64	get livestream
2026-09-22T08:48:29.181Z	info	staff-logger	scenario/viewer.go:76	visit user profile
2026-09-22T08:48:29.495Z	info	staff-logger	scenario/viewer.go:32	basic viewer scenario
2026-09-22T08:48:29.495Z	info	staff-logger	scenario/viewer.go:56	visit top
2026-09-22T08:48:29.495Z	info	staff-logger	scenario/viewer.go:64	get livestream
2026-09-22T08:48:29.495Z	info	staff-logger	scenario/viewer.go:83	visit livestream
2026-09-22T08:48:29.522Z	info	staff-logger	scenario/viewer.go:32	basic viewer scenario
2026-09-22T08:48:29.522Z	info	staff-logger	scenario/viewer.go:56	visit top
2026-09-22T08:48:29.522Z	info	staff-logger	scenario/viewer.go:64	get livestream
2026-09-22T08:48:29.522Z	info	staff-logger	scenario/viewer.go:83	visit livestream
2026-09-22T08:48:29.602Z	info	staff-logger	scenario/viewer.go:83	visit livestream
2026-09-22T08:48:29.612Z	info	staff-logger	scenario/viewer.go:32	basic viewer scenario
2026-09-22T08:48:29.612Z	info	staff-logger	scenario/viewer.go:56	visit top
2026-09-22T08:48:29.612Z	info	staff-logger	scenario/viewer.go:64	get livestream
2026-09-22T08:48:29.612Z	info	staff-logger	scenario/viewer.go:83	visit livestream
2026-09-22T08:48:29.657Z	info	staff-logger	scenario/viewer.go:83	visit livestream
2026-09-22T08:48:29.769Z	info	staff-logger	scenario/viewer.go:32	basic viewer scenario
2026-09-22T08:48:29.769Z	info	staff-logger	scenario/viewer.go:56	visit top
2026-09-22T08:48:29.769Z	info	staff-logger	scenario/viewer.go:64	get livestream
2026-09-22T08:48:29.769Z	info	staff-logger	scenario/viewer.go:83	visit livestream
2026-09-22T08:48:30.197Z	info	staff-logger	scenario/viewer.go:32	basic viewer scenario
2026-09-22T08:48:30.197Z	info	staff-logger	scenario/viewer.go:56	visit top
2026-09-22T08:48:30.559Z	info	staff-logger	scenario/viewer.go:32	basic viewer scenario
2026-09-22T08:48:30.559Z	info	staff-logger	scenario/viewer.go:56	visit top
2026-09-22T08:48:30.653Z	info	staff-logger	scenario/viewer.go:32	basic viewer scenario
2026-09-22T08:48:30.654Z	info	staff-logger	scenario/viewer.go:56	visit top
2026-09-22T08:48:30.654Z	info	staff-logger	scenario/viewer.go:64	get livestream
2026-09-22T08:48:30.654Z	info	staff-logger	scenario/viewer.go:83	visit livestream
2026-09-22T08:48:30.699Z	info	staff-logger	scenario/viewer.go:32	basic viewer scenario
2026-09-22T08:48:30.699Z	info	staff-logger	scenario/viewer.go:56	visit top
2026-09-22T08:48:30.699Z	info	staff-logger	scenario/viewer.go:64	get livestream
2026-09-22T08:48:30.699Z	info	staff-logger	scenario/viewer.go:83	visit livestream
2026-09-22T08:48:30.731Z	info	staff-logger	scenario/viewer.go:64	get livestream
2026-09-22T08:48:30.731Z	info	staff-logger	scenario/viewer.go:76	visit user profile
2026-09-22T08:48:30.828Z	info	staff-logger	scenario/viewer.go:90	get livestream stats
2026-09-22T08:48:30.871Z	info	staff-logger	scenario/viewer.go:32	basic viewer scenario
2026-09-22T08:48:30.871Z	info	staff-logger	scenario/viewer.go:56	visit top
2026-09-22T08:48:30.871Z	info	staff-logger	scenario/viewer.go:64	get livestream
2026-09-22T08:48:30.871Z	info	staff-logger	scenario/viewer.go:83	visit livestream
2026-09-22T08:48:30.942Z	info	staff-logger	scenario/viewer.go:32	basic viewer scenario
2026-09-22T08:48:30.942Z	info	staff-logger	scenario/viewer.go:56	visit top
2026-09-22T08:48:30.942Z	info	staff-logger	scenario/viewer.go:64	get livestream
2026-09-22T08:48:30.942Z	info	staff-logger	scenario/viewer.go:83	visit livestream
2026-09-22T08:48:30.945Z	info	staff-logger	scenario/viewer.go:32	basic viewer scenario
2026-09-22T08:48:30.946Z	info	staff-logger	scenario/viewer.go:56	visit top
2026-09-22T08:48:30.946Z	info	staff-logger	scenario/viewer.go:64	get livestream
2026-09-22T08:48:30.946Z	info	staff-logger	scenario/viewer.go:83	visit livestream
2026-09-22T08:48:30.987Z	info	staff-logger	scenario/viewer.go:64	get livestream
2026-09-22T08:48:30.987Z	info	staff-logger	scenario/viewer.go:76	visit user profile
2026-09-22T08:48:31.125Z	info	staff-logger	scenario/viewer.go:90	get livestream stats
2026-09-22T08:48:31.149Z	info	staff-logger	scenario/viewer.go:83	visit livestream
2026-09-22T08:48:31.228Z	info	staff-logger	scenario/viewer.go:32	basic viewer scenario
2026-09-22T08:48:31.229Z	info	staff-logger	scenario/viewer.go:56	visit top
2026-09-22T08:48:31.229Z	info	staff-logger	scenario/viewer.go:64	get livestream
2026-09-22T08:48:31.229Z	info	staff-logger	scenario/viewer.go:83	visit livestream
2026-09-22T08:48:31.292Z	info	staff-logger	scenario/streamer.go:48	change icon
2026-09-22T08:48:31.368Z	info	staff-logger	scenario/viewer.go:83	visit livestream
2026-09-22T08:48:31.420Z	info	staff-logger	scenario/viewer.go:32	basic viewer scenario
2026-09-22T08:48:31.420Z	info	staff-logger	scenario/viewer.go:56	visit top
2026-09-22T08:48:31.420Z	info	staff-logger	scenario/viewer.go:64	get livestream
2026-09-22T08:48:31.420Z	info	staff-logger	scenario/viewer.go:83	visit livestream
2026-09-22T08:48:31.721Z	info	staff-logger	scenario/viewer.go:32	basic viewer scenario
2026-09-22T08:48:31.721Z	info	staff-logger	scenario/viewer.go:56	visit top
2026-09-22T08:48:31.721Z	info	staff-logger	scenario/viewer.go:64	get livestream
2026-09-22T08:48:31.721Z	info	staff-logger	scenario/viewer.go:83	visit livestream
2026-09-22T08:48:31.760Z	info	staff-logger	scenario/viewer.go:32	basic viewer scenario
2026-09-22T08:48:31.760Z	info	staff-logger	scenario/viewer.go:56	visit top
2026-09-22T08:48:31.760Z	info	staff-logger	scenario/viewer.go:64	get livestream
2026-09-22T08:48:31.760Z	info	staff-logger	scenario/viewer.go:83	visit livestream
2026-09-22T08:48:32.350Z	info	staff-logger	scenario/viewer.go:32	basic viewer scenario
2026-09-22T08:48:32.350Z	info	staff-logger	scenario/viewer.go:56	visit top
2026-09-22T08:48:32.350Z	info	staff-logger	scenario/viewer.go:64	get livestream
2026-09-22T08:48:32.350Z	info	staff-logger	scenario/viewer.go:83	visit livestream
2026-09-22T08:48:32.435Z	info	staff-logger	scenario/viewer.go:32	basic viewer scenario
2026-09-22T08:48:32.435Z	info	staff-logger	scenario/viewer.go:56	visit top
2026-09-22T08:48:32.438Z	info	staff-logger	scenario/streamer.go:48	change icon
2026-09-22T08:48:32.493Z	info	staff-logger	scenario/viewer.go:32	basic viewer scenario
2026-09-22T08:48:32.493Z	info	staff-logger	scenario/viewer.go:56	visit top
2026-09-22T08:48:32.493Z	info	staff-logger	scenario/viewer.go:64	get livestream
2026-09-22T08:48:32.493Z	info	staff-logger	scenario/viewer.go:83	visit livestream
2026-09-22T08:48:32.508Z	info	staff-logger	scenario/viewer.go:90	get livestream stats
2026-09-22T08:48:32.629Z	info	staff-logger	scenario/viewer.go:32	basic viewer scenario
2026-09-22T08:48:32.629Z	info	staff-logger	scenario/viewer.go:56	visit top
2026-09-22T08:48:32.629Z	info	staff-logger	scenario/viewer.go:64	get livestream
2026-09-22T08:48:32.630Z	info	staff-logger	scenario/viewer.go:83	visit livestream
2026-09-22T08:48:32.762Z	info	staff-logger	scenario/viewer.go:64	get livestream
2026-09-22T08:48:32.762Z	info	staff-logger	scenario/viewer.go:76	visit user profile
2026-09-22T08:48:32.821Z	info	staff-logger	scenario/viewer.go:90	get livestream stats
2026-09-22T08:48:32.877Z	info	staff-logger	scenario/viewer.go:32	basic viewer scenario
2026-09-22T08:48:32.877Z	info	staff-logger	scenario/viewer.go:56	visit top
2026-09-22T08:48:32.877Z	info	staff-logger	scenario/viewer.go:64	get livestream
2026-09-22T08:48:32.877Z	info	staff-logger	scenario/viewer.go:83	visit livestream
2026-09-22T08:48:32.919Z	info	staff-logger	scenario/viewer.go:32	basic viewer scenario
2026-09-22T08:48:32.919Z	info	staff-logger	scenario/viewer.go:56	visit top
2026-09-22T08:48:32.919Z	info	staff-logger	scenario/viewer.go:64	get livestream
2026-09-22T08:48:32.919Z	info	staff-logger	scenario/viewer.go:83	visit livestream
2026-09-22T08:48:32.932Z	info	staff-logger	scenario/viewer.go:32	basic viewer scenario
2026-09-22T08:48:32.932Z	info	staff-logger	scenario/viewer.go:56	visit top
2026-09-22T08:48:33.155Z	info	staff-logger	scenario/viewer.go:32	basic viewer scenario
2026-09-22T08:48:33.155Z	info	staff-logger	scenario/viewer.go:56	visit top
2026-09-22T08:48:33.155Z	info	staff-logger	scenario/viewer.go:64	get livestream
2026-09-22T08:48:33.155Z	info	staff-logger	scenario/viewer.go:83	visit livestream
2026-09-22T08:48:33.273Z	info	staff-logger	scenario/viewer.go:83	visit livestream
2026-09-22T08:48:33.450Z	info	staff-logger	scenario/viewer.go:64	get livestream
2026-09-22T08:48:33.450Z	info	staff-logger	scenario/viewer.go:76	visit user profile
2026-09-22T08:48:33.731Z	info	staff-logger	scenario/viewer.go:32	basic viewer scenario
2026-09-22T08:48:33.731Z	info	staff-logger	scenario/viewer.go:56	visit top
2026-09-22T08:48:33.731Z	info	staff-logger	scenario/viewer.go:64	get livestream
2026-09-22T08:48:33.731Z	info	staff-logger	scenario/viewer.go:83	visit livestream
2026-09-22T08:48:33.739Z	info	staff-logger	scenario/viewer.go:83	visit livestream
2026-09-22T08:48:33.779Z	info	staff-logger	scenario/viewer.go:32	basic viewer scenario
2026-09-22T08:48:33.779Z	info	staff-logger	scenario/viewer.go:56	visit top
2026-09-22T08:48:33.779Z	info	staff-logger	scenario/viewer.go:64	get livestream
2026-09-22T08:48:33.779Z	info	staff-logger	scenario/viewer.go:83	visit livestream
2026-09-22T08:48:33.892Z	info	staff-logger	scenario/viewer.go:90	get livestream stats
2026-09-22T08:48:34.157Z	info	staff-logger	scenario/viewer.go:32	basic viewer scenario
2026-09-22T08:48:34.157Z	info	staff-logger	scenario/viewer.go:56	visit top
2026-09-22T08:48:34.157Z	info	staff-logger	scenario/viewer.go:64	get livestream
2026-09-22T08:48:34.157Z	info	staff-logger	scenario/viewer.go:83	visit livestream
2026-09-22T08:48:34.620Z	info	staff-logger	scenario/viewer.go:32	basic viewer scenario
2026-09-22T08:48:34.620Z	info	staff-logger	scenario/viewer.go:56	visit top
2026-09-22T08:48:34.620Z	info	staff-logger	scenario/viewer.go:64	get livestream
2026-09-22T08:48:34.620Z	info	staff-logger	scenario/viewer.go:83	visit livestream
2026-09-22T08:48:35.451Z	info	staff-logger	scenario/viewer.go:32	basic viewer scenario
2026-09-22T08:48:35.451Z	info	staff-logger	scenario/viewer.go:56	visit top
2026-09-22T08:48:35.451Z	info	staff-logger	scenario/viewer.go:64	get livestream
2026-09-22T08:48:35.451Z	info	staff-logger	scenario/viewer.go:83	visit livestream
2026-09-22T08:48:35.490Z	info	staff-logger	scenario/viewer.go:32	basic viewer scenario
2026-09-22T08:48:35.490Z	info	staff-logger	scenario/viewer.go:56	visit top
2026-09-22T08:48:35.490Z	info	staff-logger	scenario/viewer.go:64	get livestream
2026-09-22T08:48:35.490Z	info	staff-logger	scenario/viewer.go:83	visit livestream
2026-09-22T08:48:35.802Z	info	staff-logger	scenario/viewer.go:32	basic viewer scenario
2026-09-22T08:48:35.802Z	info	staff-logger	scenario/viewer.go:56	visit top
2026-09-22T08:48:35.802Z	info	staff-logger	scenario/viewer.go:64	get livestream
2026-09-22T08:48:35.802Z	info	staff-logger	scenario/viewer.go:83	visit livestream
2026-09-22T08:48:35.883Z	info	staff-logger	scenario/viewer.go:32	basic viewer scenario
2026-09-22T08:48:35.883Z	info	staff-logger	scenario/viewer.go:56	visit top
2026-09-22T08:48:35.883Z	info	staff-logger	scenario/viewer.go:64	get livestream
2026-09-22T08:48:35.883Z	info	staff-logger	scenario/viewer.go:83	visit livestream
2026-09-22T08:48:36.172Z	info	staff-logger	scenario/viewer.go:32	basic viewer scenario
2026-09-22T08:48:36.173Z	info	staff-logger	scenario/viewer.go:56	visit top
2026-09-22T08:48:36.173Z	info	staff-logger	scenario/viewer.go:64	get livestream
2026-09-22T08:48:36.173Z	info	staff-logger	scenario/viewer.go:83	visit livestream
2026-09-22T08:48:36.316Z	info	staff-logger	scenario/viewer.go:32	basic viewer scenario
2026-09-22T08:48:36.316Z	info	staff-logger	scenario/viewer.go:56	visit top
2026-09-22T08:48:36.316Z	info	staff-logger	scenario/viewer.go:64	get livestream
2026-09-22T08:48:36.316Z	info	staff-logger	scenario/viewer.go:83	visit livestream
2026-09-22T08:48:36.527Z	info	staff-logger	scenario/viewer.go:32	basic viewer scenario
2026-09-22T08:48:36.527Z	info	staff-logger	scenario/viewer.go:56	visit top
2026-09-22T08:48:36.527Z	info	staff-logger	scenario/viewer.go:64	get livestream
2026-09-22T08:48:36.527Z	info	staff-logger	scenario/viewer.go:83	visit livestream
2026-09-22T08:48:37.151Z	info	staff-logger	scenario/viewer.go:32	basic viewer scenario
2026-09-22T08:48:37.151Z	info	staff-logger	scenario/viewer.go:56	visit top
2026-09-22T08:48:37.151Z	info	staff-logger	scenario/viewer.go:64	get livestream
2026-09-22T08:48:37.151Z	info	staff-logger	scenario/viewer.go:83	visit livestream
2026-09-22T08:48:37.293Z	info	staff-logger	scenario/viewer.go:32	basic viewer scenario
2026-09-22T08:48:37.293Z	info	staff-logger	scenario/viewer.go:56	visit top
2026-09-22T08:48:37.293Z	info	staff-logger	scenario/viewer.go:64	get livestream
2026-09-22T08:48:37.293Z	info	staff-logger	scenario/viewer.go:83	visit livestream
2026-09-22T08:48:37.611Z	info	staff-logger	scenario/viewer.go:32	basic viewer scenario
2026-09-22T08:48:37.611Z	info	staff-logger	scenario/viewer.go:56	visit top
2026-09-22T08:48:37.611Z	info	staff-logger	scenario/viewer.go:64	get livestream
2026-09-22T08:48:37.611Z	info	staff-logger	scenario/viewer.go:83	visit livestream
2026-09-22T08:48:37.627Z	info	staff-logger	scenario/viewer.go:32	basic viewer scenario
2026-09-22T08:48:37.627Z	info	staff-logger	scenario/viewer.go:56	visit top
2026-09-22T08:48:37.627Z	info	staff-logger	scenario/viewer.go:64	get livestream
2026-09-22T08:48:37.627Z	info	staff-logger	scenario/viewer.go:83	visit livestream
2026-09-22T08:48:37.698Z	info	staff-logger	scenario/viewer.go:32	basic viewer scenario
2026-09-22T08:48:37.698Z	info	staff-logger	scenario/viewer.go:56	visit top
2026-09-22T08:48:37.698Z	info	staff-logger	scenario/viewer.go:64	get livestream
2026-09-22T08:48:37.698Z	info	staff-logger	scenario/viewer.go:83	visit livestream
2026-09-22T08:48:37.783Z	info	staff-logger	scenario/viewer.go:32	basic viewer scenario
2026-09-22T08:48:37.783Z	info	staff-logger	scenario/viewer.go:56	visit top
2026-09-22T08:48:37.783Z	info	staff-logger	scenario/viewer.go:64	get livestream
2026-09-22T08:48:37.783Z	info	staff-logger	scenario/viewer.go:83	visit livestream
2026-09-22T08:48:37.924Z	info	staff-logger	scenario/viewer.go:32	basic viewer scenario
2026-09-22T08:48:37.925Z	info	staff-logger	scenario/viewer.go:56	visit top
2026-09-22T08:48:37.925Z	info	staff-logger	scenario/viewer.go:64	get livestream
2026-09-22T08:48:37.925Z	info	staff-logger	scenario/viewer.go:83	visit livestream
2026-09-22T08:48:37.951Z	info	staff-logger	scenario/viewer.go:90	get livestream stats
2026-09-22T08:48:38.048Z	info	staff-logger	scenario/viewer.go:32	basic viewer scenario
2026-09-22T08:48:38.048Z	info	staff-logger	scenario/viewer.go:56	visit top
2026-09-22T08:48:38.048Z	info	staff-logger	scenario/viewer.go:64	get livestream
2026-09-22T08:48:38.048Z	info	staff-logger	scenario/viewer.go:83	visit livestream
2026-09-22T08:48:38.162Z	info	staff-logger	scenario/viewer.go:32	basic viewer scenario
2026-09-22T08:48:38.162Z	info	staff-logger	scenario/viewer.go:56	visit top
2026-09-22T08:48:38.162Z	info	staff-logger	scenario/viewer.go:64	get livestream
2026-09-22T08:48:38.162Z	info	staff-logger	scenario/viewer.go:83	visit livestream
2026-09-22T08:48:38.272Z	info	staff-logger	scenario/viewer.go:32	basic viewer scenario
2026-09-22T08:48:38.272Z	info	staff-logger	scenario/viewer.go:56	visit top
2026-09-22T08:48:38.272Z	info	staff-logger	scenario/viewer.go:64	get livestream
2026-09-22T08:48:38.272Z	info	staff-logger	scenario/viewer.go:83	visit livestream
2026-09-22T08:48:38.272Z	info	staff-logger	scenario/viewer.go:32	basic viewer scenario
2026-09-22T08:48:38.272Z	info	staff-logger	scenario/viewer.go:56	visit top
2026-09-22T08:48:38.272Z	info	staff-logger	scenario/viewer.go:64	get livestream
2026-09-22T08:48:38.272Z	info	staff-logger	scenario/viewer.go:83	visit livestream
2026-09-22T08:48:38.503Z	info	staff-logger	scenario/viewer.go:32	basic viewer scenario
2026-09-22T08:48:38.503Z	info	staff-logger	scenario/viewer.go:56	visit top
2026-09-22T08:48:38.503Z	info	staff-logger	scenario/viewer.go:64	get livestream
2026-09-22T08:48:38.503Z	info	staff-logger	scenario/viewer.go:83	visit livestream
2026-09-22T08:48:38.644Z	info	staff-logger	scenario/viewer.go:32	basic viewer scenario
2026-09-22T08:48:38.644Z	info	staff-logger	scenario/viewer.go:56	visit top
2026-09-22T08:48:38.644Z	info	staff-logger	scenario/viewer.go:64	get livestream
2026-09-22T08:48:38.644Z	info	staff-logger	scenario/viewer.go:83	visit livestream
2026-09-22T08:48:38.906Z	info	staff-logger	scenario/streamer.go:48	change icon
2026-09-22T08:48:38.938Z	info	staff-logger	scenario/viewer.go:32	basic viewer scenario
2026-09-22T08:48:38.938Z	info	staff-logger	scenario/viewer.go:56	visit top
2026-09-22T08:48:38.938Z	info	staff-logger	scenario/viewer.go:64	get livestream
2026-09-22T08:48:38.938Z	info	staff-logger	scenario/viewer.go:83	visit livestream
2026-09-22T08:48:39.101Z	info	staff-logger	scenario/viewer.go:32	basic viewer scenario
2026-09-22T08:48:39.101Z	info	staff-logger	scenario/viewer.go:56	visit top
2026-09-22T08:48:39.101Z	info	staff-logger	scenario/viewer.go:64	get livestream
2026-09-22T08:48:39.101Z	info	staff-logger	scenario/viewer.go:83	visit livestream
2026-09-22T08:48:39.257Z	info	staff-logger	scenario/viewer.go:32	basic viewer scenario
2026-09-22T08:48:39.257Z	info	staff-logger	scenario/viewer.go:56	visit top
2026-09-22T08:48:39.257Z	info	staff-logger	scenario/viewer.go:64	get livestream
2026-09-22T08:48:39.257Z	info	staff-logger	scenario/viewer.go:83	visit livestream
2026-09-22T08:48:39.294Z	info	staff-logger	scenario/viewer.go:32	basic viewer scenario
2026-09-22T08:48:39.294Z	info	staff-logger	scenario/viewer.go:56	visit top
2026-09-22T08:48:39.294Z	info	staff-logger	scenario/viewer.go:64	get livestream
2026-09-22T08:48:39.294Z	info	staff-logger	scenario/viewer.go:83	visit livestream
2026-09-22T08:48:39.456Z	info	staff-logger	scenario/viewer.go:32	basic viewer scenario
2026-09-22T08:48:39.456Z	info	staff-logger	scenario/viewer.go:56	visit top
2026-09-22T08:48:39.456Z	info	staff-logger	scenario/viewer.go:64	get livestream
2026-09-22T08:48:39.456Z	info	staff-logger	scenario/viewer.go:83	visit livestream
2026-09-22T08:48:39.904Z	info	staff-logger	scenario/viewer.go:32	basic viewer scenario
2026-09-22T08:48:39.904Z	info	staff-logger	scenario/viewer.go:56	visit top
2026-09-22T08:48:39.904Z	info	staff-logger	scenario/viewer.go:64	get livestream
2026-09-22T08:48:39.904Z	info	staff-logger	scenario/viewer.go:83	visit livestream
2026-09-22T08:48:40.032Z	info	staff-logger	scenario/viewer.go:32	basic viewer scenario
2026-09-22T08:48:40.032Z	info	staff-logger	scenario/viewer.go:56	visit top
2026-09-22T08:48:40.032Z	info	staff-logger	scenario/viewer.go:64	get livestream
2026-09-22T08:48:40.032Z	info	staff-logger	scenario/viewer.go:83	visit livestream
2026-09-22T08:48:40.078Z	info	staff-logger	scenario/viewer.go:32	basic viewer scenario
2026-09-22T08:48:40.078Z	info	staff-logger	scenario/viewer.go:56	visit top
2026-09-22T08:48:40.078Z	info	staff-logger	scenario/viewer.go:64	get livestream
2026-09-22T08:48:40.078Z	info	staff-logger	scenario/viewer.go:83	visit livestream
2026-09-22T08:48:40.136Z	info	staff-logger	scenario/viewer.go:32	basic viewer scenario
2026-09-22T08:48:40.136Z	info	staff-logger	scenario/viewer.go:56	visit top
2026-09-22T08:48:40.136Z	info	staff-logger	scenario/viewer.go:64	get livestream
2026-09-22T08:48:40.136Z	info	staff-logger	scenario/viewer.go:83	visit livestream
2026-09-22T08:48:40.265Z	info	staff-logger	scenario/viewer.go:32	basic viewer scenario
2026-09-22T08:48:40.265Z	info	staff-logger	scenario/viewer.go:56	visit top
2026-09-22T08:48:40.265Z	info	staff-logger	scenario/viewer.go:64	get livestream
2026-09-22T08:48:40.265Z	info	staff-logger	scenario/viewer.go:83	visit livestream
2026-09-22T08:48:40.310Z	info	staff-logger	scenario/viewer.go:32	basic viewer scenario
2026-09-22T08:48:40.310Z	info	staff-logger	scenario/viewer.go:56	visit top
2026-09-22T08:48:40.310Z	info	staff-logger	scenario/viewer.go:64	get livestream
2026-09-22T08:48:40.310Z	info	staff-logger	scenario/viewer.go:83	visit livestream
2026-09-22T08:48:40.366Z	info	staff-logger	scenario/viewer.go:90	get livestream stats
2026-09-22T08:48:40.413Z	info	staff-logger	scenario/viewer.go:32	basic viewer scenario
2026-09-22T08:48:40.413Z	info	staff-logger	scenario/viewer.go:56	visit top
2026-09-22T08:48:40.561Z	info	staff-logger	scenario/viewer.go:32	basic viewer scenario
2026-09-22T08:48:40.562Z	info	staff-logger	scenario/viewer.go:56	visit top
2026-09-22T08:48:40.562Z	info	staff-logger	scenario/viewer.go:64	get livestream
2026-09-22T08:48:40.562Z	info	staff-logger	scenario/viewer.go:83	visit livestream
2026-09-22T08:48:40.642Z	info	staff-logger	scenario/viewer.go:32	basic viewer scenario
2026-09-22T08:48:40.642Z	info	staff-logger	scenario/viewer.go:56	visit top
2026-09-22T08:48:40.642Z	info	staff-logger	scenario/viewer.go:64	get livestream
2026-09-22T08:48:40.642Z	info	staff-logger	scenario/viewer.go:83	visit livestream
2026-09-22T08:48:40.802Z	info	staff-logger	scenario/viewer.go:64	get livestream
2026-09-22T08:48:40.803Z	info	staff-logger	scenario/viewer.go:76	visit user profile
2026-09-22T08:48:40.898Z	info	staff-logger	scenario/viewer.go:32	basic viewer scenario
2026-09-22T08:48:40.898Z	info	staff-logger	scenario/viewer.go:56	visit top
2026-09-22T08:48:40.898Z	info	staff-logger	scenario/viewer.go:64	get livestream
2026-09-22T08:48:40.898Z	info	staff-logger	scenario/viewer.go:83	visit livestream
2026-09-22T08:48:40.961Z	info	staff-logger	scenario/viewer.go:32	basic viewer scenario
2026-09-22T08:48:40.961Z	info	staff-logger	scenario/viewer.go:56	visit top
2026-09-22T08:48:40.961Z	info	staff-logger	scenario/viewer.go:64	get livestream
2026-09-22T08:48:40.961Z	info	staff-logger	scenario/viewer.go:83	visit livestream
2026-09-22T08:48:41.071Z	info	staff-logger	scenario/viewer.go:32	basic viewer scenario
2026-09-22T08:48:41.071Z	info	staff-logger	scenario/viewer.go:56	visit top
2026-09-22T08:48:41.071Z	info	staff-logger	scenario/viewer.go:64	get livestream
2026-09-22T08:48:41.072Z	info	staff-logger	scenario/viewer.go:83	visit livestream
2026-09-22T08:48:41.153Z	info	staff-logger	scenario/viewer.go:90	get livestream stats
2026-09-22T08:48:41.188Z	info	staff-logger	scenario/viewer.go:83	visit livestream
2026-09-22T08:48:41.528Z	info	staff-logger	scenario/viewer.go:32	basic viewer scenario
2026-09-22T08:48:41.528Z	info	staff-logger	scenario/viewer.go:56	visit top
2026-09-22T08:48:41.528Z	info	staff-logger	scenario/viewer.go:64	get livestream
2026-09-22T08:48:41.528Z	info	staff-logger	scenario/viewer.go:83	visit livestream
2026-09-22T08:48:41.835Z	info	staff-logger	scenario/viewer.go:32	basic viewer scenario
2026-09-22T08:48:41.835Z	info	staff-logger	scenario/viewer.go:56	visit top
2026-09-22T08:48:41.835Z	info	staff-logger	scenario/viewer.go:64	get livestream
2026-09-22T08:48:41.835Z	info	staff-logger	scenario/viewer.go:83	visit livestream
2026-09-22T08:48:41.949Z	info	staff-logger	scenario/viewer.go:32	basic viewer scenario
2026-09-22T08:48:41.949Z	info	staff-logger	scenario/viewer.go:56	visit top
2026-09-22T08:48:41.949Z	info	staff-logger	scenario/viewer.go:64	get livestream
2026-09-22T08:48:41.949Z	info	staff-logger	scenario/viewer.go:83	visit livestream
2026-09-22T08:48:42.009Z	info	staff-logger	scenario/viewer.go:32	basic viewer scenario
2026-09-22T08:48:42.009Z	info	staff-logger	scenario/viewer.go:56	visit top
2026-09-22T08:48:42.009Z	info	staff-logger	scenario/viewer.go:64	get livestream
2026-09-22T08:48:42.009Z	info	staff-logger	scenario/viewer.go:83	visit livestream
2026-09-22T08:48:42.123Z	info	staff-logger	scenario/viewer.go:32	basic viewer scenario
2026-09-22T08:48:42.123Z	info	staff-logger	scenario/viewer.go:56	visit top
2026-09-22T08:48:42.123Z	info	staff-logger	scenario/viewer.go:64	get livestream
2026-09-22T08:48:42.123Z	info	staff-logger	scenario/viewer.go:83	visit livestream
2026-09-22T08:48:42.191Z	info	staff-logger	scenario/viewer.go:32	basic viewer scenario
2026-09-22T08:48:42.191Z	info	staff-logger	scenario/viewer.go:56	visit top
2026-09-22T08:48:42.191Z	info	staff-logger	scenario/viewer.go:64	get livestream
2026-09-22T08:48:42.192Z	info	staff-logger	scenario/viewer.go:83	visit livestream
2026-09-22T08:48:42.263Z	info	staff-logger	scenario/viewer.go:32	basic viewer scenario
2026-09-22T08:48:42.263Z	info	staff-logger	scenario/viewer.go:56	visit top
2026-09-22T08:48:42.263Z	info	staff-logger	scenario/viewer.go:64	get livestream
2026-09-22T08:48:42.263Z	info	staff-logger	scenario/viewer.go:83	visit livestream
2026-09-22T08:48:42.422Z	info	staff-logger	scenario/viewer.go:32	basic viewer scenario
2026-09-22T08:48:42.422Z	info	staff-logger	scenario/viewer.go:56	visit top
2026-09-22T08:48:42.422Z	info	staff-logger	scenario/viewer.go:64	get livestream
2026-09-22T08:48:42.422Z	info	staff-logger	scenario/viewer.go:83	visit livestream
2026-09-22T08:48:42.624Z	info	staff-logger	scenario/viewer.go:32	basic viewer scenario
2026-09-22T08:48:42.624Z	info	staff-logger	scenario/viewer.go:56	visit top
2026-09-22T08:48:42.624Z	info	staff-logger	scenario/viewer.go:64	get livestream
2026-09-22T08:48:42.624Z	info	staff-logger	scenario/viewer.go:83	visit livestream
2026-09-22T08:48:42.693Z	info	staff-logger	scenario/viewer.go:32	basic viewer scenario
2026-09-22T08:48:42.693Z	info	staff-logger	scenario/viewer.go:56	visit top
2026-09-22T08:48:43.191Z	info	staff-logger	scenario/viewer.go:64	get livestream
2026-09-22T08:48:43.191Z	info	staff-logger	scenario/viewer.go:76	visit user profile
2026-09-22T08:48:43.550Z	info	staff-logger	scenario/viewer.go:83	visit livestream
2026-09-22T08:48:43.796Z	warn	staff-logger	scenario/streamer.go:160	streamer_moderate: failed to moderate: benchmark-timeout: [リクエストタイムアウト] POST /api/livestream/7534/moderate: Post "https://yamazakikyosuke0.u.isucon.local:443/api/livestream/7534/moderate": context deadline exceeded (Client.Timeout exceeded while awaiting headers): タイムアウトによりリクエスト失敗

2026-09-22T08:48:43.862Z	info	staff-logger	scenario/streamer.go:48	change icon
2026-09-22T08:48:43.876Z	info	staff-logger	scenario/viewer.go:32	basic viewer scenario
2026-09-22T08:48:43.876Z	info	staff-logger	scenario/viewer.go:56	visit top
2026-09-22T08:48:43.876Z	info	staff-logger	scenario/viewer.go:64	get livestream
2026-09-22T08:48:43.876Z	info	staff-logger	scenario/viewer.go:83	visit livestream
2026-09-22T08:48:43.893Z	info	staff-logger	scenario/viewer.go:32	basic viewer scenario
2026-09-22T08:48:43.893Z	info	staff-logger	scenario/viewer.go:56	visit top
2026-09-22T08:48:43.893Z	info	staff-logger	scenario/viewer.go:64	get livestream
2026-09-22T08:48:43.893Z	info	staff-logger	scenario/viewer.go:83	visit livestream
2026-09-22T08:48:44.184Z	info	staff-logger	scenario/viewer.go:32	basic viewer scenario
2026-09-22T08:48:44.184Z	info	staff-logger	scenario/viewer.go:56	visit top
2026-09-22T08:48:44.184Z	info	staff-logger	scenario/viewer.go:64	get livestream
2026-09-22T08:48:44.184Z	info	staff-logger	scenario/viewer.go:83	visit livestream
2026-09-22T08:48:44.660Z	info	staff-logger	scenario/viewer.go:32	basic viewer scenario
2026-09-22T08:48:44.660Z	info	staff-logger	scenario/viewer.go:56	visit top
2026-09-22T08:48:44.660Z	info	staff-logger	scenario/viewer.go:64	get livestream
2026-09-22T08:48:44.660Z	info	staff-logger	scenario/viewer.go:83	visit livestream
2026-09-22T08:48:44.664Z	info	staff-logger	scenario/viewer.go:32	basic viewer scenario
2026-09-22T08:48:44.664Z	info	staff-logger	scenario/viewer.go:56	visit top
2026-09-22T08:48:44.664Z	info	staff-logger	scenario/viewer.go:64	get livestream
2026-09-22T08:48:44.664Z	info	staff-logger	scenario/viewer.go:83	visit livestream
2026-09-22T08:48:45.085Z	info	staff-logger	scenario/streamer.go:48	change icon
2026-09-22T08:48:45.161Z	info	staff-logger	scenario/viewer.go:32	basic viewer scenario
2026-09-22T08:48:45.161Z	info	staff-logger	scenario/viewer.go:56	visit top
2026-09-22T08:48:45.161Z	info	staff-logger	scenario/viewer.go:64	get livestream
2026-09-22T08:48:45.161Z	info	staff-logger	scenario/viewer.go:83	visit livestream
2026-09-22T08:48:45.337Z	info	staff-logger	scenario/viewer.go:32	basic viewer scenario
2026-09-22T08:48:45.338Z	info	staff-logger	scenario/viewer.go:56	visit top
2026-09-22T08:48:45.338Z	info	staff-logger	scenario/viewer.go:64	get livestream
2026-09-22T08:48:45.338Z	info	staff-logger	scenario/viewer.go:83	visit livestream
2026-09-22T08:48:45.832Z	info	staff-logger	scenario/viewer.go:32	basic viewer scenario
2026-09-22T08:48:45.832Z	info	staff-logger	scenario/viewer.go:56	visit top
2026-09-22T08:48:46.097Z	info	staff-logger	scenario/streamer.go:48	change icon
2026-09-22T08:48:46.294Z	info	staff-logger	scenario/viewer.go:32	basic viewer scenario
2026-09-22T08:48:46.294Z	info	staff-logger	scenario/viewer.go:56	visit top
2026-09-22T08:48:46.294Z	info	staff-logger	scenario/viewer.go:64	get livestream
2026-09-22T08:48:46.294Z	info	staff-logger	scenario/viewer.go:83	visit livestream
2026-09-22T08:48:46.298Z	info	staff-logger	scenario/viewer.go:32	basic viewer scenario
2026-09-22T08:48:46.298Z	info	staff-logger	scenario/viewer.go:56	visit top
2026-09-22T08:48:46.298Z	info	staff-logger	scenario/viewer.go:64	get livestream
2026-09-22T08:48:46.298Z	info	staff-logger	scenario/viewer.go:83	visit livestream
2026-09-22T08:48:46.351Z	info	staff-logger	scenario/viewer.go:64	get livestream
2026-09-22T08:48:46.351Z	info	staff-logger	scenario/viewer.go:76	visit user profile
2026-09-22T08:48:46.692Z	info	staff-logger	scenario/viewer.go:32	basic viewer scenario
2026-09-22T08:48:46.692Z	info	staff-logger	scenario/viewer.go:56	visit top
2026-09-22T08:48:46.692Z	info	staff-logger	scenario/viewer.go:64	get livestream
2026-09-22T08:48:46.692Z	info	staff-logger	scenario/viewer.go:83	visit livestream
2026-09-22T08:48:46.806Z	info	staff-logger	scenario/viewer.go:83	visit livestream
2026-09-22T08:48:47.435Z	info	staff-logger	scenario/viewer.go:32	basic viewer scenario
2026-09-22T08:48:47.435Z	info	staff-logger	scenario/viewer.go:56	visit top
2026-09-22T08:48:47.435Z	info	staff-logger	scenario/viewer.go:64	get livestream
2026-09-22T08:48:47.435Z	info	staff-logger	scenario/viewer.go:83	visit livestream
2026-09-22T08:48:47.507Z	info	staff-logger	scenario/viewer.go:32	basic viewer scenario
2026-09-22T08:48:47.507Z	info	staff-logger	scenario/viewer.go:56	visit top
2026-09-22T08:48:47.507Z	info	staff-logger	scenario/viewer.go:64	get livestream
2026-09-22T08:48:47.507Z	info	staff-logger	scenario/viewer.go:83	visit livestream
2026-09-22T08:48:48.085Z	info	staff-logger	scenario/viewer.go:32	basic viewer scenario
2026-09-22T08:48:48.085Z	info	staff-logger	scenario/viewer.go:56	visit top
2026-09-22T08:48:48.086Z	info	staff-logger	scenario/viewer.go:64	get livestream
2026-09-22T08:48:48.086Z	info	staff-logger	scenario/viewer.go:83	visit livestream
2026-09-22T08:48:48.577Z	info	staff-logger	scenario/viewer.go:32	basic viewer scenario
2026-09-22T08:48:48.577Z	info	staff-logger	scenario/viewer.go:56	visit top
2026-09-22T08:48:48.577Z	info	staff-logger	scenario/viewer.go:64	get livestream
2026-09-22T08:48:48.577Z	info	staff-logger	scenario/viewer.go:83	visit livestream
2026-09-22T08:48:48.581Z	info	staff-logger	scenario/viewer.go:32	basic viewer scenario
2026-09-22T08:48:48.582Z	info	staff-logger	scenario/viewer.go:56	visit top
2026-09-22T08:48:48.582Z	info	staff-logger	scenario/viewer.go:64	get livestream
2026-09-22T08:48:48.582Z	info	staff-logger	scenario/viewer.go:83	visit livestream
2026-09-22T08:48:48.654Z	info	staff-logger	scenario/viewer.go:32	basic viewer scenario
2026-09-22T08:48:48.654Z	info	staff-logger	scenario/viewer.go:56	visit top
2026-09-22T08:48:48.654Z	info	staff-logger	scenario/viewer.go:64	get livestream
2026-09-22T08:48:48.654Z	info	staff-logger	scenario/viewer.go:83	visit livestream
2026-09-22T08:48:48.778Z	info	staff-logger	scenario/viewer.go:32	basic viewer scenario
2026-09-22T08:48:48.778Z	info	staff-logger	scenario/viewer.go:56	visit top
2026-09-22T08:48:48.778Z	info	staff-logger	scenario/viewer.go:64	get livestream
2026-09-22T08:48:48.778Z	info	staff-logger	scenario/viewer.go:83	visit livestream
2026-09-22T08:48:48.838Z	info	staff-logger	scenario/viewer.go:32	basic viewer scenario
2026-09-22T08:48:48.838Z	info	staff-logger	scenario/viewer.go:56	visit top
2026-09-22T08:48:48.838Z	info	staff-logger	scenario/viewer.go:64	get livestream
2026-09-22T08:48:48.838Z	info	staff-logger	scenario/viewer.go:83	visit livestream
2026-09-22T08:48:49.126Z	info	staff-logger	scenario/streamer.go:48	change icon
2026-09-22T08:48:49.235Z	info	staff-logger	scenario/viewer.go:32	basic viewer scenario
2026-09-22T08:48:49.235Z	info	staff-logger	scenario/viewer.go:56	visit top
2026-09-22T08:48:49.235Z	info	staff-logger	scenario/viewer.go:64	get livestream
2026-09-22T08:48:49.235Z	info	staff-logger	scenario/viewer.go:83	visit livestream
2026-09-22T08:48:49.504Z	info	staff-logger	scenario/streamer.go:48	change icon
2026-09-22T08:48:49.562Z	info	staff-logger	scenario/viewer.go:32	basic viewer scenario
2026-09-22T08:48:49.562Z	info	staff-logger	scenario/viewer.go:56	visit top
2026-09-22T08:48:49.562Z	info	staff-logger	scenario/viewer.go:64	get livestream
2026-09-22T08:48:49.562Z	info	staff-logger	scenario/viewer.go:83	visit livestream
2026-09-22T08:48:49.644Z	info	staff-logger	scenario/viewer.go:32	basic viewer scenario
2026-09-22T08:48:49.644Z	info	staff-logger	scenario/viewer.go:56	visit top
2026-09-22T08:48:49.644Z	info	staff-logger	scenario/viewer.go:64	get livestream
2026-09-22T08:48:49.644Z	info	staff-logger	scenario/viewer.go:83	visit livestream
2026-09-22T08:48:49.701Z	info	staff-logger	scenario/viewer.go:32	basic viewer scenario
2026-09-22T08:48:49.701Z	info	staff-logger	scenario/viewer.go:56	visit top
2026-09-22T08:48:49.701Z	info	staff-logger	scenario/viewer.go:64	get livestream
2026-09-22T08:48:49.701Z	info	staff-logger	scenario/viewer.go:83	visit livestream
2026-09-22T08:48:49.729Z	info	staff-logger	scenario/viewer.go:32	basic viewer scenario
2026-09-22T08:48:49.729Z	info	staff-logger	scenario/viewer.go:56	visit top
2026-09-22T08:48:49.729Z	info	staff-logger	scenario/viewer.go:64	get livestream
2026-09-22T08:48:49.730Z	info	staff-logger	scenario/viewer.go:83	visit livestream
2026-09-22T08:48:49.814Z	info	staff-logger	scenario/viewer.go:32	basic viewer scenario
2026-09-22T08:48:49.814Z	info	staff-logger	scenario/viewer.go:56	visit top
2026-09-22T08:48:49.814Z	info	staff-logger	scenario/viewer.go:64	get livestream
2026-09-22T08:48:49.814Z	info	staff-logger	scenario/viewer.go:83	visit livestream
2026-09-22T08:48:49.857Z	info	staff-logger	scenario/streamer.go:48	change icon
2026-09-22T08:48:50.162Z	info	staff-logger	scenario/viewer.go:32	basic viewer scenario
2026-09-22T08:48:50.162Z	info	staff-logger	scenario/viewer.go:56	visit top
2026-09-22T08:48:50.162Z	info	staff-logger	scenario/viewer.go:64	get livestream
2026-09-22T08:48:50.162Z	info	staff-logger	scenario/viewer.go:83	visit livestream
2026-09-22T08:48:50.207Z	info	staff-logger	scenario/streamer.go:48	change icon
2026-09-22T08:48:50.285Z	info	staff-logger	scenario/viewer.go:32	basic viewer scenario
2026-09-22T08:48:50.285Z	info	staff-logger	scenario/viewer.go:56	visit top
2026-09-22T08:48:50.285Z	info	staff-logger	scenario/viewer.go:64	get livestream
2026-09-22T08:48:50.285Z	info	staff-logger	scenario/viewer.go:83	visit livestream
2026-09-22T08:48:50.693Z	info	staff-logger	scenario/viewer.go:32	basic viewer scenario
2026-09-22T08:48:50.693Z	info	staff-logger	scenario/viewer.go:56	visit top
2026-09-22T08:48:51.057Z	info	staff-logger	scenario/viewer.go:64	get livestream
2026-09-22T08:48:51.057Z	info	staff-logger	scenario/viewer.go:76	visit user profile
2026-09-22T08:48:51.111Z	info	staff-logger	scenario/viewer.go:32	basic viewer scenario
2026-09-22T08:48:51.111Z	info	staff-logger	scenario/viewer.go:56	visit top
2026-09-22T08:48:51.111Z	info	staff-logger	scenario/viewer.go:64	get livestream
2026-09-22T08:48:51.111Z	info	staff-logger	scenario/viewer.go:83	visit livestream
2026-09-22T08:48:51.246Z	info	isupipe-benchmarker	ベンチマーク走行を停止します
2026-09-22T08:48:51.246Z	warn	staff-logger	scenario/streamer.go:91	reserve: failed to reserve: benchmark-timeout: [リクエストタイムアウト] POST /api/livestream/reservation: Post "https://ogawayoichi0.u.isucon.local:443/api/livestream/reservation": read udp 10.100.0.186:17879->10.100.0.155:53: i/o timeout: タイムアウトによりリクエスト失敗

2026-09-22T08:48:51.248Z	warn	staff-logger	scenario/viewer.go:134	view: failed to post reactions: Post "https://atsushi410.u.isucon.local:443/api/livestream/7556/reaction": context canceled: ベンチマーク走行が継続できないエラーが発生しました

2026-09-22T08:48:51.248Z	warn	staff-logger	scenario/viewer.go:101	view: failed to get livecomments: Get "https://atsushi410.u.isucon.local:443/api/livestream/7556/livecomment": context canceled: ベンチマーク走行が継続できないエラーが発生しました

2026-09-22T08:48:51.248Z	warn	staff-logger	scenario/viewer.go:101	view: failed to get livecomments: Get "https://atsushi410.u.isucon.local:443/api/livestream/7556/livecomment": context canceled: ベンチマーク走行が継続できないエラーが発生しました

2026-09-22T08:48:51.248Z	warn	staff-logger	scenario/viewer.go:101	view: failed to get livecomments: Get "https://atsushi410.u.isucon.local:443/api/livestream/7556/livecomment": context canceled: ベンチマーク走行が継続できないエラーが発生しました

2026-09-22T08:48:51.248Z	warn	staff-logger	scenario/viewer.go:101	view: failed to get livecomments: Get "https://atsushi410.u.isucon.local:443/api/livestream/7556/livecomment": context canceled: ベンチマーク走行が継続できないエラーが発生しました

2026-09-22T08:48:51.248Z	warn	staff-logger	scenario/viewer.go:101	view: failed to get livecomments: Get "https://atsushi410.u.isucon.local:443/api/livestream/7556/livecomment": context canceled: ベンチマーク走行が継続できないエラーが発生しました

2026-09-22T08:48:51.248Z	warn	staff-logger	scenario/viewer.go:101	view: failed to get livecomments: Get "https://atsushi410.u.isucon.local:443/api/livestream/7556/livecomment": context canceled: ベンチマーク走行が継続できないエラーが発生しました

2026-09-22T08:48:51.248Z	warn	staff-logger	scenario/viewer.go:101	view: failed to get livecomments: Get "https://atsushi410.u.isucon.local:443/api/livestream/7556/livecomment": context canceled: ベンチマーク走行が継続できないエラーが発生しました

2026-09-22T08:48:51.248Z	warn	staff-logger	scenario/viewer.go:142	view: failed to leave from livestream: Delete "https://atsushi410.u.isucon.local:443/api/livestream/7556/exit": context canceled: ベンチマーク走行が継続できないエラーが発生しました

2026-09-22T08:48:51.248Z	warn	staff-logger	scenario/viewer.go:126	view: failed to get reactions: Get "https://zgoto0.u.isucon.local:443/api/livestream/7633/reaction": context canceled: ベンチマーク走行が継続できないエラーが発生しました

2026-09-22T08:48:51.248Z	warn	staff-logger	scenario/viewer.go:126	view: failed to get reactions: Get "https://yamamotoyoichi0.u.isucon.local:443/api/livestream/7532/reaction": context canceled: ベンチマーク走行が継続できないエラーが発生しました

2026-09-22T08:48:51.248Z	warn	staff-logger	scenario/streamer.go:204	aggressive streamer moderate: failed to moderate: Post "https://atsushi410.u.isucon.local:443/api/livestream/7556/moderate": context canceled: ベンチマーク走行が継続できないエラーが発生しました

2026-09-22T08:48:51.248Z	warn	staff-logger	scenario/viewer.go:101	view: failed to get livecomments: Get "https://zgoto0.u.isucon.local:443/api/livestream/7633/livecomment": context canceled: ベンチマーク走行が継続できないエラーが発生しました

2026-09-22T08:48:51.248Z	warn	staff-logger	scenario/viewer.go:78	view: failed to visit user profile: Get "https://pipe.u.isucon.local:443/api/user/satomikobayashi0/statistics": context canceled: ベンチマーク走行が継続できないエラーが発生しました

2026-09-22T08:48:51.248Z	warn	staff-logger	scenario/viewer.go:126	view: failed to get reactions: Get "https://kazuya580.u.isucon.local:443/api/livestream/7574/reaction": context canceled: ベンチマーク走行が継続できないエラーが発生しました

2026-09-22T08:48:51.248Z	warn	staff-logger	scenario/viewer.go:101	view: failed to get livecomments: Get "https://zgoto0.u.isucon.local:443/api/livestream/7633/livecomment": context canceled: ベンチマーク走行が継続できないエラーが発生しました

2026-09-22T08:48:51.248Z	warn	staff-logger	scenario/viewer.go:126	view: failed to get reactions: Get "https://xabe0.u.isucon.local:443/api/livestream/7632/reaction": context canceled: ベンチマーク走行が継続できないエラーが発生しました

2026-09-22T08:48:51.248Z	warn	staff-logger	scenario/streamer.go:160	streamer_moderate: failed to moderate: Post "https://yamazakikyosuke0.u.isucon.local:443/api/livestream/7534/moderate": context canceled: ベンチマーク走行が継続できないエラーが発生しました

2026-09-22T08:48:51.248Z	warn	staff-logger	scenario/viewer.go:101	view: failed to get livecomments: Get "https://xabe0.u.isucon.local:443/api/livestream/7632/livecomment": context canceled: ベンチマーク走行が継続できないエラーが発生しました

2026-09-22T08:48:51.248Z	warn	staff-logger	scenario/viewer.go:126	view: failed to get reactions: Get "https://ghasegawa0.u.isucon.local:443/api/livestream/7573/reaction": context canceled: ベンチマーク走行が継続できないエラーが発生しました

2026-09-22T08:48:51.248Z	warn	staff-logger	scenario/viewer.go:126	view: failed to get reactions: Get "https://manabu070.u.isucon.local:443/api/livestream/7599/reaction": context canceled: ベンチマーク走行が継続できないエラーが発生しました

2026-09-22T08:48:51.249Z	warn	staff-logger	scenario/viewer.go:101	view: failed to get livecomments: Get "https://xabe0.u.isucon.local:443/api/livestream/7632/livecomment": context canceled: ベンチマーク走行が継続できないエラーが発生しました

2026-09-22T08:48:51.249Z	warn	staff-logger	scenario/viewer.go:101	view: failed to get livecomments: Get "https://manabu070.u.isucon.local:443/api/livestream/7599/livecomment": context canceled: ベンチマーク走行が継続できないエラーが発生しました

2026-09-22T08:48:51.249Z	warn	staff-logger	scenario/viewer.go:101	view: failed to get livecomments: Get "https://xabe0.u.isucon.local:443/api/livestream/7632/livecomment": context canceled: ベンチマーク走行が継続できないエラーが発生しました

2026-09-22T08:48:51.249Z	warn	staff-logger	scenario/viewer.go:101	view: failed to get livecomments: Get "https://yamazakikyosuke0.u.isucon.local:443/api/livestream/7534/livecomment": context canceled: ベンチマーク走行が継続できないエラーが発生しました

2026-09-22T08:48:51.249Z	warn	staff-logger	scenario/viewer.go:142	view: failed to leave from livestream: Delete "https://xabe0.u.isucon.local:443/api/livestream/7632/exit": context canceled: ベンチマーク走行が継続できないエラーが発生しました

2026-09-22T08:48:51.248Z	warn	staff-logger	scenario/streamer.go:198	aggressive streamer moderate: failed to visit livestream admin: Get "https://pipe.u.isucon.local:443/api/livestream/search?limit=50": context canceled: ベンチマーク走行が継続できないエラーが発生しました

2026-09-22T08:48:51.248Z	warn	staff-logger	scenario/viewer.go:101	view: failed to get livecomments: Get "https://yamamotoyoichi0.u.isucon.local:443/api/livestream/7532/livecomment": context canceled: ベンチマーク走行が継続できないエラーが発生しました

2026-09-22T08:48:51.249Z	warn	staff-logger	scenario/viewer.go:101	view: failed to get livecomments: Get "https://yamamotoyoichi0.u.isucon.local:443/api/livestream/7532/livecomment": context canceled: ベンチマーク走行が継続できないエラーが発生しました

2026-09-22T08:48:51.249Z	warn	staff-logger	scenario/viewer.go:101	view: failed to get livecomments: Get "https://yamamotoyoichi0.u.isucon.local:443/api/livestream/7532/livecomment": context canceled: ベンチマーク走行が継続できないエラーが発生しました

2026-09-22T08:48:51.249Z	warn	staff-logger	scenario/viewer.go:101	view: failed to get livecomments: Get "https://yamamotoyoichi0.u.isucon.local:443/api/livestream/7532/livecomment": context canceled: ベンチマーク走行が継続できないエラーが発生しました

2026-09-22T08:48:51.249Z	warn	staff-logger	scenario/viewer.go:101	view: failed to get livecomments: Get "https://yamamotoyoichi0.u.isucon.local:443/api/livestream/7532/livecomment": context canceled: ベンチマーク走行が継続できないエラーが発生しました

2026-09-22T08:48:51.249Z	warn	staff-logger	scenario/viewer.go:142	view: failed to leave from livestream: Delete "https://yamamotoyoichi0.u.isucon.local:443/api/livestream/7532/exit": context canceled: ベンチマーク走行が継続できないエラーが発生しました

2026-09-22T08:48:51.249Z	warn	staff-logger	scenario/viewer.go:126	view: failed to get reactions: Get "https://yamazakikyosuke0.u.isucon.local:443/api/livestream/7530/reaction": context canceled: ベンチマーク走行が継続できないエラーが発生しました

2026-09-22T08:48:51.249Z	warn	staff-logger	scenario/viewer.go:101	view: failed to get livecomments: Get "https://yamazakikyosuke0.u.isucon.local:443/api/livestream/7530/livecomment": context canceled: ベンチマーク走行が継続できないエラーが発生しました

2026-09-22T08:48:51.249Z	warn	staff-logger	scenario/viewer.go:142	view: failed to leave from livestream: Delete "https://yamazakikyosuke0.u.isucon.local:443/api/livestream/7530/exit": context canceled: ベンチマーク走行が継続できないエラーが発生しました

2026-09-22T08:48:51.249Z	warn	staff-logger	scenario/viewer.go:101	view: failed to get livecomments: Get "https://manabu070.u.isucon.local:443/api/livestream/7599/livecomment": context canceled: ベンチマーク走行が継続できないエラーが発生しました

2026-09-22T08:48:51.249Z	warn	staff-logger	scenario/viewer.go:101	view: failed to get livecomments: Get "https://manabu070.u.isucon.local:443/api/livestream/7599/livecomment": context canceled: ベンチマーク走行が継続できないエラーが発生しました

2026-09-22T08:48:51.249Z	warn	staff-logger	scenario/viewer.go:101	view: failed to get livecomments: Get "https://manabu070.u.isucon.local:443/api/livestream/7599/livecomment": context canceled: ベンチマーク走行が継続できないエラーが発生しました

2026-09-22T08:48:51.249Z	warn	staff-logger	scenario/viewer.go:101	view: failed to get livecomments: Get "https://manabu070.u.isucon.local:443/api/livestream/7599/livecomment": context canceled: ベンチマーク走行が継続できないエラーが発生しました

2026-09-22T08:48:51.249Z	warn	staff-logger	scenario/viewer.go:101	view: failed to get livecomments: Get "https://manabu070.u.isucon.local:443/api/livestream/7599/livecomment": context canceled: ベンチマーク走行が継続できないエラーが発生しました

2026-09-22T08:48:51.249Z	warn	staff-logger	scenario/viewer.go:101	view: failed to get livecomments: Get "https://manabu070.u.isucon.local:443/api/livestream/7599/livecomment": context canceled: ベンチマーク走行が継続できないエラーが発生しました

2026-09-22T08:48:51.249Z	warn	staff-logger	scenario/viewer.go:101	view: failed to get livecomments: Get "https://manabu070.u.isucon.local:443/api/livestream/7599/livecomment": context canceled: ベンチマーク走行が継続できないエラーが発生しました

2026-09-22T08:48:51.249Z	warn	staff-logger	scenario/viewer.go:101	view: failed to get livecomments: Get "https://manabu070.u.isucon.local:443/api/livestream/7599/livecomment": context canceled: ベンチマーク走行が継続できないエラーが発生しました

2026-09-22T08:48:51.249Z	warn	staff-logger	scenario/viewer.go:101	view: failed to get livecomments: Get "https://manabu070.u.isucon.local:443/api/livestream/7599/livecomment": context canceled: ベンチマーク走行が継続できないエラーが発生しました

2026-09-22T08:48:51.249Z	warn	staff-logger	scenario/viewer.go:101	view: failed to get livecomments: Get "https://manabu070.u.isucon.local:443/api/livestream/7599/livecomment": context canceled: ベンチマーク走行が継続できないエラーが発生しました

2026-09-22T08:48:51.249Z	warn	staff-logger	scenario/viewer.go:142	view: failed to leave from livestream: Delete "https://manabu070.u.isucon.local:443/api/livestream/7599/exit": context canceled: ベンチマーク走行が継続できないエラーが発生しました

2026-09-22T08:48:51.248Z	warn	staff-logger	scenario/viewer.go:101	view: failed to get livecomments: Get "https://ghasegawa0.u.isucon.local:443/api/livestream/7573/livecomment": context canceled: ベンチマーク走行が継続できないエラーが発生しました

2026-09-22T08:48:51.250Z	warn	staff-logger	scenario/viewer.go:101	view: failed to get livecomments: Get "https://ghasegawa0.u.isucon.local:443/api/livestream/7573/livecomment": context canceled: ベンチマーク走行が継続できないエラーが発生しました

2026-09-22T08:48:51.250Z	warn	staff-logger	scenario/viewer.go:101	view: failed to get livecomments: Get "https://ghasegawa0.u.isucon.local:443/api/livestream/7573/livecomment": context canceled: ベンチマーク走行が継続できないエラーが発生しました

2026-09-22T08:48:51.248Z	warn	staff-logger	scenario/viewer.go:101	view: failed to get livecomments: Get "https://kazuya580.u.isucon.local:443/api/livestream/7574/livecomment": context canceled: ベンチマーク走行が継続できないエラーが発生しました

2026-09-22T08:48:51.248Z	warn	staff-logger	scenario/streamer.go:204	aggressive streamer moderate: failed to moderate: Post "https://nakamuraryohei0.u.isucon.local:443/api/livestream/7526/moderate": context canceled: ベンチマーク走行が継続できないエラーが発生しました

2026-09-22T08:48:51.248Z	warn	staff-logger	scenario/viewer.go:101	view: failed to get livecomments: Get "https://zgoto0.u.isucon.local:443/api/livestream/7633/livecomment": context canceled: ベンチマーク走行が継続できないエラーが発生しました

2026-09-22T08:48:51.249Z	warn	staff-logger	scenario/viewer.go:101	view: failed to get livecomments: Get "https://yamazakikyosuke0.u.isucon.local:443/api/livestream/7534/livecomment": context canceled: ベンチマーク走行が継続できないエラーが発生しました

2026-09-22T08:48:51.250Z	warn	staff-logger	scenario/viewer.go:142	view: failed to leave from livestream: Delete "https://ghasegawa0.u.isucon.local:443/api/livestream/7573/exit": context canceled: ベンチマーク走行が継続できないエラーが発生しました

2026-09-22T08:48:51.250Z	warn	staff-logger	scenario/viewer.go:101	view: failed to get livecomments: Get "https://yamazakikyosuke0.u.isucon.local:443/api/livestream/7534/livecomment": context canceled: ベンチマーク走行が継続できないエラーが発生しました

2026-09-22T08:48:51.250Z	warn	staff-logger	scenario/viewer.go:101	view: failed to get livecomments: Get "https://zgoto0.u.isucon.local:443/api/livestream/7633/livecomment": context canceled: ベンチマーク走行が継続できないエラーが発生しました

2026-09-22T08:48:51.250Z	warn	staff-logger	scenario/viewer.go:101	view: failed to get livecomments: Get "https://yamazakikyosuke0.u.isucon.local:443/api/livestream/7534/livecomment": context canceled: ベンチマーク走行が継続できないエラーが発生しました

2026-09-22T08:48:51.250Z	warn	staff-logger	scenario/viewer.go:101	view: failed to get livecomments: Get "https://zgoto0.u.isucon.local:443/api/livestream/7633/livecomment": context canceled: ベンチマーク走行が継続できないエラーが発生しました

2026-09-22T08:48:51.250Z	warn	staff-logger	scenario/viewer.go:142	view: failed to leave from livestream: Delete "https://yamazakikyosuke0.u.isucon.local:443/api/livestream/7534/exit": context canceled: ベンチマーク走行が継続できないエラーが発生しました

2026-09-22T08:48:51.250Z	warn	staff-logger	scenario/viewer.go:142	view: failed to leave from livestream: Delete "https://kazuya580.u.isucon.local:443/api/livestream/7574/exit": context canceled: ベンチマーク走行が継続できないエラーが発生しました

2026-09-22T08:48:51.250Z	warn	staff-logger	scenario/streamer.go:198	aggressive streamer moderate: failed to visit livestream admin: Get "https://pipe.u.isucon.local:443/api/livestream/search?limit=50": context canceled: ベンチマーク走行が継続できないエラーが発生しました

2026-09-22T08:48:51.250Z	warn	staff-logger	scenario/viewer.go:101	view: failed to get livecomments: Get "https://zgoto0.u.isucon.local:443/api/livestream/7633/livecomment": context canceled: ベンチマーク走行が継続できないエラーが発生しました

2026-09-22T08:48:51.250Z	warn	staff-logger	scenario/viewer.go:142	view: failed to leave from livestream: Delete "https://zgoto0.u.isucon.local:443/api/livestream/7633/exit": context canceled: ベンチマーク走行が継続できないエラーが発生しました

2026-09-22T08:48:51.558Z	info	isupipe-benchmarker	ベンチマーク走行終了
2026-09-22T08:48:51.558Z	info	isupipe-benchmarker	最終チェックを実施します
2026-09-22T08:48:51.558Z	info	isupipe-benchmarker	最終チェックが成功しました
2026-09-22T08:48:51.558Z	info	isupipe-benchmarker	重複排除したログを以下に出力します
2026-09-22T08:48:51.558Z	info	staff-logger	bench/bench.go:260	ベンチマーク走行時間: 1m0.313119787s
2026-09-22T08:48:51.558Z	info	staff-logger	bench/bench.go:277	ベンチエラーを収集します
2026-09-22T08:48:51.559Z	info	isupipe-benchmarker	配信を最後まで視聴できた視聴者数	{"viewers": 322}
2026-09-22T08:48:51.559Z	info	staff-logger	bench/bench.go:285	内部エラーを収集します
2026-09-22T08:48:51.559Z	info	staff-logger	bench/bench.go:301	シナリオカウンタを出力します
2026-09-22T08:48:51.559Z	info	staff-logger	bench/bench.go:323	[シナリオ aggressive-streamer-moderate] 19 回成功, 2 回失敗
2026-09-22T08:48:51.559Z	info	staff-logger	bench/bench.go:323	[シナリオ dns-watertorture-attack] 32 回成功
2026-09-22T08:48:51.559Z	info	staff-logger	bench/bench.go:323	[シナリオ streamer-cold-reserve] 167 回成功, 1 回失敗
2026-09-22T08:48:51.559Z	info	staff-logger	bench/bench.go:323	[シナリオ streamer-moderate] 103 回成功
2026-09-22T08:48:51.559Z	info	staff-logger	bench/bench.go:323	[シナリオ viewer-report] 44 回成功, 11 回失敗
2026-09-22T08:48:51.559Z	info	staff-logger	bench/bench.go:323	[シナリオ viewer-spam] 22 回成功
2026-09-22T08:48:51.559Z	info	staff-logger	bench/bench.go:323	[シナリオ viewer] 322 回成功, 3 回失敗
2026-09-22T08:48:51.559Z	info	staff-logger	bench/bench.go:323	[失敗シナリオ aggressive-streamer-moderate-fail] 2 回失敗
2026-09-22T08:48:51.559Z	info	staff-logger	bench/bench.go:323	[失敗シナリオ streamer-cold-reserve-fail] 1 回失敗
2026-09-22T08:48:51.559Z	info	staff-logger	bench/bench.go:323	[失敗シナリオ viewer-fail] 3 回失敗
2026-09-22T08:48:51.559Z	info	staff-logger	bench/bench.go:323	[失敗シナリオ viewer-report-fail] 11 回失敗
2026-09-22T08:48:51.559Z	info	staff-logger	bench/bench.go:329	DNSAttacker並列数: 3
2026-09-22T08:48:51.559Z	info	staff-logger	bench/bench.go:330	名前解決成功数: 5548
2026-09-22T08:48:51.559Z	info	staff-logger	bench/bench.go:331	名前解決失敗数: 1
2026-09-22T08:48:51.559Z	info	staff-logger	bench/bench.go:335	スコア: 64122
